26619	26651,26745,23224,26636,26637,26646,26747,15999,26629,26641
26620	23224,26621,26626,26644,13323,26623,26636,26637,26646,26649
26621	26644,23224,26647,26637,26750,26645,26754,26755,26761,23425
26622	26621,26626,26640,26647,26618,26629,26634,26637,26638,26646
26623	26626,26637,23224,26644,21738,26621,26640,26649,26747,26636
26624	5044,23224,26618,26619,26620,26621,26622,26623,26625,26626
26625	23224,26618,26619,26620,26621,26622,26623,26624,26626,26627
26626	26630,26623,26649,26629,26632,26634,26751,26749,26769,26753
26627	36559,708,1393,4758,4782,13933,17721,20078,22621,28887
26628	634,18860,31949,351,1879,2157,2915,3109,3112,3113
26629	26626,26636,23224,26646,26647,26651,15999,26745,26747,26760
26630	26644,9490,26626,26646,26651,26618,26645,26746,26621,26632
26631	26638,23224,26621,26626,26636,26641,26647,26745,13323,15999
26632	26626,26644,26750,26630,26645,26646,26746,26747,9490,26638
26633	26641,26644,26753,26757,26761,26621,26626,26640,26754,26630
26634	26626,26637,26647,23224,26640,26641,26636,26746,26747,9490
26635	26618,26632,26634,26637,23224,26619,26621,26622,26626,26630
26636	23224,26745,26760,26641,26645,26651,26629,26619,26647,26649
26637	26640,26638,26647,26621,26623,26619,26634,26768,21738,26620
26638	26637,26746,13323,15999,26641,26645,26618,26750,26632,26643
26639	23224,26618,26621,26622,26626,26630,26632,26633,26634,26635
26640	26637,26651,26746,26641,26645,26618,26750,26623,26634,48722
26641	26747,9490,26638,26640,26636,15999,26643,13323,26633,26634
26642	23224,26618,26621,26622,26626,26630,26632,26633,26634,26637
26643	26641,26645,26747,26651,26745,9490,26638,26640,26760,15999
26644	26621,9490,26618,26630,26752,26758,23425,26649,13323,26623
26645	26638,26640,26636,26621,26643,26647,26630,13323,26632,21738
26646	9490,26745,26760,26630,26629,26619,26632,26749,26768,26769
26647	23224,26621,26637,26746,26747,15999,26645,26760,26629,26634
26648	26754,26756,26757,26761,26621,26650,26751,26753,26755,26771
26649	26626,23224,26644,26636,26745,26760,13323,26618,26621,26623
26650	26756,26759,26755,26762,23425,26621,26751,26647,26648,26750
26651	26745,26640,26618,26636,26619,26630,26629,26643,26632,26751
26652	9657,9783,11603,23224,26618,26619,26620,26621,26622,26623
26653	1045,1680,3518,3549,3770,7266,7402,10686,11802,20107
26654	32065,33958,34404,555,987,2036,2059,2086,2091,2104
26655	26654,26656
26656	18001,3505,3525,3546,4101,4118,4673,7240,13430,18080
26657	38914,12101,7982,7995,24336,26320,36606,38913,38921,2554
26658	26694,26695,26689,26698,26684,26678,26691,26696,26664,26672
26659	26665,26702,18564,26683,12101,26666,26668,26684,26687,26691
26660	26663,26669,26682,26698,26693,26661,26680,26659,26665,26679
26661	26687,26691,26685,26660,38913,26698,28314,38916,26672,26692
26662	26685,26669,26692,26698,38914,26697,38913,5052,7984,22105
26663	26660,26669,26692,26698,38914,7995,26665,26679,26680,26684
26664	26685,26695,26698,26658,26694,26666,26667,26673,26674,26675
26665	26659,26679,26690,26695,26675,26680,18564,26677,26681,26683
26666	26685,26679,26690,26698,26659,26674,26678,26680,26696,26664
26667	26673,26675,26685,26690,26658,26664,26674,26677,26678,26679
26668	26659,26669,26674,26685,26702,26665,26666,26690,26696,26698
26669	26674,26696,26660,26663,26682,26692,26693,26662,18564,38910
26670	26665,26677,26679,26681,26683,26685,26687,26698,26658,26659
26671	18564,26659,26669,26665,26685,21171,24336,26666,26674,26679
26672	38916,28314,38913,26658,26661,26685,26691,26694,38921,26659
26673	26675,26690,26679,26680,26665,26667,26685,26689,26694,26695
26674	26669,26685,26698,26696,26702,26666,26668,26678,26691,26699
26675	26695,26696,26665,26673,26679,26694,26698,26683,26702,26667
26676	26658,26659,26660,26665,26673,26675,26679,26680,26684,26689
26677	26692,26665,26680,26689,38914,26659,26679,26684,26694,26695
26678	26698,26658,26679,26680,26689,26690,26694,26666,26674,26675
26679	26690,26665,26698,26680,26666,26675,26689,26696,26673,26678
26680	26694,26679,26687,26702,26665,26681,26691,26699,26660,26673
26681	26680,26665,26689,26703,38914,26659,26679,26684,26694,26695
26682	26693,26660,26669,26685,26698,7982,7995,26672,26680,26697
26683	26689,26695,38921,7995,26659,26702,6265,7982,26665,26675
26684	26658,26659,26680,26689,26690,26694,26677,26678,26679,26681
26685	26674,26662,26682,26661,26666,26693,26664,26699,26700,26667
26686	4112,5373,15818,23935,26086,372,975,982,1085,2644
26687	26661,26680,26659,26665,26695,26696,26703,26675,26679,26690
26688	26658,26659,26665,26675,26677,26678,26679,26680,26681,26683
26689	26658,26683,26694,26679,26702,26665,26677,26678,26681,26684
26690	26679,26696,26698,26665,26666,26673,26678,26684,26667,26683
26691	26661,26680,26694,26702,26658,26659,26689,26695,26703,26672
26692	26677,26669,26662,26663,26689,26693,26696,26659,26661,26665
26693	26682,26669,26660,26685,26698,26692,7982,7995,26672,26697
26694	26658,26695,26680,26689,26675,26691,26678,26683,26684,26700
26695	26694,26658,26675,26702,26665,26683,26664,26687,26691,26673
26696	26669,26690,26675,26674,26679,26703,26658,26665,26687,26692
26697	26662,26681,26683,26685,26691,26663,26669,26682,26692,26693
26698	26690,26660,26679,26658,26663,26674,26678,26682,26662,26666
26699	26680,26685,26659,26669,26698,26674,26690,26687,26705,12101
26700	26685,26694,26680,26683,26689,26695,26702,26658,26669,26679
26701	26659,26680,26683,26685,26689,26694,26695,26698,26699,26700
26702	26659,26695,26680,26674,26683,26689,26691,26675,26668,26677
26703	26696,26669,26680,26681,26687,26691,26659,26660,26665,26677
26704	26660,26662,26663,26665,26669,26670,26677,26679,26681,26682
26705	26685,26698,26659,26669,26689,26692,26695,26699,26658,26660
26706	11119,1393,1449,7831,7936,8278,9983,10965,10971,11146
26707	40402,17748,24000,40709,40870,41990,1393,1432,1772,2924
26708	17200,23993,4527,1077,1387,20776,1382,2409,5376,7051
26709	13362,14487,20062,21776,24249,24454,30990
26710	13362,14487,20062,21776,24249,24454,30990
26711	26715,21776
26712	26713,26714,26715
26713	26712,26715,575,9950,11244,14877,15689,21190,21759,47499
26714	26712,26715,21776
26715	1387,18803,22633,24435,26711,26712,26713,26714,32699,93
26716	24293,42479,3450,4835,10541,12528,30121,48293,48571
26717	26728,26726,26727,26730,24293,26729,3450,4835,26731,30121
26718	26727,26724,26729,26731,42479,3450,4835,10541,12528,24278
26719	26726,26727,26733,26724,26729,3450,4835,24278,26731,30121
26720	26722,26725,26726,26730,26733,24293,26724,3450,4835,26731
26721	26723,26722,26726,26733,26724,24278,26731,48571
26722	26720,26721,26725,26733,26724,26726,26728,26730,24293,26727
26723	26721,26728,26725,26730,24293,26729,4841,6109,26731,42479
26724	26718,26719,26720,26722,26733,26721,26725,26726,26727,26728
26725	26720,26722,26723,26728,26730,24293,26733,26724,26726,26727
26726	26717,26719,26720,26721,26722,26724,26725,26727,26730,24293
26727	26717,26718,26719,26728,26729,26722,26724,26725,26726,26730
26728	26717,26723,26725,26730,24293,26722,26727,26729,26733,26724
26729	26717,26718,26719,26727,26728,26723,26725,26730,24293,26722
26730	26717,26720,26725,26728,24293,26722,26723,26726,26727,26729
26731	26718,26723,26728,26732,26733,10541,12528,26717,26719,26720
26732	26731,42479,3450,4835,10541,12528,24278,30121,48293,48565
26733	26719,26720,26722,26721,26724,26725,26728,26727,26730,24293
26734	36486,36487,36488,36489,36491,36495,27951,36483,36484,36485
26735	27951,26737,8955,11913,11917,25434,27939,49119,49138
26736	36490,36483,36485,36494,36497,8955,11913,11935,27917,27935
26737	26735,27951,36486,36487,36488,36489,36491,36495
26738	26739,9608,38645,5226,9629,13236,17444,26743,28213,38628
26739	26738,26740,9608,9629,13236,26743,38645,49424,1234,5224
26740	26739,9608,21604,5226,9629,26743,38640,38645,6138,9628
26741	49424,9608,13236,21604,9629,26743,38628,38659,38670,1234
26742	9608,9613,2009,2574,3229,3610,4961,5119,5474,5952
26743	9629,9608,26738,26739,26740,26741,3676,9628,9630,13236
26744	9608,9629,26738,26739,26740,26741,26742,26743
26745	26617,26651,26646,26636,13323,15999,26619,26649,21738,26629
26746	26617,26750,26638,26640,15999,26647,26630,26768,26632,26769
26747	26617,26641,15999,26647,26643,26621,13323,26619,26623,26629
26748	9490,26638,26746,26617,26618,26622,26637,26640,26641,26646
26749	26752,26617,26626,26750,26764,26647,26646,26746,23224,26760
26750	26746,26617,9490,26621,26638,26759,26632,26640,26749,26762
26751	26755,26754,26761,26626,26758,26650,26752,26648,26651,26764
26752	26749,26644,26762,23425,26764,26621,26751,26750,26626,26647
26753	26758,23425,26626,26763,26764,26633,26648,26746,23224,23947
26754	26751,26621,26648,26750,26770,26763,26626,26633,26647,26766
26755	26751,26758,26650,26621,26750,26648,26770,23947,26626,26633
26756	26650,26626,26648,26770,23947,26746,26766,23224,26633,26637
26757	26626,26648,26763,26633,23947,26746,26766,23224,26617,26637
26758	26771,26644,26753,26755,26751,26621,26764,26770,23947,26633
26759	26650,26750,26764,26763,26746,26770,26617,26638,26640,26647
26760	23224,26636,26646,26617,26647,15999,26621,26649,26629,13323
26761	23425,26751,26621,26648,26750,26764,26770,26626,26633,26763
26762	23425,26752,26650,26750,26764,26626,26746,26766,26770,26617
26763	26641,26644,26753,26757,26759,23425,26621,26754,26761,26750
26764	26749,26752,26759,26644,26753,26761,26762,26751,26758,26621
26765	23465,9490,1,20,161,166,3004,3733,4206,6024
26766	26641,26751,26644,26756,26757,26759,26762,26626,26650,26754
26767	26644,9490,26641,26618,26621,26637,26645,26747,26750,13323
26768	26746,26618,26637,26644,26646,26747,26617,26621,26623,26638
26769	26626,26617,26644,26746,9490,23224,26645,26646,26760,26641
26770	26641,26754,26761,26644,26755,26756,26759,26621,26751,26758
26771	26758,26746,26617,26638,26647,26648,23224,23947,26637,26640
26772	23425,26621,26633,26641,26644,26650,26751,26753,26754,26755
26773	14477,4256,15464,20761,23935,394,566,807,815,838
26774	4048,4011,4153,4179,4196,8698,14293,23342,26783,28563
26775	26779,26791,8536,9201,14477,26774,26776,26778,26780,26781
26776	7425,466,534,562,605,606,615,1617,4182,4316
26777	26779,26791,8536,9201,14477,26774,26776,26778,26780,26781
26778	8536,26774,26775,26776,26777,26779,26780,26781,26782,26783
26779	26774,26775,26777,26782,26792,26802,26803,26805,8528,8536
26780	26789,621,3332,3347,3362,3365,3368,3375,4223,4232
26781	26780,26786,26788,26789,26790,26792,26805,4206,4212,4256
26782	26779,7049,8536,9201,14477,26774,26776,26778,26780,26781
26783	26774,20761,26780,26795,26801,2915,4256,8536,15464,23059
26784	26774,26791,26792,26805,8528,8536,8557,9201,10504,11427
26785	3450,4069,4590,5524,6243,6304,6328,6336,6810,6823
26786	26780,26781,26787,26789,26790,26792,26805,4206,4212,4256
26787	26780,26786,26789,26790,26792,26798,26805,4206,4212,4256
26788	26774,26781,8536,14477,26775,26776,26777,26778,26779,26780
26789	26780,4256,26781,26786,26787,26792,26795,26801,26805,2915
26790	566,4206,13495,15471,24264,26781,26786,26787,26792,26805
26791	26775,26777,26784,26802,26803,1418,1441,1448,3395,6588
26792	26805,26779,26780,26781,26784,26786,26787,26789,26790,26798
26793	8536,26774,26775,26776,26777,26778,26779,26780,26781,26782
26794	503,2865,3232,3248,5037,7475,8536,11501,13889,15440
26795	26774,26780,26783,26789,2915,4256,8536,9841,15464,18036
26796	549,2795,8536,9909,9912,10468,10534,12677,14770,18459
26797	3931,5681,7242,7246,16643,16650,27917,124,574,1113
26798	26774,26787,26792,26800,8536,26775,26776,26777,26778,26779
26799	3494,4311,5730,6168,7242,10485,12344,14517,14971,16624
26800	26792,26798,8536,26774,26775,26776,26777,26778,26779,26780
26801	26774,26780,26783,26789,2915,4256,8536,15464,18037,18322
26802	26779,26791,8536,9201,14477,26774,26776,26778,26780,26781
26803	26779,26791,1871,3653,4022,6184,7175,8536,9193,9199
26804	8536,26774,26775,26776,26777,26778,26779,26780,26781,26782
26805	26792,26779,26780,26781,26784,26786,26787,26789,26790,4206
26806	168,433,973,1016,1106,1538,1633,1665,1774,1893
26807	46111,366,15340,25198,34930,42560,134,284,293,518
26808	19978,17292,20195,20340,22881,29463,251,1437,1489,1513
26809	254,14194,16619,26825,97,143,235,284,542,591
26810	18841,34931,46076,46088,46096,46111,1028,1139,1169,6204
26811	32488,1360,5222,6204,6475,7458,10449,10484,11079,12623
26812	9138,3560,5100,10469,11369,13701,17911,17935,27815,229
26813	6204,10484,13166,26808,26809,26810,26811,26812,26814,26815
26814	6204,10484,13166,26808,26809,26810,26811,26812,26813,26815
26815	12602,30403,43207,577,2070,2694,4717,4782,4934,5110
26816	626,1012,6015,6121,6204,7366,8563,9730,9847,10484
26817	26823,41039,14178,18823,18841,27849,29841,34921,34929,34938
26818	6204,10484,13166,26808,26809,26810,26811,26812,26813,26814
26819	6204,7494,8677,10484,11591,13166,13805,13876,13902,13960
26820	26822,26832,366,544,815,2711,2712,6204,8681,10484
26821	22603,22610,22611,22612,22619,22628,22629,22630,22632,22660
26822	26820,26832,366,815,1000,1846,1863,2410,6204,6956
26823	26817,6650,146,243,293,394,438,518,680,770
26824	2576,5046,6204,6328,7651,7994,8732,9950,10267,10484
26825	9467,29817,39764,39826,5926,5933,5996,7473,9604,9839
26826	6204,10484,13166,26808,26809,26810,26811,26812,26813,26814
26827	26815,6204,10484,13166,26808,26809,26810,26811,26812,26813
26828	32051,2282,7012,7035,7661,11743,12160,14980,24067,27018
26829	544,6204,8681,10484,13166,14155,17618,25198,26808,26809
26830	6204,10484,13166,26808,26809,26810,26811,26812,26813,26814
26831	26834,366,6204,7259,7479,8025,9812,10484,11536,11678
26832	609,7651,13640,13668,26820,26822,26833,30272,43068,336
26833	27696,48951,12252,12714,14348,18385,21712,22085,23227,26832
26834	26831,366,1432,3885,4516,4527,4552,6172,6204,6496
26835	41745,557,578,4364,6204,6978,7339,7704,7882,8399
26836	9154,23746,102,171,622,4412,6204,6890,7582,8760
26837	6204,10484,13166,26808,26809,26810,26811,26812,26813,26814
26838	6204,10484,13166,18841,26808,26809,26810,26811,26812,26813
26839	6204,10484,13166,26808,26809,26810,26811,26812,26813,26814
26840	6204,10484,13166,26808,26809,26810,26811,26812,26813,26814
26841	5986,13203,25337,27926,575,579,621,1135,1704,1960
26842	628,3831,7981,26843,26844,26845,26846,26847,26848,26849
26843	1404,6397,7343,8686,10579,15063,26849,229,363,368
26844	21,628,1725,2406,2432,2434,2786,3831,4741,5928
26845	628,3831,3937,7242,7246,7981,10667,12186,14375,14398
26846	628,5085,10801,10814,12328,13140,30787,550,553,575
26847	628,3831,5809,5986,5994,7981,10528,17348,17478,18093
26848	26849,628,1140,1823,2069,2662,3831,3882,3883,3920
26849	24422,9240,9264,9270,9294,24450,24465,20290,22265,1520
26850	27743,27791,27755,27761,27807,27810,27738,27740,27759,27768
26851	27755,27759,26859,27761,27794,27806,26852,26854,26855,27745
26852	26853,26851,26858,27759,27761,27787,27815,27860,1110,26854
26853	26852,27858,27860,7852,13430,26262,26859,27826,27828,27841
26854	26851,26855,26856,26857,26858,1783,2854,4129,5049,9734
26855	26857,26851,26854,26856,26858,27807,1783,2854,4129,5049
26856	26857,26858,27810,26854,26855,27738,27743,27791,1453,1783
26857	27810,26855,26856,27738,27768,26854,27751,27762,27789,27794
26858	27759,27787,26856,27738,27807,27810,26852,26854,26855,27789
26859	26851,26853,26852,26854,26855,26857,26858,26860,26861,27743
26860	2181,26851,26852,26853,26854,26855,26856,26857,26858,26859
26861	26851,26852,26853,26854,26855,26856,26857,26858,26859,26860
26862	15680,15698,15701,15704,15699,15700,26865,26866,30175,39502
26863	15680,15686,15698,15699,15702,7910,15697,15700,15704,17731
26864	858,2443,2971,5550,7254,7467,7479,7483,7509,8136
26865	15680,15686,15698,15701,15704,26862,26866,5085,7246,7910
26866	15680,15686,15698,15700,15701,15704,26862,26865,541,583
26867	15702,10368,15680,15686,15697,15698,15699,15700,15701,15704
26868	581,1694,2687,2802,4104,4670,5569,5841,5854,5858
26869	17070,43175,168,4934,4935,9170,24352,29775,43267,138
26870	1673,2678,14746,16866,18165,35549,1099,1657,2043,2413
26871	43288,12347,26872,134,433,1031,1613,1689,2027,2606
26872	43288,15122,24356,26883,43258,43303,161,43185,43242,6117
26873	34353,35562,49985,7713,14005,14055,14181,23517,23520,23633
26874	134,1860,15122,16679,17311,26870,26871,26872,26873,26875
26875	134,1860,9949,15122,16679,17311,19234,23071,26870,26871
26876	16867,26872,26887,29753,132,134,184,385,559,807
26877	43371,9170,2680,24352,9153,26883,43148,43253,43294,166
26878	13569,134,600,1022,1031,1085,1113,1142,1220,1664
26879	19935,27926,1685,2036,4903,4922,8150,15122,23875,26883
26880	8501,26872,43242,134,2680,3450,9153,11883,15122,20825
26881	7860,46031,12272,24541,101,134,162,168,211,339
26882	134,1860,2714,2722,15122,15758,16679,16718,17311,18146
26883	43590,138,26872,2680,8501,17048,43242,4934,24334,26877
26884	12344,26887,161,239,576,3237,7242,10287,15843,18150
26885	17311,26889,26899,134,1667,1860,2996,3920,3971,4004
26886	29870,46505,1220,2059,13430,26879,26887,26895,29861,42332
26887	43145,8501,29747,16974,43189,161,239,2324,2659,6108
26888	26884,26887,134,239,1860,2659,2687,3926,4841,4871
26889	17311,20355,21873,25215,25224,26885,26898,27577,45041,106
26890	4033,3958,4053,4152,4190,4287,4289,4308,4663,23297
26891	1694,17046,2687,9170,26872,26877,1692,1860,8501,9153
26892	134,13786,24352,770,1860,6117,12586,12594,17450,18445
26893	18806,134,3743,6117,26871,26891,29768,29839,40242,43289
26894	134,1860,15122,16679,17311,26870,26871,26872,26873,26874
26895	134,8721,10151,12703,13430,14911,17235,22068,24519,25152
26896	134,1860,7419,15122,16679,17311,18148,20687,26870,26871
26897	23966,168,1694,1705,1736,1860,2637,2687,3231,16716
26898	4033,17311,26889,134,1667,1860,4813,9967,13335,15122
26899	19077,22104,4004,4046,4053,4086,4101,4163,4287,4289
26900	168,908,1031,1609,1689,2644,2646,2701,2903,3237
26901	7457,29313,2937,6935,7479,7480,20927,26909,26910,26927
26902	14904,18973,21337,24844,24974,24977,24978,24985,25000,26920
26903	3237,1698,1703,7458,7983,8003,24067,2280,2572,2678
26904	2647,7473,168,2637,2659,2687,2689,2691,2692,2708
26905	36061,6493,17748,36011,36017,36025,36026,36063,37827,35996
26906	31251,3702,6113,6161,8221,8797,9463,12226,15122,15492
26907	26913,908,3237,3281,5507,6966,7425,7457,7458,7473
26908	2632,4521,5235,16833,23736,23745,23761,23766,23769,23787
26909	7457,9796,1387,1388,1431,3237,3281,4509,7425,10643
26910	6994,12839,1356,6542,6654,6976,11120,23733,3401,6611
26911	8726,23695,14232,14013,14231,34319,23611,13973,14117,13999
26912	908,1837,3237,3281,4364,4439,5507,6015,6016,6019
26913	24890,26907,26916,26923,908,3237,3281,5507,6966,7425
26914	908,3237,3281,5507,6966,7425,7457,7458,7473,7497
26915	24890,24974,24977,24978,24985,25000,26920,908,3138,3237
26916	24890,3237,19909,23505,26913,908,3281,5507,6966,7261
26917	908,3237,3281,5507,6962,6966,7024,7279,7425,7457
26918	26939,3281,7425,7458,18021,223,1698,3232,5507,5670
26919	9391,908,3237,3281,3594,5507,6966,7425,7457,7458
26920	24839,24843,24901,12867,24814,24918,24941,24981,24983,26902
26921	916,1366,6543,7457,14689,20927,30976,39481,531,908
26922	26947,908,3237,3281,5507,6966,7425,7457,7458,7473
26923	26913,908,3237,3281,5507,6966,7425,7457,7458,7473
26924	26932,908,3237,3281,5507,6966,7425,7457,7458,7473
26925	18973,26911,343,797,908,1043,1388,1414,1426,1436
26926	908,3237,3281,5507,6966,7425,7457,7458,7473,7497
26927	7327,4509,20927,93,1772,5498,7012,7204,9943,17199
26928	908,3237,3281,3836,3947,5507,6195,6204,6214,6966
26929	42897,9880,17842,24159,47804,47839,557,2791,2864,4850
26930	3237,18418,18425,534,908,1698,2259,3281,3879,5507
26931	19513,24661,24890,26908,35176,38518,908,1370,1492,1722
26932	26924,908,3237,3281,5507,6966,7425,7457,7458,7473
26933	908,3237,3281,5507,6966,7425,7457,7458,7473,7497
26934	908,3237,3281,5507,6966,7425,7457,7458,7473,7497
26935	1589,35071,908,1359,1393,1541,1546,1571,1605,1782
26936	26877,43190,9170,9172,12466,15946,17070,24352,26887,43145
26937	908,1416,2106,2674,3237,3281,5507,5682,6180,6966
26938	18418,1703,3237,3281,7473,18425,32,117,577,908
26939	26918,3237,3281,7425,6210,7457,7467,13478,17070,18021
26940	908,3237,3281,5507,6966,7425,7457,7458,7473,7497
26941	908,3237,3281,5507,6966,7425,7457,7458,7473,7497
26942	908,3237,3281,5507,6966,7425,7457,7458,7473,7497
26943	908,3237,3281,5507,6966,7425,7457,7458,7473,7497
26944	2281,5955,9107,9127,9874,13430,14280,17343,18439,18840
26945	908,3237,3281,5507,6966,7425,7457,7458,7473,7497
26946	908,918,1270,1394,1655,2225,2542,2894,3237,3281
26947	26922,908,3237,3281,5507,6966,7425,7457,7458,7473
26948	22319,573,26905,41076,42855,0,325,908,1387,1432
26949	1642,2041,5534,10216,15283,18295,25181,48471,11,194
26950	131,484,1129,2041,2667,2674,3926,4229,4261,7713
26951	1814,3575,13819,14077,23525,26955,29490,34164,34189,34297
26952	2645,10261,24512,35559,43126,47363,48684,285,850,934
26953	32505,35560,7720,9471,26995,32188,35563,48511,28,38
26954	18841,35471,35435,35474,10775,34908,34971,34972,35468,1026
26955	6469,23718,23720,3394,5242,6462,8687,10606,11717,11723
26956	108,484,1114,1369,1374,1807,2142,2547,3394,4875
26957	18093,26950,26951,26952,26953,26954,26955,26956,26958,26959
26958	18093,26950,26951,26952,26953,26954,26955,26956,26957,26959
26959	191,198,250,420,482,506,1392,1516,1720,1723
26960	168,433,626,973,1016,1106,1538,1633,1665,1774
26961	11060,18093,21211,26950,26951,26952,26953,26954,26955,26956
26962	313,1080,2847,4781,12263,12324,12351,13111,13816,13958
26963	1378,4389,22929,22963,23685,40455,4313,5479,5924,6961
26964	18093,26950,26951,26952,26953,26954,26955,26956,26957,26958
26965	18093,26950,26951,26952,26953,26954,26955,26956,26957,26958
26966	18093,26950,26951,26952,26953,26954,26955,26956,26957,26958
26967	18093,26950,26951,26952,26953,26954,26955,26956,26957,26958
26968	18093,26950,26951,26952,26953,26954,26955,26956,26957,26958
26969	49985,1446,1694,1790,1814,1904,2044,2181,2496,2687
26970	13661,26983,35640,41400,0,339,627,861,1026,1095
26971	18093,26950,26951,26952,26953,26954,26955,26956,26957,26958
26972	338,549,606,615,624,1169,1193,1857,2032,2496
26973	34977,13928,34937,7796,24002,32543,34911,34912,34928,8667
26974	41803,2249,10709,12781,13654,18093,23763,25848,26279,36578
26975	35551,2,657,1250,1301,1355,1371,1379,1380,1381
26976	11,110,207,2141,2752,2762,7854,10315,12638,13616
26977	9983,17193,23914,62,204,310,536,855,917,918
26978	48207,49546,12,116,134,149,934,1110,1392,1404
26979	26991,2901,9973,29834,6,1797,2409,4819,4981,5269
26980	1342,7785,9581,9705,10110,13882,13958,18093,21560,22312
26981	26988,40793,1520,4981,8935,9847,13109,13166,18093,18295
26982	26983,18093,26950,26951,26952,26953,26954,26955,26956,26957
26983	8933,15761,43001,1870,13619,15757,18311,18359,18618,23173
26984	1414,1486,5134,5265,9125,9490,10519,11169,11173,12556
26985	7717,8688,8756,9706,9734,9738,13906,18093,24602,26950
26986	26988,4981,8935,18093,18295,24801,26950,26951,26952,26953
26987	18093,26950,26951,26952,26953,26954,26955,26956,26957,26958
26988	26981,26986,4981,8935,18093,18295,24801,26950,26951,26952
26989	18093,26950,26951,26952,26953,26954,26955,26956,26957,26958
26990	18093,26950,26951,26952,26953,26954,26955,26956,26957,26958
26991	26979,8233,12667,16614,6,1382,1433,1797,2409,2791
26992	18093,26950,26951,26952,26953,26954,26955,26956,26957,26958
26993	18093,26950,26951,26952,26953,26954,26955,26956,26957,26958
26994	8712,9564,10276,10303,13557,13722,18093,24698,26950,26951
26995	4995,13817,26953,34909,35443,35560,42061,87,171,910
26996	7429,7455,7459,7462,8370,9940,10722,10874,11865,12344
26997	18093,26950,26951,26952,26953,26954,26955,26956,26957,26958
26998	18093,26950,26951,26952,26953,26954,26955,26956,26957,26958
26999	910,1099,1689,1879,3734,5490,10027,12611,12636,12662
27000	18093,26950,26951,26952,26953,26954,26955,26956,26957,26958
27001	29858,346,908,1026,2675,6114,7713,7785,10216,10946
27002	18093,26950,26951,26952,26953,26954,26955,26956,26957,26958
27003	18093,26950,26951,26952,26953,26954,26955,26956,26957,26958
27004	5937,7883,9874,14280,15757,17343,18093,18872,18876,18878
27005	36156,36158,36162,36151,1137,2915,3958,4672,4679,4883
27006	28563,4118,4139,4295,10987,22091,27008,27010,27011,28573
27007	27014,27017,36154,36159,36160,1137,2915,3958,4672,4679
27008	27011,36151,27009,27006,27013,27014,27016,27017,2915,4672
27009	36156,36158,27008,27012,27013,27014,27017,27006,27016,36154
27010	27016,27006,4664,6598,7773,7950,8153,9453,12649,26269
27011	27008,27013,27006,27016,12063,36161,37875,916,1404,1409
27012	36156,36162,27009,27013,36151,27017,27006,27016,2915,4672
27013	27011,27012,27008,27009,27006,36151,36156,36158,36162,920
27014	27007,27017,27008,27009,36158,27016,36151,36156,36162,2915
27015	27006,27007,27008,27009,27010,27011,27012,27013,27014,27016
27016	27010,27011,27006,27008,27009,27012,27014,27015,31039,36151
27017	27007,27014,27009,27012,27008,36151,36156,36158,36162,2915
27018	39413,7920,6643,26828,30305,32051,32364,35193,39620,39
27019	38734,6487,6959,7012,7018,7042,14823,17200,17798,18004
27020	48321,1366,1469,7848,8014,11772,13562,23718,24316,27030
27021	8859,12160,27019,27020,27022,27023,27024,27025,27026,27027
27022	40938,10,106,439,1230,1234,1814,1950,2142,2691
27023	27025,27026,27028,27049,27053,956,2645,5165,7714,8859
27024	7458,8859,12160,24807,24850,27019,27020,27021,27022,27023
27025	27049,27042,27053,45481,321,6574,7862,8156,27023,27028
27026	7920,27028,32051,6643,9542,26828,27023,27027,32000,32005
27027	27026,114,971,1384,2400,4389,4483,5654,6299,6481
27028	6542,6959,6534,6582,6986,11723,11794,22239,23792,37841
27029	8859,12160,14610,16470,27019,27020,27021,27022,27023,27024
27030	17127,27020,95,285,483,484,516,850,956,1366
27031	4841,20003,48125,454,2027,2857,4565,4670,4693,8161
27032	126,2667,27048,161,185,628,2036,2659,2687,2691
27033	8859,12160,27019,27020,27021,27022,27023,27024,27025,27026
27034	12160,27042,27046,39413,7920,26828,27037,32051,2588,3394
27035	454,2122,2437,4742,7476,8859,8932,12160,13805,13959
27036	8859,12160,27019,27020,27021,27022,27023,27024,27025,27026
27037	27034,36337,8859,12160,12295,12296,27019,27020,27021,27022
27038	3353,5839,8859,12160,13529,14361,22828,24223,26421,27019
27039	8859,12160,27019,27020,27021,27022,27023,27024,27025,27026
27040	575,5060,5100,5933,7619,8859,9747,9824,10468,10513
27041	1404,1917,1921,4202,4289,6929,6984,7545,7672,8859
27042	27025,27049,27053,27034,30305,37839,39413,161,1081,1319
27043	8859,12160,27019,27020,27021,27022,27023,27024,27025,27026
27044	2857,6117,8859,10534,12122,12125,12129,12133,12139,12143
27045	8859,12160,27019,27020,27021,27022,27023,27024,27025,27026
27046	27049,23791,27034,27053,6519,6563,6599,6991,11100,11791
27047	8859,12160,27019,27020,27021,27022,27023,27024,27025,27026
27048	15356,15731,27032,40803,43288,113,146,161,433,453
27049	27053,27025,27042,27046,9542,27023,27028,30305,35662,48513
27050	7678,17348,17368,522,551,595,602,636,2253,3831
27051	13112,343,770,4813,13834,18445,19973,20068,20510,24226
27052	8859,12160,27019,27020,27021,27022,27023,27024,27025,27026
27053	27049,27025,27042,27046,9542,27023,27028,30305,161,293
27054	147,242,484,1369,1389,2128,2569,2611,2729,3669
27055	8859,12160,27019,27020,27021,27022,27023,27024,27025,27026
27056	8859,12160,27019,27020,27021,27022,27023,27024,27025,27026
27057	8859,12160,27019,27020,27021,27022,27023,27024,27025,27026
27058	8859,12160,27019,27020,27021,27022,27023,27024,27025,27026
27059	46045,5880,6304,46367,49403,21859,29926,46341,46344,46384
27060	27087,27067,27069,27074,27078,27084,27088,27094,338,442
27061	1915,2558,3547,6944,11033,11357,14997,19210,22550,27060
27062	28,38,83,85,1915,2558,9606,14728,16948,19020
27063	2558,27069,27073,27087,27089,27093,27094,27095,27103,27105
27064	27065,27113,1915,2350,2558,3931,4074,4133,5265,14500
27065	27064,27087,27091,27093,27107,27108,27113,27120,46344,46355
27066	1810,1813,1819,1820,1828,1853,1861,1915,2558,20283
27067	27119,27101,9569,10380,27060,27074,27077,27078,27083,27087
27068	27106,27110,22550,27069,27072,27073,27075,27076,27083,27088
27069	27125,27088,27123,27126,27103,27075,27090,27105,27072,46039
27070	1595,1647,1915,2558,2989,3914,3972,6492,6700,8295
27071	199,522,560,621,1129,1915,2558,7390,10096,10103
27072	27116,27121,27125,27090,27108,27094,27103,27105,27124,14821
27073	934,1915,10315,13795,15358,19066,20841,23616,27063,27068
27074	27060,27067,27077,27078,27084,27087,1915,2558,22550,27061
27075	27087,27090,27123,27126,27094,27069,27105,27108,27072,27086
27076	27068,27069,27072,27073,27078,27088,27094,27103,27105,27108
27077	27067,27074,27078,27084,27087,1099,1915,2540,2558,3129
27078	27088,27103,27116,27120,27121,27125,27060,27067,27069,27072
27079	27095,1915,2558,16090,22550,27060,27061,27062,27063,27065
27080	95,1915,2558,2585,2747,2777,3237,5498,8699,12585
27081	1915,2558,22550,27060,27061,27062,27063,27064,27065,27066
27082	4053,3702,3920,3931,4160,4198,4202,4264,4296,4707
27083	7411,27067,27068,27106,27110,168,204,1108,1153,1694
27084	1078,1087,1116,1119,22550,27060,27074,27077,27078,27087
27085	1915,2558,22550,27060,27061,27062,27063,27064,27065,27066
27086	1689,25187,27552,25186,6304,7712,8671,27585,27617,1110
27087	27090,27075,27124,5880,27086,27060,49403,6304,6865,10103
27088	27108,27069,27124,27086,27131,27078,5880,6304,10103,10702
27089	7897,9490,22034,22065,7630,9919,19187,22022,22056,22070
27090	27087,27075,27108,27072,27094,27124,27069,27086,5880,6304
27091	46402,46438,46343,46378,46391,46392,46342,46344,46446,46427
27092	1915,2558,22550,27060,27061,27062,27063,27064,27065,27066
27093	46438,46343,46378,46393,46405,46414,46426,46440,46391,46392
27094	27103,27116,27123,27126,27075,27090,27105,27072,5880,27086
27095	27063,27073,27079,27089,27097,1113,1915,2231,2253,2255
27096	22550,27067,27098,27102,27115,27119,27129,1915,2558,6304
27097	27095,1915,2558,16090,22550,27060,27061,27062,27063,27065
27098	27109,27129,9569,10380,27068,27084,27089,27096,27106,27110
27099	27114,1915,2558,6304,22144,22550,26849,27060,27061,27062
27100	1915,2558,22550,27060,27061,27062,27063,27064,27065,27066
27101	22550,27067,27102,27115,27119,27107,27129,9,1915,2072
27102	27101,9569,10380,27068,27084,27089,27096,27106,27110,32178
27103	27116,27123,27126,27094,27069,19077,27072,4074,4143,4202
27104	1915,2558,3944,11631,22550,27060,27061,27062,27063,27064
27105	27125,27121,27123,27126,27094,27116,27069,27072,27075,27131
27106	27068,22550,27083,27098,27102,27107,27109,27115,27129,1108
27107	27109,27129,27119,5661,9569,10380,12784,23443,24487,27065
27108	27088,27121,27116,27090,27072,27124,27131,27075,27086,46045
27109	27098,27107,45423,168,4430,7477,8685,9569,10380,12131
27110	27068,22550,27083,27098,27102,27107,27109,27115,27129,1108
27111	1814,3230,27086,30215,34326,1099,1528,1915,2151,2537
27112	1915,2558,22550,27060,27062,27063,27064,27065,27066,27067
27113	27064,27065,1915,2350,2558,5265,22550,27060,27061,27062
27114	27099,27132,19,1915,2413,2558,2686,3889,3927,6304
27115	27119,27101,10313,27068,27084,27089,27096,27106,27110,222
27116	27103,27108,27094,27072,27105,27124,27086,27131,27078,29926
27117	17865,27109,27116,27125,168,433,973,1016,1106,1114
27118	1915,2558,3944,11631,22550,27060,27061,27062,27063,27064
27119	27067,27115,27107,27129,27101,27096,41381,1787,1915,2558
27120	5880,46045,49403,27078,29926,6304,6865,10103,10702,27063
27121	27108,27072,27105,27124,27131,27086,46045,5880,27078,49403
27122	1915,2558,6304,21950,22144,22550,26849,27060,27061,27062
27123	27103,27094,27069,27075,27105,5880,27131,29926,6304,10097
27124	27087,27088,27090,27108,27116,27121,27072,27086,27075,27094
27125	27069,27105,27072,27131,27078,29926,46045,49403,8685,10103
27126	27103,27094,27069,27075,27105,27086,5880,27131,29926,6304
27127	17636,25493,25498,27266,36,52,185,186,454,638
27128	1915,2558,22550,27060,27061,27062,27063,27064,27065,27066
27129	27098,27107,27119,9569,10380,27068,27084,27096,27101,27106
27130	1915,2558,16864,16868,16889,16901,16970,16983,16992,17001
27131	27108,27121,27088,27116,27125,27072,27103,27105,27123,27126
27132	27114,1869,1915,2558,2915,3037,3971,4033,4046,4054
27133	17864,17858,17859,17849,21083,10858,17855,15856,15872,18085
27134	27170,27181,17857,17865,27166,27171,17863,27140,27161,27145
27135	27158,27188,27148,27153,27167,17850,17853,17860,17863,17865
27136	27157,27153,27155,17850,17860,27145,27161,27164,17857,17864
27137	27177,17857,17850,17853,17860,17865,27150,27161,27164,27166
27138	21074,27142,27145,27153,27156,27157,17850,17853,17857,17860
27139	17865,27166,17850,17860,27140,27174,27181,27134,27152,27163
27140	27152,27171,17853,17863,17865,27134,27164,27166,27181,17850
27141	27175,4101,4296,18085,21936,708,2699,4090,4295,4755
27142	27166,27185,27174,27179,27175,27180,17849,27184,17859,27193
27143	17850,17860,27153,27157,27171,17857,27161,27164,17853,17864
27144	21074,27145,17850,17853,17857,17860,17865,27153,27156,27157
27145	17860,17850,17857,27182,17863,27181,27152,27175,17858,17864
27146	17857,10858,27148,27149,27158,27167,27188,27153,569,1342
27147	27164,27142,17850,17860,27157,27161,27171,17853,27139,27140
27148	27158,27135,27146,27153,27169,17850,17853,17860,17863,17865
27149	27167,17857,27146,27135,27153,27158,27169,569,1342,3528
27150	17853,17857,17865,27157,27166,27185,27152,27181,27155,27179
27151	27169,27178,17857,27176,6038,10841,14020,17850,17853,17860
27152	27166,17853,17863,27174,27185,27140,27145,27150,27179,27175
27153	17865,27155,27174,27175,27179,17864,27163,17858,27156,21074
27154	27142,27171,17850,17860,27134,27157,27161,27182,17853,17857
27155	27153,27161,27164,17865,17853,27166,27150,27136,27145,27174
27156	27153,17857,17860,21074,27164,27171,17850,17853,27152,27163
27157	17853,27166,27185,27179,27150,27163,17858,27136,27175,27180
27158	27135,27148,27153,17850,17860,27142,27146,27161,27164,27171
27159	27173,84,343,352,656,3729,6038,12581,14020,17850
27160	17860,27142,17850,17857,27145,27153,27171,27182,17863,27157
27161	27155,17864,17859,27134,27170,17849,27136,27143,27172,27154
27162	17850,17853,17857,17860,17863,17865,21074,27138,27139,27140
27163	27164,17863,27171,27153,27175,27181,27157,17864,27182,17859
27164	17863,27155,27163,17864,17858,21074,17859,27140,27193,27156
27165	27176,27178,17857,27167,6038,7672,13592,14020,17462,17850
27166	27142,27157,27181,27152,17858,27150,27134,27139,27155,27180
27167	27149,27169,27135,27146,27153,1342,17850,17853,17860,17863
27168	10823,10826,10832,10833,10834,10839,44038,6038,6397,10829
27169	27151,27167,10858,27148,27153,1342,17850,17853,17860,17863
27170	27181,27134,27171,17857,17860,17865,27161,27166,17853,17863
27171	27174,27175,27163,27179,17858,17864,27134,27140,27170,21074
27172	17853,27161,27163,27171,27175,17863,27142,27152,27157,27164
27173	27177,27175,30149,98,534,575,3023,4193,8008,10341
27174	27142,27171,27153,27181,27175,17858,17863,27152,27180,17849
27175	27171,27174,27153,27142,27163,27179,27181,17863,27145,27152
27176	27178,17857,27165,27135,27151,27158,27169,6038,7672,13592
27177	27137,27173,17857,7525,10379,14274,17850,17853,17860,17865
27178	27176,27151,17850,17853,17860,17863,27140,27142,27150,27152
27179	17853,27142,27181,27157,27171,27153,27175,27152,17849,27150
27180	27142,27166,27181,17857,17865,27152,27157,27174,27175,27185
27181	27166,17849,27174,27179,27170,27134,27145,27163,27175,27150
27182	17850,17860,17857,27145,27185,17863,17864,27163,21074,27134
27183	10837,1860,2802,3374,4095,4955,6038,7479,10696,10827
27184	17850,17860,27166,27185,27142,27164,27181,17858,27145,27153
27185	27142,27157,27182,27150,27152,27184,17859,17864,27180,17849
27186	1023,1680,1797,2444,3409,3796,4787,4813,5460,6038
27187	1137,3721,4201,4231,4302,6038,6224,9754,9762,14020
27188	27135,27146,27178,17857,27158,6038,10841,14020,17850,17853
27189	6038,14020,17850,17853,17857,17860,17863,17865,21074,27134
27190	6038,10496,14020,17850,17853,17857,17860,17863,17865,21074
27191	6038,6299,7792,8154,8279,8816,9542,12466,12633,12681
27192	6038,14020,17850,17853,17857,17860,17863,17865,21074,27134
27193	27164,17857,17863,27142,27150,27166,27181,27185,17865,27152
27194	6272,37896,20190,37909,37912,37914,3397,3685,4770,6250
27195	27204,27201,27205,27212,6272,27208,27210,27217,20190,27219
27196	27215,27207,27200,27210,6272,20190,27217,27219,3685,4770
27197	27207,27200,27217,6250,20190,3397,3685,4770,4910,5310
27198	27214,27212,6272,27200,27208,27210,27219,1927,1937,3397
27199	27218,27200,27208,27210,27217,6250,20190,27219,3397,4770
27200	27197,27199,27196,27198,27213,27214,27202,27204,27212,27216
27201	27195,27202,27203,27204,27205,27213,27215,27212,27207,27208
27202	27201,27212,27207,27208,6272,27200,20190,27217,27219,3397
27203	27205,27215,27201,27218,27208,6272,27217,20190,27219,4770
27204	27195,27215,27201,27207,27218,27210,6272,27200,20190,27217
27205	27203,27195,27213,27201,27215,27212,27218,27207,27208,27210
27206	27195,27196,27197,27198,27199,27200,27201,27202,27203,27204
27207	27197,27196,27202,27204,27215,27205,27212,27216,27201,27218
27208	27203,27199,27213,27214,27195,27198,27202,27205,27216,27201
27209	27195,27196,27197,27198,27199,27200,27201,27202,27203,27204
27210	27195,27196,27198,27199,27204,27213,27214,27216,27205,27212
27211	27220,27221,37900,37906,37907,37908,37910,27195,27196,27197
27212	27202,27195,27198,27205,27216,27201,27207,27215,6272,27200
27213	27216,27205,27201,27218,27208,27200,27210,6272,27217,27219
27214	27198,27216,27218,27208,6272,27200,27210,27217,27219,3397
27215	27196,27203,27204,27205,27201,27207,27218,27212,27210,6272
27216	27214,27213,27212,27207,27208,27210,6272,27200,27217,27219
27217	27199,27195,27197,27200,27203,27205,27213,27196,27201,27202
27218	27199,27203,27204,27205,27213,27214,27215,27207,27208,27210
27219	27195,27196,27198,27199,27201,27202,27203,27204,27205,27208
27220	27221,37907,37908,27211,37900,37906,37910,37915,37897,37911
27221	27220,37907,37908,37911,37915,14518,27211,37897,37900,37906
27222	7355,8156,17999,131,321,624,1244,1424,1772,1791
27223	27225,27228,27240,27224,27235,27238,27232,27236,27239,2535
27224	27233,27223,27229,27235,27236,27226,27230,27239,27243,27244
27225	27240,27233,27223,27235,27230,27234,27239,1244,2535,3450
27226	27227,27231,27238,27242,27224,27230,27232,27235,27236,113
27227	27242,27226,27235,27230,27234,27239,27243,27244,27245,27247
27228	27233,27240,27223,27229,27236,27239,27226,27243,27244,27245
27229	27231,27238,27224,27228,27232,27236,27242,27230,27239,27243
27230	27227,27231,27242,27225,27226,27229,27235,27238,27224,27232
27231	27229,27226,27230,27236,27243,27244,27245,27247,2535,3450
27232	27242,27229,27233,27235,27236,27223,27226,27230,27239,27243
27233	27225,27228,27240,27224,27232,27236,27239,2535,3450,8509
27234	27225,27227,27230,27240,1244,2535,8509,18011,27223,27224
27235	27227,27225,27223,27224,27232,27240,27242,27226,27230,573
27236	27224,27228,27229,27231,27232,27238,27223,27226,27233,11300
27237	2535,8509,18011,27223,27224,27225,27226,27227,27228,27229
27238	27229,27242,27223,27226,27236,27230,27239,27243,27244,27245
27239	27228,27233,27238,27223,27224,27225,27227,27229,27232,27240
27240	27225,27228,27233,27223,27235,27242,27230,27234,27239,1244
27241	2535,8509,18011,27223,27224,27225,27226,27227,27228,27229
27242	27227,27238,27232,27226,27229,27230,27235,27240,27236,27239
27243	27224,27226,27227,27228,27229,27231,27232,27236,27238,27242
27244	27224,27226,27227,27228,27229,27231,27232,27236,27238,27242
27245	27224,27226,27227,27228,27229,27231,27232,27236,27238,27242
27246	2535,8509,18011,27223,27224,27225,27226,27227,27228,27229
27247	14774,19130,27224,27226,27227,27228,27229,27231,27232,27236
27248	2535,8509,18011,27223,27224,27225,27226,27227,27228,27229
27249	11577,27379,23190,27376,29687,2943,19664,27365,27344,19655
27250	27288,27256,27261,27265,27270,27271,27289,27297,27309,23190
27251	2689,2719,2647,2649,2655,2667,2670,2671,2675,2700
27252	27264,27293,11577,27365,27300,27309,27313,27317,2943,27276
27253	27305,27334,25421,27288,27379,1113,1657,1659,1678,1707
27254	27252,27256,27261,27264,27270,27271,27276,27284,27309,27333
27255	19621,19594,19631,19608,19609,19620,27334,19601,19605,19616
27256	27270,27261,27282,27266,27283,27288,27289,27293,27292,27297
27257	27266,27261,27294,8511,27253,27260,27263,27267,27279,27284
27258	4264,3903,4090,4536,4541,4580,4589,4596,4598,4604
27259	2413,3928,4069,8511,11555,11569,11571,14746,19692,23382
27260	2413,27263,27288,27294,27301,27308,27318,3928,8511,11555
27261	27283,27288,27293,27292,27321,27379,27256,27266,27282,27300
27262	11555,11571,27334,27296,29687,3928,19594,27272,27356,27362
27263	27260,27288,2413,3928,8511,11555,11569,11571,14746,23382
27264	27252,27376,11577,23190,27309,27321,27313,27379,2943,27316
27265	27250,27256,27261,27270,27271,27288,27289,27297,27253,27254
27266	27293,27318,27257,27261,27288,23190,27256,27270,27282,27283
27267	27293,23190,27261,27270,27280,27283,27282,27317,27321,4069
27268	11577,27300,27318,23190,19708,27275,27283,27292,27293,27308
27269	2413,3928,4069,8511,11555,11569,11571,14746,16197,16240
27270	11577,27282,27288,27309,27365,27256,27316,27266,27267,27276
27271	27292,11577,27300,27309,27365,27288,27379,27276,27280,27308
27272	27262,27296,27334,11569,28109,28116,11577,12743,19594,19621
27273	2413,3928,4069,8511,11555,11569,11571,14746,19692,23382
27274	10865,27250,27252,27253,27254,27256,27257,27260,27261,27263
27275	27268,27252,27264,2943,23190,27261,27267,27270,27271,27280
27276	27252,27270,27297,23190,27264,27271,27289,27254,27256,27261
27277	11577,27309,27268,27297,27313,27318,27325,4106,27252,27260
27278	1113,6038,19608,22163,27253,27285,27296,19,601,660
27279	27253,27257,27260,27261,27263,27266,27284,27288,27294,27305
27280	23190,27293,27283,27308,27267,27270,27300,27365,11571,27252
27281	4069,16215,16240,27305,27309,4281,11577,16196,16205,16207
27282	27293,27270,23190,27288,27321,27256,27261,27292,27266,27317
27283	27261,27288,27300,27317,27280,27289,2943,27256,27266,27267
27284	23382,27254,27257,27260,27261,27263,27266,27279,27288,27294
27285	1113,4279,3466,4289,4300,6405,20841,22154,27299,27312
27286	29513,1688,1692,2667,1673,2687,3231,24334,27379,29454
27287	10077,18916,27286,27311,27319,27324,27670,40358,40392,443
27288	27318,27261,27283,27270,27293,27282,27266,27271,27321,11555
27289	27318,23190,27283,27293,27256,27288,27297,27317,27321,27276
27290	27252,27261,27314,27318,27264,27271,27289,27306,27309,3928
27291	27380,8286,8270,8273,8294,8305,8315,8318,8340,8342
27292	27271,27261,27376,2943,27282,27300,27365,27379,27268,27288
27293	27252,27261,27282,27288,27266,27280,27313,27267,27289,27256
27294	27297,27257,27260,27266,27315,27318,23190,27252,27253,27263
27295	27296,19614,19594,19621,19641,19645,19664,19681,19714,27334
27296	19594,19631,19606,19618,19672,15369,19608,19612,11577,19602
27297	27270,27276,27288,27289,27294,27318,23190,27256,27264,27266
27298	2413,3928,4069,8511,11555,11569,11571,14746,19692,23382
27299	14746,29461,168,1694,1670,2413,17235,27301,43242,1685
27300	27268,23190,27271,27283,27365,27252,27261,27292,27317,27376
27301	27299,2413,14746,27260,3928,8273,8315,8318,8348,8511
27302	14746,27299,27311,2413,3928,8511,11555,11569,11571,23382
27303	2413,3928,4069,8511,11555,11569,11571,14746,19692,23382
27304	27337,27271,27275,27280,27290,27313,27316,27318,2040,2413
27305	10236,10382,34468,3305,8640,27253,44943,4069,20443,20579
27306	27268,27290,27314,27252,27261,27271,27275,27288,27308,27309
27307	27268,27270,27271,27289,27297,27318,23190,27250,27256,27260
27308	27280,27318,27268,23190,27260,27271,27283,27293,27300,27365
27309	11577,27271,27270,27264,27252,27379,27288,27292,27365,27376
27310	27305,2413,3305,3928,4069,8511,10287,11555,11569,11571
27311	1673,14746,2413,29513,1692,1694,2659,2689,15369,27302
27312	30870,30125,10709,16350,30792,7611,7651,25747,30729,30745
27313	27293,11577,23190,27252,27264,27321,27317,2943,27268,27282
27314	27290,27268,27288,27306,27318,27252,27261,27271,27289,27308
27315	27261,27294,27292,27318,27321,27379,2413,3928,4069,4106
27316	27270,27354,27264,27283,2943,27261,27292,27309,27321,27376
27317	27283,23190,27321,27252,27261,27300,27268,27282,27289,27313
27318	27288,27268,27289,27266,27326,27308,27297,27368,11571,27260
27319	24334,168,2413,2689,1664,1670,1667,1679,1688,1736
27320	2413,3928,4069,8511,11555,11569,11571,14746,19672,19692
27321	27261,27264,27282,27317,27379,2943,27288,27313,27266,27289
27322	13810,660,1366,1545,9662,12343,12416,12514,13430,13800
27323	27296,27357,19594,23382,27334,11571,11577,19620,19621,19664
27324	27311,27319,1670,8511,15369,24334,27286,27287,29513,168
27325	27309,27252,27268,27271,27277,27294,27313,27336,11577,27260
27326	27318,27288,2943,11577,27271,27276,27292,27321,2040,8508
27327	1846,2413,3337,3518,3928,3971,4053,4069,4090,4264
27328	11571,27253,27261,27379,19,3928,3931,4069,8511,11555
27329	27252,27261,27268,27271,27276,27290,27294,27308,27309,27314
27330	11571,14746,75,449,1879,2324,2413,2637,2664,2687
27331	11569,23382,27362,27255,27296,27356,11555,19621,19631,19662
27332	27262,11555,19594,1787,2413,3928,4069,5948,8511,11569
27333	23382,2413,3928,8511,11555,11569,11571,14746,27254,27260
27334	19594,19621,19608,3928,19631,29687,4202,19614,19620,19650
27335	2413,3928,4069,8511,11555,11569,11571,14746,19692,23382
27336	27252,27268,27264,27271,27318,11577,23190,27270,27275,27276
27337	20826,27249,27304,2943,4158,4295,11577,14372,23190,27271
27338	27264,27283,27376,2943,23190,27249,27271,27292,27300,27317
27339	555,2036,2059,2091,2104,3574,6840,7369,7379,10987
27340	4046,3948,22147,3903,18511,4160,4246,4254,19077,3882
27341	1787,3928,6928,10240,11555,11569,12714,16385,19603,19605
27342	
27343	27362,8065,19621,19665,27255,11555,11569,19608,19651,19652
27344	19652,19594,19620,19651,19669,19602,19632,19650,19662,19665
27345	11577,23190,27249,27252,27264,27268,27336,27365,2820,2823
27346	27249,19621,19662,19692,23382,27334,3928,11569,19651,19652
27347	11555,27249,27359,27362,27379,19692,27255,8065,11536,19621
27348	11569,11577,23382,27351,27357,4755,11571,15588,18573,19615
27349	11577,23190,27250,27268,27288,27300,27309,27379
27350	19620,23382,27334,19614,19621,19654,19691,29687,45638,3928
27351	11569,11571,11577,19664,19672,23382,27272,27348,27357,29687
27352	2413,3928,8511,11555,11569,11571,14746,16197,16240,23190
27353	
27354	27316,27364,4264,4289,22090,11570,27249,27271,27365,2943
27355	11569,23382,19664,27334,27344,29687,3928,11555,19620,19632
27356	27344,11569,19652,19662,23382,27262,27296,27331,27362,14746
27357	23382,27323,27379,11536,19692,27249,27359,27362,19621,26600
27358	10456,4069,27255,27347,27357,27362,29687,223,455,2413
27359	11577,27296,11555,23382,19672,27249,27347,3882,15369,19621
27360	23382,27334,11571,12714,27362,27365,2413,3430,3869,3928
27361	11577,27249,27306,2855,3006,3931,4045,4115,4175,4202
27362	19621,19662,19681,27255,11555,27343,8065,19614,19652,27331
27363	38628,38632,38629,38659,4295,22158,22175,27334,28132,38630
27364	10987,22147,3931,4202,4281,20841,22090,22199,22265,27354
27365	27249,27270,27271,27252,27300,27376,27292,27264,27280,27309
27366	27249,27275,2943,27268,27288,27375,4158,11577,22189,23190
27367	11577,23382,19664,11569,27296,11571,27334,3928,3958,11555
27368	27249,27293,27318,27252,27261,27266,27365,3928,23382,27257
27369	27249,27264,27252,27270,27309,27318,11577,27257,27261,27281
27370	27249,27256,27264,27266,27270,27288,27309,27368,27369,4158
27371	19625,19642,19708,27268,12714,19620,19621,19629,19634,19650
27372	660,3305,3311,4069,4281,7140,7672,8559,10287,14495
27373	1685,27280,27318,29521,19,168,204,1220,1657,1666
27374	27249,27316,27318,2943,27261,27270,27283,27354,2040,3481
27375	27249,27261,27283,27321,27376,2943,11577,27268,27271,27292
27376	27249,27264,11577,27292,27365,27300,27379,2943,27261,27268
27377	6848,7022,10406,11571,11577,14335,16067,19605,19651,19664
27378	2413,3928,8511,11555,11569,11571,14746,16197,16240,23190
27379	27249,27261,27321,4158,27264,27292,27309,27376,29513,29687
27380	30379,4261,30394,30416,5234,30363,30338,30400,30354,27291
27381	2188,42699,44452,1841,22707,25726,42713,90,2176,2251
27382	2199,2203,10705,13117,20500,21077,27383,27385,27386,27387
27383	6935,42692,2276,13072,23359,34875,45480,2197,2282,7254
27384	2199,2203,10705,13117,20500,21077,27383,27385,27386,27387
27385	21077,27383,1841,2199,2256,22707,2176,2255,2276,5040
27386	1797,2199,2203,3390,4578,5178,5264,5310,7525,8938
27387	95,127,146,17,26,150,167,209,439,667
27388	27888,2233,18591,34875,42692,2118,2196,2253,2259,2264
27389	27388,2176,79,83,123,127,160,478,531,2032
27390	2199,2203,10705,13117,20500,21077,27382,27383,27384,27385
27391	2199,2203,10705,13117,20500,21077,27383,27385,27386,27387
27392	0,202,1230,1417,2199,2203,2252,2255,5498,5928
27393	27383,27388,22707,1841,2259,2264,2276,23359,25726,27385
27394	45634,12401,28908,30829,161,612,19326,20596,21790,24100
27395	223,536,1814,3151,3450,3559,9114,9244,15113,16441
27396	27471,223,536,5219,8715,8932,9114,16441,16456,16656
27397	223,364,522,536,560,583,1301,2823,2830,3200
27398	27424,27431,27440,27405,27406,27408,27418,27422,27426,27441
27399	223,536,9114,16441,16456,16656,19324,19501,19540,19935
27400	27424,27431,27432,27467,12401,27409,27451,27454,27477,27406
27401	1129,2798,27398,27404,27405,27406,27413,27414,27416,27418
27402	27440,27408,19324,27398,27404,27412,27416,27418,27420,27421
27403	14911,14927,15626,27441,17,19,50,223,536,541
27404	27443,27454,27418,27424,27471,27477,45634,27406,27432,27442
27405	27398,27404,27406,27413,27418,27424,27426,27401,27419,27422
27406	27440,27424,27432,27442,27467,27477,27404,27431,27441,27454
27407	27414,223,536,9114,11700,16441,16456,16656,19324,19501
27408	27440,27416,27441,27398,27402,27414,27418,27424,27430,27443
27409	27400,27431,27416,27424,27432,27442,27443,27453,27454,27455
27410	10287,16212,11064,16196,16197,43709,4281,15049,16211,16222
27411	223,536,9114,16441,16456,16656,19324,19501,19540,19935
27412	27398,27402,27404,27408,27414,27416,27420,27424,27430,27431
27413	27418,27422,27441,27455,27471,27432,27435,27442,27443,27454
27414	27440,27408,19324,27398,27401,27404,27407,27412,27416,27418
27415	223,536,9114,16441,16456,16656,19324,19501,19540,19935
27416	27443,27442,27456,12401,27408,27468,27445,16656,19324,20596
27417	52,18886,223,347,351,362,457,536,546,575
27418	27441,27456,27471,27404,27413,27451,20596,27437,27446,27468
27419	27398,27401,27404,27405,27406,27413,27416,27418,27424,27426
27420	27398,27402,27404,27408,27412,27414,27416,27424,27430,27431
27421	27402,27413,27430,27435,27448,27450,27455,223,536,9114
27422	27431,27413,27454,27456,27471,27398,27418,27424,27430,27432
27423	27400,27416,27424,27427,27431,27432,27442,27443,27454,27455
27424	12401,27404,27454,27400,27406,27441,27445,27451,27471,27398
27425	223,536,9114,16441,16456,16656,19324,19501,19540,19935
27426	27398,27404,27405,27406,27413,27418,27424,27401,27419,27422
27427	27423,27440,4118,27400,27406,27418,27424,27431,27432,27441
27428	223,536,9114,16441,16456,16656,19324,19501,19540,19935
27429	223,536,9114,16441,16456,16656,19324,19501,19540,19935
27430	27431,27440,45634,27432,27443,27467,12401,27408,27422,27441
27431	27432,27467,27477,27422,27430,45634,12401,27400,27451,27398
27432	27431,27400,27406,27451,27454,27404,27413,27430,27441,27444
27433	19324,27416,27418,27441,27443,27444,27446,27456,27468,27471
27434	13263,6423,22623,28352,33051,2786,2841,5957,6402,6417
27435	27413,27455,27448,27450,16656,27400,27404,27409,27416,27418
27436	223,536,9114,16441,16456,16656,19324,19501,19540,19935
27437	27418,27440,27441,27406,27431,27446,27456,27471,27477,19326
27438	223,536,9114,16441,16456,16656,19324,19501,19540,19935
27439	4033,4044,4046,4101,4202,4289,4300,4308,10390,20852
27440	27477,27408,27406,27430,27444,27445,27398,27402,27414,27437
27441	27418,27468,27471,20596,27413,27424,27442,12401,27406,27408
27442	27416,20596,27406,27441,27445,27454,27456,27477,27404,27413
27443	27416,45634,27404,14900,27413,27430,27468,4011,4281,15032
27444	27440,27424,27431,27432,27467,12401,27406,27416,27441,27445
27445	12401,27424,27440,27442,5086,9394,27334,27416,3971,4053
27446	27418,27441,19326,27406,27437,27440,27456,27471,19324,27398
27447	19540,9114,28792,223,536,549,575,2036,4246,4738
27448	27413,27435,27408,27418,27421,27440,27452,27477,223,536
27449	223,536,9114,16441,16456,16656,19324,19501,19540,19935
27450	27455,27413,27435,19324,27421,223,536,9114,16441,16456
27451	27418,27424,27431,27432,27467,27400,27441,27454,27471,12401
27452	27440,27402,27408,27414,27416,27418,27442,27443,27448,223
27453	27409,27418,27443,12401,16656,27400,27404,27413,27416,27422
27454	27477,27404,27424,45634,27432,27442,27467,27400,27406,27413
27455	27413,27431,27435,27450,27400,27404,27409,27416,27422,27423
27456	27416,27418,27468,27471,27442,20596,27413,27422,27424,12401
27457	3926,19935,161,223,536,551,4835,4839,4841,5143
27458	27459,27469,27473,223,536,9114,16441,16456,16656,19324
27459	27458,27469,27408,27416,27431,27440,27443,27454,27473,27477
27460	223,536,9114,16441,16456,16656,19324,19501,19540,19935
27461	44798,13430,1783,4114,10774,16441,19935,27829,46137,48155
27462	27470,223,536,9114,16441,16456,16656,19324,19501,19540
27463	223,536,9114,16441,16456,16656,19324,19501,19540,19935
27464	27400,27406,27409,27416,27423,27424,27430,27431,27432,27440
27465	27440,27409,27418,27443,1,199,223,536,2036,3450
27466	223,536,662,3906,4011,4046,4048,4080,4118,4159
27467	27431,27400,27406,27451,27454,27404,27413,27430,27441,27444
27468	27441,27456,27416,27418,27431,27443,27471,27413,27422,12401
27469	27458,27459,27473,223,536,9114,16441,16456,16656,19324
27470	27462,223,536,9114,16441,16456,16656,19324,19501,19540
27471	27418,27441,27456,27404,27413,27424,27422,27432,27442,27451
27472	2855,27439,223,453,536,575,2324,2674,5812,5862
27473	1,351,1359,1943,4521,9281,9850,11387,14075,17647
27474	27401,223,447,536,1129,2644,3876,4004,4053,6671
27475	223,250,354,522,536,2786,2930,3305,3935,4163
27476	223,536,9114,16441,16456,16656,19324,19501,19540,19935
27477	27440,27454,27431,27404,27406,27442,27400,27424,27432,27467
27478	4118,43776,25748,43783,43795,9390,9828,13523,25779,30771
27479	1664,1673,7611,8052,9659,13074,18276,20569,20826,21873
27480	622,3430,4717,7611,9882,10500,19092,20473,22511,23486
27481	20826,20569,27482,27484,3518,3549,8514,9044,22163,27496
27482	27535,27481,8514,27503,27808,1595,1647,5200,6304,7611
27483	3450,7611,25747,25801,25884,202,455,535,1181,1232
27484	20826,34825,3450,8514,8457,12401,14900,22162,27481,27491
27485	7611,8052,20569,20826,25884,27479,27484,27486,27487,27488
27486	27515,7611,8052,20569,20826,25884,27479,27484,27485,27487
27487	7611,8052,20569,20826,25884,27479,27484,27485,27486,27488
27488	7611,8052,20569,20826,25884,27479,27484,27485,27486,27487
27489	7611,8052,8514,19060,20569,20826,25884,27479,27480,27481
27490	27497,7611,8052,20569,20826,25884,27479,27484,27485,27486
27491	27484,27492,27496,3305,4118,7611,8052,9390,13523,20826
27492	27529,27484,27491,4011,7611,8052,20826,22091,23179,23194
27493	20569,4036,7611,8052,20826,23202,25884,27479,27484,27485
27494	27498,27519,1090,7611,8052,8443,8514,15654,17717,20569
27495	7611,8052,8514,19060,20569,20826,25884,27479,27480,27481
27496	27533,27491,7611,8052,20569,20826,25884,27479,27481,27484
27497	9828,27490,7611,8052,20569,20826,25884,27479,27484,27485
27498	27494,12837,26195,7611,8052,8514,12444,12445,12845,12863
27499	7611,8052,20569,20826,25884,27479,27484,27485,27486,27487
27500	7611,46004,562,4850,8052,10504,10532,10881,12054,12327
27501	27504,9828,27526,27531,7611,8052,20569,20826,25884,27479
27502	27518,27504,27526,27531,7611,8052,14550,14923,20569,20826
27503	8514,27482,27494,27498,27535,7611,8052,19060,20569,20826
27504	27501,27502,27511,27508,27518,27526,27531,7611,8052,20569
27505	7611,8052,20569,25884,27479,27484,27485,27486,27487,27488
27506	7611,8052,20569,20826,25884,27479,27484,27485,27486,27487
27507	7611,8052,20569,20826,25884,27479,27484,27485,27486,27487
27508	27511,27518,27523,27504,27526,27531,7611,8052,20569,20826
27509	25884,7611,8052,20569,20826,27479,27484,27485,27486,27487
27510	25884,27517,27524,7611,7612,8052,20569,20826,27479,27484
27511	27508,27504,27526,27531,7611,8052,14550,14923,20569,20826
27512	7611,8052,20569,20826,25433,25884,27479,27484,27485,27486
27513	4048,7611,8052,20569,20826,25884,27479,27484,27485,27486
27514	7611,8052,20569,20826,25884,27479,27484,27485,27486,27487
27515	27486,7611,8052,20569,20826,25884,27479,27484,27485,27487
27516	7611,8052,8514,19060,20569,20826,25884,27479,27480,27481
27517	27524,20826,20569,25884,27510,7459,7611,8052,27479,27484
27518	27502,27508,27523,27504,27526,27531,7611,8052,14550,14923
27519	27494,7611,8052,20569,20826,25884,27479,27484,27485,27486
27520	2088,4590,5541,5891,7611,8052,8195,8475,8514,9537
27521	7549,7611,8514,10500,10723,25794,25858,25860,25866,25882
27522	9007,21171,21935,21948,21958,22090,22091,30585,30818,202
27523	27535,27508,27518,9828,27526,27531,7611,8052,8514,10746
27524	27517,20569,20826,25884,27510,7611,8052,27479,27484,27485
27525	30734,202,546,2694,11357,14304,18349,21215,22335,25560
27526	20569,20826,16176,27484,27501,27502,27504,27508,27511,27518
27527	21215,21930,2092,5033,5086,6328,7611,20569,25747,25766
27528	113,6214,6318,7611,8052,9285,10764,11616,11645,16176
27529	27492,5707,7611,8052,8528,20569,20826,22091,22852,25884
27530	7611,8052,8514,19060,20569,20826,25884,27479,27480,27481
27531	27501,27502,27504,27508,27511,27518,27526,7611,8052,20569
27532	3943,7611,7651,8052,8156,8514,9316,10652,10670,10711
27533	27496,7611,8052,20569,20826,25884,27479,27481,27484,27485
27534	9105,14339,25830,27526,3950,4118,4809,5049,7611,8003
27535	27523,27482,25748,43776,43783,4118,8514,9828,36584,42222
27536	34751,35613,32072,25224,34160,43121,439,13877,14189,19550
27537	4389,27552,27574,27585,1923,6961,8685,23685,24595,27536
27538	2645,23517,29490,29516,1100,1135,1664,1688,1694,2644
27539	27549,27552,27555,27564,1814,1923,5588,7717,8809,10253
27540	33194,33226,32364,8715,8816,27543,27552,27651,33192,33234
27541	33226,8685,12130,27543,27651,29249,33194,33231,19,484
27542	27585,27590,27571,27574,27578,27600,27617,27625,27583,27584
27543	27540,27541,27663,27552,27570,27578,27584,27595,27601,27617
27544	27549,27552,27595,33192,5,242,7723,22981,25187,27086
27545	339,1367,1617,2009,2603,2608,5265,5498,5534,6477
27546	27552,27579,27580,27587,27598,27607,27626,27635,1061,2141
27547	9105,9453,9850,10500,12894,13835,21094,21171,29246,29597
27548	27586,7857,12929,25256,27551,27552,27553,27555,27573,27583
27549	25224,25228,27609,10027,23690,35621,27679,34187,35630,1
27550	27552,27590,27573,27584,27589,27617,27620,27626,27630,27679
27551	5263,27552,27583,34229,35635,41828,8685,9664,11093,23718
27552	25186,38737,44070,19365,27600,10022,37448,18912,27086,27589
27553	27555,25195,27549,27586,27667,27679,14746,25256,27577,27583
27554	27570,27590,27679,27571,27586,27583,27584,27626,25256,27536
27555	38737,49546,13882,13979,23512,27586,27617,27667,25186,25224
27556	27552,27590,27585,27600,38737,23586,27564,27583,27588,27670
27557	27549,27551,27554,27564,27567,27568,27583,27585,27617,143
27558	7712,7755,7819,9772,12130,18281,19443,25256,27536,27537
27559	7712,7755,7819,9772,12130,17898,18281,19443,23071,25256
27560	27552,27590,27585,27588,16508,27536,27556,27571,27574,27597
27561	27583,27570,27626,25256,27553,27555,27574,27577,27578,27584
27562	3500,14209,27536,27552,27590,19,87,154,218,390
27563	27592,3394,7723,8685,27570,27586,27597,27625,27637,32317
27564	27552,38737,9998,25256,27617,1135,18916,19365,27549,27583
27565	25256,27536,27542,27549,27553,27554,27555,27561,27570,27571
27566	23586,27552,27597,27615,11,207,910,2141,7712,7755
27567	24510,43728,1661,6016,6019,6021,6028,6053,6064,6073
27568	23718,27585,29249,32050,32586,49577,1366,11746,17634,23593
27569	27542,27554,27563,27570,27573,27574,27578,27580,27586,27590
27570	27586,27554,25256,38737,27577,27588,27555,27573,27587,27601
27571	27590,27584,27679,27574,27554,27600,27583,27588,27597,9998
27572	1260,9731,33215,7712,7755,7819,9772,12130,18281,19443
27573	27552,27590,25256,27574,27555,27570,27600,27620,27589,25215
27574	27571,27586,27573,27584,27600,25256,27555,27588,27638,38737
27575	27540,27541,27551,32364,34229,34957,62,485,850,1347
27576	27627,7712,7755,7819,9772,12130,18281,19443,25256,27536
27577	25215,25224,27570,27590,27679,30220,1135,18916,23690,25256
27578	27542,25256,27570,27590,27597,27626,27554,27561,27573,27574
27579	27552,27546,27549,27622,1000,7712,7755,7819,9772,12130
27580	27626,27578,27600,27644,25200,27542,27546,27552,27554,27563
27581	39157,6482,6508,3885,5263,6460,6484,6496,6542,10606
27582	7712,7755,7819,9772,12130,18281,19443,25256,27536,27537
27583	27617,27626,27600,27589,38737,27571,27661,25256,27554,27555
27584	27590,27679,27571,25256,27586,27574,27610,8685,27554,27577
27585	25186,27663,40802,25224,27086,17634,27536,27542,27549,27577
27586	27679,27570,25256,27617,27574,27584,27554,27555,35179,8685
27587	27570,27552,27574,27584,27586,25256,27554,27571,27573,27588
27588	27570,27600,27617,27626,38737,27555,27571,27574,27086,27589
27589	27552,27620,27583,27600,27626,25256,27661,38737,27573,27588
27590	27571,27584,27620,27554,27573,25186,27536,27577,17634,27542
27591	27553,27583,27585,27586,25256,27548,27552,27554,27555,27561
27592	27563,27552,27570,27647,27540,27541,27551,27554,27569,27573
27593	27550,27552,27560,27570,27573,27574,27584,27585,27586,27587
27594	1031,1879,2015,3892,5178,7508,7712,7713,7755,7819
27595	27653,33194,37981,12633,27552,7712,16621,32364,439,3394
27596	7712,16923,27568,27585,27595,32503,35435,38123,1031,1434
27597	27571,27590,27617,25256,27552,27584,27600,27638,23690,27570
27598	27663,27552,27577,25256,27546,27551,27570,27571,27574,27584
27599	27542,27570,27571,27574,27577,27578,27585,27590,12130,25256
27600	27552,27583,27626,27571,27574,27588,27589,27620,38737,27573
27601	27570,27585,27617,27584,27586,27588,27626,27679,40128,7046
27602	4707,9892,29426,19,222,809,1004,1382,1426,2413
27603	16901,17740,25256,16861,16865,16881,16891,16894,16970,23550
27604	7174,7177,7712,7755,7819,8378,8960,8961,8967,8968
27605	27555,25256,27552,27586,27679,25224,27536,27561,27564,27570
27606	12130,27580,27598,27607,27615,27626,368,1489,4776,7712
27607	10800,14174,23614,27546,27580,27598,27606,27609,27626,29180
27608	25256,6783,18338,18539,27549,27585,27590,2019,5588,5818
27609	13182,11387,22756,34299,11404,12519,34176,9289,15314,23616
27610	27584,27570,25256,27571,27682,23696,23697,23698,27552,27554
27611	27570,27590,25256,27561,27571,27574,27578,27583,27584,27585
27612	1078,1116,1150,1119,1126,1132,1153,31,1087,1143
27613	27577,27570,27590,27626,27670,1135,18916,27552,27555,27564
27614	8725,12330,13897,13903,15186,27542,27605,27808,117,129
27615	25186,27536,27555,27577,27679,1031,1084,12130,13616,16894
27616	2948,7712,7755,7819,9772,12130,18281,19443,25256,27536
27617	27626,27583,27586,27086,27555,27588,27638,27661,27663,27536
27618	27542,27544,27554,27563,27569,27570,27573,27574,27578,27580
27619	7712,7755,7819,9772,12130,18281,19443,25256,27536,27537
27620	27590,27552,27589,27600,27573,27626,25186,27583,27584,27586
27621	27552,30220,35179,36698,37030,37251,37378,37580,37597,37701
27622	27552,19421,27585,27588,27590,27667,10253,20561,25205,27548
27623	7712,7755,7819,9772,12130,18281,19443,25256,27536,27537
27624	1617,4717,186,204,348,549,638,973,1110,1404
27625	27542,27629,32091,3394,27563,33231,1366,9664,9709,9731
27626	27617,27583,27600,27588,27589,27555,27620,30220,38737,25186
27627	27542,27554,27563,27569,27570,27573,27574,27576,27578,27580
27628	27663,27599,1142,2426,7755,7785,7850,9784,15302,18285
27629	27625,27542,32091,3394,7785,27563,32364,33226,33231,33234
27630	7785,27550,27552,27590,27679,27584,27589,27617,27620,27626
27631	7785,27663,35438
27632	9707,27637,27678,1242,2006,3606,6978,7463,7712,7785
27633	14746,29516,41415,600,618,1022,1031,1085,1142,1664
27634	7785,27576,27627
27635	27552,25186,25224,40354,38737,1135,25215,37448,1342,1823
27636	25186,12,1135,18916,19365,25215,25224,27555,27564,27585
27637	33188,7785,27563,3394,27632,27678,32091,32364,33226,33231
27638	27617,7785,27574,27552,27597,27626,27555,27571,27583,27586
27639	
27640	27540,27541,27543,27563,27577,27592,27651,45019,45025,146
27641	35179,44570,1220,4875,4994,6978,9847,10000,10002,12624
27642	1458,4717,7785,13166,20960,30144,34161,34536,34933,49584
27643	27542,19110,25186,25224,27574,27578,27635,27645,37178,37448
27644	27580,27665,7785,27578,27600,27626,27648,27677,32752,27542
27645	27542,27643,7785,10185,27543,27578,27663,27678,27681
27646	
27647	27592,27681,1242,6978,7463,7785,9707,9774,9798,12132
27648	7785,27626,27638,27552,27554,27563,27574,27580,27590,27592
27649	7785,27585,27662,27679,25256,27564,27617,27663,17634,27552
27650	27617,7785,27626,27570,27571,27679,9998,19388,25195,25256
27651	7785,27540,27541,9724,27570,27638,27640,27663,1142,1242
27652	27584,27682,7785,27570,27571,2764,25256,27552,27554,27573
27653	27595,12633,33194,3734,33498,7712,32364,25184,41645,439
27654	29454,1664,1670,1688,1694,1856,2681,15285,19032,19535
27655	38737,1135,25215,25256,27670,30220,35179,10099,45022,9998
27656	25186,10018,19365,27679,37070,10104,36806,36892,36936,37011
27657	1677,7755,10679,14746,15285,25199,26871,27633,27736,29139
27658	7785,27552
27659	25224,25215,27536,27570,27577,1135,7785,25186,25256,27574
27660	101,133,438,1045,1918,2052,2083,2162,2194,2847
27661	7785,27552,27617,27583,27589,27626,38737,27574,27588,27600
27662	7785,27585,27552,27649,25256,27556,27570,27583,27588,27597
27663	7785,27585,27552,27617,27679,27583,27589,27667,27598,27626
27664	1100,10052,27808,19,242,383,439,450,713,1088
27665	27644,27580,27600,27648,7785,27542,27546,27554,27563,27569
27666	1242,9737,15277,18299,38745,42221,133,1245,1263,2786
27667	7785,27679,27555,25256,27570,27617,27553,27584,27663,25186
27668	20561,6304,7785,8685,8809,10236,10253,23520,23685,24787
27669	1135,25215,27086,37448,10018,18916,27564,27590,27655,38737
27670	27655,45022,9998,18912,25200,37215,7785,19365,25256,27552
27671	19365,37580,10099,25186,37215,37597,1084,10002,10018,18916
27672	27600,27662,35715,3376,3377,3400,5160,5534,6978,11261
27673	7785,23165,27542,27552,27574,27583,27585,27617,40131,204
27674	1366,7785,20216,27625,34913,35661,40844
27675	7785,27552,27590,27620,27679,38737,25256,27574,27589,27600
27676	27574,27585,7785,27552,27600,27571,27583,27620,27626,27638
27677	7785,27580,27626,27644,32752,27546,27578,27606,27607,27648
27678	7785,27663,26164,27540,27541,27632,27637,27681,33194,1085
27679	7785,25256,25224,27586,27584,27656,25200,27571,27667,30220
27680	38011,1689,13847,20561,87,2646,3734,8715,10151,15383
27681	7785,27663,27543,27552,27647,27678,1242,6978,7463,9707
27682	7785,27552,27570,27584,27590,27610,27626,27652,25256,27574
27683	1100,7266,22265,3731,7852,8531,12963,13810,22241,28719
27684	7785,27552,27553,27555,27564,38737,1,204,1367,1814
27685	23866,39588,4527,5250,7048,14454,18126,19116,22633,22796
27686	25931,8661,7248,8633,8639,9386,9394,11297,14487,15799
27687	9490,9927,47535,7605,9105,10161,10694,11246,20533,20565
27688	27698,1918,5722,7605,8652,9082,10161,12550,15492,21111
27689	3140,3149,11858,13245,28462,32875,32877,32907,32915,32919
27690	467,624,812,1918,2388,3752,3960,4068,4181,4660
27691	2876,6165,7290,23391,27711,34100,34104,34107,34109,34111
27692	1918,5722,7605,8652,10161,12550,15492,23046,23311,25936
27693	223,995,1111,1918,1950,2223,2505,2544,2574,2602
27694	2827,9950,10500,21215,27720,188,575,1357,1918,2018
27695	6821,43210,1918,5066,5722,6260,6809,7605,7612,8514
27696	26833,18385,22085,4141,5085,12252,12714,14348,16643,16650
27697	27716,319,1918,5722,7605,8652,9393,9398,10161,12545
27698	27688,1918,5722,7605,8652,10161,12550,15492,21111,21134
27699	1918,5722,7605,8652,10161,12550,15492,20786,23046,23311
27700	1918,5722,7605,8652,10161,12550,15492,20786,23046,23311
27701	1918,5722,7605,8652,10161,12550,15492,23046,23311,25936
27702	1918,5722,7605,8652,10161,12550,15492,23046,23311,25936
27703	9553,25527,12266,12979,13387,15989,16122,20869,22089,23482
27704	1918,5722,7605,8652,10161,12550,15492,23046,23311,25936
27705	1918,5722,7605,8652,10161,12550,15492,23046,23311,25936
27706	362,1918,5722,7605,8652,10161,10701,12287,12527,12550
27707	10361,1181,1234,1556,1783,1918,2445,3127,3503,3871
27708	1918,5722,7605,8652,10161,12550,15492,23046,23311,25936
27709	562,1918,3831,5722,7605,8652,10161,10520,12550,13411
27710	1918,5722,7605,8652,10161,12550,15492,23046,23311,25936
27711	7254,7605,6166,8633,20069,25487,27712,31982,31989,42720
27712	27711,11843,15492,20050,20060,23974,27897,534,569,612
27713	25936,3947,26252,26286,26291,714,3842,21743,26256,26260
27714	1918,5722,7605,8652,10161,12550,15492,21132,23046,23311
27715	5670,8156,11693,26006,27717,30800,45404,47350,31,258
27716	19187,7897,22386,25936,27697,319,338,464,590,889
27717	31122,12401,30602,19,387,656,728,1113,1137,1186
27718	1918,5722,7605,8652,10161,12550,15492,23046,23311,25936
27719	8652,25936,27713,1918,5689,5731,7264,7411,7654,7668
27720	30970,1357,5033,9105,21215,25476,351,439,457,2070
27721	1918,5722,7605,8652,10161,12550,15492,21132,23046,23311
27722	1918,5722,7605,8652,10161,12550,15492,23046,23311,25936
27723	12029,25864,12016,30862,564,575,3347,4078,4745,5112
27724	12039,21536,27725,27726,27727,27728,27729,27730,27731,27732
27725	12039,27726,20994,21007,21010,21023,21032,21033,21054,21057
27726	27733,25864,27730,12009,27725,27727,27734,30733,366,541
27727	12039,27726,21472,21536,27724,27728,27730,27731,27732,27733
27728	343,13557,13585,368,1148,1327,2027,4782,4787,6910
27729	27730,27733,27734,12009,12016,12029,12040,21472,21536,25864
27730	27726,27733,12009,25864,27729,27734,9919,12016,12040,21536
27731	661,4101,4139,7862,9985,10898,11648,12016,12021,12025
27732	12009,12039,3521,3895,5097,6925,8191,9919,11218,11234
27733	27726,25801,27730,30733,366,541,7549,7566,8783,10500
27734	8783,25918,30862,4288,7549,7566,7587,7635,7644,12029
27735	4769,82,531,1216,1248,1261,2129,2143,2147,2154
27736	1085,10240,22265,13818,19365,25186,29444,34299,3734,16621
27737	198,211,374,897,986,1022,1383,1390,1397,1420
27738	26857,26858,27810,7430,10865,26850,26856,27755,27759,27789
27739	339,1113,1220,1342,1397,1783,1837,1867,2854,3434
27740	26850,1783,2854,4129,5049,9734,10311,10762,14301,15050
27741	27736,1783,5353,8948,48565,19,439,2644,3925,4059
27742	27758,550,25790,27784,27785,27805,27826,1783,1950,2501
27743	27791,26850,27787,15552,27761,27768,27807,27815,7902,14103
27744	20194,20195,27813,28221,19,154,390,556,800,1783
27745	26851,27743,27806,1783,2854,4129,4336,5049,5653,6643
27746	1783,2854,4129,5049,9734,10311,14301,15050,15724,17025
27747	10,1688,1783,2524,2647,2691,2720,2854,2957,3231
27748	8681,8712,9734,27754,29870,52,544,1357,1783,2854
27749	27771,27774,1783,2854,4129,5049,9734,10311,14301,15050
27750	23305,36754,7246,8492,22118,19,439,660,11551,19077
27751	1366,6639,9453,9665,12514,17946,23718,26857,27759,27761
27752	1783,2072,2854,3347,4088,4104,4129,4163,4180,5049
27753	1783,2854,4129,5049,9734,10311,14301,15050,15724,23022
27754	27762,27811,8068,9734,25194,27748,27802,27809,28779,35353
27755	26851,27761,27807,26850,27768,27810,27815,27738,27789,27794
27756	1783,27772,1665,7852,27750,27773,27808,27812,28805,29462
27757	27760,1045,1110,1136,1783,2854,3407,4129,5049,6222
27758	27742,26262,27785,27805,27828,550,1783,2854,3544,4129
27759	26858,26851,27761,27791,27794,27860,8712,26850,26852,27738
27760	27757,38947,45364,73,338,1045,1110,1136,1230,1301
27761	27755,27759,26850,26851,27743,27791,27815,26852,27751,27768
27762	34928,27754,27811,46089,1783,8738,14537,23022,26857,27813
27763	10315,22983,23537,42070,44899,995,1100,1196,1783,1870
27764	1783,2854,4129,5049,6115,7508,8681,9224,9734,9869
27765	544,576,7261,18050,27773,27780,27797,27829,44797,161
27766	4278,4061,4076,4197,4266,3905,3940,3977,3986,4039
27767	1783,2854,4129,5049,9734,10311,14301,15050,15724,20098
27768	26857,27743,27755,26850,26851,27761,27787,27791,27807,27810
27769	19359,19369,19390,19409,19412,19363,19364,19366,19367,19371
27770	16485,26850,1722,1783,1787,2854,3406,4129,5049,5429
27771	27749,541,1783,2854,3904,4129,5049,5102,8027,8514
27772	27756,1783,5100,6978,9734,13839,27736,27773,27804,27812
27773	1783,29870,5100,7117,7142,7145,9734,27756,27765,27772
27774	27749,27781,27786,27788,1783,1913,2827,2854,3950,4129
27775	27799,27779,27790,16067,27861,43057,1783,2854,4129,5049
27776	27743,102,728,1012,1783,2201,2854,4129,4412,4530
27777	1783,2854,4129,5049,9734,10311,14301,15050,15724,23022
27778	1366,12846,2238,4927,6171,6476,6666,6997,9453,9872
27779	27775,27799,16067,24386,27782,27785,27790,27798,47396,202
27780	544,11654,1854,2036,8721,17823,17827,26895,27765,27797
27781	27774,27782,27786,27788,1783,2854,4129,5049,9734,10311
27782	27799,27861,27779,27781,27800,43057,1783,2854,4129,5049
27783	27808,559,576,609,934,961,1100,1113,1220,1230
27784	27742,1783,2854,4129,5049,9734,10311,14301,15050,15724
27785	27742,27758,27779,1783,2854,4129,5049,9734,10319,14301
27786	27774,27781,468,660,1564,1676,1783,2394,2854,2971
27787	26858,27743,27815,27791,26850,26851,26852,27751,27768,27810
27788	27774,27781,1783,2854,4129,5049,8514,9734,10311,14301
27789	1797,5249,10236,16423,22940,25072,26114,26851,26857,26858
27790	27775,27799,27779,27853,27858,27861,19,1032,1100,1135
27791	27743,26850,27759,27761,27787,26856,27738,27768,27807,27810
27792	17354,19494,19552,16481,39527,42574,6653,12649,16067,16474
27793	1783,2854,4129,5049,9734,10311,14301,15050,15724,23022
27794	5142,26851,27759,26857,26858,27738,27755,27789,27806,543
27795	27743,1110,1783,2854,4129,4442,5049,6109,6200,9734
27796	1783,2637,2679,2701,2843,2845,2848,2853,2860,2861
27797	5310,6275,5975,6231,6245,6273,6218,6235,6241,6247
27798	10311,27779,1783,2558,2854,4129,5049,9734,14301,15050
27799	27775,27782,27779,27790,27861,16067,43057,1783,2854,4129
27800	27782,27805,1783,2854,4129,5049,9734,10311,14301,15050
27801	1783,2854,2990,4129,4264,4959,5049,7672,7981,7983
27802	22147,27754,27811,34825,113,544,575,662,1373,1741
27803	1783,2854,4129,5049,9734,10311,14301,15050,15724,23022
27804	575,9692,27772,6,78,98,223,338,546,1783
27805	27826,27841,10311,13115,23218,23755,25495,27742,27758,27800
27806	26851,26857,26858,27745,27755,27759,27789,27794,27810,43169
27807	27755,26850,26858,27743,26851,26855,27768,27789,27791,27810
27808	1100,18163,439,13818,1085,19077,1135,4133,25186,45022
27809	16478,16485,31411,541,9391,15003,17354,21619,21629,21639
27810	26857,26850,26856,26858,27738,27755,27768,27787,27789,27791
27811	27754,27762,544,8468,8738,9277,13107,13158,26144,26857
27812	1783,27756,27772,27792,541,583,2854,3026,3333,4045
27813	13832,18163,20447,27847,32864,19,454,1823,10236,13793
27814	26850,26851,1783,2854,4129,5049,9734,10311,14301,15050
27815	27787,5100,27743,27755,27761,7787,9734,18841,26812,26850
27816	27819,27851,1783,2854,4129,5049,9734,10311,14301,15050
27817	1783,2854,4129,5049,9734,10311,14301,15050,15724,23022
27818	4053,4206,4279,4295,13761,22158,22198,555,1137,4046
27819	26853,27816,27851,20098,22847,45926
27820	3010,3920,6275,20844,3958,4076,4139,4173,4202,6250
27821	33299,38201,38210,997,1045,1356,1371,1392,1419,1428
27822	46039,168,433,973,1016,1106,1356,1538,1633,1665
27823	24249,918,1613,4234,6901,7473,10287,13618,13621,13665
27824	22267,4238,6143,6174,22294,22308,31790,4234,4240,15715
27825	16644,24259,5387,16620,16632,16639,24275,39684,44785,46319
27826	27805,26853,550,10311,25790,26262,27742,27858,590,918
27827	433,456,944,1734,1923,6696,7522,7862,8127,8834
27828	26853,587,3544,27758,47681,522,535,560,621,1146
27829	11654,44798,5682,13926,17821,18823,161,576,581,909
27830	7018,27797,27829,28820,35374,41808,161,274,439,522
27831	4240,11571,14983,22294,22303,27736,34825,43079,117,366
27832	27815,503,1360,1488,1506,1517,1526,1773,2166,2243
27833	1139,6304,19443,26810,34931,41712,46040,46041,46042,46043
27834	3503,5100,6338,9734,11009,13926,14435,18184,24158,25194
27835	
27836	762,5373,12004,12766,12829,15867,16211,21785,22102,22115
27837	23721,47350,2802,8153,8156,8234,12774,14469,16481,20577
27838	2022,3702,6643,7343,8752,10235,16643,16650,17615,20943
27839	543,573,1431,2019,2059,2324,2588,2795,2869,4044
27840	10842,20070,25488,30002,41467,43152,43165,43430,44926,44930
27841	27805,26853,27858,168,439,1457,1694,1860,2253,2264
27842	27876,1343,7247,7728,8674,8677,8750,8862,11387,13182
27843	342,1945,3305,5095,8692,13875,13945,14691,19351,22943
27844	1113,2869,4840,5538,5568,6348,7474,7691,8712,9007
27845	26853,27771,27774,27793
27846	202,3482,3549,7266,660,3458,19057,42097,138,235
27847	27813,439,1100,6038,7521,8932,12649,13793,13829,13882
27848	
27849	26853,26817,27762,27772,41904,46061,384,439,450,576
27850	16478,16485,27809,27862,39527,254,2535,3873,3935,3999
27851	26853,27816,27819,20098,22847,45926
27852	36499,27868,36505,36511,36516,36519,11198,36520,36523,354
27853	26853,27790,64,84,1906,1910,2940,4199,6825,7207
27854	26853,8027,25910,27781,27786,27788,27793,32764,42969
27855	6653,6985,23755,1444,5249,5373,7672,8180,8219,9943
27856	
27857	8492,25949,87,3971,15039,20578,21855,22130,31122,48904
27858	26853,27841,27790,27826,624,6397,7871,9394,10167,14052
27859	26853,27742
27860	26853,27759,26852,26858,27755,27815,1110,9675,26850,26851
27861	27782,27799,5824,12805,22065,22085,23450,27775,27790,36435
27862	16478,16485,31411,15008,17354,21626,26853,27850,39156,39527
27863	1186,1670,1863,2659,2689,2699,3248,5105,10489,14562
27864	
27865	48608,581,1148,2990,2996,4009,4103,4201,4959,7611
27866	22152,3958,4033,4289,4296,22090,4044,4048,20845,3906
27867	4011,4295,363,2855,2996,3903,3906,3920,3948,3958
27868	36499,36505,36516,36519,27852,36520,36523,36522,354,2802
27869	10390,10407,11547,12403,22242,22265,49436,394,758,797
27870	5049,9105,30378,16269,30328,30334,52,575,2523,3937
27871	
27872	26853,1783,4202,4289,4442,5142,7545,7672,9798,14441
27873	438,443,575,1118,1383,1639,1680,5477,5804,5930
27874	22158,31122,2802,3958,4046,4048,4103,4104,4153,4198
27875	916,1520,3394,6483,6497,6536,6976,7329,11100,39485
27876	27842,186,483,657,1110,1244,1343,1357,1383,1640
27877	10709,42712,1455,2253,3230,4547,4557,4841,5681,6613
27878	35562,35621,49985,1,21,362,1414,1500,1510,1602
27879	44949,44966,49549,49731,2786,2957,4536,6397,6506,7409
27880	2864,9105,577,8806,10352,12438,15309,20567,21873,28611
27881	13280,9950,11865,20567,23164,41775,43152,606,748,2694
27882	27901,43588,19633,43414,3530,4118,5077,6962,8492,10699
27883	18348,20245,33760,46700,586,636,1488,1581,1787,2078
27884	18074,20691,1455,20856,25327,32991,8501,15234,20695,20708
27885	9950,10849,2694,3901,6165,7612,10670,10789,10865,11181
27886	918,1035,2185,2324,2786,4536,6021,6024,6506,7263
27887	8234,8239,10849,13834,27889,27897,27904,42196,46984,123
27888	27388,18591,21077,22846,42692,2188,22707,7483,19113,25726
27889	6934,45528,6397,12714,14469,5460,5766,6925,6944,7639
27890	131,223,479,811,1201,1614,2370,2786,3931,4410
27891	2786,4536,5033,6506,7639,10849,11181,11677,21168,23170
27892	11387,14047,34176,34204,11395,11404,19427,23616,31435,34159
27893	16147,2786,3901,9879,11181,24596,27434,42748,43456,46799
27894	16339,23451,27888,39419,610,1065,1409,1730,2176,2786
27895	13938,3577,7639,8726,10276,11394,11424,13896,34319,35730
27896	4531,4535,4555,4607,4541,4544,4546,4551,4563,4572
27897	14487,20050,20060,27712,27887,27888,689,714,2204,2430
27898	6405,6417,8685,9089,26,439,468,660,667,1019
27899	27905,2786,4536,6506,7639,10849,11181,11677,21168,23170
27900	8661,11181,24011,24039,24045,27711,27913,1113,1137,1216
27901	27882,43588,19633,6962,7022,23730,23748,49617,3530,4118
27902	2786,4536,6506,7639,10849,11181,11677,21168,23170,23501
27903	27905,2786,4536,6506,7639,10849,11181,11677,21168,23170
27904	20577,22056,22065,22085,42449,42454,11246,19187,20849,21103
27905	27899,27903,2786,4536,6506,7639,10849,11181,11677,21168
27906	6925,45514,6920,6928,6929,12770,13026,13124,22645,27881
27907	25527,45514,20058,24064,12714,14469,23471,25491,45427,28722
27908	26290,18118,26281,2944,26252,26257,26258,26266,26268,26285
27909	24510,34340,1100,5307,1230,1404,4240,7246,7700,9891
27910	659,171,9822,12650,13654,19881,23667,24376,32830,34974
27911	12445,20089,25487,25492,27266,30460,32169,37631,36,62
27912	2786,30035,338,347,454,962,973,1099,1110,1266
27913	45602,18803,6920,10701,15989,34340,45458,2678,2802,3796
27914	3328,5071,19760,22091,26425,30682,45819,45820,45822,45824
27915	2786,4536,6506,6515,6683,7018,7639,8773,10849,11107
27916	27909,559,576,609,1100,1113,1220,1230,1642,2678
27917	8150,31197,11814,16501,31204,23871,48499,6935,8444,12287
27918	27963,27968,27970,27971,599,15790,17418,18536,23875,27919
27919	26471,11162,31463,123,434,599,659,858,1388,1967
27920	3238,16007,25762,25801,30608,713,2802,5539,5568,5569
27921	27958,27964,27976,27927,27933,27934,27935,27938,27941,27944
27922	27959,8150,16501,17418,27920,27923,27929,27965,27966,27978
27923	27959,8861,8878,8884,23875,27929,8863,8865,8870,8882
27924	13072,22846,562,2694,7241,7261,7280,7473,7475,7651
27925	27923,106,280,284,599,1428,1431,1489,1841,1933
27926	23875,31197,6515,6960,13115,14861,18013,26879,27955,27965
27927	27938,27944,27947,27934,27943,27951,27958,27964,27921,27932
27928	17418,23875,27923,27926,27959,27965,599,855,1137,3682
27929	31197,27966,27978,27923,13667,15987,16470,17203,31187,5307
27930	27970,27971,27958,27964,27976,599,15790,17418,18536,23875
27931	548,599,831,2824,4522,6900,7481,8433,8528,10532
27932	27939,27957,27970,27927,27935,27937,27974,599,15790,17418
27933	27934,27935,27941,27920,27921,27936,27937,27938,27944,27946
27934	27927,27933,27938,27941,27944,27958,27964,27921,27936,27940
27935	11814,27946,27948,27949,27950,27968,27933,27976,12287,27921
27936	27970,27941,27945,27958,27962,27948,27949,27950,27933,27934
27937	27932,27933,27939,599,15790,17418,18536,23875,27918,27919
27938	27948,27927,27946,27958,27934,27941,27943,27947,27950,27962
27939	27932,27957,23958,2802,12715,12804,27927,27937,27970,27974
27940	27942,27952,27920,27927,27934,27957,27970,27974,599,10847
27941	27936,27933,27934,27938,27943,27944,27945,27958,27964,27921
27942	27940,27920,27927,27934,27970,27974,599,10847,11908,13156
27943	27951,11814,27964,27927,27938,27941,27944,27950,27970,27934
27944	27927,27950,27958,27964,27934,27941,27943,27947,27962,27921
27945	27936,27958,27962,27941,27951,27964,27927,27934,27938,27944
27946	27935,27938,27950,27951,27958,27968,27976,27921,27927,27933
27947	27927,27951,27958,27962,27938,27944,27964,27970,27934,27948
27948	27938,27935,27936,27958,27964,27921,27927,27933,27934,27941
27949	27951,27935,27936,27964,27921,27927,27933,27934,27941,27945
27950	27935,27944,27936,27938,27943,27946,27970,11814,27941,27958
27951	27970,26735,27943,27949,27947,27964,27927,27945,27946,11814
27952	27940,27920,27927,27934,27970,27974,599,10847,11908,13156
27953	599,15790,17418,18536,23875,27918,27919,27920,27921,27922
27954	10680,28968,28972,47566,13,127,218,220,599,1022
27955	23875,27926,31204,8150,26879,599,1437,1513,1521,4738
27956	27921,27927,27933,27934,27935,27938,27941,27944,27946,27948
27957	27932,27939,27927,27940,27970,27974,599,11903,11914,11917
27958	27936,27938,27944,27945,27947,27976,27921,27927,27934,27941
27959	4527,15063,40402,1432,13177,14823,17999,20060,23893,27923
27960	2990,12342,27926,27965,599,3246,6176,6187,8056,8150
27961	599,15790,17418,18536,23875,27918,27919,27920,27921,27922
27962	27936,27945,27947,27970,27938,27944,27968,12287,27927,27934
27963	27918,27970,27971,27958,27964,27976,599,15790,17418,18536
27964	27943,27944,27951,27921,27927,27934,27938,27941,27945,27947
27965	31197,8150,17418,23871,27926,48499,23867,27922,27928,27960
27966	27978,27929,13672,27923,27959,31197,27922,27965,46505,574
27967	599,7021,8955,13273,15790,16379,17418,18010,18536,23875
27968	27935,27918,27946,27962,11814,12287,27927,27933,27934,27938
27969	27921,27927,27933,27934,27935,27938,27941,27944,27946,27948
27970	27951,27936,27962,27930,27932,27943,27947,27950,27963,27971
27971	27930,27963,27970,27918,27958,27964,27976,599,15790,17418
27972	599,1415,1430,8278,15789,17218,17418,18536,23875,27918
27973	599,15790,17418,18536,23875,27918,27919,27920,27921,27922
27974	27927,27932,27939,27940,27942,27952,27957,27970,599,15790
27975	599,15790,17418,18536,23875,27918,27919,27920,27921,27922
27976	27958,27921,27935,27946,27927,27930,27933,27934,27938,27941
27977	27935,27943,27951,27962,27964,27968,27970,599,6935,11814
27978	27966,27929,13672,27923,27959,31197,27922,27965,46505,574
27979	28205,15799,21917,21934,15689,364,433,547,926,966
27980	27981,27983,27986,27997,28000,4065,5355,11232,11860,13202
27981	27997,15799,21917,21934,27980,27993,27996,5355,11232,11860
27982	27983,27984,27986,27989,27992,27995,27998,28000,28001,5355
27983	27982,27986,28000,27980,27989,27992,27997,27998,28001,5355
27984	27982,27986,27995,27989,27992,27996,27998,28000,28001,5355
27985	27986,27995,27989,27992,27996,27998,28000,28001,5355,11232
27986	27983,28000,27982,27984,27985,27997,15799,21917,21934,27980
27987	5355,11232,11860,13209,27980,27981,27982,27983,27984,27985
27988	5355,11232,11860,13209,27980,27981,27982,27983,27984,27985
27989	27982,27983,27984,27985,27986,27990,27992,27995,27998,28000
27990	27995,28001,27989,27992,27996,27998,28000,5355,11232,11860
27991	5355,11232,11860,13209,27980,27981,27982,27983,27984,27985
27992	27982,27983,27984,27985,27986,27989,27990,27995,27998,28000
27993	27981,5355,11232,11860,13209,27980,27982,27983,27984,27985
27994	13209,27995,28004,5355,11232,11860,27981,27982,27983,27984
27995	28001,27990,8004,20956,27984,27985,32193,42432,42443,13209
27996	27981,27984,27985,27990,27995,5355,11232,11860,13209,27980
27997	27981,8004,20956,27986,32193,42432,42443,9105,21900,25791
27998	27982,27983,27984,27985,27986,27989,27990,27992,27995,28000
27999	5355,11232,11860,13209,27980,27981,27982,27983,27984,27985
28000	8004,27986,27983,32193,42432,42443,4264,8003,8008,21900
28001	27995,8004,20956,27990,32193,42432,42443,21900,25791,27982
28002	5355,11232,11860,13209,27980,27981,27982,27983,27984,27985
28003	5355,11232,11860,13209,27980,27981,27982,27983,27984,27985
28004	27994,27995,4065,5355,11232,11860,13202,13227,13270,27981
28005	28010,28011,21696,22099,45985,364,569,2190,4135,4736
28006	28008,28009,11232,28007,28011,4115,4135,4264,6076,6086
28007	11232,28006,28008,28009,7654,10869,26542,28011,28205,45796
28008	28006,11232,28007,21672,569,575,2831,4135,4809,5262
28009	28006,11232,28007,15689,21696,569,4135,4809,5262,5265
28010	28005,15689,21696,22099,45985,364,569,2190,2378,4135
28011	5355,28005,28006,11232,21696,28007,569,575,2831,4135
28012	2017,2059,87,542,1196,1269,1284,1290,1292,1293
28013	147,744,1269,1284,1290,1292,1293,1295,1296,1297
28014	1269,1284,1290,1292,1293,1295,1296,1297,1298,1299
28015	16196,3547,10824,21205,25905,30169,223,1681,2946,2990
28016	9082,9091,9101,468,1613,3488,3831,3937,4032,5069
28017	42958,351,7630,8740,9692,9920,10693,10732,10747,11225
28018	10753,10732,26425,7612,7630,8740,10500,10670,10723,10789
28019	1681,2990,4049,11246,20864,28035,30780,45911,45943,559
28020	12715,546,4840,7651,7663,10732,12067,14403,21752,22053
28021	2986,21949,28035,45870,229,559,1113,1220,1657,1732
28022	8740,10732,12067,21752,26395,28016,28017,28018,28019,28020
28023	2554,7651,9920,14390,30403,158,223,319,351,354
28024	7611,16196,6306,12048,19777,20473,25752,25785,25837,25841
28025	12715,13621,30836,4738,13246,14309,14312,557,4809,5097
28026	9553,13488,20563,229,338,349,367,378,380,385
28027	25781,30125,338,2841,3094,4161,5071,7599,8508,10469
28028	9415,14264,20853,369,562,594,628,3557,3560,3842
28029	8740,10732,12067,21752,26395,28016,28017,28018,28019,28020
28030	8740,10732,12067,21752,26395,28016,28017,28018,28019,28020
28031	8740,10732,12067,21752,26395,28016,28017,28018,28019,28020
28032	4288,12044,21752,79,219,348,351,546,564,2238
28033	2986,8004,4166,4295,7637,7656,8008,16220,21928,21959
28034	30125,7549,25747,26395,27312,1301,4295,7566,7602,7611
28035	11064,11072,16199,16213,16214,16217,16219,16225,16238,16240
28036	28040,16211,16220,23447,28033,28034,32,90,102,535
28037	8740,10732,12067,21752,26395,28016,28017,28018,28019,28020
28038	9084,20397,468,3488,3831,3937,4032,5971,7602,7994
28039	3937,5143,11181,11878,14325,16265,46009,551,589,2196
28040	28036,28035,11064,16220,16235,16245,28033,28034,535,597
28041	6249,6220,6244,6270,5310,5959,6248,6251,6282,6295
28042	1535,48538,114,132,483,1446,1534,2169,2641,3039
28043	1232,1797,8671,12650,13072,17039,19211,22934,23685,24541
28044	6236,6245,6257,28042,28043,28045,28046,28047,28048,28049
28045	2714,2722,6236,6245,6257,15758,26882,28042,28043,28044
28046	168,237,1031,1423,1670,1689,1810,1849,1854,2601
28047	5310,6250,28548,6237,6244,6295,6218,6251,6270,6273
28048	528,4439,8671,22946,23065,40455,186,3880,3999,12351
28049	184,1695,2324,3928,4935,6109,6214,6236,6245,6257
28050	161,43456,338,2036,3450,6222,8501,16680,17450,18994
28051	6236,6245,6257,28042,28043,28044,28045,28046,28047,28048
28052	29121,43242,93,97,143,339,368,663,770,884
28053	6236,6245,6257,28042,28043,28044,28045,28046,28047,28048
28054	6220,6244,6270,28047,5310,5959,6231,6248,6251,6257
28055	383,1614,2133,2138,2139,2147,2157,2168,2195,2217
28056	6236,6237,6244,6249,5310,6220,6231,6250,6251,6254
28057	6236,6245,6257,28042,28043,28044,28045,28046,28047,28048
28058	6236,6245,6257,28042,28043,28044,28045,28046,28047,28048
28059	43190,2060,6109,35585,134,138,152,159,166,1577
28060	29602,367,379,556,656,685,691,697,725,728
28061	6245,5310,6218,6241,6273,5959,6257,6272,6275,28563
28062	6236,6245,6257,28042,28043,28044,28045,28046,28047,28048
28063	6236,6245,6257,28042,28043,28044,28045,28046,28047,28048
28064	367,24208,735,739,4795,21526,656,770,4793,4813
28065	42936,42935,25975,47001,1113,17472,27443,42292,2915,3882
28066	28069,28085,28072,28076,28088,28071,28073,28107,28074,28083
28067	28081,28071,28108,28074,28084,28107,28076,28091,28073,28089
28068	28066,28067,28069,28070,28071,28072,28073,28074,28075,28076
28069	28072,28089,28085,28066,28073,42935,28083,28090,28099,25975
28070	28079,28069,28082,28104,7343,28071,28072,28075,28076,28081
28071	28067,28084,28076,28081,28091,28066,28085,28088,28107,25979
28072	28069,28089,28066,28076,28088,28107,28108,42935,42936,28073
28073	28085,28069,28076,28066,28072,28074,28084,28088,28067,28071
28074	28085,28081,28076,28067,28096,28108,28073,28098,25975,28066
28075	28066,28069,28070,28072,28079,28082,28085,28104,6955,6984
28076	28074,28084,28085,28107,28066,28071,28072,28073,28088,28089
28077	28076,28081,28085,28102,4100,28066,28067,28068,28069,28070
28078	28081,28069,28079,28082,28085,28091,28096,28102,28108,11604
28079	28084,28089,28091,28096,28088,28107,42936,47001,25975,28070
28080	28079,28082,28089,28095,28096,28102,28103,28066,28069,28072
28081	28074,28084,28067,28108,28071,28091,28107,42936,28078,28098
28082	28088,28108,28090,28095,28102,28103,28104,17472,28098,28099
28083	28069,28072,28079,28089,28066,28071,28073,28076,28084,28085
28084	28107,28081,28076,28071,28079,28067,28099,17472,28073,28108
28085	28074,28069,28073,28091,28066,28076,28102,28071,28088,28096
28086	28076,28089,28095,28069,28072,28073,28079,28082,28103,28066
28087	28100,439,1100,2084,2431,2686,2830,28066,28069,28072
28088	28082,28066,28072,28076,28079,28091,28107,28071,28073,28085
28089	28069,28091,28072,28079,28096,28076,28083,28086,5090,13336
28090	28082,28069,28072,28088,28107,42935,42936,28085,28099,17472
28091	28089,28085,28079,28071,28081,28088,28096,28067,17472,28083
28092	28066,28069,28072,28073,28076,28079,28080,28082,28083,28085
28093	28079,28080,28081,28082,28089,28095,28096,28102,28103,28066
28094	28069,28073,28081,28086,28089,28095,28066,28067,28068,28070
28095	28082,28103,28079,28086,28069,28072,28080,28084,28088,28096
28096	28079,28089,28074,28091,28072,28085,28102,28108,42936,28066
28097	28069,28079,28082,28085,28096,28102,28066,28072,28073,28080
28098	28074,28081,28082,28108,28067,28079,28084,28089,28091,28096
28099	28084,28069,28082,28071,28079,28081,28089,28090,28107,28067
28100	22158,3971,4196,18532,4153,3904,4179,4211,4234,10390
28101	28066,28067,28069,28070,28071,28072,28073,28074,28075,28076
28102	28082,28085,28079,28088,28096,28103,28074,28076,28080,28084
28103	28082,28095,28079,28102,28072,28080,28084,28086,28088,28096
28104	28082,28079,10480,17594,28069,28070,28072,28081,28089,28098
28105	28069,28081,28108,28067,28070,28074,28079,28082,28084,28089
28106	28067,6964,28066,28068,28069,28070,28071,28072,28073,28074
28107	28084,28076,28067,28072,28079,28081,28088,17472,28066,28071
28108	28067,28081,28082,28072,28074,28084,28096,28098,25979,28091
28109	12783,7651,20648,25331,27272,45478,12759,19080,23767,4011
28110	4048,6653,6877,10760,11557,11741,12196,22154,28114,28115
28111	28112,28114,28148,28151,4048,11557,12743,12766,15386,28110
28112	12743,28722,3882,3958,4206,4281,10898,23866,28704,40400
28113	28114,28117,28123,28129,28130,11557,28121,28122,28149,28150
28114	28129,28151,11557,28117,28130,45478,20648,28113,28122,28123
28115	28149,11557,12743,28120,28141,23767,25331,28110,28116,28119
28116	28122,27272,28149,28150,2249,11557,12783,20648,28112,43680
28117	28129,28114,11557,12759,28113,28123,28150,28151,2249,3557
28118	28114,28116,28117,28129,28130,4048,11557,12743,12766,20648
28119	11557,28110,28114,28115,28120,28133,28135,28137,28139,28141
28120	28115,28141,28149,11557,12743,23767,28110,28116,28119,28121
28121	12743,12759,28112,28122,28150,659,5080,10493,11557,11884
28122	12783,28116,19662,28129,2249,11557,28114,28121,28131,28149
28123	12743,28113,28114,28117,28130,11557,12512,12714,12759,27272
28124	28112,28148,12743,12766,28130,28135,219,4048,4206,4295
28125	12743,11557,12759,12766,28112,28115,28116,28121,28122,28123
28126	28122,362,1220,1382,2030,2249,2409,3842,3872,3888
28127	3333,11557,12743,28116,28117,28121,28122,28129,606,622
28128	28112,535,11557,14335,14415,20899,25747,26395,28115,28139
28129	28114,28117,28122,11557,19662,28113,28131,20648,28118,28123
28130	28114,27272,28113,28123,12714,12766,12783,20648,28112,28118
28131	12743,28114,28122,28129,19662,28117,28121,28130,28149,28893
28132	4295,4289,3971,22090,22158,1137,4053,4296,48662,4264
28133	28135,11557,16196,28110,28114,28115,28119,28120,28137,28138
28134	4048,11557,12743,12766,28110,28111,28112,28113,28114,28115
28135	7525,10720,15818,19080,22487,28133,28137,28148,31409,31475
28136	4048,11557,12743,12766,28110,28111,28112,28113,28114,28115
28137	25331,28135,229,5066,12743,12766,16269,19080,21942,22265
28138	4048,16211,20597,21915,21949,22142,22152,28112,28133,28135
28139	6326,11557,28110,28114,28115,28119,28120,28128,28135,28137
28140	21958,21171,25476,26349,28132,28144,28145,42240,31,347
28141	11557,12743,28115,28120,28149,23767,28110,28116,28119,28121
28142	4048,11557,12743,12766,28110,28111,28112,28113,28114,28115
28143	4048,11557,12743,12766,28110,28111,28112,28113,28114,28115
28144	4202,4289,22090,22158,4036,4069,11570,12401,12403,22141
28145	28114,28132,28140,28144,366,560,575,622,1216,1380
28146	12743,28112,28115,28125,28149,269,522,2444,2565,2716
28147	4048,11557,12743,12766,28110,28111,28112,28113,28114,28115
28148	28112,28124,28135,12743,12766,28111,28114,28130,28133,28137
28149	28115,28116,11557,28120,28122,28141,12783,20648,23767,28110
28150	2249,11557,12732,28112,28116,659,5080,10493,11220,11884
28151	28114,11557,28117,4046,12783,20648,22154,28110,28111,28113
28152	47612,28175,11336,12227,21981,21983,21990,21992,21995,22007
28153	11336,21966,21968,21978,21981,21985,21990,21992,21995,22005
28154	28173,28175,6397,10985,11336,21965,21966,21968,21976,21978
28155	28174,6397,10985,11336,21965,21966,21968,21976,21978,21981
28156	21965,28160,21990,22003,21981,22000,28175,28183,21987,22005
28157	21968,21965,22005,22000,21978,21987,21980,21985,21995,28179
28158	21990,28160,21992,22003,28175,28183,21965,22000,28171,21968
28159	21981,21990,22000,28156,28157,28160,28175,28179,28469,21965
28160	28162,21965,22003,21999,21983,22000,28156,21971,28158,15004
28161	28187,11336,21999,28163,21965,21990,28162,28183,21973,21985
28162	28160,21965,21968,21983,21999,21978,7616,21980,28163,15004
28163	11336,28162,28161,21965,21972,21990,21992,28187,7616,21985
28164	21981,28162,21965,21985,28160,28183,21968,21973,21978,21983
28165	21981,28156,28157,28158,28188,21966,21968,21983,21985,21990
28166	10985,11336,21965,21966,21968,21976,21978,21981,21983,21985
28167	21992,28157,28175,21965,21968,21971,21990,28160,21981,21987
28168	11336,21983,21990,21992,22003,22007,28156,28160,28163,28183
28169	22000,28157,28175,21966,21968,21978,21981,21983,21985,21990
28170	21965,28156,11336,28186,21966,21981,21983,28152,28160,28162
28171	28160,21988,28158,28176,21965,21966,21968,21978,22003,28162
28172	10985,11336,21965,21966,21968,21976,21978,21981,21983,21985
28173	28154,28175,6397,10985,11336,21965,21966,21968,21976,21978
28174	28155,11336,21983,21985,21992,21995,22003,28157,28160,28162
28175	21981,22000,21965,21968,21990,22005,28156,21978,28158,28179
28176	28160,28188,28171,21968,22003,28157,28158,28183,21978,21983
28177	10985,11336,21965,21966,21968,21976,21978,21981,21983,21985
28178	11336,21981,21985,21995,22003,22005,22007,28157,28160,28162
28179	28183,21965,21992,21987,21990,22002,28157,28175,21973,21988
28180	11336,21983,21992,22003,28160,28162,28183,28186,21972,21981
28181	11336,21966,21997,22000,28169,6397,10985,18168,20937,21965
28182	28160,11336,21965,21981,22003,21971,21990,21992,22000,22004
28183	22002,21965,21987,21990,28179,21973,28156,21972,21983,21985
28184	11336,21981,21992,21995,22007,22011,21968,21985,22003,28183
28185	10985,11336,21965,21966,21968,21976,21978,21981,21983,21985
28186	11336,21983,28156,21965,28160,28162,28170,15004,21968,21990
28187	11336,21999,28161,22004,21965,28162,21987,21990,21992,22000
28188	28176,11336,22003,28160,28171,28183,21987,21988,22005,22011
28189	4240,4415,8468,13107,13306,16456,22640,1,20,134
28190	1110,5473,8671,11840,19550,23694,25008,30318,32892,32906
28191	52,2901,4981,8786,8790,9467,9845,17888,18437,20546
28192	343,557,638,783,1301,2446,3684,3727,3733,3751
28193	5,138,12226,12846,13501,17881,26877,0,166,168
28194	13158,13570,22646,24385,26143,28190,28191,28192,28193,28195
28195	7649,8563,9912,10744,10764,12065,13158,13570,14594,14604
28196	39,206,494,543,611,660,964,1495,1606,2027
28197	13158,13570,22646,24385,26143,28190,28191,28192,28193,28194
28198	13158,13570,22646,24385,26143,28190,28191,28192,28193,28194
28199	4056,4070,21855,338,569,3230,3237,4163,4410,5265
28200	10699,28203,2864,4059,4135,4210,4516,4875,5033,5670
28201	4135,4059,4210,4516,5670,6823,10699,22125,28200,28202
28202	4059,338,4135,4210,4516,5670,6823,10699,22125,28050
28203	4135,28200,45950,624,3948,4059,4210,4516,5069,5670
28204	28206,3128,4135,4264,4289,4296,11547,22090,22119,22178
28205	27979,5355,223,4011,21942,25949,229,364,4163,5066
28206	22090,20956,22164,28204,4053,4289,3128,3971,6098,6823
28207	4210,4059,4135,4516,5670,6823,10699,22125,28050,28200
28208	2580,4059,4135,4210,4516,5670,6823,10699,10723,20590
28209	4059,4135,4210,4516,5670,6823,10699,22125,28200,28201
28210	31125,223,3971,4044,4046,4059,4115,4135,4166,4210
28211	6204,3237,4059,4070,4210,4516,5670,6195,6823,7651
28212	4516,1787,1680,4059,4135,4210,5670,6823,9879,10699
28213	38628,38630,38657,38632,38634,38646,38668,8401,17444,25475
28214	18181,6852,24723,433,499,547,909,926,966,1129
28215	8401,11816,11860,12047,12344,13569,16624,16643,16645,16650
28216	28213,28214,28215,28217,28218,44374
28217	28213,28214,28215,28216,28218,44374
28218	18181,8401,11860,26928,28216,28217,38629,38631,38636,38640
28219	319,9774,11003,14494,14519,20779,20784,20786,20787,20796
28220	319,9774,11003,14494,14519,20779,20784,20786,20787,20796
28221	20810,27744,28237,28239,28249,319,9774,11003,14494,14519
28222	338,33051,4234,15567,16532,18557,24446,34265,34825,42692
28223	319,9774,11003,14494,14519,20779,20784,20786,20787,20796
28224	102,1114,2018,4295,7635,7651,13818,13889,14757,20811
28225	319,20787,19474,20796,20811,28229,28236,28238,28255,133
28226	14494,522,559,570,572,576,8494,14503,14504,14540
28227	20779,28230,319,534,569,683,831,1220,4314,4774
28228	20810,28250,319,9774,11003,14494,14519,20779,20784,20786
28229	319,20787,28225,28236,28238,28252,9774,11003,14494,14519
28230	20779,28227,29275,45235,319,6601,8359,9657,9659,9774
28231	14519,28242,319,9774,11003,14494,20779,20784,20786,20787
28232	319,9774,11003,14494,14519,20779,20784,20786,20787,20796
28233	319,368,6975,9774,11003,14494,14519,20779,20784,20786
28234	39479,41025,131,2617,5641,5984,9799,12450,15527,19881
28235	319,9774,11003,14494,14519,20779,20784,20786,20787,20796
28236	25960,319,20197,20787,28225,28229,28238,4139,9774,11003
28237	28239,20810,28221,319,4103,4707,5418,6252,9774,11003
28238	319,20787,28225,28229,28236,9774,11003,14494,14519,20779
28239	28237,28249,20810,28221,319,4103,4707,5418,6252,9774
28240	47186,319,20784,28255,46529,47204,20787,20811,35401,46497
28241	28381,575,2802,3937,12715,14264,14330,22069,30134,40344
28242	14519,16001,16422,28224,28231,102,223,319,340,546
28243	22069,30773,45428,319,366,1196,1357,2092,2101,3202
28244	8154,13621,22075,23855,319,549,605,2204,2249,2802
28245	319,10841,15144,20784,20787,24396,24484,28222,106,1825
28246	20811,28224,28247,146,319,1426,1520,1642,3394,4339
28247	20811,28224,28246,319,2623,6645,7118,7134,7142,8555
28248	319,9774,11003,14494,14519,20779,20784,20786,20787,20796
28249	28239,20810,28221,319,4103,4707,5418,6252,9774,11003
28250	20810,28228,319,9774,11003,14494,14519,20779,20784,20786
28251	319,9774,11003,14494,14519,20779,20784,20786,20787,20796
28252	28229,319,9774,11003,14494,14519,20779,20784,20786,20787
28253	21209,26423,28241,28614,30328,319,351,522,575,1357
28254	36559,4813,12600,13112,14271,16274,24194,25691,33749,40810
28255	319,20811,20796,28240,20794,20807,20808,20810,28225,573
28256	11572,14494,319,548,559,3934,9774,11003,11669,12487
28257	25786,34278,6995,7619,20355,21459,25269,25409,29490,40384
28258	37981,5249,13101,32364,8235,46505,1685,1763,1780,2662
28259	2662,28258,28261,28262,28263,28264,28265,28266,28267,28268
28260	2662,28258,28261,28262,28263,28264,28265,28266,28267,28268
28261	5242,5243,11756,25276,5236,6962,32355,42911,6976,25300
28262	28268,28276,28279,28282,2662,3094,3640,7599,7612,7646
28263	2689,13847,1688,14746,29425,36683,3734,21562,25176,36961
28264	25786,28268,28274,28281,2093,2662,3640,24347,28258,28259
28265	28276,28279,28282,2662,3094,3640,7599,7612,7646,24347
28266	28280,25786,28282,28268,28274,2093,2662,24347,28258,28259
28267	24334,25152,26895,29513,43349,44031,501,1392,2662,2946
28268	28262,28264,28284,28266,28282,147,450,631,966,1048
28269	19,925,2409,2662,6955,6976,7342,8443,10055,11990
28270	21434,21444,576,21417,26099,6151,13483,13773,22303,22305
28271	28286,2662,10240,13483,21435,28263,28270,30693,600,975
28272	28275,7619,34278,2662,18911,21459,25409,28258,28259,28260
28273	28277,7619,34278,2662,18911,21459,25409,28258,28259,28260
28274	28264,28266,28276,2662,28258,28259,28260,28261,28262,28263
28275	28272,28278,28277,7619,34278,2662,18911,21459,25409,28258
28276	28262,28265,28280,28284,28274,28281,2017,2045,2056,2087
28277	28273,28278,28275,7619,34278,2662,18911,21459,25409,28258
28278	28275,28277,7619,34278,2662,18911,21459,25409,28258,28259
28279	28262,28265,28282,28284,28280,2093,2662,28258,28259,28260
28280	28284,28266,28276,28279,28281,2662,3094,3610,3616,3626
28281	28264,28276,28280,2662,28258,28259,28260,28261,28262,28263
28282	28262,28265,28266,28279,28268,28284,2093,2662,3640,25786
28283	28287,2662,28258,28259,28260,28261,28262,28263,28264,28265
28284	28280,28268,28276,28279,28282,2662,3094,7599,7612,7646
28285	2662,28258,28259,28260,28261,28262,28263,28264,28265,28266
28286	28271,28263,600,1022,1031,1085,1142,1664,1688,1694
28287	28283,2662,28258,28259,28260,28261,28262,28263,28264,28265
28288	28258,168,285,484,499,852,1413,1778,2223,2662
28289	19,925,2409,2662,6955,6976,7342,8443,10055,11990
28290	2662,28258,28259,28260,28261,28262,28263,28264,28265,28266
28291	2662,28258,28259,28260,28261,28262,28263,28264,28265,28266
28292	2662,28258,28259,28260,28261,28262,28263,28264,28265,28266
28293	2662,28258,28259,28260,28261,28262,28263,28264,28265,28266
28294	2662,28258,28259,28260,28261,28262,28263,28264,28265,28266
28295	2662,28258,28259,28260,28261,28262,28263,28264,28265,28266
28296	46685,15058,14889,46695,7177,15059,26106,27913,45517,2378
28297	23512,23592,13828,13829,8932,13882,32513,13793,13805,13889
28298	27150,30008,40633,44276,44949,44966,46664,49712,49722,182
28299	14463,16067,23476,28361,34066,37857,39396,45446,45451,131
28300	23476,23484,23866,26520,42921,4527,6653,8156,17649,19444
28301	28310,28330,46668,46674,46675,15056,22188,28306,28350,39105
28302	6796,7563,9298,12527,13296,13419,13451,15056,15061,15689
28303	46668,22188,28305,28306,46674,46677,46680,46684,46690,46693
28304	46668,46687,22043,22089,28306,28340,46669,46671,46674,46693
28305	28303,28330,15058,15059,28306,28350,28368,46695,6397,6796
28306	28330,28322,15054,26569,28303,28350,22188,26563,28301,28304
28307	28344,28353,28310,28318,28327,28329,28339,45517,2014,6796
28308	5089,20970,26250,28314,28367,347,622,659,1181,1212
28309	28313,28331,28339,6796,7563,13296,13419,13451,15056,15061
28310	15056,28301,28306,28307,28327,28330,28339,28344,39105,46668
28311	727,6152,6796,7467,7479,7481,7563,11214,11246,11249
28312	15464,22241,43695,43708,325,566,576,578,1783,2337
28313	28300,28337,14889,28309,28328,28330,28331,28341,28350,28353
28314	26661,26672,26683,26685,3463,5052,6397,7984,16811,18084
28315	6796,7563,13296,13419,13451,15056,15061,15689,15788,20970
28316	6933,6899,6928,6925,10652,32682,6929,15989,20849,45610
28317	6796,7563,13296,13419,13451,15056,15061,15689,15788,20970
28318	28307,28327,28339,28344,28350,6796,7563,8110,13296,13419
28319	6796,7563,13296,13419,13451,15056,15061,15689,15788,20970
28320	28360,11884,13451,566,659,3176,3332,3362,3365,3523
28321	28365,680,4169,12586,13577,13834,16991,17894,20480,21129
28322	15054,26569,28306,26563,15055,28344,28350,46685,46704,46713
28323	15989,24486,26372,28326,36034,47374,591,727,854,3541
28324	6778,7183,7219,10746,11563,23001,26106,338,566,573
28325	6796,7563,13296,13419,13451,15056,15061,15689,15788,20970
28326	2378,2865,10500,11035,11051,16643,16650,26906,28323,31251
28327	28307,28310,28318,28329,28344,6796,7563,8110,13296,13419
28328	4525,8167,8773,11115,12733,28300,28313,28330,28337,28353
28329	28307,28327,28339,28344,28350,6796,7563,8110,13296,13419
28330	22188,28306,46668,46674,46693,46740,28301,28305,28337,28350
28331	28309,28313,28339,28341,6796,7563,13296,13419,13451,15056
28332	351,12210,36643,44359,4717,5038,5049,5231,6318,7986
28333	6165,11246,14996,22085,42870,45603,464,562,590,889
28334	6796,7563,13296,13419,13451,15056,15061,15689,15788,20970
28335	2864,6796,7563,13296,13419,13451,15056,15061,15689,15788
28336	2773,11697,6796,7240,7563,8783,8808,9391,9786,9925
28337	25754,25749,28300,28313,28330,14351,20844,20845,22089,22158
28338	6796,7563,13296,13419,13451,15056,15061,15689,15788,20970
28339	28307,28309,28310,28318,28329,28331,28341,28344,6796,7563
28340	28304,2181,2590,6796,7563,10696,13296,13419,13451,15056
28341	28313,28331,28339,6796,7563,13296,13419,13451,15056,15061
28342	28314,2639,4264,5017,6796,7170,7563,8025,8133,11600
28343	38238,9545,14271,23958,28361,45228,45467,168,234,293
28344	28307,32928,25728,35893,35899,35903,35907,35915,44007,10625
28345	348,857,2819,3155,4400,6662,6681,6683,6796,7563
28346	6796,7563,13296,13419,13451,15056,15061,15689,15788,20970
28347	6796,7563,13296,13419,13451,15056,15061,15689,15788,20970
28348	11,541,638,1350,1403,2633,3657,5178,5266,5269
28349	2876,4279,4297,5670,5682,6195,6204,6796,7563,7590
28350	28306,28330,28301,28303,28305,28313,28318,28322,28329,46686
28351	15061,6796,6914,7563,13296,13419,13451,13995,15056,15689
28352	27434,338,575,3937,10453,10723,12195,14309,14332,25830
28353	28307,45517,7638,13486,28300,28313,28328,28330,1201,4163
28354	10814,12016,14318,27312,48651,580,615,2694,9106,10500
28355	15056,28303,28330,28368,6796,7563,11246,13296,13419,13451
28356	7651,14921,23173,457,2554,2576,4738,4981,11208,11881
28357	20970,150,3748,6796,7563,10302,11190,13296,13419,13426
28358	2795,3347,6796,7563,8468,9258,9949,13296,13419,13451
28359	6796,7563,13296,13419,13451,15056,15061,15689,15788,20970
28360	28320,4302,7222,13451,201,347,528,566,987,1829
28361	22061,39404,1244,4755,7639,10502,11347,12714,14324,14332
28362	15689,575,14277,14385,14562,14867,98,229,347,556
28363	6796,6917,7563,10424,10435,11250,12714,13296,13419,13451
28364	457,615,9105,21210,522,546,575,586,4717,5038
28365	28321,134,2330,5047,5355,6796,7563,11049,11054,11169
28366	6796,7563,13296,13419,13451,15056,15061,15689,15788,20970
28367	3004,20970,24147,26320,28308,599,1603,3733,3931,3994
28368	15056,28303,28305,28330,28355,6796,7563,11246,13296,13419
28369	4765,19877,28370,28371,28372,28373,28374,28375,28376,28377
28370	4765,19877,28369,28371,28372,28373,28374,28375,28376,28377
28371	4765,12885,19877,23741,28369,28370,28373,28374,28375,28376
28372	1356,6982,11477,23737,624,1169,1429,1520,1617,1680
28373	140,1680,3099,6452,6544,6994,8283,9154,11132,12700
28374	3499,8948,41020,443,1135,3463,3596,3692,4049,4103
28375	29138,227,966,1392,1393,1497,1689,3594,4353,4765
28376	28381,2203,4765,19877,22067,28369,28370,28371,28372,28373
28377	4765,7117,7138,19877,28369,28370,28371,28372,28373,28374
28378	959,3358,3875,4590,4765,7680,10305,10308,10898,10936
28379	98,4765,13399,14363,17819,19877,28369,28370,28371,28372
28380	10453,6,98,366,562,1967,2118,2123,2273,2394
28381	22049,30870,9920,10504,22069,25823,557,2802,4736,4782
28382	5080,7696,14610,14884,14901,14905,14915,15984,16532,30846
28383	4765,6882,19877,28369,28370,28371,28372,28373,28374,28375
28384	123,434,659,1388,3041,3463,4022,4765,5294,5716
28385	28487,28502,28509,10389,28505,28499,12360,28497,28508,28495
28386	28448,28469,28463,28483,28419,28441,28459,28461,28473,28487
28387	28412,28435,28467,28395,28469,28479,28487,28421,28430,28453
28388	32858,28409,28486,32870,32859,32861,32862,32867,32869,32930
28389	28409,28430,28429,28459,28411,28416,28460,28407,28442,28467
28390	28411,28418,28429,28449,28453,28461,28407,28460,28463,28477
28391	28401,28407,28421,28433,28445,28387,28395,28400,28415,28426
28392	28468,28499,28406,28424,28427,28433,28440,32907,2972,3685
28393	28418,28459,10389,28448,28439,28444,28472,28394,28412,28416
28394	28449,28446,28393,28444,28418,28467,28470,28484,28415,28435
28395	28418,28430,28435,28469,28387,28439,28447,28509,28401,28410
28396	28386,28387,28388,28389,28390,28391,28392,28393,28394,28395
28397	28386,28387,28388,28389,28390,28391,28392,28393,28394,28395
28398	28448,28469,28487,28389,28409,28416,28474,28441,28449,28459
28399	28386,28387,28388,28389,28390,28391,28392,28393,28394,28395
28400	28411,28391,28395,28404,28407,28412,28413,28416,28418,28461
28401	28445,28441,28395,28387,28446,28391,28412,28424,28425,28435
28402	28441,28407,28449,28421,28404,28447,28418,28459,28461,28469
28403	28424,28447,28469,28500,28416,28386,28412,28437,28479,28393
28404	28418,28441,28467,28448,28435,28470,28461,28487,28424,28459
28405	28386,28387,28388,28389,28390,28391,28392,28393,28394,28395
28406	28437,28462,28388,28392,28403,28423,28424,28433,28447,28468
28407	28418,28421,28430,28479,28419,28487,28411,28429,28509,28402
28408	28447,28418,28448,28484,28485,28393,28395,28402,28407,28411
28409	28430,28459,28474,28483,10389,28466,28509,28389,28502,28473
28410	28418,28411,28395,28448,28469,28393,28436,28459,28467,28470
28411	28418,28487,28407,28419,28429,28430,28389,28502,28424,28460
28412	28469,28509,28441,28387,28444,28447,28435,28467,28393,28484
28413	28395,28407,28441,28449,28387,28418,28421,28452,28400,28412
28414	28404,28395,28441,28470,28393,28402,28425,28433,28467,28472
28415	28479,28393,28446,28467,28394,28407,28441,28484,10389,28435
28416	28448,28419,28424,28389,28509,28441,28447,28502,28407,28467
28417	28386,28387,28388,28389,28390,28391,28392,28393,28394,28395
28418	28407,28411,28404,28393,28395,28479,28484,28477,28410,28501
28419	28469,28416,28441,28407,28430,28509,28411,28424,28461,28467
28420	28449,28404,28407,28467,28470,28395,28402,28441,28484,28444
28421	28407,28449,28484,28402,28440,28387,10389,28418,28419,28430
28422	28407,28435,28441,28446,28451,28394,28401,28445,28449,28450
28423	28437,28504,28468,28499,28406,28440,32863,3685,28386,28387
28424	28447,28416,28448,28460,28419,28459,28411,28429,28442,28404
28425	28401,28433,28445,28407,28412,28414,28387,28395,28403,28411
28426	28404,28409,28433,28482,28391,28407,28414,28452,28387,28400
28427	28433,28462,28469,28478,28479,28482,12360,28387,28388,28391
28428	28424,28437,28394,28409,28445,28468,28386,28387,28388,28389
28429	28389,28459,28407,28411,28430,28474,28460,28424,28461,28509
28430	28409,28389,28407,28419,28411,28429,28483,28395,28441,28510
28431	28407,28404,28449,28393,28419,28441,28444,28467,28469,28479
28432	28469,28453,28487,28429,28448,28412,28467,28389,28393,28395
28433	28407,28387,28479,28430,28446,28469,28393,28411,28412,28421
28434	28435,28441,28446,28449,28410,28412,28439,28448,28451,28452
28435	28467,28469,28470,28479,28387,28395,28404,28444,28412,28463
28436	28409,28387,28393,28435,28459,28469,28470,28410,28430,28444
28437	28469,28423,28447,28403,28482,28504,26006,28394,28406,28411
28438	28386,28387,28390,28391,28392,28393,28394,28395,28400,28401
28439	28393,28395,28467,28470,28472,28441,28387,28444,28394,28402
28440	28484,28446,28407,28421,28449,28447,28418,28469,28394,28404
28441	28469,28404,28419,28412,28453,28479,28484,28402,28461,28416
28442	28424,28460,28461,28502,28389,28409,28448,28449,28459,28483
28443	28461,28418,28430,28449,28453,28404,28411,28424,28429,28442
28444	28449,28467,28393,28473,28412,28435,28502,28453,28459,28469
28445	28401,28395,28444,28449,28446,28393,28418,28425,28484,28391
28446	28484,28448,28440,28394,28459,28430,28450,28466,28415,28419
28447	28424,28449,28448,28453,28459,28484,28412,28416,28473,28395
28448	28416,28474,28393,28424,28447,28461,28398,28404,28446,28386
28449	28461,28473,28474,28483,28444,28502,10389,28447,28421,28394
28450	28446,28459,28463,28467,28393,28487,28387,28412,28429,28452
28451	28441,28435,28449,28407,28418,28411,28412,28416,28419,28444
28452	28449,28404,28387,28418,28450,28393,28395,28421,28433,28439
28453	28508,28441,28447,28407,28467,28432,28444,28512,28387,28393
28454	28409,28393,28411,28418,28424,28467,28468,28474,28484,28389
28455	28418,28419,28448,28469,28412,28449,28461,28473,28483,28502
28456	28386,28387,28388,28389,28390,28391,28392,28393,28394,28395
28457	28411,28418,28441,28461,28393,28395,28400,28402,28407,28440
28458	28409,28412,28441,28449,28459,28474,28429,28430,28453,28387
28459	28409,28473,28393,28461,28429,28389,28447,28484,28424,10389
28460	28469,28424,28389,28429,28502,28411,28442,28461,28463,28483
28461	28449,28459,28467,28473,28448,28441,28466,28510,28404,28407
28462	28424,28433,28479,28393,28402,28403,28406,28414,28427,28441
28463	28487,28483,28435,28460,28469,28474,28477,28386,28407,28450
28464	28409,28387,28404,28407,28421,28441,28446,28452,28458,28474
28465	28435,28404,28467,28470,28395,28407,28449,28484,28387,28402
28466	28409,10389,28461,28441,28446,28449,28430,28505,28407,28459
28467	28435,28461,28404,28444,28387,28453,28411,28412,28416,28473
28468	28499,28449,28461,28418,28393,28474,28416,28441,28453,28467
28469	28412,28441,28419,28479,28460,28435,28395,28432,28386,28387
28470	28435,28404,28469,28418,28439,28387,28430,28436,28447,28394
28471	28402,28470,28393,28404,28414,28421,28441,28467,28479,28394
28472	28393,28439,28395,28404,28449,28470,28402,28441,28444,28467
28473	28449,28459,28409,28461,28444,28447,28467,28441,28477,28386
28474	28409,28448,28449,28429,28483,28407,28463,28512,28393,28441
28475	28446,28449,28468,10389,28393,28394,28402,28404,28407,28421
28476	28395,28449,28467,28387,28393,28418,28435,28444,28450,28404
28477	28418,28449,28483,28463,28459,28473,28487,28502,28386,28387
28478	28424,28433,28403,28427,28447,28469,28479,28410,28411,28430
28479	28407,28469,28418,28441,28435,28505,28487,28387,28415,28424
28480	28386,28387,28390,28391,28392,28393,28394,28395,28400,28401
28481	28404,28441,28387,28394,28395,28418,28435,28449,28386,28393
28482	28409,28407,28387,28430,28479,28436,28446,28469,28393,28412
28483	28409,28502,28449,28474,28430,28463,28477,28460,28509,28386
28484	28446,28418,28441,28440,28447,28459,28421,28487,28444,28448
28485	28418,28393,28459,28487,28411,28430,28441,28450,28484,28509
28486	28388,30742,28385,28409,28437,30785,42089,3685,5689,5720
28487	28385,28411,28407,28463,28479,28484,28387,28404,28432,28398
28488	28385,28446,28395,28407,28435,28440,28441,28470,28479,28394
28489	28385,28386,28387,28390,28391,28392,28393,28394,28395,28400
28490	28385,28424,28433,28462,28478,12360,28388,28392,28394,28403
28491	28385,28418,28461,28469,28474,28487,28502,28509,10890,12360
28492	28385,28409,28449,28407,28448,28450,28459,28393,28394,28412
28493	28418,28385,28411,28429,28448,28455,28461,28487,28502,28412
28494	28409,28385,28453,28461,28483,28502,28508,10389,28386,28389
28495	28409,28385,28410,28393,28421,28450,28472,10389,28387,28395
28496	28389,28447,48051
28497	28385,28409,28393,28449,28472,28395,28402,28404,28407,28441
28498	28385,28393,28409,28466,28467,28479,10389,28461,28407,28415
28499	28385,28468,28409,28418,28461,12360,28392,28449,28509,26006
28500	28403,28424,28469,28385,28409,28416,28447,28386,28412,28453
28501	28418,28385,28469,28412,28447,28448,28453,28393,28467,28395
28502	28385,28483,28409,28449,28411,28416,28444,28460,28513,28442
28503	28385,28409,28404,28407,28395,28435,28467,28470,28402,28420
28504	28423,28437,28385,30785,5694,5730,15064,28409,28468,32863
28505	28385,28409,28479,10389,28469,28418,28435,28466,28487,28509
28506	
28507	28385,28433,28409,28427,28482,12360,28388,28430,28462,28468
28508	28453,28385,28509,28389,28409,28412,28483,28459,28424,28430
28509	28385,28409,28412,28419,28407,28416,28429,28441,28483,28508
28510	28461,28430,28448,28389,28447,28459,28419,28429,28449,28385
28511	28448,28487,28510,28429,28474,28509,28389,28398,28419,28424
28512	28430,28453,28474,28385,28389,28424,28467,28409,28419,28429
28513	28502,28469,28474,28483,28385,28389,28409,28412,28449,28460
28514	6997,20870,28385,28387,28412,28418,28419,28429,28453,28483
28515	28385,28443,28449,28461,28393,28407,28411,28418,28429,28430
28516	28385,28395,28409,28446,10389,28407,28421,28449,28459,28466
28517	8270,1183,1782,1860,1956,4233,5231,5476,7506,8268
28518	8337,8714,29891,31265,36237,39761
28519	16178,16188,10470,21777,31234,591,618,4673,5188,5547
28520	16187,20094,35890,35895,35903,38221,3377,3402,6513,7351
28521	2572,48359,351,361,961,1012,1358,1359,1366,1393
28522	16189,28523,8559,10395,10470,16178,16179,16180,16181,16182
28523	16188,28522,31234,594,1137,4052,4139,4196,5436,11571
28524	16178,28520,2946,4350,6697,6755,6759,11571,12153,13189
28525	6653,28530,28533,32756,321,624,1424,1772,1791,2676
28526	3040,3043,3074,3097,28527,503,1886,3042,3046,3047
28527	3390,3430,3422,28526,28531,3431,7483,8509,10529,13810
28528	2249,6871,8427,12718,12766,28532,28564,45801,551,2496
28529	3390,3430,24362,28525,28526,28527,28528,28530,28531,28532
28530	28525,28533,3390,3429,3430,3433,24362,28526,28528,28529
28531	28527,3390,3430,3433,7483,15628,24362,27926,28525,28526
28532	28528,551,2249,2496,2678,2841,3390,3430,6977,8427
28533	3390,3430,28525,28530,574,1680,3422,3429,3431,4120
28534	2711,22730,33895,124,168,578,2027,2496,2572,4934
28535	17046,168,1694,2687,20874,1692,1860,2662,2668,3231
28536	20874,22710,28535,28537,28538,28539,28540,28541,28542,28543
28537	28545,64,542,627,637,2427,2812,5188,5234,5588
28538	22705,22726,20874,22718,28535,28536,28537,28539,28540,28541
28539	4782,31197,2036,3482,8783,10469,13510,13621,13636,13708
28540	20874,22710,28535,28536,28537,28538,28539,28541,28542,28543
28541	2027,124,363,367,385,578,677,691,699,714
28542	20874,22710,28535,28536,28537,28538,28539,28540,28541,28543
28543	20874,22710,28535,28536,28537,28538,28539,28540,28541,28542
28544	20874,22710,28535,28536,28538,28539,28540,28541,28542,28543
28545	28537,20874,22710,28535,28536,28538,28539,28540,28541,28542
28546	29012,6851,6871,6875,6881,7665,17061,6275,6866,223
28547	3333,6871,28553,28564,6850,28550,28567,29012,3958,6224
28548	5310,6268,28573,6253,6295,6232,6246,6251,6235,6219
28549	11588,17728,28550,28551,28553,28559,28561,29012,3333,3360
28550	28553,7665,3333,11588,28554,28561,28563,28572,6871,17061
28551	28573,6851,6875,8421,28557,28559,28567,8400,8420,17728
28552	3333,3360,11588,12671,13795,17728,20283,20325,20348,20355
28553	11588,17728,28559,28550,28567,28572,7665,28557,28568,28569
28554	28573,28556,28564,6875,6881,17061,28550,28561,28563,28569
28555	8150,27917,27965,31197,48707,586,636,1406,1426,3333
28556	11588,6851,6881,28554,28561,28573,6871,3333,28557,28564
28557	11588,28551,28553,28556,7665,17728,28568,29012,223,4036
28558	26143,562,590,659,1855,2430,3333,3360,4070,5080
28559	28553,6855,17728,6875,28551,28567,28568,28576,6850,11588
28560	319,533,2512,2864,3333,3360,5013,5564,7918,10308
28561	28556,29012,11588,28573,6871,28550,28554,28564,3333,17728
28562	13257,19786,7599,11669,15694,16439,16444,16445,16447,26069
28563	5310,4295,6268,4279,6218,6221,22198,4048,5975,21882
28564	29012,6871,28554,28567,3333,7665,28547,28556,28559,28561
28565	3333,11588,28547,28550,28553,28556,28561,28563,28564,28569
28566	2941,3333,3360,11588,17728,26119,26143,28547,28548,28549
28567	28553,28564,29012,28551,28559,7665,28574,6871,6875,28547
28568	28553,28559,11588,28551,28563,6851,6875,28556,28557,28573
28569	28563,28553,28573,28554,28559,6851,6875,28550,28564,3333
28570	3333,3360,8150,8217,11588,16501,17418,17728,21355,23875
28571	28551,28563,6881,11588,28556,28557,28569,28573,3333,6850
28572	29012,11588,28553,28550,28556,6855,6881,7665,28561,28563
28573	28548,5310,6272,6219,4159,6252,6268,6235,4910,6218
28574	6851,11588,17728,28553,28567,17061,28551,28556,28563,6853
28575	3333,3360,11588,17728,26119,26143,28547,28548,28549,28550
28576	28559,28553,28554,28564,28568,6855,6857,6875,6881,11588
28577	44945,44926,44956,44958,44967,44965,2053,29883,44931,44946
28578	7191,8013,8023,8031,8042,8046,46252,1488,2847,3311
28579	28762,39631,39633,39637,39652,39661,39671,39684,39690,39691
28580	28586,28592,28590,28598,44928,44952,44927,44932,44947,28597
28581	28584,28585,28600,28603,28578,28579,28580,28582,28583,28586
28582	44965,44950,44967,28590,28598,44928,44932,44946,44970,44927
28583	28580,28582,28584,28586,28590,28591,28592,28597,28578,28579
28584	44946,44931,44929,44933,44950,28585,30649,44941,44970,11713
28585	28584,28581,28595,28600,28578,28579,28580,28582,28583,28586
28586	28580,28590,44933,28598,44950,44928,44936,44944,44947,28597
28587	44956,44931,44929,44933,11713,28595,28597,44936,44941,44952
28588	44956,44931,44958,44965,28590,2053,28595,28597,29883,44929
28589	45074,45085,45114,45079,45093,45087,45096,45098,45099,45101
28590	28580,28582,28586,28592,28591,28588,28597,28598,28583,28595
28591	44946,44931,44958,28590,28597,44929,44933,2053,28595,29883
28592	28580,28590,44967,28598,44929,44946,44965,2053,28597,44947
28593	7034,23762,39515,49617,7022,7024,7047,9461,16623,19446
28594	28578,28579,28580,28581,28582,28583,28584,28585,28586,28587
28595	28587,28588,28591,28602,28580,28582,28585,28586,28590,28592
28596	28578,28579,28580,28581,28582,28583,28584,28585,28586,28587
28597	28591,28580,28582,28586,28587,28588,28590,28592,28603,28583
28598	28580,28582,28586,28592,44926,28590,28603,44956,44965,44967
28599	28578,28579,28580,28581,28582,28583,28584,28585,28586,28587
28600	28581,28584,28585,28603,28578,28579,28580,28582,28583,28586
28601	28578,28579,28580,28581,28582,28583,28584,28585,28586,28587
28602	28595,28580,28582,28586,28587,28588,28590,28591,28592,28597
28603	28597,28598,28580,28581,28582,28586,28587,28588,28590,28591
28604	28578,28579,28580,28581,28582,28584,28585,28586,28587,28588
28605	101,125,541,1857,2053,2580,2591,2773,3466,3898
28606	28578,28579,28580,28581,28582,28583,28584,28585,28586,28587
28607	16643,16650,4139,4246,5085,8401,12714,24258,591,762
28608	25985,4046,8593,13604,14320,25963,44744,466,471,548
28609	339,1342,1837,1867,2857,4313,4565,4693,4841,5222
28610	2554,366,575,35752,351,622,5085,5933,7527,7651
28611	33520,351,2554,12210,5234,16267,17032,23014,28614,546
28612	15297,17059,45992,615,2281,7509,13656,14397,14880,18436
28613	22234,615,4736,22049,606,5038,6328,10510,12067,14318
28614	9927,28611,351,5231,12069,16009,17032,19080,44358,188
28615	621,6191,14209,21262,22623,28611,28612,28613,28614,28616
28616	28619,351,354,366,562,621,622,2535,2554,4139
28617	7639,10480,23040,28611,549,575,621,1357,1823,2281
28618	621,6191,14209,21262,22623,28611,28612,28613,28614,28615
28619	12067,562,5038,7651,9920,28621,41775,44358,47577,336
28620	621,3328,3362,6191,6290,7611,7667,7677,8468,9986
28621	28613,28619,28612,28614,41775,43107,79,146,351,468
28622	621,2554,6191,7282,8813,9467,11863,13684,14209,14962
28623	621,6191,14209,21262,22623,28611,28612,28613,28614,28615
28624	621,2169,6191,6935,8735,13644,14209,15362,16861,16862
28625	5986,12881,43501,549,606,5186,5498,7989,9114,11501
28626	621,6191,14209,21262,22623,28611,28612,28613,28614,28615
28627	621,6191,14209,21262,22623,28611,28612,28613,28614,28615
28628	1012,8270,8273,8284,8286,8298,8301,8308,8318,8339
28629	3573,9170,9706,9727,9731,9734,11263,13661,14424,16163
28630	291,606,615,4736,4742,7617,9606,10454,11162,12523
28631	39,206,494,561,660,934,955,961,964,973
28632	8712,12466,15724,18841,28629,28630,28631,28633,34941,34993
28633	8295,8268,8315,8306,8321,8373,8292,8331,8348,8362
28634	33631,2603,2608,8154,12351,13795,20264,33587,33607,34011
28635	995,2639,20199,22994,23031,33621,44358,44486,223,2223
28636	33607,186,562,1950,2545,2565,2603,2608,2841,2922
28637	28651,788,910,1110,1388,1428,1436,1778,4464,5237
28638	23685,28659,28660,28661,28662,28667,28679,28687,375,1388
28639	48321,28640,28652,28654,28660,28661,28662,28664,28670,28674
28640	28662,4464,28691,28692,28641,28652,28660,36079,18656,22982
28641	28675,28681,4464,28640,28645,28684,28650,28652,28661,28692
28642	49605,11092,33135,1366,7789,11122,26911,35635,1388,1436
28643	28681,28646,28657,28659,28661,28665,28667,28675,28678,6653
28644	17240,28643,28645,28646,28650,28657,28658,28659,28661,28665
28645	28657,28659,28675,28661,28682,28641,28668,28646,28650,28665
28646	28675,28658,28661,28662,28665,28667,4464,28645,28682,28691
28647	8273,28648,28653,28663,28668,502,1388,1436,4464,5926
28648	1976,43014,1960,15246,28687,31223,31239,1388,1956,1966
28649	28664,40277,1484,8295,8335,21838,25268,33443,186,503
28650	28658,28662,28684,28652,28682,4464,28668,28641,28645,36079
28651	28660,28674,1388,4464,28637,28640,28645,28646,28657,28658
28652	28650,28657,28640,28658,28675,28681,28684,4464,28641,28665
28653	10613,12186,18069,18190,25275,25310,28647,28661,28674,31304
28654	28639,28640,28660,28661,28662,28676,28677,28681,28682,483
28655	853,1388,1421,1436,1657,1973,1982,4331,4364,4464
28656	1388,1436,4464,7327,12730,17193,28637,28638,28639,28640
28657	28645,4464,28665,28652,28682,28691,28668,28692,28678,18656
28658	28650,28667,28646,28665,28682,28692,28652,28668,28691,22982
28659	28661,28645,28667,28682,28660,36079,40280,483,28668,28678
28660	28659,28662,28640,28661,28675,28681,28682,28645,28646,28651
28661	28659,28662,28645,28646,4464,28660,28665,28682,40280,28641
28662	28640,28650,28661,28667,28660,483,28646,40280,22982,36091
28663	18065,28647,28652,28668,28679,1388,1436,1967,4464,7012
28664	28649,1484,8295,8307,8335,12722,14857,17268,21838,25268
28665	28657,28684,28691,4464,28658,28667,28668,28646,28661,28692
28666	4464,37998,482,972,1388,1436,1967,1976,7327,7674
28667	28658,28659,28662,28665,28684,28646,4464,28668,28691,40280
28668	28665,28684,4464,28645,28650,28657,28658,28675,28692,28652
28669	28640,28641,28645,28650,28652,28657,28661,28675,28678,28681
28670	28694,28639,28640,28660,28661,28662,28676,28677,28681,28682
28671	1388,1436,4464,7327,12730,17193,28637,28638,28639,28640
28672	6654,40664,37856,6623,11477,12272,12735,14818,37861,39473
28673	36091,38098,3921,4464,6984,12735,17252,28675,28684,36069
28674	40240,40262,1388,28651,501,6186,6200,8399,9983,15236
28675	28645,28646,28682,28641,37947,40280,28652,28660,28668,28678
28676	28639,28640,28654,28660,28661,28662,28664,28670,28677,28681
28677	28639,28640,28654,28660,28661,28662,28664,28670,28676,28681
28678	28675,28681,28657,28659,28661,28643,28645,28646,28660,28682
28679	37971,12410,28638,28659,28660,28661,28662,28663,28667,33210
28680	1388,1436,4464,7327,12730,17193,28637,28638,28639,28640
28681	28684,28641,40280,28652,28660,28678,483,8319,28643,17199
28682	28659,28675,28645,28650,28657,28658,28661,4464,28646,28660
28683	28682,483,1388,1436,4464,7327,12730,17193,28637,28638
28684	28681,28650,37982,28665,36091,37948,28667,28668,40280,28641
28685	1388,1436,4464,7327,12730,17193,28637,28638,28639,28640
28686	1388,1436,4464,7327,12730,17193,28637,28638,28639,28640
28687	28648,3885,28638,28639,28659,28660,28661,28662,28667,168
28688	1388,1436,4464,7327,12730,17193,28637,28638,28639,28640
28689	12730,28690,7046,12735,6977,7029,5384,6955,6993,23730
28690	28689,12730,12735,6977,23730,40115,2400,6955,7029,11302
28691	28665,28640,28657,4464,28658,28684,28692,28646,28661,28667
28692	4464,28640,28658,28657,28665,28668,28675,28691,28641,28646
28693	503,1388,1436,1657,1669,1672,1693,1699,1723,1727
28694	28668,28670,1388,1436,1982,4464,7327,8399,10622,12730
28695	28682,483,1388,1436,4464,7327,12730,17193,28637,28638
28696	28682,483,1388,1436,4464,7327,12730,17193,28637,28638
28697	28682,483,1388,1436,4464,7327,12730,17193,28637,28638
28698	4464,28641,28645,28668,28682,28692,482,1388,1436,7327
28699	28682,483,1388,1436,4464,7327,12730,17193,28637,28638
28700	28640,28662,28665,28668,28681,28684,28691,28692,483,1387
28701	1388,1436,4464,7327,12730,17193,28637,28638,28639,28640
28702	1388,1436,4464,7327,12730,17193,28637,28638,28639,28640
28703	1388,1436,4464,7327,12730,17193,28637,28638,28639,28640
28704	778,705,310,24208,363,367,770,12594,16067,23965
28705	7717,32072,34590,11,110,168,184,204,242,638
28706	1426,10701,17649,23883,28725,916,6653,7051,10628,23993
28707	45531,362,2249,4717,5051,5670,5957,6920,6929,6942
28708	28710,17649,28735,28757,28773,34405,38508,280,441,536
28709	692,952,956,971,1011,1022,1078,1080,2432,4795
28710	28708,28735,28757,28773,38508,81,280,441,536,668
28711	28723,28769,28745,16166,28747,28748,28749,28742,28726,705
28712	3927,29460,15045,30500,142,338,1890,2043,2324,2674
28713	28715,28729,28759,310,692,4795,4804,5093,5444,7672
28714	692,4795,5444,7672,10778,16166,17649,18823,18841,22633
28715	28729,4804,19009,28713,28735,28757,28759,38508,280,437
28716	692,4795,5444,7672,10778,16166,17649,22633,23881,23958
28717	28753,4795,705,28736,12594,17459,18097,20068,23958,728
28718	778,770,664,4787,12600,24230,28722,367,387,656
28719	7852,9970,45037,1664,6030,7266,8492,22279,23202,23958
28720	16215,27866,28736,4159,13112,22152,22160,22633,28711,28732
28721	22633,45528,6458,24064,25527,45467,45569,6624,25491,39396
28722	45569,45514,45493,45528,45543,24249,28112,28763,45565,7036
28723	28711,28742,28736,778,705,12600,36574,735,12594,363
28724	28741,778,28736,12594,23958,36574,797,20068,363,367
28725	10701,17200,39394,23993,44761,5307,11757,17649,23883,33299
28726	692,28738,28732,28737,28741,28749,4795,28711,28748,28742
28727	23471,10628,40664,6461,6467,6482,6495,6500,6514,6530
28728	1,20,52,692,1357,1810,2786,2802,3094,4795
28729	28715,17649,28759,3734,4804,9999,10063,16111,18543,28713
28730	28741,28742,705,23958,36574,12594,12600,28722,28766,363
28731	7024,24249,28729,0,223,343,450,692,696,728
28732	28749,16166,28747,28726,28741,778,28736,12600,28722,36574
28733	7852,19077,28746,2413,4053,8492,23202,23305,25099,28132
28734	28753,28742,778,705,12594,23958,17459,28722,28766,36574
28735	549,5186,5498,5986,7989,9114,11501,12392,13858,14386
28736	4795,13156,28717,28723,28724,28732,28737,40857,16166,23965
28737	16166,28747,28726,28741,28736,705,778,367,12594,36574
28738	28726,23958,12594,20068,28766,664,770,4169,12600,18097
28739	45545,17649,18365,22633,23958,27736,28720,45411,48281,93
28740	692,4795,5444,7672,10778,16166,17649,22633,23881,23958
28741	692,28730,28724,28726,28732,28737,4795,28749,28748,778
28742	28723,28730,28734,28711,28753,16166,28747,28769,28726,28741
28743	20620,20623,20631,20643,20624,4046,20645,4289,7463,7852
28744	4011,4282,7875,35431,338,577,692,2882,3167,3916
28745	4795,28769,28711,705,28736,778,12594,36574,12600,363
28746	28733,692,1609,2703,4133,4161,4179,4254,4795,5444
28747	16166,28732,28737,28749,28769,28711,28748,28742,28736,778
28748	16166,28711,28747,28753,28769,28726,28741,28736,778,12600
28749	28732,16166,28747,28711,28769,28726,28741,28736,705,778
28750	7672,25791,39219,1113,13795,20473,22265,24249,28721,28725
28751	41491,28,38,83,85,692,934,2537,2645,2703
28752	310,518,692,1530,4494,4795,5444,5796,6186,6200
28753	28717,28734,4795,28748,28742,28736,705,12594,18097,23958
28754	16166,12,692,910,1895,1897,2413,2960,4143,4795
28755	692,4795,5234,5444,7343,7672,8675,9891,10778,11086
28756	129,692,975,1113,1923,2043,2142,2496,2530,2646
28757	28708,28710,28715,310,692,1432,1521,4498,4509,4527
28758	25791,35431,43776,3721,3916,4128,4163,4293,5038,6984
28759	28729,17649,28713,28715,310,692,2956,3011,4795,4804
28760	13241,762,3931,4197,4234,4246,4247,4254,4314,4321
28761	699,4795,24208,735,21526,21527,336,658,696,728
28762	39652,39712,39637,39678,39681,39709,39636,39633,39684,39694
28763	28722,22633,39479,40400,45528,20058,23472,23881,40850,45514
28764	16423,45983,9490,11668,11669,13257,15694,16426,16430,16436
28765	28707,612,692,3001,3347,3878,3882,3904,3927,3943
28766	28738,692,25791,28722,28730,28732,28734,28741,28768,4169
28767	24249,336,385,770,13112,16166,19358,19973,20078,22633
28768	12804,28738,28766,13156,20060,22633,22639,24064,25491,28064
28769	28745,28711,28747,4795,28748,28749,28742,28736,36574,705
28770	28776,40519,253,282,692,2204,4679,4795,5444,6589
28771	692,4795,5444,7672,10778,16166,17649,22633,23881,23958
28772	28736,28760,28776,390,692,788,918,3306,4795,5444
28773	28708,28710,310,536,692,3887,4795,5444,7672,10408
28774	692,4795,5444,7672,10778,16166,17649,22633,23881,23958
28775	28722,28727,1432,7930,10821,14469,14823,22623,23506,23798
28776	10821,40610,40850,24219,24249,40547,45672,12714,28722,30952
28777	48477,28706,1426,23883,24249,28718,28720,28722,28736,28768
28778	146,499,1667,1704,2282,2876,3250,3358,3412,3896
28779	13375,39135,7191,7198,12344,32605,34513,43174,43522,1685
28780	44605,44603,44617,44600,44609,44611,28802,28803,28821,44607
28781	28812,28790,28791,28825,2689,13375,27641,19,546,758
28782	28819,28791,28807,28812,28825,13375,28796,28818,28840,8511
28783	16373,24735,28780,28781,28782,28784,28785,28786,28787,28788
28784	16373,24735,28780,28781,28782,28783,28785,28786,28787,28788
28785	28790,28791,28794,28797,28798,28801,28804,28814,28819,28823
28786	1657,7201,8297,11592,14030,14294,15355,15390,16373,17252
28787	16373,24735,28780,28781,28782,28783,28784,28785,28786,28788
28788	7183,28793,7184,7211,7218,10900,12196,12204,14375,35525
28789	39135,28813,24735,28792,28803,28821,1685,7183,7218,12693
28790	28781,28791,28806,28815,28819,28785,28797,28798,28801,28804
28791	28819,28781,28782,28790,28806,28807,28825,28785,28797,28798
28792	28846,28789,28793,28831,28841,39135,2036,7183,16373,19540
28793	7183,7184,8221,28788,28841,7201,28792,28802,28831,45935
28794	28807,28818,28785,28797,28798,28801,28804,28814,28823,28843
28795	28797,28801,28840,28800,13375,22971,28811,28833,16373,16645
28796	28804,28840,24735,28809,13375,28782,28816,39720,42421,12229
28797	28795,28800,22971,28785,28790,28791,28794,28814,28819,28823
28798	28800,22971,28785,28790,28791,28794,28814,28816,28819,28823
28799	28831,28846,28792,28793,28802,28835,28841,361,4935,4939
28800	28795,28797,28798,28802,28804,7282,22971,28822,28836,28840
28801	24735,28795,28809,28785,28790,28791,28794,28814,28819,28823
28802	7191,8221,28793,28800,28831,28832,32605,2084,3992,7198
28803	32582,7191,28789,28832,43522,7198,7201,7209,7211,12344
28804	28796,28800,22971,28785,28790,28791,28794,28814,28816,28819
28805	27756,28828,35326,35336,198,374,544,1022,1665,1783
28806	28812,28790,28791,28807,28818,28825,13375,8511,9892,11539
28807	28819,28794,28782,28791,28806,28825,758,797,2076,3958
28808	2632,6639,8685,12514,17946,23718,23827,24323,28816,28842
28809	24735,28796,28801,28840,13375,21624,22046,25781,28789,28816
28810	28831,28793,28802,28803,28832,28841,812,1387,7191,7201
28811	28795,28839,1366,1778,4766,16373,16380,24735,28780,28781
28812	28781,28806,13375,28782,28818,28825,28790,16373,24735,28780
28813	28832,28789,16624,15133,15987,28792,28831,28835,39135,366
28814	47521,28785,28790,28791,28794,28797,28798,28801,28804,28819
28815	28818,13375,28790,8511,9892,11539,16373,24735,28553,28780
28816	24735,28796,28798,28804,28808,28809,16373,28780,28781,28782
28817	4481,6939,6989,7477,10632,12580,12637,16373,17798,19137
28818	3010,4046,4206,22241,28563,31122,1137,3882,4053,4241
28819	28782,28791,28807,28790,28825,28785,28797,28798,28801,28804
28820	11139,6574,7022,10792,44761,7019,11723,11791,14823,33299
28821	28789,24735,28780,28792,28803,28809,28832,28833,28841,28846
28822	28800,28802,28836,3246,3263,3873,5984,7659,8132,12714
28823	28785,28790,28791,28794,28797,28798,28801,28804,28814,28819
28824	16373,23441,24735,28780,28781,28782,28783,28784,28785,28786
28825	28781,28782,28791,28806,28812,28819,28790,28807,13375,16373
28826	14616,15987,28803,28845,49485,285,855,1695,2585,2846
28827	1698,1783,2869,3250,7248,7409,13131,13306,18170,24127
28828	28805,6209,7425,8068,16373,24735,27754,28780,28781,28782
28829	19,601,660,748,1113,1181,1823,1899,3347,3518
28830	28803,39135,7191,7201,7212,8221,14993,16373,16961,17599
28831	28792,28793,28799,28802,28810,28832,28841,28846,32605,32620
28832	28813,28802,28803,28831,7201,14615,15133,15987,16624,28789
28833	28795,28797,28798,28802,28804,28809,28821,28840,28841,113
28834	16373,24735,28780,28781,28782,28783,28784,28785,28786,28787
28835	28836,28789,28792,28793,28799,28802,28813,28831,28841,28846
28836	28835,28789,28792,28800,28803,28822,28841,28846,39135,3685
28837	9455,16373,20528,24735,28780,28781,28782,28783,28784,28785
28838	16373,24735,28780,28781,28782,28783,28784,28785,28786,28787
28839	28811,1366,1778,4427,4766,16373,16380,24735,28780,28781
28840	28796,13375,28795,28809,28782,28800,28833,499,2282,3358
28841	28793,8221,28792,28831,28846,32620,7191,7209,28578,28799
28842	28808,4396,6806,7343,16373,22201,24735,26364,28780,28781
28843	23441,28785,28790,28791,28794,28797,28798,28801,28804,28819
28844	982,987,2086,6698,9062,16373,16532,19285,19315,20342
28845	161,2324,2659,6109,7215,15758,28803,28826,29753,33416
28846	28792,28799,28831,28841,7884,16373,28789,28793,28821,28835
28847	25286,25291,28854,28859,28861,25267,25272,25299,28848,28850
28848	25267,25272,25286,28847,25274,25283,25291,25296,25299,28849
28849	25267,25282,25283,25286,28850,25272,25274,25291,25308,28847
28850	25282,28854,25267,25283,25291,28855,22707,25292,25308,28847
28851	37982,38038,501,1450,1585,6978,7511,9201,9656,12421
28852	7704,13632,13653,18459,18463,18576,22517,35800,579,3010
28853	25286,25299,25296,25280,25267,25272,28860,25283,25292,25308
28854	25291,28850,25267,25296,28847,28861,25272,25277,25280,25283
28855	25267,25296,25280,25283,28850,28860,25272,25277,25292,25308
28856	25286,25267,25282,25283,25291,25292,25296,25299,28853,28855
28857	25267,25272,25277,25280,25282,25283,25288,25291,25292,25296
28858	25267,25272,25274,25277,25280,25282,25283,25286,25288,25291
28859	25267,25283,28861,25272,25280,25308,28847,28860,25277,25292
28860	25267,25283,25292,25296,25272,28855,28859,25280,25299,28853
28861	28859,25286,25299,28847,28854,25267,25296,28860,25272,25280
28862	24208,17103,4787,13573,24218,336,682,696,770,7434
28863	93,343,368,371,728,13899,14926,16791,19973,23297
28864	19388,7717,12633,16904,49877,5174,6469,7833,13076,13906
28865	16880,28873,13661,16862,16882,32504,35544,35547,35600,49860
28866	7717,28871,41438,46501,19,110,168,339,952,971
28867	2648,25153,28868,32064,33192,33194,34178,46261,11,19
28868	16862,35613,43447,9194,16865,20075,23550,25199,25228,25253
28869	28873,16880,19388,28865,28867,28868,28870,28871,28872,28874
28870	5174,15386,15407,16904,28865,28866,28867,28868,28869,28871
28871	28866,28873,19,110,168,339,971,1031,1234,1593
28872	6214,8270,15353,28868,28874,184,189,239,443,1183
28873	16880,28865,4817,7521,8685,15175,16882,25228,28869,28871
28874	28872,28865,28866,28867,28868,28869,28871,28873,28875
28875	28865,28866,28867,28868,28869,28870,28871,28872,28873,28874
28876	9839,13267,13678,6161,7704,13280,13430,13632,13638,13688
28877	5809,7509,7640,9377,9882,12975,12979,12981,12983,12985
28878	5809,7509,9377,9882,13005,15343,15761,16429,23366,28879
28879	12122,46135,3039,9828,9882,12135,12162,12167,14335,16624
28880	7847,16644,31829,186,304,483,657,952,956,971
28881	457,622,909,1099,1110,1216,1342,1357,1823,1847
28882	19092,22511,27480,622,3429,3430,9377,10680,12047,12319
28883	43645,573,2680,7509,7970,13501,20922,26892,32,90
28884	2554,30269,52,5809,18844,5928,8790,8800,8815,9467
28885	15761,20514,24147,40335,2204,2864,6196,8233,13632,13681
28886	2572,2915,5265,5766,5809,6963,7509,7672,9377,9882
28887	7479,9835,15343,15761,18049,18359,18445,20505,26627,28889
28888	7509,15761,5809,13678,14271,15343,22697,4832,5681,6004
28889	15761,28890,5809,13682,15297,15343,15751,15757,18445,19493
28890	15761,15757,5933,7509,13689,18825,28889,43090,43105,4234
28891	5809,7509,9377,9882,15343,15761,16429,23366,28877,28878
28892	15761,23366,5809,7509,9377,9882,13629,13636,13637,13646
28893	9854,13778,28131,134,503,1031,5834,6296,7865,7910
28894	28901,28898,28902,28903,191,198,250,290,366,420
28895	28900,9854,13778,503,601,1031,1913,2269,2346,2547
28896	28901,28898,28902,28903,503,6296,7865,11299,12344,12625
28897	28898,28900,28902,28903,503,6296,7860,7863,7887,7908
28898	28903,439,14005,15314,29444,35621,35633,1,1001,1234
28899	7860,24713,26877,30808,32553,35452,43347,17,95,138
28900	28895,28123,28897,468,660,1564,1676,2971,3305,4092
28901	28894,28896,28902,28131,28898,28903,31,39,138,3993
28902	28901,3736,7479,22531,28894,28896,28897,28898,28903,134
28903	28898,28894,28896,28897,28901,28902,194,2123,2554,2576
28904	28894,28895,28896,28897,28898,28899,28900,28901,28902,28903
28905	983,24094,45270,49388,125,206,555,1137,1538,1857
28906	12745,25147,28907,28908,28909,28910,28912,28913,28914,28915
28907	15843,24444,31064,1135,1559,1704,1860,1960,1984,3023
28908	27394,28951,28928,28945,43333,134,1045,2142,2680,3586
28909	25147,28906,28907,28908,28910,28911,28912,28913,28914,28915
28910	28928,28936,28937,28944,28950,28955,28961,28962,25147,28906
28911	2249,5340,7054,7204,13380,24361,25147,28907,28908,28909
28912	25147,28906,28907,28908,28909,28910,28911,28913,28914,28915
28913	25736,142,7485,9786,42704,44504,2196,12570,20565,22638
28914	25147,28906,28907,28908,28909,28910,28911,28912,28913,28915
28915	983,9741,9747,9752,9757,9760,9761,10326,15087,15112
28916	28948,28954,28951,28928,28945,25147,27396,27458,27459,27469
28917	3700,8037,8511,9376,9388,12625,16685,22842,25064,25147
28918	28942,28963,28928,28953,202,345,934,1137,2557,2849
28919	555,7983,8003,42844,2036,2059,2091,2104,3574,4103
28920	25147,28906,28907,28908,28909,28910,28911,28912,28913,28914
28921	1534,6304,25147,28906,28907,28908,28909,28910,28911,28912
28922	25147,28906,28907,28908,28909,28910,28911,28912,28913,28914
28923	28926,28946,28948,28954,28928,28945,25147,27396,27458,27459
28924	3920,25147,28915,28927,28933,28935,28937,28940,28945,28950
28925	25147,28915,28928,983,2849,3151,19313,19673,28906,28907
28926	28923,28954,28928,28945,28951,24072,25147,27396,27458,27459
28927	6984,12343,20578,28924,28933,28935,28937,28940,28945,28950
28928	28955,28953,28941,28944,28908,28910,28916,28918,28923,28925
28929	28953,25147,28928,28937,28955,28961,983,10240,28906,28907
28930	1860,204,1881,1943,2413,2546,2637,2657,2666,2686
28931	28942,28928,28937,28953,28955,28961,25147,28906,28907,28908
28932	28928,25147,28906,28907,28908,28909,28910,28911,28912,28913
28933	28940,28945,25147,28941,28944,28924,28927,28935,28950,983
28934	11018,3920,4295,13761,21958,22198,3023,3770,3971,4182
28935	28924,28927,28933,28937,28940,28945,28950,28961,25147,28906
28936	28910,28928,28934,28937,28944,28950,28955,28961,28962,3770
28937	28961,28944,28942,28950,25147,28910,28924,28927,28929,28931
28938	9414,9415,9428,9919,14930,21591,21618,25147,28906,28907
28939	269,16484,24086,24095,24097,3798,4279,14494,14518,14567
28940	28933,28945,28953,28941,28924,28927,28935,28944,28950,25147
28941	28945,28953,28928,28933,28940,28955,24094,25147,28906,28907
28942	28918,28931,28937,28955,28961,28928,28944,28963,19,601
28943	2668,2720,4657,20778,25147,28535,28906,28907,28908,28909
28944	28937,28955,25147,28928,28933,28910,28936,28940,28942,28950
28945	28933,28940,28953,28941,28908,28916,28919,28923,28924,28926
28946	28949,28950,28923,28948,28951,28954,25147,27396,27458,27459
28947	28954,28928,28945,24072,25147,27396,27458,27459,27469,28906
28948	28950,28916,28923,28946,28951,7758,24067,25147,27396,27458
28949	28946,28951,28928,28945,24072,25147,27396,27458,27459,27469
28950	28948,28946,28937,28951,28961,28910,28924,28927,28933,28935
28951	28908,28916,28949,28950,28926,28946,28948,25147,28906,28907
28952	25147,28906,28907,28908,28909,28910,28911,28912,28913,28914
28953	28945,28928,28940,28941,28929,24094,28918,28931,983,2557
28954	28926,28947,28916,28923,28928,28945,28946,24072,25147,27396
28955	28928,28944,28941,28942,25147,28910,28929,28931,28936,28950
28956	185,1719,2043,2845,3685,3734,7214,7344,7649,7667
28957	5429,21732,11563,11843,13228,21171,22617,25888,25948,42757
28958	28913,3001,4199,4200,6320,6390,6920,7615,8008,8508
28959	20050,25147,28906,28907,28908,28909,28910,28911,28912,28913
28960	543,1678,1790,1890,2017,2059,2496,3205,3231,3530
28961	28937,28942,28950,25147,28910,28924,28927,28929,28931,28935
28962	28910,28928,28936,28937,28944,28950,28955,28961,25147,28906
28963	28918,28942,934,1137,9754,9762,15088,15089,19260,25147
28964	25147,28906,28907,28908,28909,28910,28911,28912,28913,28914
28965	23476,28321,123,167,909,1489,1492,1987,2287,2427
28966	5086,7452,9394,9414,9415,9428,9891,9919,10498,11369
28967	19,161,204,340,433,453,660,667,815,1181
28968	29373,29376,29375,29367,29371,1100,6881,10653,10663,10680
28969	28972,28999,12798,28975,28976,28977,28979,28982,28988,28991
28970	28988,28976,28977,28982,28992,29007,29033,28975,28979,28981
28971	28989,28988,29019,28981,29015,29017,29373,28993,28999,29001
28972	28992,28977,28981,28987,28991,28999,29029,29036,4125,10651
28973	35903,19505,35882,1642,1904,2929,3086,3173,4125,4516
28974	25166,28987,28988,28995,28999,1255,2507,3283,4125,5264
28975	28969,28970,28972,28976,28977,28979,28982,28988,28991,28992
28976	28982,28970,28988,28991,28992,28994,29033,4125,10658,28969
28977	28986,28992,29036,28972,28981,28970,28979,28982,28987,28991
28978	28981,4125,7657,12798,25008,25166,28549,28969,28970,28971
28979	28972,28977,28992,28999,29032,28969,28970,28975,28976,28980
28980	28972,28977,28979,28981,28986,28987,28989,28992,28993,28999
28981	28992,29029,4125,29001,29020,29030,29036,28972,28977,28986
28982	10658,28976,28988,28991,28992,29028,4125,28970,28977,28981
28983	4125,15648,28972,28976,28981,28982,28987,28991,28992,28994
28984	5090,13336,13499,18608,21193,21258,28089,33805,39857,47628
28985	29014,29023,29032,4125,7657,8054,12798,13400,25166,28549
28986	28987,28977,28981,28992,28993,29015,28972,28995,29002,29005
28987	28986,28992,29371,4125,28972,28999,29008,29020,28977,28982
28988	29376,28991,29017,29375,28970,28971,28982,28995,29008,29019
28989	28971,28981,29373,28993,28999,29005,29017,29029,28972,28977
28990	4125,7657,12798,25166,28549,28969,28970,28971,28972,28973
28991	28988,28972,28982,28992,4125,28976,28977,28981,28987,28994
28992	28981,28987,28972,28977,4125,28982,28986,28991,29001,29020
28993	28986,28987,28989,28999,29014,29373,4875,6138,10452,10670
28994	28972,28976,28982,28991,28992,36110,4125,28969,28970,28975
28995	28988,29036,28986,29008,25166,28974,28999,29001,29015,29019
28996	28999,4125,7657,12798,25166,28549,28969,28970,28971,28972
28997	28981,28992,29001,4125,28970,28972,28976,28977,28982,28983
28998	4125,7657,12798,25166,28549,28969,28970,28971,28972,28973
28999	29373,28972,28987,29376,28969,28979,28989,28993,29005,29008
29000	10653,10663,28972,3893,18935,24472,28969,28970,28975,28976
29001	28981,28992,29029,4125,28988,28997,29020,29030,29036,29373
29002	28977,28981,28986,28992,29014,28970,28972,28979,28980,28987
29003	3450,14867,4717,6810,8514,10710,11564,12491,14900,20569
29004	31122,2496,3205,3231,3889,3931,7242,8672,20488,29008
29005	4125,28977,28981,28986,28987,28989,28999,29008,29017,28971
29006	28988,29014,28970,28977,28981,28986,28997,29001,29002,29007
29007	28970,28977,28988,28992,28969,28972,28975,28976,28979,28981
29008	3931,22198,4160,4173,12403,28987,28988,33624,19,3920
29009	965,4125,4190,4308,6978,7657,12798,14930,16532,22281
29010	4125,12798,28972,29000,29014,29373,29376,6265,7657,7702
29011	28969,28970,28972,28975,28976,28977,28979,28982,28988,28991
29012	28546,6871,17728,28564,28572,28561,28567,3333,6850,6854
29013	4125,7657,12798,25166,28549,28969,28970,28971,28972,28973
29014	29373,29376,29023,28981,28986,28993,29002,29006,29029,8154
29015	28986,29019,28971,28987,28988,2929,3991,8008,15296,18110
29016	4125,28972,28981,28982,28987,28991,28992,29020,29027,29028
29017	28988,28971,28989,28999,29005,29008,29019,29373,3937,9391
29018	32752,1680,17434,24561,28297,28722,33898,33962,37933,45687
29019	28971,28988,29015,28987,29017,28993,28995,28999,29003,29005
29020	4125,28981,28987,28992,29029,29030,28972,28982,28991,29001
29021	29036,4125,28972,28976,28981,28982,28983,28987,28989,28991
29022	28986,28987,28988,3974,4125,4252,4274,4277,9391,12798
29023	29014,28972,28981,28987,28992,29029,29036,29373,4125,28976
29024	21044,28972,28977,28981,28986,28987,28992,29029,29036,4125
29025	581,4125,7657,12798,25166,28549,28969,28970,28971,28972
29026	4125,7657,12798,25166,28549,28969,28970,28971,28972,28973
29027	4125,28972,28981,28982,28987,28991,28992,29016,29020,29028
29028	28982,28972,28981,28987,28991,28992,29016,29020,29027,29029
29029	28981,4125,29030,29036,28972,29001,29020,28977,28982,28986
29030	4125,28981,29029,29020,29376,28988,28992,29001,29036,12798
29031	10782,16477,1387,3394,3622,6653,6961,6982,7064,7930
29032	28972,28977,28979,28992,28999,28969,28970,28975,28976,28980
29033	29037,28970,28976,28982,28988,28969,28975,28977,28979,28991
29034	49187,49201,49209,49221,49274,49292,113,439,1100,1538
29035	522,559,560,574,4125,4205,7657,12798,13430,14954
29036	28977,28981,29029,28972,28992,28995,4036,4046,4125,4206
29037	29033,28970,28976,28982,28988,29014,316,562,2892,4125
29038	2080,2830,2389,43456,44910,146,325,342,438,562
29039	29041,29047,29048,29051,29055,29056,29064,29068,29046,29052
29040	29059,29048,29061,29064,29072,29041,29045,29056,29046,29039
29041	29055,29056,29046,29039,29064,29040,29049,29062,29071,29042
29042	29044,29047,29051,29054,29055,29041,29043,29046,29049,29056
29043	29047,29054,29061,29064,29044,29048,29052,29056,29072,29039
29044	29047,29055,29061,29056,29072,29042,29043,29046,29049,29050
29045	29059,29054,29072,29040,29064,29050,29053,29058,29060,29068
29046	29059,29055,29041,29054,29072,29064,29039,29040,29044,29058
29047	29044,29049,29039,29043,29050,29068,29042,29052,29053,29057
29048	29064,29040,29049,29039,29050,29060,29068,29043,29052,29053
29049	29055,29047,29051,29056,29048,29041,29062,29071,29044,29050
29050	29061,29047,29048,29044,29045,29049,29054,29056,29072,29043
29051	29054,29049,29039,29060,29042,29052,29053,29057,29058,29068
29052	29054,29064,29039,29043,29047,29048,29051,29056,29061,29040
29053	29045,29047,29048,29051,29054,29059,29061,29072,29058,29064
29054	29051,29045,29046,29043,29052,29042,29050,29053,29058,29060
29055	29041,29049,29046,29044,29039,29062,29071,29042,29069,29050
29056	29041,29049,29044,29039,29040,29057,29060,29062,29071,29043
29057	29056,29047,29051,29061,29041,29044,29045,29049,29050,29054
29058	29068,29045,29046,29047,29048,29051,29054,29059,29053,29064
29059	29072,29046,29040,29045,29068,29053,29058,29074,29069,2830
29060	29048,29051,29056,29061,29045,29054,29064,29040,29041,29043
29061	29072,29064,29044,29040,29050,29043,29060,29062,29069,29071
29062	29049,29055,29056,29061,29041,29047,29048,29064,29044,29050
29063	202,546,11357,14304,21215,22335,27525,30734,42505,43769
29064	29048,29061,29040,29041,29039,29043,29045,29046,29052,29044
29065	1809,21674,29039,29040,29041,29042,29043,29044,29045,29046
29066	1809,21674,29039,29040,29041,29042,29043,29044,29045,29046
29067	29041,29042,29044,29045,29046,29047,29051,29054,29055,29056
29068	29059,29072,29039,29047,29048,29058,29045,29046,29051,29064
29069	29061,29048,29055,29045,29047,29051,29054,29059,21674,29042
29070	29045,29047,29048,29049,29050,29051,29056,29057,29060,29061
29071	29049,29055,29056,29061,29041,29047,29048,29064,29044,29050
29072	29059,29061,29045,29040,29046,29068,29044,29043,29050,29053
29073	29047,29048,29051,29054,29055,29061,29064,2389,21674,29039
29074	29059,29056,113,439,522,560,606,615,1100,1596
29075	7475,7477,7290,7457,11162,11192,22707,27383,29695,31463
29076	21674,1809,3528,3928,3993,4516,4755,4808,6650,6789
29077	14918,25840,29039,29040,29041,29044,29047,29048,29049,29055
29078	25447,14517,25433,25437,25440,25443,25444,25448,25455,25466
29079	24948,25450,25451,25469,29084,29085,29087,29089,29090,29091
29080	29106,29081,29087,29091,29093,29101,49929,884,2185,2944
29081	29106,29080,29101,29084,29085,29097,29109,29124,29126,29128
29082	24948,29089,29090,29106,29116,28484,29096,49105,6168,28385
29083	29088,29099,29106,884,2185,2944,3748,7379,11599,14767
29084	24948,29085,29109,29116,29128,29089,29090,29094,47038,47077
29085	29084,29097,24948,29109,29116,29128,25450,25451,25469,28387
29086	884,1534,1689,2185,2944,6021,6070,7699,9120,9575
29087	24948,25450,25451,25469,29079,29080,29082,29084,29085,29088
29088	24948,25450,25451,25469,29083,29084,29085,29087,29089,29090
29089	24948,29094,29124,29082,29084,25450,25451,25469,29079,29085
29090	29116,24948,29082,29124,29084,25450,25451,25469,29079,29085
29091	29093,29101,24948,25450,25451,25469,29079,29080,29082,29084
29092	29100,29104,24880,24948,25450,25451,25469,29079,29082,29084
29093	29091,29101,24948,25450,25451,25469,29079,29080,29082,29084
29094	29089,24948,29096,29124,29126,29128,29082,29084,25450,25451
29095	45441,9105,12714,29130,37857,39374,42510,362,1404,2389
29096	29097,24948,29094,29124,29082,25451,25450,25468,25469,29079
29097	29126,29096,29085,29111,29113,29115,24947,25450,25451,25469
29098	884,2185,2944,15689,24948,24950,25434,25450,25451,25469
29099	29106,29083,884,2185,2944,3748,15689,24795,24948,24988
29100	29092,24948,25450,25451,25469,29079,29084,29085,29087,29088
29101	29091,29093,29081,24948,25450,25451,25469,29079,29080,29084
29102	25447,29118,25433,25437,25440,25443,25444,25448,25455,36186
29103	25450,25451,14517,25434,25469,29106,14948,29118,29122,30857
29104	29092,17354,24948,25450,25451,25469,29079,29084,29085,29087
29105	24948,25450,25451,25469,29079,29084,29085,29087,29088,29089
29106	29109,29112,29123,25434,29126,29128,29081,29082,25455,29080
29107	884,2185,2944,15689,24948,25434,25450,25451,25469,25522
29108	24948,25450,25451,25469,29079,29084,29085,29087,29088,29089
29109	29106,29084,29085,24947,28387,28407,28431,29081,29111,29115
29110	25447,25433,25437,25440,25444,25443,25435,25449,25453,25456
29111	29097,29116,29124,25450,25451,25469,29079,29084,29085,29087
29112	29106,25433,25437,25443,25444,25440,25448,25449,25453,25455
29113	29097,29124,24948,25450,25451,25469,29079,29082,29085,29087
29114	884,1347,1403,1415,1421,2185,2914,2944,3376,5409
29115	29082,29097,29106,24948,29085,29109,29113,29116,29128,884
29116	29090,29128,29082,29084,29085,29111,25450,25451,25469,28432
29117	25450,25451,25469,14517,25434,29118,14948,24948,29079,29084
29118	25450,29102,29110,25469,29117,25434,25447,29103,14517,24948
29119	884,2185,2944,15689,24948,25434,25450,25451,25469,25522
29120	884,2185,2944,14621,14628,14636,14640,14649,14657,14667
29121	7246,28052,30787,229,236,689,884,1137,2185,2838
29122	25434,25450,25451,25469,29103,29106,29110,29112,29117,29123
29123	29106,25434,25469,25466,25447,25455,25463,25433,25437,25440
29124	28385,28409,28393,29089,29126,28395,28444,28446,28467,29090
29125	884,1110,2185,2205,2944,4114,4446,9386,9397,11897
29126	29097,29106,29124,29094,24947,29081,29084,29085,29111,29134
29127	34169,11387,11399,11401,13182,14047,14050,14365,19427,22355
29128	29116,29106,24948,29084,29094,29085,25451,25462,28387,28407
29129	884,2185,2944,15689,24948,25434,25450,25451,25469,25522
29130	10865,14821,18803,23472,29095,37856,45563,45672,1393,3430
29131	28758,362,522,560,576,621,884,2185,2944,3916
29132	19,8726,11427,13801,13835,13967,13983,14043,14056,14206
29133	884,2185,2944,15689,24948,25434,25450,25451,25469,25522
29134	24948,29089,29094,29096,29097,29106,29109,29124,29126,884
29135	201,884,2014,2185,2202,2944,3406,5549,6397,7222
29136	884,2185,2944,15689,24948,25434,25450,25451,25469,25522
29137	134,606,884,2185,2802,2876,2944,4104,6175,6214
29138	5339,5382,14821,24499,19488,15491,19494,28672,38208,47808
29139	6570,27736,75,95,441,449,1157,1375,1404,1407
29140	7035,7930,995,1355,1357,1358,1414,1435,1488,1505
29141	6486,11715,11795,45398,6563,6654,7019,11723,916,6611
29142	16478,19470,25744,29139,29140,29141,29143,29144,29145,29146
29143	16478,19470,25744,29139,29140,29141,29142,29144,29145,29146
29144	29160,29147,29152,29154,29157,29162,29163,29166,29168,29171
29145	29157,29163,29175,29147,29171,5339,29156,29162,29168,29182
29146	29168,5339,5382,29150,29155,29157,29162,29175,29147,29170
29147	29163,29175,29150,29162,29168,29145,29152,29171,29182,29184
29148	16478,19470,25744,29139,29140,29141,29142,29143,29144,29145
29149	10701,1382,1393,1400,1421,1426,1432,1520,1772,2400
29150	5382,29168,29147,29178,29183,29152,29146,29177,29182,29187
29151	39156,16485,10792,19494,45420,5885,6512,6547,6649,7022
29152	29155,29160,29163,29147,29150,29157,5382,29168,6456,6508
29153	29154,29170,29185,1356,1693,2249,6523,6536,6641,6660
29154	29168,5382,19470,29141,29144,29146,29147,29152,29153,29157
29155	29157,29178,29152,14821,29184,29146,29177,6598,15491,19470
29156	29163,5339,29170,5382,29145,29171,29178,14821,15491,29147
29157	29155,29175,29162,29145,29168,29171,29152,29184,29146,29182
29158	12196,41057,45433,1111,1393,1447,1657,1919,1928,2174
29159	29163,29145,29155,29157,29160,29175,29184,14821,19108,19470
29160	29183,29152,14821,19470,29177,29184,29187,28672,29144,29159
29161	29155,29160,29162,29175,29184,29145,29157,29159,29163,29170
29162	5382,29157,29170,29147,29168,29171,29145,29146,29182,916
29163	29178,14821,29147,29156,29145,29152,29182,29184,15491,29159
29164	29156,29163,29166,29181,5382,14821,15041,16478,19470,25744
29165	29150,29160,29170,5382,29147,29155,29163,29178,29183,5339
29166	5339,5382,29156,29160,29171,29178,29181,14821,29144,29150
29167	4327,4331,16478,19470,25744,29139,29140,29141,29142,29143
29168	5382,29150,29175,29147,29157,29162,16477,29146,29183,38205
29169	19470,29145,29147,29150,29152,29155,29157,29159,29160,29163
29170	5339,5382,29183,29162,29178,29171,29156,29187,14821,24499
29171	29175,29157,29162,29170,29178,29145,29147,14821,29156,29182
29172	16478,19470,21417,25744,29139,29140,29141,29142,29143,29144
29173	16478,19470,25744,29139,29140,29141,29142,29143,29144,29145
29174	16478,19470,25744,29139,29140,29141,29142,29143,29144,29145
29175	29157,29168,29147,29171,29183,29145,29177,28672,29146,29182
29176	385,588,807,2017,2031,2036,2040,2066,2071,2699
29177	29175,28672,29150,29155,29160,5339,29146,29157,29162,29168
29178	29163,29155,29170,29150,29171,14821,29156,29182,6598,6973
29179	16478,19470,25744,29139,29140,29141,29142,29143,29144,29145
29180	6626,10773,10788,10792,10811,37871,41039,1356,1431,1680
29181	5382,11190,29166,14821,25733,25744,29155,29156,29160,29163
29182	29163,29147,29145,29150,29157,29162,29171,29175,29178,5339
29183	29160,5339,29170,29175,29150,29168,29171,29145,29146,29156
29184	29163,29155,29157,29145,29147,29160,29175,6598,14821,29152
29185	13166,29153,19,117,135,273,854,925,1688,1693
29186	16478,19470,25744,29139,29140,29141,29142,29143,29144,29145
29187	5382,19470,29150,29160,29170,37875,5339,29155,29171,29175
29188	33362,1787,5314,7036,12714,14857,18004,23484,23866,40830
29189	22303,8531,22283,22305,22312,24129,18051,18532,22291,22294
29190	29211,4240,3883,4234,5682,8528,13306,15913,18168,22282
29191	1416,3883,573,576,1809,1876,2153,2869,3584,3598
29192	29233,138,1416,1809,1830,1843,3128,3205,3231,3523
29193	1156,1416,1809,3883,3904,4240,6174,11571,13773,13864
29194	3072,3096,3106,3040,3042,3049,3054,3068,3074,3079
29195	3040,3053,3046,3060,3091,3042,3048,3055,3077,3081
29196	29204,29195,29207,29225,29239,29243,1416,1809,1886,3042
29197	800,1113,1416,1809,2324,2674,2802,2915,3883,3904
29198	1823,4046,32864,39740,3037,3971,10318,17880,20844,22090
29199	1416,1661,1809,2946,3721,3883,3904,4092,4240,5086
29200	1416,1809,3883,3904,4240,6174,11571,13773,13864,16336
29201	1416,1809,3883,3904,4240,6174,11571,13773,13864,16336
29202	29194,29195,29204,29210,29225,29236,29239,29243,29244,242
29203	20569,1137,1180,2686,4118,20578,22147,22158,22163,27481
29204	29196,29236,29244,3043,3092,3095,4264,13261,15429,19950
29205	1416,1809,3883,3904,4240,6174,11571,13773,13864,16336
29206	854,1387,1416,1809,1970,3883,3904,4240,4522,6174
29207	3072,3040,3068,3107,3042,3064,3097,3048,3049,3054
29208	1673,19,242,253,351,437,439,450,603,713
29209	16067,576,3904,9391,10533,16456,18110,29216,29222,29229
29210	29195,8399,15239,24264,25321,29194,29202,30636,30690,31223
29211	29190,4240,18168,22282,29232,1416,3883,3904,8532,13773
29212	1416,3347,3904,4206,6180,7177,7432,8468,11303,11571
29213	1416,1809,3883,3904,4240,6174,11571,13773,13864,16336
29214	11018,22163,4011,4035,4048,4182,4246,4301,8492,11578
29215	4206,11633,15034,24330,36552,3883,4011,4074,4234,4240
29216	22241,22257,22315,4206,18532,22299,22306,22274,22282,22289
29217	22078,24128,30871,48951,249,458,574,1416,1809,1904
29218	576,1360,1384,1390,1415,1416,1437,1489,1513,1515
29219	1416,1809,3883,3904,4088,4104,4163,4180,4240,6174
29220	1416,1809,3883,3904,4240,6174,11571,13773,13864,16336
29221	4204,22283,22298,4206,22241,22282,22305,3010,4240,22265
29222	29209,319,573,1416,1809,3736,3883,3904,4104,4240
29223	3842,3872,42507,42443,16339,20058,20882,25531,42413,42451
29224	4254,3882,4231,4234,4246,4302,22281,4196,4239,16689
29225	29239,29243,3052,3101,13402,29196,29202,29204,48955,1416
29226	16240,11064,16215,16246,4069,16196,16197,16212,16224,16235
29227	1416,1809,1810,2650,2657,2667,2687,2689,3883,3904
29228	13864,29194,29195,29236,29244,1397,1416,1809,1956,2791
29229	22506,1670,18165,27750,29494,29775,41885,43179,43210,43226
29230	16431,16456,3347,4102,4231,11571,13263,13264,13773,16452
29231	1416,1809,3883,3904,4240,6174,11571,13773,13864,16336
29232	30930,4240,22303,22283,22293,30866,4246,4254,21914,22241
29233	18185,29192,138,1416,1809,3205,3231,3882,3883,3904
29234	22291,22295,22303,4204,4240,16689,22265,22283,22294,29232
29235	1416,1809,3883,3904,4240,6174,11571,12937,13773,13864
29236	29244,29204,534,3023,4193,13513,16470,27173,29195,29202
29237	4035,4240,1100,1220,4160,4182,4254,18118,22144,22277
29238	3883,3931,4240,19077,22283,29198,29221,29224,1090,1137
29239	29225,29243,3052,3101,13402,29196,29202,29204,1416,1809
29240	1416,29212,39751,1809,3549,3883,3904,4104,4232,4240
29241	1416,1809,3883,3904,4240,6174,6397,6920,8067,11030
29242	29194,1416,1809,3883,3904,4240,6174,11571,13773,13864
29243	29225,29239,3052,3101,13402,29196,29202,29204,48955,1416
29244	29236,29204,534,3023,4193,13513,16470,27173,29195,29202
29245	2087,2116,7192,16863,17012,17041,184,237,2109,2659
29246	11377,34149,8685,33416,34179,34394,638,1814,3576,11399
29247	29281,19,2169,2646,2668,6109,13644,16914,16936,17022
29248	36015,6514,6452,46031,6497,6966,6977,7047,7049,10701
29249	19550,33194,7329,32364,6542,12633,25187,27086,27595,33231
29250	1139,34405,43172,134,439,1002,1100,3011,3883,12435
29251	1458,3394,23564,23718,29258,29260,29275,29276,29286,29288
29252	29246,29249,29279,34,5319,6476,8685,23914,23966,29247
29253	1458,5319,7862,9576,10758,23914,23966,24530,29246,29247
29254	186,672,973,1000,1110,1135,1918,2413,2830,3394
29255	29267,1061,5319,10171,23914,23966,29246,29247,29248,29249
29256	29267,1061,5319,10171,23914,23966,29246,29247,29248,29249
29257	23914,506,507,605,1387,1943,3622,3896,4348,4352
29258	29251,29260,29275,29276,29286,29288,5319,23914,23966,29246
29259	19920,32636,48,956,1031,2054,2637,2645,2646,2678
29260	25199,4935,15356,16878,16941,16963,35613,35621,35633,35678
29261	5319,23914,23966,29246,29247,29248,29249,29250,29251,29252
29262	629,13891,13896,13967,13973,13990,14029,14065,19403,22351
29263	572,576,1301,2103,2932,3407,4959,5319,5412,5670
29264	2720,125,659,1860,1904,2445,2668,2689,3298,3796
29265	5319,23914,23966,29246,29247,29248,29249,29250,29251,29252
29266	5319,23914,23966,29246,29247,29248,29249,29250,29251,29252
29267	29274,2017,2093,2109,10675,20845,21942,22152,22248,25747
29268	5319,23914,23966,29246,29247,29248,29249,29250,29251,29252
29269	1950,2022,3230,14992,19028,25188,30607,45587,202,269
29270	29273,1382,5319,6663,6690,6934,11757,12466,14833,17218
29271	17180,17267,39835,131,501,1397,1432,1436,1520,1661
29272	5319,7325,9453,9673,11114,11139,11725,11779,11789,11795
29273	6654,38206,8180,14446,38215,16481,6472,6611,6623,6648
29274	2109,2093,29267,29279,2017,2075,2096,615,2078,2117
29275	2093,2116,2017,2075,2078,4204,28230,29251,29258,29260
29276	2017,2075,2072,2078,2096,29251,29258,29260,29286,29287
29277	5319,23914,23966,29246,29247,29248,29249,29250,29251,29252
29278	47804,30827,35804,47807,168,821,1114,1404,2142,2143
29279	29274,2087,2109,29246,29247,29249,29252,29267,29281,19
29280	856,2061,4755,5319,7282,10729,11142,14443,20060,20869
29281	29247,2169,13644,16914,16936,17022,23550,29279,29286,29741
29282	17198,20199,20203,20205,20210,20223,20235,20245,20252,1099
29283	16474,16479,16486,29285,16493,19526,19561,28820,16477,16492
29284	5319,23914,23966,29246,29247,29248,29249,29250,29251,29252
29285	29283,28820,16474,16491,16493,17607,19447,19548,19553,19577
29286	1011,5839,7723,8685,8816,12351,13221,13795,17041,20310
29287	601,2269,2547,3971,4009,6090,10331,13498,17993,20340
29288	29251,29258,29260,29275,29276,29286,5319,23914,23966,29246
29289	372,5319,10021,10134,12042,14274,18964,22077,23914,23966
29290	5429,17246,24661,29707,191,198,250,310,420,433
29291	29295,29292,29294,29296,29297,29298,29299,503,1362,6782
29292	29308,6969,29291,29302,29306,310,503,1415,1642,2554
29293	503,6782,29291,29292,29294,29295,29296,29297,29298,29299
29294	29297,29303,5429,17246,29291,29296,29298,29299,29301,29304
29295	29296,29298,29299,29291,29301,29304,310,503,1362,3155
29296	29299,29295,29291,29294,29301,29304,503,5429,6691,6782
29297	29294,5429,29291,29301,29304,29308,503,6691,6782,6967
29298	29295,29291,29294,29301,29304,503,5429,6691,6782,6967
29299	29296,29295,29291,29294,29301,29304,503,5429,6691,6782
29300	503,6782,29291,29292,29293,29294,29295,29296,29297,29298
29301	29294,29295,29296,29297,29298,29299,29303,29304,503,5429
29302	29292,29306,503,6782,29291,29293,29294,29295,29296,29297
29303	29294,29308,5429,29301,29304,503,6691,6782,6967,17246
29304	29294,29295,29296,29297,29298,29299,29301,29303,503,5429
29305	4398,35186,36198,49470,4425,32352,32394,32767,49630,4397
29306	29292,29302,503,6782,29291,29293,29294,29295,29296,29297
29307	19025,22773,23512,27590,1923,5225,7785,7850,8816,12655
29308	29292,29303,29297,310,503,1347,1352,1354,1355,1359
29309	503,638,5925,6018,6782,8136,12569,12633,17898,19550
29310	503,6782,6935,12835,13072,13088,13091,13160,13836,15496
29311	503,6782,29291,29292,29293,29294,29295,29296,29297,29298
29312	503,6782,29291,29292,29293,29294,29295,29296,29297,29298
29313	19063,26901,2246,16621,27550,38154,44892,16,171,338
29314	29315,29318,29319,29320,29323,29325,29326,29330,29331,29333
29315	23509,23510,29325,29331,34390,34466,207,1078,1230,1357
29316	108,484,1114,1369,1374,1807,2142,2547,3394,4875
29317	681,6181,6197,6206,7470,10671,12562,13207,19107,25718
29318	29333,29314,29315,29319,29320,29325,29326,29330,29331,29334
29319	13886,13898,6171,8932,13818,13832,13891,13911,13967,14015
29320	9927,19485,2523,7651,10469,12326,13995,14969,21171,23173
29321	29329,32532,35590,52,211,242,439,638,1051,1100
29322	528,1435,1458,2242,2246,4389,6019,7521,7849,8667
29323	29330,29314,29315,29319,29320,29324,29325,29326,29331,29333
29324	29323,29329,29361,29314,29315,29316,29317,29319,29320,29321
29325	29315,29331,29314,29318,29319,29320,29323,29326,29330,29333
29326	5639,12107,12618,24611,29334,38734,1536,2694,3692,6017
29327	29329,29347,110,128,141,909,2610,7461,7500,9656
29328	171,2547,2838,2901,8685,12631,19501,19540,20216,29314
29329	19063,29361,2246,29321,29324,29327,29359,38154,16,74
29330	29323,29314,29315,29318,29319,29320,29325,29326,29331,29333
29331	25200,25215,27536,27671,29315,29325,32532,1,439,2141
29332	27059,3873,3921,4147,7852,11598,13569,19297,19317,20325
29333	29318,29314,29315,29319,29320,29323,29325,29326,29330,29331
29334	29326,623,629,2105,3230,9284,9735,11377,11383,11384
29335	22773,29355,9793,12625,29314,29315,29318,29319,29320,29323
29336	29314,29315,29318,29319,29320,29323,29325,29326,29330,29331
29337	23696,23697,23698,1031,2409,8671,8686,17636,18313,23543
29338	29314,29315,29318,29319,29320,29323,29325,29326,29330,29331
29339	29314,29315,29318,29319,29320,29323,29325,29326,29330,29331
29340	29350,29314,29315,29316,29317,29318,29319,29320,29321,29322
29341	2639,4990,4993,4995,5026,8667,8683,8688,8706,9738
29342	9677,29314,29315,29318,29319,29320,29323,29325,29326,29330
29343	29314,29315,29318,29319,29320,29323,29325,29326,29330,29331
29344	29314,29315,29318,29319,29320,29323,29325,29326,29330,29331
29345	33194,549,575,1617,1918,2409,5186,5498,5986,7989
29346	29314,29315,29316,29317,29318,29319,29320,29321,29322,29323
29347	29327,29342,909,2610,7461,7500,9677,12453,24115,29314
29348	29314,29315,29316,29317,29318,29319,29320,29321,29322,29323
29349	29314,29315,29316,29317,29318,29319,29320,29321,29322,29323
29350	29340,29314,29315,29316,29317,29318,29319,29320,29321,29322
29351	29314,29315,29318,29319,29320,29323,29325,29326,29330,29331
29352	1657,1659,1660,1676,1678,1707,1731,5640,8002,8136
29353	454,2054,2588,11378,13891,13914,13937,13956,13958,13981
29354	29314,29315,29318,29319,29320,29323,29325,29326,29330,29331
29355	29335,29314,29315,29318,29319,29320,29323,29325,29326,29330
29356	23476,29314,29315,29318,29319,29320,29323,29325,29326,29330
29357	29314,29315,29316,29317,29318,29319,29320,29321,29322,29323
29358	29314,29315,29318,29319,29320,29323,29325,29326,29330,29331
29359	29329,5341,8122,11572,12928,12949,26304,29314,29315,29316
29360	29314,29315,29318,29319,29320,29323,29325,29326,29330,29331
29361	29329,29323,29324,5498,7071,9387,29314,29315,29316,29317
29362	29314,29315,29316,29317,29318,29319,29320,29321,29322,29323
29363	29314,29315,29316,29317,29318,29319,29320,29321,29322,29323
29364	4295,12403,4163,4166,4264,4279,12222,42112,44744,44976
29365	576,17041,28968,29028,29364,29366,29367,29368,29369,29370
29366	28968,29367,29368,134,576,626,910,2782,2794,5843
29367	28968,29373,29375,28988,29376,28986,28987,29036,29366,29368
29368	28968,29366,29367,339,576,1012,3247,8576,8726,13898
29369	576,17041,28968,29028,29364,29365,29366,29367,29368,29370
29370	576,17041,28968,29028,29364,29365,29366,29367,29368,29369
29371	28987,28992,28968,28981,29020,29028,29374,10658,28972,28982
29372	4189,1783,3947,4053,4137,4234,9615,23201,23250,23958
29373	28968,29014,28999,28989,29367,10653,10663,28971,28993,29001
29374	29028,29371,29375,10658,28972,28981,28982,28987,28991,28992
29375	28968,28988,29367,28999,29028,29036,29374,10658,28972,28982
29376	28968,28988,29014,28999,29030,10653,10663,29367,12798,28971
29377	29028,29371,29373,29374,29375,553,576,1137,4182,9221
29378	29376,522,576,616,1137,4182,5924,5986,6451,7678
29379	3734,25195,8686,14746,19920,25170,29516,35603,36683,36695
29380	2346,22299,25507,40267,456,8293,11014,12009,12023,19568
29381	12032,12036,24510,29382,29383,29384,29385,29386,29387,29388
29382	29405,29412,29419,29407,1846,2346,3305,24477,29383,29400
29383	29410,29390,29415,29382,29384,29387,29389,29393,29400,29404
29384	29389,29387,29390,29413,29415,29383,29391,29393,29396,29404
29385	29419,2346,29391,29400,29421,2053,3466,3898,8455,8508
29386	29397,29403,29414,29384,29395,29412,12032,12036,29381,29382
29387	29389,29390,29393,29405,29384,29412,29383,29396,29407,29410
29388	29409,29382,29383,29385,29392,29394,29398,29400,29407,29408
29389	29384,29387,29390,29393,29405,29412,25507,29383,29396,29410
29390	29387,29389,29396,29383,29384,29421,25507,29407,29411,29413
29391	29385,29384,29404,29415,29419,2346,29387,29390,29393,29396
29392	29388,1513,2204,12032,12036,17352,17531,18855,29381,29382
29393	29405,29387,29389,29383,29384,29402,29410,29418,29419,456
29394	29383,29387,29388,29398,29400,29409,8268,8273,8284,8286
29395	29384,29386,29397,1513,2204,12032,12036,17352,17531,18855
29396	29390,29404,29415,29412,29419,29384,29387,29389,29398,29410
29397	29411,29386,29399,29405,29416,8293,29384,29385,29387,29390
29398	29385,29396,29400,29419,29421,29388,29390,29394,29404,29409
29399	29405,14454,45389,7477,29397,38004,40606,41025,131,1445
29400	29385,29404,29405,29415,29382,29383,29398,29388,29394,29396
29401	339,3706,9608,9615,9647,12032,12036,17498,29381,29382
29402	29393,29412,29382,29385,29397,29404,29405,29410,29411,29415
29403	29386,29382,29384,29397,29412,1488,1503,1520,1525,1846
29404	29415,29396,29419,29400,29410,2346,29383,29384,29391,29407
29405	29393,29382,29387,29389,29399,29400,29384,29397,29407,29413
29406	2346,29382,29385,29389,29412,29415,29419,29420,247,1244
29407	29382,29413,29415,6496,6508,6532,29383,29387,29390,29404
29408	29382,29384,29385,29388,29390,29393,29397,29400,29404,29405
29409	29388,29382,29383,29384,29394,29398,29400,29412,29422,1491
29410	29383,29415,29404,29412,29382,29384,29387,29389,29393,29396
29411	29397,29385,29390,29396,29412,29419,29421,29393,29402,29404
29412	29382,29389,11014,29387,29396,29410,29419,25507,29383,29384
29413	29407,29384,29415,29382,29383,29387,29390,29404,29405,29410
29414	29385,29386,46597,29387,29388,29389,29390,29391,29393,29396
29415	29404,29396,29410,29383,29384,29400,29407,29413,2346,29391
29416	29385,29396,29397,29419,29421,29390,29400,29404,29410,29412
29417	117,135,1058,2062,12032,12036,13616,29381,29382,29383
29418	29385,29387,29389,29390,29393,29384,29391,29396,29404,29405
29419	29385,29382,29404,2346,29396,29412,29391,29393,29398,29411
29420	29382,29383,29405,751,9872,18074,29384,29385,29387,29389
29421	29385,29390,29396,29398,29411,29415,29416,29384,29387,29389
29422	29382,29383,29385,29388,29398,29400,29404,29409,29415,29419
29423	
29424	
29425	2413,2659,29516,1863,34278,2647,2687,14746,29517,47445
29426	29449,29453,29490,29508,34278,2689,7852,9892,16713,21562
29427	29463,1688,2667,2668,2689,2708,6260,11547,16513,16713
29428	29435,1688,2667,2668,2708,16713,17847,21555,21562,27059
29429	29444,2637,2667,2687,11571,15471,16713,19388,24945,27553
29430	1688,2659,2667,2668,2691,2708,16713,21555,21562,27286
29431	29482,29432,29451,1688,2637,2647,2659,2667,2668,2670
29432	2637,2678,2687,2691,2709,1688,2668,2677,2708,13415
29433	1688,2667,2668,2708,16713,21555,21562,27286,29428,29430
29434	1688,2667,2668,2708,12714,16713,17255,21555,21562,23889
29435	29428,1688,2667,2668,2708,7119,8774,12647,16713,18085
29436	1688,2668,29459,1863,2667,2708,16713,21555,21562,27286
29437	1688,2667,2668,2708,16713,21555,21562,27286,29428,29430
29438	3231,168,3205,29432,29444,29459,29508,29513,36682,1670
29439	48472,6493,6514,6962,7047,23737,29452,45420,19,1369
29440	1688,1673,1692,1694,2667,2687,29454,34278,204,1863
29441	2637,2666,2667,2669,2689,2700,8565,2647,2671,2687
29442	29438,29444,29449,29459,29461,29508,1688,2647,2667,2668
29443	4716,4720,4728,4740,29451,1092,4735,5320,5654,9912
29444	19,27736,29513,1664,3231,13800,14005,14015,25195,439
29445	2667,2637,2691,2708,16713,29454,2647,2692,29464,29485
29446	6654,10778,38206,8180,22239,6458,18013,37861,45481,6600
29447	16713,29449,29450,29464,29479,29485,29487,46319,1688,1863
29448	29429,1688,2667,2668,2689,2708,2929,2967,2990,3596
29449	29464,1689,29490,29499,29514,13847,29454,29485,29508,29509
29450	16713,29447,29449,29464,29479,29485,29487,1688,1863,2667
29451	2659,2637,2667,2708,29432,2678,2691,2709,16713,29478
29452	41544,2668,6626,17234,24249,29168,29496,32096,38201,38206
29453	29485,1129,7852,12649,25195,29426,29449,29464,29490,29508
29454	2667,2687,29464,29445,29490,29513,29514,29521,27286,29485
29455	45743,45749,45756,45764,18147,45752,49573,3307,18112,45774
29456	27536,14234,23586,25200,35633,8685,8932,13808,13832,14174
29457	7852,16713,21562,29426,29462,29468,29471,29497,29508,39109
29458	2668,1688,2667,2689,2708,2720,4657,6260,16713,20778
29459	2647,3231,15369,1692,3205,14746,29438,29444,168,1657
29460	28712,31122,1137,6224,6785,12401,20596,27286,29412,30500
29461	14746,27299,43242,168,1664,1670,1688,1694,3231,2680
29462	10240,48882,22147,48817,48820,48892,4234,4246,18511,22154
29463	2689,1688,2667,2668,2708,19,2637,2666,2677,2697
29464	29514,29454,29449,2667,14746,29445,29485,29499,29509,29519
29465	1688,2667,2668,2708,16713,21555,21562,23193,27286,29428
29466	1688,1863,2667,2668,2708,16713,21555,21562,27286,29428
29467	2689,29461,29513,1664,1688,1689,4161,14746,16713,19077
29468	1688,29454,2667,16713,21562,27286,29445,29449,29473,29490
29469	2667,16713,21562,27286,29445,29454,29504,1002,1139,1688
29470	47259,47299,47275,47278,47327,47260,47268,47285,1688,2667
29471	16713,21562,29426,29428,29435,29457,29462,29497,29508,19
29472	49774,25495,25762,29462,562,618,660,1332,1688,1910
29473	43776,1688,3525,13430,27808,660,2667,2668,3505,3546
29474	1688,2667,2668,2708,16713,21555,21562,27286,29428,29430
29475	1688,2667,2668,2689,2708,6260,16713,21555,21562,23083
29476	29459,27286,29461,29473,29513,1688,2667,2668,2708,3205
29477	1688,2667,2668,2708,16713,21555,21562,27286,29428,29430
29478	2637,2659,29451,29484,29513,1664,2413,2678,2687,14746
29479	2659,1688,1863,2637,2668,2678,16713,2666,2667,2670
29480	13187,13194,13197,1413,1688,2667,2668,2689,2708,3903
29481	13854,22939,29444,0,5,20,113,135,439,453
29482	29431,2637,2667,2687,13415,16713,29432,29444,29445,29454
29483	168,1688,1860,2413,2637,2667,2687,15285,18150,18621
29484	1688,2637,2689,1694,2667,2668,2704,168,1670,2708
29485	16713,29445,29454,29464,29513,29514,2637,2659,2667,2687
29486	126,1688,1860,2032,2034,2048,2667,2668,2689,2708
29487	16713,29447,29449,29450,29464,29479,29485,1688,1863,2667
29488	280,285,916,1511,1688,1772,2667,2668,2689,2708
29489	1688,2667,2668,2689,2708,6260,16713,21555,21562,22090
29490	2689,29454,1689,1694,2659,2667,2687,21556,25195,29449
29491	5653,5668,29485,2637,2667,5654,5664,7983,8003,8004
29492	1688,2667,2668,2708,16713,21555,21562,27286,29428,29430
29493	1688,1736,2668,29558,168,1692,1694,2637,2689,2698
29494	2667,29454,1688,16713,21574,29229,29444,29445,29464,29482
29495	1688,2667,2668,2708,16713,21555,21562,27286,29428,29430
29496	29452,1688,2667,2668,2708,7862,10971,16713,21555,21562
29497	2689,3889,16713,21562,27750,29426,29457,29460,29462,29467
29498	39631,39690,39697,16532,39719,39644,39698,29552,39652,39661
29499	29449,29464,29454,29490,29509,29514,1688,2667,27286,29468
29500	1688,2667,2668,2689,2708,6260,16713,21555,21562,23083
29501	42766,43776,1186,1688,1895,1904,2068,2667,2668,2689
29502	2689,16713,29445,2667,3971,4045,8492,12401,19077,21562
29503	1688,2667,2668,2689,2708,6260,16713,21555,21562,23083
29504	2659,2667,14746,25199,29432,29508,1689,2670,2678,13847
29505	21555,29454,29464,29494,29506,29521,1688,1863,2647,2667
29506	1688,1863,2647,2708,29432,29505,2413,2637,2659,2668
29507	1673,2689,23083,29444,29459,29513,43431,19,438,603
29508	10072,37678,10097,36947,37135,37812,10114,13847,36676,36680
29509	2667,29454,29464,2668,2687,29449,29490,29499,2637,2659
29510	29478,29483,46214,204,1688,1860,1881,1943,2413,2546
29511	20199,20253,6965,20205,20240,20265,20218,20260,20226,20277
29512	1688,2667,2668,2689,2708,6260,16713,21555,21562,23083
29513	2687,2667,27286,1673,1679,2637,17235,35494,43242,1657
29514	29464,29454,2645,29449,29485,36961,1688,1863,3734,7852
29515	32178,43754,455,2424,2989,3335,4045,6807,6823,7390
29516	3734,29425,37168,1688,36665,1664,19038,36687,36909,37156
29517	29425,2667,2687,1688,29513,1664,2413,2647,2668,2670
29518	2637,2659,2670,2678,2691,29432,29525,1688,1863,2647
29519	29464,29445,29454,29514,2667,2687,14746,16713,21556,29449
29520	2413,2689,1863,29425,29517,1085,1688,1694,1860,1864
29521	1688,2687,2572,29454,29526,168,1685,29525,29558,204
29522	1688,2637,2659,2667,2668,2670,2678,2687,2689,2691
29523	
29524	82,168,438,1657,1664,1667,1679,1687,2324,2647
29525	2637,2659,2647,2666,2708,29558,168,1863,29425,29513
29526	2637,29521,2670,2687,2691,2700,1688,2647,2682,3231
29527	3004,3530,3958,4036,4069,4165,4195,7186,7408,10323
29528	2637,1688,2659,2667,2668,2678,2687,2691,2700,2708
29529	2667,2687,3231,27286,29454,29513,29517,29521,29558,29559
29530	5410,5431,5442,5446,7369,10478,10760,13773,14912,17292
29531	16240,439,1100,3530,3958,4231,13267,15567,18511,19077
29532	
29533	106,1602,1825,5170,8804,9281,12647,13231,14534,15757
29534	2689,4590,8507,16532,16713,29445,29502,29519,29543,29554
29535	
29536	12154,18911,1890,2036,3625,4591,8672,10902,15130,19406
29537	1810,2650,2657,2667,2687,2689,5267,12913,13809,14746
29538	
29539	2667,21254,1670,2637,2648,2659,2668,2678,2691,2698
29540	4113,49835,595,1137,2666,3004,6785,8461,9924,10390
29541	27750,29516,1685,2637,2640,2646,2667,2689,3889,7246
29542	2667,2689,29521,2637,2687,21574,29445,29454,19,667
29543	2689,2413,2667,2687,1694,2668,14746,29425,1705,1864
29544	
29545	2689,2649,2667,2675,2697,2700,6109,21554,21562,27251
29546	186,4389,8671,12650,22927,22946,22947,23065,34174,3880
29547	4791,10052,13847,20561,25176,29449,36682,36816,937,989
29548	
29549	4254,22158,3958,4198,4202,4308,8492,618,3006,3931
29550	
29551	19,168,638,975,1031,1664,1667,1689,2031,2324
29552	24264,7242,14982,16532,23943,24258,24445,29498,46319,6545
29553	
29554	2689,1688,1736,2637,2659,2667,2673,2687,2719,11577
29555	1657,1670,1694,2659,2670,2674,3403,5221,17235,19535
29556	4670,4693,4858,5974,7541,7655,7664,7690,7692,7696
29557	168,1670,1679,1694,1705,1868,2637,2667,2687,3231
29558	2637,1685,35494,1679,2659,3231,17235,204,1657,1705
29559	13115,23993,29529,30952,32751,39473,41106,1432,1694,1705
29560	1657,1670,1688,1689,1692,1694,1705,1778,1864,2644
29561	506,507,1664,1666,1670,1673,1679,1685,1688,1692
29562	2915,3549,7704,12303,15757,15761,20825,34357,154,161
29563	134,168,204,1666,1670,1679,1685,1688,1694,1705
29564	
29565	
29566	18450,18294,20529,5682,6196,6477,8766,8797,9839,11865
29567	2667,2687,14746,23951,27286,28263,29454,600,1022,1031
29568	1613,1892,2647,3233,6174,9010,13270,13768,14391,14736
29569	29078,29817
29570	
29571	
29572	24115,26905,6935,12835,19444,27600,35477,35628,38755,10
29573	7477,10652,12196,12466,17295,17605,23476,33760,37833,1388
29574	16861,16901,16906,16896,16970,16862,16865,29741,16891,16992
29575	24115,29579,29587,2,1250,1355,1371,1379,1380,1381
29576	23512,27555,32532,2409,12633,1142,2747,3230,7755,7789
29577	23509,0,1366,1394,1679,1913,2704,4327,7839,8705
29578	32532,146,966,1136,4396,4999,5002,7738,7802,8715
29579	38734,3400,23697,23698,24851,29575,29576,29583,29589,29591
29580	38783,38824,9451,9777,9796,9800,9820,12561,12680,13109
29581	16,0,12,30,6027,9822,12260,13081,13109,13793
29582	13109,909,1507,7211,7457,7477,12466,13618,14518,18049
29583	13109,29579,29582,29587,1459,5498,6778,8615,9778,12260
29584	12260,13109,29573,29574,29575,29576,29577,29578,29579,29580
29585	4484,12260,13109,18923,23572,25710,29573,29574,29575,29576
29586	10,16,9822,12260,13081,13109,19444,24065,27615,29573
29587	29575,29580,29583,29591,13,351,1347,1391,1428,1454
29588	12260,13109,29573,29574,29575,29576,29577,29578,29579,29580
29589	13109,29579,29582,229,340,1383,1923,2352,2427,2769
29590	12260,13109,29573,29574,29575,29576,29577,29578,29579,29580
29591	13109,29579,29582,29587,1459,5498,6778,8615,9778,12260
29592	12333,7419,7444,17451,20068,30969,93,363,377,387
29593	705,8532,13600,18148,29594,29599,29600,123,367,385
29594	33051,2940,4201,12333,13600,26069,29600,29606,29884,30969
29595	13600,18358,18365,24233,29593,29594,29596,29597,29598,29599
29596	680,36559,370,371,385,656,672,2027,6573,13573
29597	12333,18350,4208,25526,42413,42717,918,2905,4236,7254
29598	11504,11508,15113,15706,24434,41885,9129,16621,17616,18023
29599	694,13600,18001,18358,18365,29593,29594,29606,29614,29622
29600	24660,338,387,728,24226,24228,29594,64,339,368
29601	6850,6855,6857,17061,28551,28553,28563,28573,6866,6875
29602	656,17723,20054,556,728,795,7438,7441,17459,18199
29603	24233,575,1118,1383,5477,5804,5930,6562,8666,12428
29604	45533,381,728,24217,336,390,739,12207,13586,14474
29605	23958,26086,595,1137,2666,3004,4113,6224,6785,8461
29606	4059,29594,29622,12333,13600,18358,18365,29599,29623,29627
29607	13600,18358,24223,24249,29612,29622,29630,34864,82,339
29608	49946,1113,4316,25188,19,168,975,1423,1670,1810
29609	93,377,387,670,753,759,762,768,789,822
29610	367,739,658,732,4795,21526,21527,28064,28761,336
29611	371,8935,9841,40062,336,339,363,390,677,8799
29612	728,783,14318,17342,30709,40115,694,696,758,4053
29613	677,17489,24245,29597,29618,29626,29634,19,124,168
29614	29622,29633,13600,17979,18358,18365,29599,29623,29627,29637
29615	29605,1982,4527,6592,10018,10022,10055,10623,12729,13600
29616	13600,18358,18365,24233,29593,29594,29595,29596,29597,29598
29617	29621,29626,93,788,7444,9901,13600,16643,18358,18365
29618	15050,29597,29613,656,771,7324,7444,7463,12550,13600
29619	29597,812,2331,2805,3548,4793,5114,7447,7582,10500
29620	750,17103,19974,28706,29612,29634,93,368,727,770
29621	783,5681,14318,18626,24188,24203,24248,29600,29617,29626
29622	42692,42703,42748,23207,42702,1855,4059,13600,14359,18358
29623	29622,13600,18358,18365,29594,29599,29606,29614,29627,29633
29624	7254,7268,7307,7324,7409,7415,7438,9386,9553,10235
29625	13600,18358,18365,24233,29593,29594,29595,29596,29597,29598
29626	24249,40891,93,17459,18016,20045,23297,24230,28776,29602
29627	13600,18358,18365,29594,29599,29606,29614,29622,29623,29633
29628	6298,6348,13600,15133,18358,18365,24233,28548,29593,29594
29629	18013,4509,10821,29633,6653,11139,11757,16067,18008,23993
29630	24243,29607,41721,339,368,522,708,752,772,4416
29631	13600,18358,18365,24233,29593,29594,29595,29596,29597,29598
29632	93,5114,7441,7846,12612,13600,15627,18358,18365,20034
29633	17979,29629,17971,29614,29622,30980,47762,13166,13600,18358
29634	7409,16628,29613,29620,29626,550,579,587,1245,1637
29635	13600,18358,18365,24233,29593,29594,29595,29596,29597,29598
29636	29626,93,368,797,6975,13577,13600,15144,17459,18358
29637	670,695,728,774,13600,18358,18365,28711,28717,28718
29638	749,768,795,829,1216,1657,1659,1660,1663,1686
29639	13600,18358,18365,24233,29593,29594,29595,29596,29597,29598
29640	13600,18358,18365,24233,29593,29594,29595,29596,29597,29598
29641	3390,5178,5264,10003,10842,13885,15531,16881,19011,19312
29642	29646,29650,3409,29645,29647,29648,29651,29652,29653,29654
29643	29649,29658,29659,29646,29650,3409,29645,29647,29648,29651
29644	29661,29658,29659,29651,3409,10003,29645,29647,29648,29652
29645	29647,29655,29646,3409,29642,29643,29644,29649,29650,29658
29646	29642,29643,29645,29647,29648,29649,29652,29653,29654,29656
29647	29645,29652,29654,29660,29646,3409,29642,29643,29644,29649
29648	29657,29660,29646,3409,29642,29643,29644,29649,29650,29658
29649	29643,29646,29650,3409,29645,29647,29648,29651,29652,29653
29650	29642,29643,29649,29651,3409,10003,29645,29647,29648,29652
29651	29655,29644,29650,3409,10003,29642,29643,29649,29658,29659
29652	29657,29647,29655,29660,29646,3409,29642,29643,29644,29649
29653	29660,29646,3409,29642,29643,29644,29649,29650,29658,29659
29654	29656,29647,29655,29660,29646,3409,29642,29643,29644,29649
29655	29651,29645,29652,29654,29660,3409,29642,29643,29644,29646
29656	29654,29660,29646,3409,29642,29643,29644,29649,29650,29658
29657	29648,29652,29646,3409,29642,29643,29644,29649,29650,29658
29658	29659,29643,29644,3409,29645,29646,29647,29648,29650,29651
29659	29658,29643,29644,3409,29645,29646,29647,29648,29650,29651
29660	29653,29654,29656,29647,29648,29652,29646,29655,3409,29642
29661	29644,3409,29645,29646,29647,29648,29650,29651,29652,29653
29662	45935,45966,35367,42206,1230,3200,3283,6397,8609,15552
29663	29667,29673,29674,29671,29675,29677,29678,43830,29672,35367
29664	45966,29668,29672,29666,29667,29673,43830,229,1230,3283
29665	29663,29664,29666,29667,29668,29669,29670,29671,29672,29673
29666	29668,29664,45935,45966,29669,29673,501,506,852,1230
29667	29663,29673,29664,29674,43830,29669,29672,29675,29678,36132
29668	29664,29666,29669,29674,43830,29672,29675,29678,35367,36132
29669	29674,29670,29672,29668,29675,29678,29666,29667,29673,45966
29670	29669,29674,29675,29678,1137,4092,13430,29671,29672,29677
29671	45935,29663,29670,29675,42206,45966,3200,6397,8609,15552
29672	29674,29664,29669,29663,29667,29668,29670,29673,29675,29678
29673	29663,29667,29664,29674,43830,29666,29669,29672,29675,29678
29674	29669,29672,29663,29670,29678,29667,29668,29673,29675,36132
29675	29663,29669,29670,29674,29667,29668,29671,29672,29673,29677
29676	29663,29664,29665,29666,29667,29668,29669,29670,29671,29672
29677	45935,29663,29678,29670,29675,42206,3200,6397,8609,15552
29678	29674,29663,29669,29670,29677,29667,29668,29672,29673,29675
29679	5143,7035,10490,12388,12654,13575,13578,14601,26481,26487
29680	285,1394,1397,1507,1787,2146,4398,4400,4426,4483
29681	81,13557,13573,13585,26486,29680,29682,29683,29684,29685
29682	3412,14594,14604,14609,26486,29680,29681,29683,29684,29685
29683	29685,26486,29680,29681,29682
29684	26486,13575,29680,29681,29682
29685	29683,3229,5143,7332,8718,10490,11053,12388,13557,21146
29686	8065,11555,11569,11571,11575,11577,12702,12771,12784,13034
29687	27334,27249,27344,3928,19620,19650,27262,27379,11536,15369
29688	671,15304,43207,41079,5670,15340,21785,24208,34892,43030
29689	29711,29709,29703,15304,29714,29710,43207,1841,5670,9943
29690	29701,31,12153,29689,29692,29693,29694,29704,29705,29706
29691	29697,29701,29713,31,610,8797,9485,29689,29692,29693
29692	29700,29696,31,29693,29707,29709,29711,29712,2667,29695
29693	29704,29696,29707,671,29692,1245,8797,15282,24208,41079
29694	29714,15304,43207,15340,24188,29695,29708,368,728,1841
29695	31,1230,9927,27383,29700,5933,8468,12584,12835,13072
29696	31,29693,29692,29697,29703,41079,671,16619,29712,1666
29697	29700,29696,29711,29703,29709,29710,29712,671,29691,29714
29698	13667,17557,23784,23795,25170,31,223,233,456,995
29699	29713,31,29689,29692,29693,29694,29704,29705,29706,29707
29700	29711,29692,29697,29707,29695,29712,29714,9814,29703,29710
29701	29690,31,29689,29691,29692,29693,29694,29704,29705,29706
29702	31,8797,29689,29690,29691,29692,29693,29694,29695,29696
29703	31,29689,29696,29697,29711,29712,15277,29695,29700,29704
29704	29693,31,29707,43207,671,15340,29712,29703,29714,41079
29705	31,29689,29690,29692,29693,29694,29699,29701,29704,29706
29706	31,29689,29690,29692,29693,29694,29699,29701,29704,29705
29707	29693,29700,29704,48477,18509,22639,23866,24249,28704,28736
29708	18539,22303,566,3573,6783,8532,13317,22282,23616,29694
29709	29689,31,29692,29697,29695,29703,29707,29710,29712,29714
29710	29697,31,29689,29700,29703,29709,29711,29712,24209,29692
29711	29689,29700,29697,29692,29703,29707,29712,29714,1841,29710
29712	31,29692,29697,29700,29703,29704,29711,29696,29707,29709
29713	29699,31,29689,29691,29692,29693,29694,29701,29704,29705
29714	29694,29689,29700,29707,29711,29697,29704,29709,29712,34892
29715	31,29689,29690,29692,29693,29694,29699,29701,29704,29705
29716	31,29689,29690,29692,29693,29694,29699,29701,29704,29705
29717	14244,8677,8726,13973,14203,14237,23640,23682,34566,623
29718	31,8797,29689,29690,29691,29692,29693,29694,29695,29696
29719	13965,239,13832,13917,13981,14234,26872,35731,43401,6120
29720	34176,3575,22756,34304,11387,11399,13182,23616,34159,34288
29721	6117,2680,17450,161,1670,2714,2722,3736,9170,9735
29722	41499,44256,44264,29724,44266,47425,3033,3036,8674,12519
29723	16941,16942,35570,49707,134,1754,2640,2680,3736,3927
29724	35633,16894,44310,35570,35605,44266,44279,44317,5,19
29725	3736,7269,7299,15122,29777,45927,134,161,800,1918
29726	13872,25016,25027,29767,623,626,3576,3577,9289,11395
29727	239,16861,8675,16883,16906,1031,6117,9404,13576,15356
29728	44256,41499,43435,44264,44286,44314,12147,15356,16972,19920
29729	29783,134,161,182,237,1113,2680,2957,3736,6108
29730	6117,14692,15122,29759,29869,34751,43132,48685,49584,134
29731	33466,995,1351,18998,23509,24789,27555,29751,33194,34169
29732	6214,16941,29728,29754,29784,29788,44260,44293,45834,10
29733	134,161,2680,3736,6025,6114,6117,6214,7269,7299
29734	134,161,2680,3736,6114,6117,6214,7269,7299,8536
29735	134,161,2680,3736,6114,6117,6214,7269,7299,8536
29736	6804,34205,7506,16027,19428,34288,626,6783,18338,19431
29737	6214,35621,134,2027,9637,13829,15122,16861,16909,16911
29738	29780,134,2036,8501,15356,15731,20943,29741,29753,29754
29739	16906,6214,9404,16963,16970,17436,29760,34009,2036,3926
29740	6214,11709,29747,29753,29780,132,134,161,454,2680
29741	16861,17022,239,15356,16974,29574,6109,15362,16865,16898
29742	3138,9586,10315,13801,13846,13948,14015,14029,19403,23551
29743	28,38,52,83,85,134,161,238,2542,2680
29744	44256,19,110,134,161,439,2680,3282,3736,5013
29745	34288,14047,14246,34207,19431,34176,34250,34326,11395,11404
29746	134,161,2680,3736,6114,6117,6214,6665,7269,7299
29747	26887,2680,16894,29760,29870,43175,2659,3926,12171,15731
29748	3736,6117,17450,29721,29775,110,134,161,2680,4313
29749	161,43190,49584,239,4817,6117,13973,14770,23550,29775
29750	19920,23690,9194,15175,25228,35570,20075,21556,23520,23568
29751	22921,29767,34169,43593,1351,2041,12519,13863,15175,19432
29752	6021,6045,29783,4364,6117,8721,15122,16941,17052,17436
29753	17450,2680,6214,29760,161,184,2027,3230,3736,4185
29754	15122,15731,134,1694,2680,3926,5229,6108,6109,6117
29755	6117,17450,29770,40817,134,161,453,679,1945,2680
29756	12147,29758,134,161,1404,2680,3606,3736,5200,6114
29757	5564,43303,47681,134,161,2017,2031,2036,2040,2659
29758	25222,35661,42054,2657,15356,23690,25224,30235,34418,35621
29759	17436,21855,134,9869,29747,29760,29774,29780,29806,95
29760	2680,15731,29747,43190,8501,16963,19920,26887,29260,29739
29761	134,161,937,973,1781,2194,2680,3736,4364,5944
29762	161,17436,105,134,3295,8722,9608,9616,9633,9637
29763	29788,161,2680,3736,6117,7269,15122,16941,17436,20513
29764	134,161,174,956,2680,3736,6114,6117,6214,7269
29765	5588,11402,11404,12519,13182,16027,18539,29736,34257,34484
29766	7269,7299,17450,74,95,134,138,161,218,282
29767	19427,34207,34439,34159,11383,11387,19431,34176,34179,34220
29768	6117,134,18806,26893,29721,29742,29770,29839,40242,47843
29769	134,161,2680,3736,4819,6114,6117,6214,7269,7299
29770	6117,43251,134,3743,5114,17450,20513,26891,29755,29768
29771	13872,14246,29720,2,117,134,161,284,543,626
29772	29783,8721,43145,13430,19416,26883,28050,29780,29819,43143
29773	6117,134,3736,17450,29757,29777,43638,161,243,897
29774	3736,17450,29747,29759,29760,134,161,1613,2680,4934
29775	138,161,8501,17048,24352,26869,29789,43190,166,2680
29776	29741,29780,1,109,134,161,1196,1814,2504,2680
29777	161,29749,29775,43252,43309,134,3230,6117,7269,7299
29778	7506,15207,543,34176,34304,3575,11387,11404,34179,34207
29779	12263,16861,16961,16973,17450,134,161,210,313,1080
29780	134,6117,8501,11709,15731,17436,21855,23550,26872,29260
29781	239,2680,29875,134,161,2059,3736,5008,6114,6117
29782	134,29789,161,166,2680,3528,3736,4484,6114,6117
29783	6109,29772,43560,6114,6117,8721,15386,16680,16904,17022
29784	29732,6,95,134,161,575,2680,2831,3036,3736
29785	6214,9712,12127,12147,12151,13973,18566,29749,29760,29783
29786	33559,7506,12519,13478,14204,24698,7699,24587,24546,9572
29787	134,10342,10670,10676,10730,10736,21103,26357,29783,161
29788	15130,29763,161,2680,3736,6117,7269,8122,8207,8220
29789	29775,134,8501,43179,138,161,612,2855,5644,6214
29790	3033,4332,4995,8679,8683,8688,8756,8804,9738,9740
29791	0,5,8932,12846,14005,22939,28193,29724,30691,31232
29792	2680,3736,15356,1689,2678,4934,7783,9194,15175,16680
29793	
29794	12401,19077,22091,43706,49429,13,126,2084,2665,3014
29795	
29796	87,281,439,547,660,667,686,1078,1100,1131
29797	390,5849,6117,14025,17489,20513,23077,23623,29822,87
29798	6117,9467,29719,2036,2680,3283,5803,5814,5832,5846
29799	35207,52,168,7728,9784,10301,15715,17059,18587,18613
29800	161,544,3295,3893,6113,13430,16928,16963,18935,24472
29801	14047,23616,3575,11399,19428,34176,34244,8677,11383,11387
29802	43312,2682,2827,6117,6120,12877,12897,17450,20513,30691
29803	12,87,686,704,766,1220,1404,2678,4774,4792
29804	138,26872,43349,134,2855,7425,10918,17070,24352,29229
29805	2324,17883,45927,453,575,2036,2674,2855,5862,5865
29806	9289,11405,18575,22356,34364,34641,11404,19428,22351,22354
29807	18640,6117,7989,9467,43401,166,352,2036,3230,3283
29808	9174,12122,29783,1667,2680,3039,4841,8501,10842,16888
29809	11504,11508,15113,15706,15712,24434,29598,41885,49549,2857
29810	95,159,3503,6117,8501,15122,15130,15750,17434,17436
29811	29719,87,576,807,1245,1702,2864,2876,2892,3237
29812	2678,29513,41452,237,366,660,975,1031,1670,1689
29813	14152,13967,14209,14231,14234,13976,14027,14140,14191,14196
29814	638,8685,9109,10276,17052,17123,18587,48685,49861,11
29815	
29816	4736,14271,2694,5940,5955,9810,9825,15277,15309,21294
29817	13618,9170,6108,14318,15297,166,5933,9467,15761,26877
29818	995,1458,3736,14014,23509,29719,33026,33466,35560,35621
29819	29783,26883,29719,29772,29858,43175,95,1673,2680,5188
29820	6109,12347,161,210,3161,3175,3450,4262,6142,15130
29821	
29822	20513,2680,4934,29719,433,2876,3684,8700,15731,17450
29823	14246,34762,8677,34332,34641,6783,12519,13182,14047,15186
29824	
29825	29719,2036,26872,29870,138,168,2659,2687,4934,5310
29826	0,5,20,135,623,629,2409,4999,6156,8715
29827	6804,14246,19427,34205,7506,9289,34304,19428,34364,11404
29828	16963,2680,4835,6100,6214,8722,9404,15356,16928,17022
29829	
29830	2703,24334,447,1685,1688,2640,2644,2645,2646,2667
29831	6783,9291,11399,14132,22355,23362,629,2107,5143,8677
29832	44621,3926,8900,9403,17434,29482,30526,30532,34350,161
29833	29719,43004,132,544,612,631,1416,1535,1602,2169
29834	26872,2523,4934,4935,13995,17450,20514,43190,134,579
29835	11404,22756,34204,626,11398,23616,34179,34484,6804,7506
29836	8501,26872,17046,29856,43123,4934,9153,10842,22307,29867
29837	1183,3929,8323,8675,16886,22952,23067,23856,24888,25135
29838	29860,218,166,14065,17450,19130,23623,41506,43136,43333
29839	6117,8136,138,3743,17450,18806,23623,26301,26893,29719
29840	15761,7509,13640,30269,3305,3937,8813,9794,9854,13618
29841	18823,29868,161,13926,19935,22294,26869,26872,33416,44796
29842	2036,2659,7242,7246,8492,18989,26884,27423,35678,46505
29843	13828,13889,14214,38626,1,52,1446,1950,3577,3736
29844	3734,23690,27847,29739,1,97,134,1031,1234,1613
29845	15122,43204,8721,15362,17069,29719,29853,33416,34485,38185
29846	6117,29719,43251,4934,23623,43175,243,3736,5229,8501
29847	433,547,926,966,1129,1142,1518,1688,1797,1943
29848	13998,14043,14191,14216,23695,35731,2588,14101,14237,23611
29849	
29850	2036,3450,4835,4935,15130,27780,29536,29820,43190,161
29851	1673,36537,40938,43375,19,242,439,450,713,1088
29852	19428,19431,29827,9289,11404,14242,19427,31435,34205,34304
29853	8721,15122,15362,29719,29845,34485,43204,161,165,237
29854	14191,23674,38626,14231,14234,14078,14209,14237,23638,13832
29855	29719,13501,13772,16680,17046,20480,43560,161,169,239
29856	29836,15552,134,243,897,1854,2172,2637,2659,2678
29857	52,557,2754,2864,4839,5188,6087,7639,8810,9925
29858	239,134,1689,6109,16901,16992,17022,29819,34009,3734
29859	29747,29846,43175,43251,138,166,433,2036,2680,3743
29860	29838,15130,16680,28050,29719,29759,29772,43560,95,166
29861	544,1854,4903,11654,26886,27780,29870,43488,43587,43608
29862	
29863	
29864	3205,3231,16861,239,1657,1673,2678,3612,4261,4321
29865	1245,1485,6181,6198,44505
29866	
29867	4935,17046,8501,29836,43123,3743,6114,13205,43142,43171
29868	161,29719,29841,43190,4935,9170,17450,18823,26869,26872
29869	1099,13871,14692,19141,20561,22773,34909,40425,44892,1458
29870	43145,239,6117,29719,29747,544,17022,161,1688,1783
29871	7506,11399,19427,11387,34159,34200,14246,19429,11404,13182
29872	161,6109,15122,17450,23623,43189,134,3161,3231,4835
29873	1,97,1031,1234,3301,3734,4525,7521,8685,9194
29874	2324,12154,14980,31933,33271,590,918,1423,1444,1787
29875	4247,6109,8536,16963,43335,239,4935,6038,6108,8501
29876	3736,12154,13176,17450,17492,18039,18040,18045,18806,26893
29877	
29878	22830,10987,2940,8532,10982,11250,16532,20845,20846,23465
29879	2036,2855,2059,3347,4246,10361,10987,12154,15706,17451
29880	10987,13449,16532,20845,23465,29885,29892,1860,3770,4033
29881	29890,29891,29887,44409,3770,4033,7402,12401,13449,13488
29882	21464,5722,8184,11246,11890,13404,16433,21355,22377,22386
29883	28577,28588,28591,44926,44945,44958,20845,28586,28592,29891
29884	42692,42725,2940,18358,29594,29886,42455,42703,42717,42741
29885	29880,22377,22830,29879,29882,29883,29884,29886,29887,29888
29886	7254,12333,21078,42766,48026,31978,42699,42704,42709,42730
29887	20844,25823,42866,3238,4295,12401,21935,21958,22866,25747
29888	14621,14665,14680,14636,14662,14627,14630,14634,14666,14688
29889	161,926,1137,1416,2678,2862,3878,3926,3961,4046
29890	29891,29881,7611,10987,13400,13488,14421,20569,20845,21273
29891	29890,3010,4139,4206,20844,22282,22294,22305,22883,25836
29892	29880,29887,4112,7177,10510,10698,13449,21935,22377,22830
29893	47594,1023,1100,1220,1221,1235,1897,4222,4265,8400
29894	33673,38950,3573,7506,14204,14223,16027,17941,21785,25035
29895	1778,1083,1270,1277,1289,1292,1294,1297,1302,1305
29896	14209,14231,2054,13981,14207,14138,14194,14239,23592,23674
29897	29895,29896
29898	29995,29996,30026,29997,29998,30028,30030,30031,30029,30032
29899	1507,29913,29916,29930,153,285,1356,1513,2662,3885
29900	1507,5653,5655,5664,5666,5668,5679,6956,7204,7459
29901	1507,4716,4720,4722,4726,4728,4729,4735,4740,4751
29902	29903,29910,29925,41036,1390,1392,1408,1458,1507,1614
29903	29902,29925,29930,1507,5236,6487,7204,7459,11756,12293
29904	29909,5236,8389,49545,1507,2092,2802,2904,3503,3579
29905	1110,1507,1823,1838,3037,6966,7204,7273,7459,8640
29906	1507,7204,7459,16548,29899,29900,29901,29902,29903,29904
29907	1507,3167,7204,7459,16548,29899,29900,29901,29902,29903
29908	29915,29938,1507,7204,7459,16548,29899,29900,29901,29902
29909	29904,29943,29975,1376,10658,45594,2409,5901,7242,10651
29910	5242,11756,41069,1392,5236,7813,26386,29902,29925,32355
29911	32364,48538,2223,2754,2894,2921,5498,12418,19594,19625
29912	1507,7204,7459,10976,16548,29899,29900,29901,29902,29903
29913	6660,3885,5242,6469,6976,9666,10616,23755,29930,33666
29914	772,1507,1797,7204,7459,13640,16548,24188,29899,29900
29915	29908,29938,1507,7204,7459,16548,29899,29900,29901,29902
29916	6542,3885,7039,11746,23789,32045,32361,32763,32791,35186
29917	1159,1458,1507,6450,6532,6548,6611,6621,6962,6990
29918	134,580,1507,1668,3405,3896,4516,4741,5071,5328
29919	1435,1488,4482,7035,7204,7459,7661,9043,9046,9048
29920	1507,5231,5236,6165,7204,7459,8169,8270,9528,11284
29921	29981,29986,30030,29954,30031,1507,7204,7459,16548,29899
29922	564,1484,1507,2009,3752,4288,7204,7459,7566,7617
29923	1507,4213,7204,7459,7726,9090,10774,11108,11127,11146
29924	30030,29954,30031,1507,7204,7459,16548,29899,29900,29901
29925	29902,29903,29910,918,1507,5186,5236,5924,5974,6487
29926	27059,27094,27103,27116,27120,27123,27125,27126,27069,27072
29927	140,1036,1507,1741,1772,3796,6079,7204,7327,7459
29928	8389,624,1507,2904,3437,3579,5458,6965,7204,7459
29929	30030,29954,30031,1507,7204,7459,16548,29899,29900,29901
29930	10611,13119,1545,5242,6955,9453,29913,32804,45431,49581
29931	1507,1695,2565,4401,5263,7204,7459,16548,20283,20299
29932	29911,484,852,1507,1778,7204,7459,9604,11117,12431
29933	1507,7035,7204,7459,16548,29899,29900,29901,29902,29903
29934	1404,6653,7279,13115,14529,14582,17200,17556,17999,18803
29935	23792,23881,23862,7022,7029,10701,12735,7044,12267,23778
29936	12729,1382,6623,7204,10634,11735,13138,18499,19046,35374
29937	506,507,1507,3896,4348,4352,4379,7204,7459,8200
29938	29908,29915,1507,3134,3194,3215,4642,4835,5106,7204
29939	1507,7204,7459,16548,29899,29900,29901,29902,29903,29904
29940	1507,1692,1694,1705,1776,2915,4727,5274,7204,7459
29941	1507,7204,7459,16548,29899,29900,29901,29902,29903,29904
29942	1507,7204,7459,16548,29899,29900,29901,29902,29903,29904
29943	29975,29909,29913,49545,1507,3429,3431,3579,4352,5880
29944	1356,1448,1507,1571,2694,2919,4187,6483,6531,7036
29945	1388,13160,40082,484,504,513,854,1077,1387,1434
29946	1507,7204,7459,16548,29899,29900,29901,29902,29903,29904
29947	30031,1507,7204,7459,16548,29899,29900,29901,29902,29903
29948	30031,1507,7204,7459,16548,29899,29900,29901,29902,29903
29949	29981,29986,30030,30031,1507,7204,7459,16548,29899,29900
29950	1507,7204,7459,16548,29899,29900,29901,29902,29903,29904
29951	30030,30031,1507,7204,7459,16548,29899,29900,29901,29902
29952	29981,29986,1507,7204,7459,16548,29899,29900,29901,29902
29953	30030,30031,1507,7204,7459,16548,29899,29900,29901,29902
29954	29921,29924,29929,29955,29956,29957,29958,29959,29960,29961
29955	29981,29986,29954,30031,1507,7204,7459,16548,29899,29900
29956	29981,29986,29954,30031,1507,7204,7459,16548,29899,29900
29957	30030,29954,30031,1507,7204,7459,16548,29899,29900,29901
29958	29981,29986,30030,29954,30031,1507,7204,7459,16548,29899
29959	29981,29986,29954,1507,7204,7459,16548,29899,29900,29901
29960	30030,29954,30031,1507,7204,7459,16548,29899,29900,29901
29961	29981,29986,29954,1507,7204,7459,16548,29899,29900,29901
29962	29984,29970,30026,29997,29998,30028,29954,30031,1507,7204
29963	30030,29954,30031,1507,7204,7459,16548,29899,29900,29901
29964	1507,7204,7459,16548,29899,29900,29901,29902,29903,29904
29965	1507,7204,7459,9074,11756,16548,29139,29900,29901,29902
29966	482,1507,4464,7204,7459,16548,17185,23685,25372,28641
29967	168,285,499,1413,1507,2982,4461,4499,5263,6463
29968	29981,29986,30030,29954,30031,1507,7204,7459,16548,29899
29969	30030,29954,30031,1507,7204,7459,16548,29899,29900,29901
29970	29983,29962,29980,29982,30030,29954,30031,1507,7204,7459
29971	29981,29986,30030,29954,30031,1507,7204,7459,16548,29899
29972	30030,29954,30031,1507,7204,7459,16548,29899,29900,29901
29973	29981,29986,29954,30031,1507,7204,7459,16548,29899,29900
29974	30030,29954,30031,1507,7204,7459,16548,29899,29900,29901
29975	29943,29909,49545,1507,3579,4352,5880,6965,7204,7459
29976	30030,29954,30031,1507,7204,7459,16548,29899,29900,29901
29977	29981,29986,30030,29954,30031,1507,7204,7459,16548,29899
29978	30030,29954,30031,1507,7204,7459,16548,29899,29900,29901
29979	30030,29954,30031,1507,7204,7459,16548,29899,29900,29901
29980	29984,29970,30026,29997,29998,30028,29982,30030,29954,30031
29981	29921,29949,29952,29955,29956,29958,29959,29961,29968,29971
29982	29980,29991,29992,29993,29984,29995,29970,29996,30026,29997
29983	29996,29970,29997,29998,30028,30030,29954,30031,1507,7204
29984	30028,29962,29980,29982,30030,29954,30031,1507,7204,7459
29985	30030,29954,30031,1507,7204,7459,16548,29899,29900,29901
29986	29921,29949,29952,29955,29956,29958,29959,29961,29968,29971
29987	30030,29954,30031,1507,7204,7459,16548,29899,29900,29901
29988	30030,29954,30031,1507,7204,7459,16548,29899,29900,29901
29989	30030,29954,30031,1507,7204,7459,16548,29899,29900,29901
29990	30030,29954,30031,1507,7204,7459,16548,29899,29900,29901
29991	29982,30030,29954,30031,1507,7204,7459,16548,29899,29900
29992	29982,30030,29954,30031,1507,7204,7459,16548,29899,29900
29993	29982,30030,29954,30031,1507,7204,7459,16548,29899,29900
29994	30030,29954,30031,1507,7204,7459,16548,29899,29900,29901
29995	29898,29982,30030,29954,30031
29996	29983,29898,29982,30030,29954,30031
29997	29983,29898,29962,29980,29982,30030,29954,30031
29998	29983,29898,29962,29980,29982,30030,29954,30031
29999	
30000	
30001	672,1000,1918,6637,10276,14797,16505,20463,20472,24686
30002	19220,15710,16630,19237,19247,43152,44937,46638,49550,49552
30003	8667,12633,42075
30004	3525,3530,4011,4046,4101,4206,4254,4264,4295,4314
30005	1879,2915,4008,8062,13810,15105,20821,21635,23543,23610
30006	
30007	
30008	27150,28298,44276,44949,44966,46664,49531,49712,49722,182
30009	32343,48686,850,1371,1392,1419,1428,1431,1489,1505
30010	
30011	
30012	5236,19594,19625,19635,19668,25276,34010,484,1367,1382
30013	
30014	285,1394,1507,2146,4398,4400,4426,4483,5303,6513
30015	15130,19406,45848,3230,3770,4201,4841,7402,12154,13854
30016	
30017	
30018	
30019	
30020	
30021	48321,1513,1515,1521,4776,4804,12635,12697,17525,17643
30022	12248,12291,29898,29910,29913
30023	
30024	
30025	4420,6962,6976,11722,17957,17958,20302,23717,23730,23764
30026	30028,29898,29962,29980,29982,30030,29954,30031
30027	
30028	29984,30026,29962,29980,29898,29983,29982,30030,29954,30031
30029	29898,8389,624,2904,3437,3579,5458,6965,7884,8123
30030	29898,29921,29924,29929,29949,29951,29953,29957,29958,29960
30031	29947,29948,29955,29956,29962,29973,29898,29921,29924,29929
30032	29898,8389,49545,624,2904,3437,3580,5458,6965,8123
30033	11879,22162,2517,7984,16163,31244,32412,38185,44575,13
30034	30036,30053,30065,30044,30046,30052,30060,30063,456,622
30035	27912,30062,30070,6,579,1809,2202,2501,2505,2516
30036	30034,30053,30065,30060,30063,456,622,1809,8670,18582
30037	30060,30051,30059,30063,456,622,1754,1809,3256,8670
30038	1809,23914,30034,30035,30036,30037,30039,30040,30041,30042
30039	30072,27383,30051,30055,30064,30070,32,92,362,1137
30040	28,0,16,17,24,38,67,83,85,95
30041	32050,49581,1638,4398,6639,6979,8685,9662,9701,9704
30042	30062,13,111,142,167,241,1809,1823,4364,12562
30043	16165,17761,31223,31237,35822,47024,39,147,274,593
30044	30034,30046,30052,30064,30070,1137,1809,1879,2242,3931
30045	146,7470,6143,6181,22638,30051,30062,38810,42704,72
30046	6163,25739,30034,30044,30052,30067,30068,16,110,121
30047	909,1809,2610,7461,7500,9677,12453,23914,24115,29327
30048	18841,34978,584,1809,3692,5093,5098,5144,5160,6017
30049	503,1809,2793,9969,11424,12662,15330,15333,17031,20333
30050	1809,23914,30034,30035,30036,30037,30038,30039,30040,30041
30051	30037,30039,30045,30055,30061,30062,30072,30076,1809,7470
30052	30034,30044,30046,1809,23914,30035,30036,30037,30038,30039
30053	30065,30034,30036,30063,456,622,1809,8670,18582,23914
30054	7934,16165,18298,39,147,274,593,1366,1371,1809
30055	30039,30051,30072,30076,1809,22162,23914,26130,30034,30035
30056	1809,23914,30034,30035,30036,30037,30038,30039,30040,30041
30057	30058,13,1809,23914,30034,30035,30036,30037,30038,30039
30058	30057,13,1809,23914,30034,30035,30036,30037,30038,30039
30059	30037,30060,30061,1754,1787,1809,2037,3256,3551,15173
30060	30037,30034,30036,30059,456,622,1754,1809,3256,8670
30061	2036,3091,19528,30051,30059,40633,124,437,522,594
30062	95,23061,142,146,167,1001,6169,7401,7522,8686
30063	30053,30065,456,30034,30036,30037,622,1809,2601,6531
30064	30075,30039,30044,30070,48538,1809,2140,2143,2147,2163
30065	30053,1099,19149,24860,24866,30034,30036,30063,32475,34394
30066	2501,223,995,2223,2505,2507,2544,2602,2639,7854
30067	121,1918,20462,30046,30068,1,16,53,95,123
30068	3232,30046,30067,16,123,128,133,146,164,183
30069	23586,33192,293,484,1428,1453,1734,1809,1894,2606
30070	9572,8788,18120,19079,24587,30035,30039,30044,30062,30064
30071	0,27,37,111,129,274,1383,1600,1809,2141
30072	30039,30051,30055,30076,1137,1809,1879,3931,4033,4044
30073	1809,23914,30034,30035,30036,30037,30038,30039,30040,30041
30074	1809,23914,30034,30035,30036,30037,30038,30039,30040,30041
30075	30064,48538,1809,3245,5052,6965,7279,7982,7995,16532
30076	11879,19009,19022,19105,22162,22940,24686,30051,30055,30072
30077	559,4959,7657,8511,9861,10268,10804,12983,14379,14494
30078	566,15818,17865,27166,27179,2689,2719,3721,4287,4590
30079	25791,394,612,1502,1529,1689,3004,3702,4090,4182
30080	14501,30078,30079,30081,30082,30083
30081	7549,30125,30873,14315,16007,23333,23447,25747,25764,25784
30082	4104,15410,15416,15610,16441,24128,25311,25793,74,2969
30083	579,580,3676,3937,7473,9465,10532,12317,12328,14309
30084	39189,39177,39193,39180,39183,39194,566,3714,3805,3845
30085	30086,30087,30088,30089,30090,30091,30092,30093,30094,30095
30086	581,1137,2027,2686,3926,3948,3971,4075,4086,4101
30087	30088,30090,30094,30093,30095,30096,30098,30107,30109,30091
30088	30094,39189,30093,30098,30099,30108,30087,30095,30091,30103
30089	30110,30091,39177,39185,39175,39178,39192,39194,39199,39186
30090	30094,30107,30109,30095,30098,30099,39193,30087,30091,30103
30091	30089,30110,30090,30094,30088,30092,30107,39189,30087,30099
30092	30110,30099,30107,30098,30103,39189,30108,30091,39193,3805
30093	30096,30088,30104,30109,30094,30108,30087,30098,30107,39189
30094	30090,30088,30107,30108,30109,30087,30091,30093,30095,30099
30095	30096,30090,30109,30088,30094,30104,30087,30098,30107,30108
30096	30104,30093,30095,39177,30087,39183,39193,39180,39185,39192
30097	2398,38579,38610,6094,14554,14569,15464,19211,38582,38583
30098	30088,30090,30092,30107,30108,39189,30099,30109,30087,30093
30099	30092,30088,30090,30107,30094,30098,30108,30104,39189,30087
30100	30085,30086,30087,30088,30089,30090,30091,30092,30093,30094
30101	30085,30086,30087,30088,30089,30090,30091,30092,30093,30094
30102	8593,36878,79,548,577,788,910,918,1139,1186
30103	30092,30110,30090,30109,30088,30094,30098,30107,30108,30087
30104	30096,30108,30109,30093,30095,30099,39175,39178,39180,39183
30105	12026,12647,15831,30085,30086,30087,30088,30089,30090,30091
30106	1860,4114,8531,13273,13317,22670,23439,26096,26113,26144
30107	30090,30092,30094,30108,30098,30099,39193,30087,30091,30093
30108	39175,39178,30104,39187,39184,39200,30107,39196,30088,30094
30109	30090,30104,30093,30094,30095,30098,30103,30108,39189,30087
30110	30089,30092,30091,30103,39185,39175,39178,39199,39176,39183
30111	30085,30086,30087,30088,30089,30090,30091,30092,30093,30094
30112	6487,6961,6982,11477,19607,23741,33760,1356,1431,2601
30113	25807,25790,25823,30862,548,562,4288,7181,7549,7599
30114	4046,4158,6098,8528,10407,13472,13829,15862,20643,20844
30115	138,166,168,2017,2031,2699,3503,8584,8611,12226
30116	82,2869,3496,5981,7175,13140,13472,13625,18439,18448
30117	4206,16806,22102,22152,27866,41785,363,1077,2027,2071
30118	45074,1255,1811,1951,2640,2869,2956,3394,3437,3795
30119	2017,2026,2103,11552,576,1059,1137,2073,2080,2106
30120	1613,2662,2869,5040,5229,5981,6191,7175,9148,9471
30121	8003,8004,4092,6277,8008,16452,19786,20959,22841,22851
30122	548,2869,5565,5969,5981,7175,10841,12235,12491,12549
30123	2869,5981,7175,13472,20643,25864,25922,30112,30114,30115
30124	25865,7549,25801,25807,25823,25824,7635,10500,12043,25905
30125	25747,16007,25872,27312,7599,30870,25801,25918,4048,4295
30126	2869,5981,7175,13472,20643,25864,25922,30112,30114,30115
30127	566,5080,12344,14456,26578,26604,27923,30128,1887,2084
30128	5981,30127,1887,2802,2869,4103,5080,5689,5731,6283
30129	2869,5981,7175,13472,20643,25864,25922,26493,30112,30114
30130	23447,25788,25864,4782,7635,8528,13400,16007,25747,25790
30131	10469,5089,10468,21948,22069,351,16009,22049,25747,30134
30132	14346,30125,30135,30876,30910,124,578,2027,2244,2389
30133	14615,14616,15987,30112,1382,1431,1432,2053,2869,3406
30134	22049,10500,9920,10469,39012,575,2841,4736,7651,10504
30135	30125,4295,7611,8154,10469,25747,25823,455,4048,4782
30136	2869,5981,7175,13472,20643,25864,25922,30112,30114,30115
30137	562,10468,10516,13400,30131,351,2101,2869,3560,3831
30138	5262,64,84,356,550,681,1677,1854,2027,2680
30139	2869,5981,7175,13472,20643,25864,25922,30112,30114,30115
30140	338,4443,4765,5986,6514,6543,7329,7479,8859,9949
30141	575,9820,9855,12627,12653,13654,19,1417,1428,1913
30142	21171,35740,575,615,3175,4839,4841,5995,8797,9861
30143	7612,10670,10709,10801,11569,13400,14318,14757,14880,20090
30144	20567,4717,10709,20333,26425,40344,42240,3937,3950,7612
30145	22089,41432,2827,6956,7612,9825,9861,10468,10670,10709
30146	5986,7989,30178,30195,549,5186,5498,9114,11501,12392
30147	20090,2827,7612,8156,10670,10709,10801,11569,13400,14301
30148	30155,562,10454,14880,27312,4717,5954,7611,9919,10484
30149	24258,7242,16620,23943,29552,14982,16644,18181,23944,24263
30150	30202,10801,30151,30152,30155,7612,10670,10709,11569,12341
30151	47227,14318,2802,21206,30150,338,546,1113,2092,2827
30152	7612,10670,10801,30150,30168,42971,45297,338,1613,1857
30153	18359,2242,8933,9509,9834,9841,11259,15715,18299,18363
30154	25974,535,3548,5071,7612,10670,10709,10801,11569,12348
30155	14880,27312,30148,562,2554,5960,23173,30175,30753,2827
30156	26055,38758,0,338,1405,7989,8783,10548,13280,13678
30157	338,15757,154,626,1505,4254,4314,4850,5532,5986
30158	14318,4717,7612,10477,10670,10709,10801,11569,12069,13400
30159	14264,9825,9950,10405,14324,14880,15660,20567,26337,30142
30160	7612,10670,10709,10801,11569,13400,14318,14757,14880,20090
30161	30862,14318,23381,535,13400,14372,15757,20899,23465,25764
30162	12409,1249,13400,15277,30269,41784,52,575,1245,2802
30163	338,626,3399,4850,5532,5986,7602,7612,7989,9825
30164	5052,7612,9506,10670,10709,10801,11569,13400,14318,14757
30165	25823,25864,30862,7612,14757,7644,25974,26395,42866,564
30166	34319,13948,13966,13981,13983,14015,14026,14027,14043,14065
30167	338,626,4850,5532,5986,6306,7612,7989,9825,10489
30168	30197,10670,23471,6920,7612,10801,11246,12744,12774,22034
30169	7897,45111,9910,10709,10801,13246,21205,22034,23307,25905
30170	562,11246,12043,23447,25801,30169,3094,4840,7612,7635
30171	626,7612,10670,10709,10801,11569,13400,13795,14318,14757
30172	10709,14318,18075,21281,30818,438,2204,3238,3333,3702
30173	18311,254,338,575,579,3875,4738,4981,7989,10498
30174	4112,17625,3505,3518,3525,3546,4036,4101,4118,4673
30175	30155,30826,30870,11569,14880,22239,25814,25819,30125,364
30176	562,5986,9928,21935,48043,566,606,3003,3322,3327
30177	626,4832,4850,10801,13400,14880,22513,27312,30194,30870
30178	5986,23447,25837,3937,7989,18094,23465,23932,25764,26114
30179	208,338,576,626,2255,4850,5532,5986,7612,7989
30180	7612,10670,10709,10801,11569,13400,14318,14757,14880,20090
30181	23350,628,30189,30193,30195,338,362,548,577,591
30182	13140,14318,3937,41697,338,1433,2554,2802,7509,7704
30183	338,626,4850,5532,5986,7612,7989,9825,10670,10709
30184	12679,13123,102,191,198,250,338,420,482,506
30185	23447,88,338,626,2130,2251,2252,2253,2299,4850
30186	30169,30178,30195,338,562,577,582,626,4222,4850
30187	14880,17690,18167,30178,30191,338,594,606,615,626
30188	626,12679,13400,15757,30189,30195,30200,44892,88,338
30189	30195,575,1431,2791,7989,12324,12392,12577,12679,19540
30190	22229,338,626,2819,4850,5532,5986,7612,7989,9825
30191	5995,30142,3430,4839,7989,12714,14264,16339,18118,22639
30192	30182,338,626,1305,1417,1870,2276,2294,2563,2576
30193	4850,23346,23447,23879,30181,338,626,3842,5353,5532
30194	10801,13400,14880,30177,338,626,1404,1433,3094,4832
30195	20584,30189,575,5986,7989,12679,12828,13233,14318,14411
30196	30175,338,626,2855,4850,5532,5812,5986,7612,7989
30197	30168,33299,37827,37848,40688,6935,7930,10701,18005,20869
30198	14283,23447,23465,30142,30172,30178,30182,338,535,590
30199	28612,575,5933,5986,14318,14391,14562,14880,15297,23173
30200	22773,9855,12627,12649,12679,13661,16922,17880,18301,30141
30201	20966,20969,20971,20974,20985,20991,20992,20993,21000,21004
30202	30150,6935,7457,7477,7500,12341,30140,30151,30191,123
30203	2860,2861,7665,11561,28559,29012
30204	30206,2843,2854,32402,2873,2875,2887,11536,11587,12750
30205	6851,28556,6853,6875,6881,11588,17061,28550,28554,28563
30206	30204,2843,2854,32402,2873,2875,2887,30205,47756
30207	37188,2928,5818,6108,10013,10041,10135,11797,11860,18317
30208	25187,27653,32373,1617,1797,2645,8685,27086,30213,30223
30209	44892,5588,18634,24900,38734,204,2576,3400,9841,10502
30210	8675,132,168,1031,1378,1609,1689,2644,2646,2701
30211	638,3682,4160,5588,6783,7713,8686,9715,10119,10902
30212	44069,9995,10135,35179,36695,36703,36749,36765,37215,1689
30213	8685,30208,35453,2645,4401,7758,14009,16710,19258,20302
30214	1943,22921,33554,43897,1,1114,1359,3394,4521,6893
30215	1814,27111,32626,1099,1528,2151,3230,3575,3945,6025
30216	10119,14163,30208,30209,30210,30211,30212,30213,30214,30215
30217	19,242,439,450,713,1088,1100,1673,1879,2413
30218	10119,14163,30208,30209,30210,30211,30212,30213,30214,30215
30219	44049,36870,10066,37132,39237,44178,18912,36862,37017,37303
30220	36674,37215,44055,10001,10028,36672,36735,36741,36848,37030
30221	7019,6450,6469,6487,6496,6508,6524,6600,6671,7036
30222	114,433,456,944,1534,1609,1734,1923,3573,4389
30223	35451,1797,2547,2956,11860,12444,19038,19388,30208,30379
30224	10119,14163,30208,30209,30210,30211,30212,30213,30214,30215
30225	10119,14163,30208,30209,30210,30211,30212,30213,30214,30215
30226	8683,14052,16928,910,6030,6101,8706,9404,9696,16961
30227	10119,14163,30208,30209,30210,30211,30212,30213,30214,30215
30228	18163,25224,36855,37035,37136,242,1100,7852,10053,10063
30229	20488,4053,10119,12597,13580,17995,24208,24212,0,19
30230	10119,14163,30208,30209,30210,30211,30212,30213,30214,30215
30231	1264,9770,9849,10119,14163,15316,18311,18321,18332,18634
30232	39333,39268,14008,37476,39243,41367,37448,38474,39233,39234
30233	30208,433,547,926,966,1129,1142,1518,1688,1797
30234	13616,23780,53,467,503,812,1389,1404,1492,1500
30235	35621,42054,1,2657,15175,21556,23690,25222,25228,29758
30236	10119,14163,30208,30209,30210,30211,30212,30213,30214,30215
30237	14162,14234,3575,5143,13870,13886,13898,13967,13993,14005
30238	10119,14163,30208,30209,30210,30211,30212,30213,30214,30215
30239	10119,14163,30208,30209,30210,30211,30212,30213,30214,30215
30240	10119,14163,30208,30209,30210,30211,30212,30213,30214,30215
30241	1913,7839,9102,9471,9586,9794,9850,10119,12107,12662
30242	32968,19,8667,8674,8709,8716,8765,9129,14142,15114
30243	47810,8790,8806,14391,18432,18595,20542,22599,24140,25054
30244	9847,18634,19881,35801,9780,12667,18437,30209,32039,1031
30245	9770,9793,12453,17039,18581,18634,2793,5996,8806,9784
30246	10119,14163,30208,30209,30210,30211,30212,30213,30214,30215
30247	7747,9841,14218,14231,15715,18654,21260,29780,30242,41121
30248	3875,18606,20472,23672,23822,30243,30245,41767,134,235
30249	43342,15356,16861,16865,16878,16896,29741,35570,35633,43447
30250	6304,7785,10119,14163,19388,22159,25187,25195,27086,27552
30251	9504,9909,12331,12517,13280,15312,20333,20522,40712,40714
30252	30271,4736,9912,9950,12319,12331,13645,14268,15312,15328
30253	9912,64,147,368,807,966,1048,1059,1357,1384
30254	4839,10504,28614,30264,39012,134,161,340,468,523
30255	30256,30259,30260,30273,30276,30281,351,366,2971,4990
30256	30255,30259,30273,30276,30281,366,9912,9950,12344,13645
30257	20,13840,0,29767,35585,35633,40938,43210,44846,44887
30258	523,1043,4171,4281,9882,9957,10287,10350,10473,10534
30259	30255,30256,30260,30273,30276,30281,366,9912,9950,12344
30260	30255,30259,30273,30276,30281,366,9912,9950,12344,13645
30261	5482,9105,9451,9504,10471,10536,12260,12680,15277,26380
30262	10504,15277,21273,7994,9950,10881,12308,12327,12339,13654
30263	637,9950,9973,13670,18873,18880,30261,41784,44584,52
30264	30254,3230,3246,9912,9950,10315,10469,13645,14569,15768
30265	5071,364,535,1216,1613,2827,3238,3548,4717,5294
30266	273,442,623,937,973,1781,2409,3573,4364,5944
30267	5143,2956,8681,12409,19388,35732,42218,1600,3039,3573
30268	25092,25093,25105,25112,25096,25098,25102,25114,25115,25134
30269	5928,28884,52,4717,4981,8800,10477,13640,17059,18844
30270	6181,6187,22638,25724,30269,13,503,1841,2519,2793
30271	30252,4736,6181,6198,7470,9912,9950,12319,12331,13645
30272	7651,14318,18612,20506,22542,26832,336,546,609,615
30273	30255,30256,30259,30260,30276,30281,366,9912,9950,12344
30274	9467,15761,17478,20505,43019,44446,4782,4841,5479,5933
30275	18450,11863,9912,13632,13704,17059,18449,25280,30881,40418
30276	30255,30256,30259,30260,30273,30281,366,9912,9950,12344
30277	3530,3882,3903,3926,3931,3935,3948,3958,4035,4053
30278	9912,9950,13645,15768,30252,30253,30254,30255,30256,30257
30279	18612,7509,15757,2161,2786,4841,6161,13618,17050,17489
30280	18560,30269,8797,11863,18628,24147,30279,52,154,254
30281	30255,30256,30259,30260,30273,30276,366,9912,9950,12344
30282	161,1155,1417,1689,1746,1939,1945,7850,8399,8816
30283	4439,23564,29801,186,528,987,1557,1559,1569,2603
30284	14250,14252,30285,30287,30290,30294,30295,30296,30297,30299
30285	30297,30296,14250,30295,30300,30303,30284,30286,30287,30289
30286	14250,14253,30285,30289,30294,30295,30296,30297,30299,30300
30287	9390,14250,14252,19550,30284,30285,30290,30294,30295,30296
30288	46505,131,132,1025,1944,2144,2184,2984,3450,4285
30289	14253,30296,14250,30285,30286,30294,30297,30299,30300,30301
30290	14250,14252,30284,30285,30287,30294,30295,30296,30297,30299
30291	8685,1670,2644,2646,6482,7723,7758,7805,13795,17235
30292	14250,14252,14253,30282,30283,30284,30285,30286,30287,30288
30293	2953,16836,218,1661,1778,2650,4527,5242,5387,5531
30294	30295,30303,14250,30300,30284,30286,30287,30289,30290,30301
30295	30294,30303,14250,30285,30297,30299,30300,30284,30286,30287
30296	30285,30297,30299,30300,14250,30289,30301,30284,30286,30287
30297	30285,30296,14250,30295,30300,30303,30284,30286,30287,30289
30298	14252,242,2167,2233,8287,14250,14253,19021,24777,30282
30299	30296,14250,30295,30300,30303,30284,30286,30287,30289,30290
30300	30296,14250,30285,30294,30295,30297,30299,30301,30284,30286
30301	14253,30296,30300,14250,30285,30286,30289,30294,30295,30297
30302	14250,14252,14253,30282,30283,30284,30285,30286,30287,30288
30303	30294,30295,14250,30285,30297,30299,30284,30286,30287,30289
30304	36742,36806,36811,36903,37135,10096,36698,36831,36855,36947
30305	32092,32087,32242,33194,27653,32089,3578,7329,16380,23718
30306	30286,2165,2830,4210,13128,14250,14252,14253,15530,19009
30307	30366,30321,30399,30352,30429,30338,30359,30367,30395,30415
30308	10502,13279,14969,25054,30316,30331,30339,30342,30347,30351
30309	4261,4875,4988,5224,10502,12392,13279,14277,14293,14356
30310	1589,2196,2864,2929,3548,3798,4261,4875,4988,5224
30311	30335,30351,30358,30369,4261,4875,4988,5224,6978,8685
30312	30397,30406,30321,30400,30352,30359,30367,30350,27380,30327
30313	16622,25787,30315,30318,30329,30334,30338,30351,30362,30367
30314	30379,30429,30338,30359,4261,30316,30322,30327,30367,30399
30315	30386,4875,16622,25787,27078,30313,30318,30329,30334,30338
30316	30366,30359,30399,30415,30352,30395,30367,30400,30317,30314
30317	30352,30316,30395,30359,30366,30429,4261,30327,30379,30415
30318	25787,30329,30351,30362,30367,30369,30373,30386,11840,16622
30319	26520,2802,9659,9910,10477,16622,25513,41273,52,321
30320	30367,30415,30394,30350,30355,30354,30380,30385,30392,30485
30321	30379,30399,30327,30363,30355,30422,30307,30312,30380,30361
30322	30366,30338,30314,30316,30352,30359,30363,30367,30394,30400
30323	4261,4875,4988,5224,10502,12392,13279,14277,14293,14356
30324	14271,18436,5933,9847,15285,15310,18437,18558,19,2576
30325	34205,19431,34207,34288,3573,9291,14047,19427,34204,34484
30326	14277,22508,24154,30324,33509,21,69,350,351,368
30327	30321,30359,30338,30350,4261,30355,30361,30422,30354,30380
30328	10301,351,2554,8455,13280,14969,19501,19540,23508,27870
30329	25787,30318,30351,30362,30367,30369,30386,6265,7983,8003
30330	988,1394,2596,4261,4412,4420,4447,4475,4875,4988
30331	30363,30397,30429,30354,30359,30395,30415,30316,30320,30321
30332	4261,4875,4988,5224,10502,12392,13279,14277,14293,14356
30333	3606,4261,4875,4988,5224,9707,9714,9721,9728,9733
30334	41775,42240,6934,8783,13035,14880,14921,18436,20567,27870
30335	30369,7266,30351,30373,30386,30484,5803,7667,13604,25787
30336	2554,5948,26104,30334,41703,43671,44031,44446,2204,4782
30337	9706,9713,9717,9708,9711,1237,3584,3609,3890,3906
30338	30367,30327,30352,30399,30380,27380,30404,30314,30322,30422
30339	30386,33661,30448,30472,30480,30486,10502,13134,13279,30308
30340	30352,30355,30379,30320,30338,30366,30321,30327,30350,30354
30341	30379,30320,30359,30367,30395,30397,4261,30327,30354,30355
30342	30331,30354,30363,30367,30394,30397,30429,30338,30380,30395
30343	8268,8318,8349,8397,8399,12190,30339,30369,30386,30466
30344	64,81,84,336,3583,3873,4261,4875,4988,5224
30345	30321,30397,30429,30338,30366,4261,30327,30363,30406,27380
30346	35649,2523,8233,13623,24101,30324,40978,338,1230,1435
30347	30341,30351,30366,30369,30379,30380,30472,10502,13279,30307
30348	30363,30367,30338,30394,30429,30321,30355,30395,30400,30320
30349	30397,30429,30338,30352,30366,30406,30321,30380,30307,30312
30350	30320,30327,30406,30415,30359,30352,30396,30312,30380,4261
30351	30369,30448,30477,7758,10502,17470,25787,30318,30329,30335
30352	30366,30415,30316,30338,30400,30355,30317,30394,30307,30312
30353	30350,30327,30338,30355,30354,30380,30406,30473,30307,30312
30354	30395,30320,30406,30415,4261,30327,27380,30380,30404,30416
30355	30406,30320,30321,30367,30352,30415,30327,30399,30316,30473
30356	30366,30379,30338,30355,30394,30321,30322,30327,30340,30342
30357	12618,1357,6171,9573,9770,9841,9847,9849,12584,12600
30358	5924,5996,9832,9839,13618,15297,18584,29817,351,4389
30359	30415,30316,30327,30400,30361,30394,30350,30422,30312,30314
30360	10502,30316,30354,30359,30366,30379,30380,2409,4036,4261
30361	30397,30359,30429,30327,30366,30321,30422,30338,30350,30367
30362	25787,30318,30329,30351,30367,30369,30373,30386,1849,6250
30363	30321,27380,30394,30400,30404,4261,30399,30416,30331,30380
30364	336,364,365,372,438,546,615,1918,2409,2598
30365	537,1186,1356,1787,1823,2238,3565,3950,4024,4261
30366	30352,30316,30399,30307,30322,30361,30422,30349,30392,30317
30367	30320,30406,30338,30399,30355,30394,30316,30312,30307,30314
30368	30366,30367,30316,30320,30321,30338,30352,30379,30380,30429
30369	30426,30351,30477,30397,30399,30490,9461,30335,30373,30406
30370	30386,30351,30379,30419,30422,30426,30448,30462,30472,30480
30371	26306,595,918,1137,2666,3004,4104,4113,4988,6224
30372	5933,12392,15310,16276,18437,30383,42240,43662,146,204
30373	30369,30386,25787,30318,30335,30351,30362,30367,30426,30477
30374	4261,30307,30316,30320,30367,30385,27380,30314,30317,30321
30375	10502,12392,13279,30308,30316,30331,30339,30342,30347,30351
30376	30331,30342,30366,30316,30320,30348,30352,30354,30359,30363
30377	5670,14318,14356,14403,14562,16272,30476,472,575,579
30378	27870,16280,41697,4261,7619,11208,14318,14325,14385,16269
30379	4261,30321,30416,30404,27380,30422,30314,30392,30341,30472
30380	30321,30338,30406,30320,30327,30396,30399,30350,30352,30354
30381	2490,4988,20899,30447,223,363,1077,1823,2014,2027
30382	16622,25787,30313,30315,30318,30329,30334,30338,30351,30362
30383	4875,5933,8786,10502,12392,13623,20506,27870,30328,30334
30384	9105,20333,14899,21210,25054,41775,351,457,1357,2281
30385	30320,30367,30406,30321,30338,30359,30429,27380,30312,30352
30386	30367,30379,30397,30448,30339,30366,30370,30373,30394,30399
30387	5234,13101,549,1404,1666,1797,2565,4261,4379,5260
30388	30307,30312,30316,30320,30321,30338,30349,30352,30359,30366
30389	12388,13073,13349,14264,15985,35919,37833
30390	1387,1973,6304,6979,8727,13336,15239,16876,16884,16907
30391	2226,2786,2864,3547,3763,4717,5234,5722,7608,9284
30392	30395,30429,30366,30379,30415,27380,30320,30338,30352,30359
30393	37981,44621,12636,27595,27653,30316,30331,30342,30354,30359
30394	30404,5234,27380,30320,30359,30363,30367,30400,4261,30352
30395	5234,4261,30354,30416,30316,30392,30317,30473,30307,30331
30396	30406,30429,5234,30350,30380,30321,30404,27380,30338,30354
30397	5234,30473,30312,30361,30349,30331,30345,30405,30341,30342
30398	522,562,573,2196,4201,4841,9170,9986,11166,14318
30399	30366,30321,30367,30316,30338,30307,30355,30363,30400,30380
30400	30359,30352,30363,30394,5234,30312,30316,30399,30404,27380
30401	30379,30392,30395,27380,30320,30327,30352,30397,30404,30415
30402	4698,4703,4705,4709,4710,4712,1113,1220,2281,2802
30403	7651,2238,9910,10381,18349,20899,22049,26815,45111,364
30404	30379,4261,30394,30416,5234,30363,30338,30400,30354,30396
30405	30397,30394,5234,30363,30429,30321,30359,30367,30407,30312
30406	5234,30367,30355,30312,30350,30473,30396,30354,30380,30433
30407	30321,30406,30363,30415,4261,5234,30322,30327,30355,30359
30408	30367,30379,30394,30395,30397,30415,30473,4261,5234,30314
30409	4261,9105,9467,10499,10502,14872,15761,18357,20567,23173
30410	14385,124,551,566,578,622,1719,2027,2496,3238
30411	351,579,1342,2915,3237,4104,4185,4717,5234,5776
30412	4045,7639,22091,25971,82,166,546,548,575,580
30413	22953,24512,24510,1404,12784,13795,13810,16032,16584,24665
30414	1837,4364,4439,5242,6015,6016,6019,7717,7758,8313
30415	30320,30359,30352,30316,30350,5234,30355,30354,30307,30314
30416	4261,30379,30395,30404,5234,27380,30363,30394,30327,30354
30417	533,550,2231,2253,2924,4646,4840,5050,5955,5990
30418	853,1382,1393,1400,1421,1426,1772,5307,7046,7048
30419	30394,30379,30415,30429,30448,30463,27380,30316,30317,30320
30420	6483,11757,12497,15984,17270,19120,20798,23359,23883,24075
30421	20789,611,622,5588,5960,9467,13263,13621,14264,14318
30422	30321,30379,30327,30359,30366,30338,30361,4261,30307,30367
30423	5933,575,2554,6019,9796,16111,17595,17880,18561,18609
30424	30334,30351,30369,30397,79,2867,3237,4104,5479,5681
30425	452,9453,196,5243,7347,13119,49581,49637,1350,1545
30426	30369,30473,5234,30351,30370,30373,30399,30477,30479,25787
30427	2554,5234,2523,2577,2590,2793,3937,4285,4981,5046
30428	5234,30320,30327,30338,30340,30341,30349,30350,30352,30354
30429	5234,30361,30314,30396,30307,30349,30392,30433,30331,30345
30430	37982,10613,4213,12221,25787,30318,30328,30329,30351,30362
30431	2281,2902,3428,4104,4818,4875,7209,9436,9501,9502
30432	30361,30363,5234,30331,30352,30359,30392,30397,30429,140
30433	30406,30429,30352,5234,30321,30359,30366,30415,30317,30379
30434	1110,1421,3928,4261,5314,5393,6514,6518,6520,6535
30435	14406,7639,12392,13400,14390,21171,549,1342,4832,5234
30436	5234,30426,892,8324,8335,8372,10723,12730,13722,15236
30437	575,3937,5933,14562,19501,19540,31942,33505,35726,45992
30438	4708,4713,4875,30472
30439	26429,3937,14562,1230,2786,5994,7255,7569,9890,10301
30440	22085,23304,23307,9490,11246,23306,23450,23451,5960,6165
30441	3798,7342,30310,35079,40074,47804,47821,47841,48555,48557
30442	31232,34240,45145,95,96,97,102,104,129,143
30443	551,14402,14403,37,549,566,622,1432,1661,1982
30444	
30445	14562,5234,20333,48474,472,546,557,586,3950,4736
30446	5234,340,1113,1220,2281,2437,2802,3931,4481,4871
30447	319,363,608,2996,3365,4011,5467,6326,10352,12499
30448	30386,30419,30477,30351,30397,30422,30462,30480,30481,35820
30449	5234,14271,20310,40484,98,168,575,576,578,987
30450	30447,41775,134,606,1823,2281,2802,2876,2917,4104
30451	5234,1823,2281,2917,4983,6082,7639,8782,8844,10533
30452	30486,5234,30473,30448,30479,30329,30339,30351,30396,30419
30453	8233,10532,30440,523,579,580,591,605,608,609
30454	8715,8932,12633,1220,3685,10623,10652,13160,13166,25278
30455	8797,13280,7882,12343,18099,18433,18829,20521,20531,20539
30456	575,2802,5234,7667,1230,7639,8783,9969,12060,12715
30457	291,616,2585,3873,3904,4104,4204,4234,4313,4330
30458	528,575,638,2660,2831,3879,3937,4389,4765,6015
30459	41628,52,1255,5955,9805,12107,14562,21170,35847,41767
30460	14271,23543,24661,146,339,3937,4254,5930,8068,8621
30461	
30462	30472,5234,30422,30386,30419,30448,30479,30370,30379,30394
30463	30394,30415,30419,30429,27380,30316,30317,30320,30352,30359
30464	82,951,1041,2238,3133,5934,8136,8154,8813,8816
30465	12326,12335,27870,34902,457,569,575,1244,3283,3943
30466	30339,30343,30386,30448,30452,30472,30480,30486,33661,33684
30467	5940,23430,29816,31275,32401
30468	2554,5776,12599,14277,43238,47663,47674
30469	16622,18869,18871,25787,30313,30315,30318,30329,30334,30338
30470	5234,30473,30486,33702,30426,33684,477,1388,2928,3404
30471	18869,30351,30369,30370,30379,30386,30394,30399,30419,30422
30472	5234,30379,30415,30422,30366,30394,30395,30429,30462,30474
30473	5234,30486,30397,30406,30395,4261,30327,30338,30355,30367
30474	30486,30472,30481,5234,30386,6016,30331,30339,30366,30370
30475	30448,30474,30481,1837,4364,4439,6015,6016,6019,7717
30476	9927,13280,14403,18441,31942,578,606,1216,3937,5373
30477	30369,30448,30490,30351,30386,30373,30397,30399,30419,30426
30478	16622,1113,1220,2281,2802,3931,4871,4879,4880,4882
30479	30473,30399,30419,30462,30481,30351,30367,30386,30406,30422
30480	30386,30448,30472,30339,30370,30419,30422,30462,30481,33661
30481	30448,30472,30474,30479,30370,30386,30419,30422,30462,30480
30482	
30483	22265,4133,8492,18916,27736,36925,37035,39219,41939,43377
30484	7266,30335,576,13426,25787,30318,30329,30351,30362,30367
30485	30320,30363,30366,30415,27380,30321,30359,30399,30404,4261
30486	30473,5234,30395,30415,30429,30474,30366,30316,30320,30327
30487	6142,17470,21868,29333,30386,30462,30472,36145,43310,134
30488	24386,30541,64,84,356,522,553,560,587,621
30489	25787,30329,30351,30362,30367,30369,30373,30386,30397,30399
30490	30369,30477,30472,30351,30399,30462,7758,10502,18869,30331
30491	12577,17878,20199,26492,27591,30369,30397,30448,30472,30474
30492	1099,1689,1810,1879,3734,5490,10027,12611,13722,13792
30493	0,364,523,547,1773,2545,4032,5429,6304,7779
30494	18927,18928,30492,30493
30495	8687,20445,23003,44766,49575
30496	9453,30749,452,1352,1755,2874,4328,5242,5531,6549
30497	30496,30498
30498	8687,20445,23003,30497,44766,49575
30499	2043,2496,2946,6808,9553,10341,10485,14285,19406,19422
30500	28712,29460,33557,45927,1890,2324,2674,3625,4160,4591
30501	30503,30513,30518,30519,9553,23473,30500,30507,30509,30514
30502	9553,23473,30500,30507,30509,30514
30503	30501,30504,30505,30506,30508,30510,30511,30512,30515,30516
30504	30511,30503,30513,30518,30519,605,6186,9553,11318,12715
30505	30510,30516,30515,30511,30503,30513,30518,30519,9553,23473
30506	30520,30515,30503,30513,30518,30519,9553,23473,30500,30507
30507	4103,242,1137,1148,2036,2080,2094,2849,2923,2995
30508	30520,30511,30503,30513,30518,30519,9553,23473,30500,30507
30509	30500,30501,30502,30503,30504,30505,30506,30507,30508,30510
30510	30505,30511,30503,30513,30518,30519,9553,23473,30500,30507
30511	30504,30510,30505,30508,30515,30503,30513,30518,30519,9553
30512	30503,30513,30518,30519,9553,23473,30500,30507,30509,30514
30513	30501,30504,30505,30506,30508,30510,30511,30512,30515,30516
30514	30500,30501,30502,30503,30504,30505,30506,30507,30508,30509
30515	30506,30505,30511,30503,30513,30518,30519,9553,23473,30500
30516	30505,30503,30513,30518,30519,9553,23473,30500,30507,30509
30517	30503,30513,30518,30519,285,338,362,1977,2249,2802
30518	30513,30519,30521,30501,30504,30505,30506,30508,30510,30511
30519	30513,30518,30521,30501,30504,30505,30506,30508,30510,30511
30520	30506,30508,30503,30513,30518,30519,9553,23473,30500,30507
30521	30518,30519,9553,23473,30500,30507,30509,30514
30522	6054,6062,6094,7343,14441,37981,48706
30523	218,1778,2953,5387,6233,7759,8685,9120,12444,17109
30524	6021,269,13477,14503,160,161,566,2971,4717,6034
30525	2865,11039
30526	8900,9403,29482,29832,44619,44621,48088,48142,48164,17653
30527	30528,30529,30530,30531,30532,30533
30528	30533,601,2269,2547,3971,4009,6090,10331,13498,17993
30529	30527,30528,30530,30531,30532,30533
30530	1959,1388,1400,1791,1961,1962,1975,3647,4766,5307
30531	30532,48087,48119,48158,48162,6170,48106,48108,48143,48145
30532	30531,48087,48119,48158,48162,6170,8900,9403,29482,29832
30533	30528,601,2269,2547,3971,4009,6090,10331,13498,17993
30534	22090,1904,2490,2974,2995,3931,4103,4115,4118,4163
30535	4041,4103,4173,4204,4206,9485,10510,11003,11068,11571
30536	30555,3518,3549,4011,4046,11003,22090,22153,28132,28563
30537	49531,49549,27150,30008,30554,44276,44949,44966,46664,49712
30538	22090,4033,4103,4190,4198,4202,4220,4254,4264,4289
30539	30562,30560,30585,30596,30601,30543,30544,30553,30557,30561
30540	30566,30595,30541,30543,30544,30556,30559,1186,4103,10390
30541	30544,3525,10978,15567,20563,30540,30595,126,1186,3549
30542	11605,2855,7369,7388,7390,7394,12345,15863,30551,30561
30543	30544,30540,11605,29879,30539,30541,30551,30561,338,1186
30544	30541,10978,30543,15567,20563,30540,30551,30553,30574,1186
30545	4103,11003,22090,27522,30534,30535,30536,30537,30538,30539
30546	576,1881,3115,4103,4505,5548,5551,5554,5573,5575
30547	30548,30584,30585,7389,10978,30544,30554,30555,30563,30571
30548	30547,30584,30585,11003,30544,30554,30571,30574,30577,30583
30549	4103,11003,22090,27522,30534,30535,30536,30537,30538,30539
30550	21952,30562,30601,30541,30552,30553,30556,30557,30560,30561
30551	30544,30555,30595,3920,10978,23953,30540,30541,30542,30543
30552	30540,30550,30556,30559,30566,4103,11003,21952,22090,25194
30553	30544,30556,30561,11605,12222,21952,29879,30539,30541,30550
30554	30537,30544,30547,30548,30551,30555,30571,30574,30577,30583
30555	30536,3518,22090,30551,30585,1854,3549,4011,4069,6877
30556	30595,30540,30553,11605,30541,30550,30551,30552,30559,30561
30557	21952,30539,30550,30553,30561,30562,30564,30585,30601,31122
30558	4103,11003,11598,15045,20878,22090,24051,27006,27522,28100
30559	30540,11003,21952,30541,30552,30556,30562,30567,30601,138
30560	30562,30596,30539,4103,10390,15471,30550,30553,30561,30564
30561	30585,30565,30577,11605,12222,30553,4139,7246,11018,16256
30562	30539,30560,30550,30596,30601,4103,10390,15471,30553,30557
30563	30547,4103,7389,7408,10978,11003,22090,27522,30534,30535
30564	21952,30539,30550,30553,30557,30560,30561,30566,30567,30585
30565	30561,30585,30577,12222,16256,20596,27522,30555,30556,30595
30566	30540,30552,30556,30560,30564,30595,30596,2996,2999,4048
30567	21952,30539,30540,30550,30559,30564,30601,4103,11003,22090
30568	41805,8908,14295,21166,21592,23953,30144,43163,48904,1078
30569	4516,19,1220,8401,11003,15843,19009,39012,82,222
30570	4103,11003,22090,27522,30534,30535,30536,30537,30538,30539
30571	4166,30595,3903,4046,4053,4086,4103,4135,4247,5027
30572	4103,11003,22090,27522,30534,30535,30536,30537,30538,30539
30573	7242,12936,15141,15471,46337,52,95,106,490,541
30574	30544,5027,10978,30541,30547,30548,30551,30554,30555,30571
30575	21194,43162,437,549,981,1136,1912,3305,3311,3774
30576	4103,11003,22090,27522,30534,30535,30536,30537,30538,30539
30577	30585,30561,30565,30595,7246,30542,30547,30548,30551,30554
30578	4103,11003,22090,27522,30534,30535,30536,30537,30538,30539
30579	19196,46654,49429,3931,4115,4156,12401,14919,20825,22090
30580	4075,4264,12337,21673,22090,25768,49342,338,439,1137
30581	4103,8013,8024,11003,22090,27522,30534,30535,30536,30537
30582	4103,11003,22090,27522,30534,30535,30536,30537,30538,30539
30583	30544,30547,30548,30551,30554,30555,30571,30574,30577,30584
30584	30547,30548,30585,30544,30554,30555,30571,30574,30577,30583
30585	30561,30565,30577,7246,22091,4046,4103,4289,20596,21952
30586	4103,11003,22090,27522,30534,30535,30536,30537,30538,30539
30587	202,937,973,1781,3450,3495,3537,4049,4103,4364
30588	4103,11003,22090,27522,30534,30535,30536,30537,30538,30539
30589	4139,20826,43783,336,338,457,535,536,2045,2093
30590	30593,30597,4103,11003,22090,27522,30534,30535,30536,30537
30591	4069,16215,22090,3518,3971,4103,16240,22178,3549,3920
30592	4103,11003,22090,27522,30534,30535,30536,30537,30538,30539
30593	30590,30597,4103,11003,22090,27522,30534,30535,30536,30537
30594	4264,10450,25809,1137,4115,4189,4289,11572,11645,16176
30595	30540,30556,1186,10978,16009,20563,30541,30551,30571,30577
30596	30560,30539,30562,30550,30553,30561,30564,30566,30585,30595
30597	30590,30593,4103,11003,22090,27522,30534,30535,30536,30537
30598	43560,161,202,229,239,269,551,1137,2059,2639
30599	4103,11003,22090,27522,30534,30535,30536,30537,30538,30539
30600	4103,11003,22090,27522,30534,30535,30536,30537,30538,30539
30601	30539,30550,30562,21952,30553,30557,30559,30560,30561,30564
30602	3931,22147,4234,15567,30607,6545,12401,16532,18075,19057
30603	3014,3026,3152,3329,3345,4344,5538,5550,5555,5581
30604	5555,14609,25495,30628,30637,47668,439,570,979,1823
30605	3014,3026,3329,3345,5538,5550,5555,5581,11207,25860
30606	1266,1307,8536,13572,97,143,168,541,850,1113
30607	30602,3931,4234,15843,18075,22147,1137,2680,3702,4841
30608	3238,25762,27920,713,2662,3109,3117,3119,3121,3123
30609	43967,3896,4679,5538,7018,7022,8507,8621,12719,14861
30610	1220,1689,4159,4295,14919,27364,439,1113,2996,3518
30611	30680,3014,3026,3329,3345,5538,5550,5555,5581,11207
30612	411,1100,1137,1196,1814,2027,2847,3014,3026,3329
30613	3948,4101,39631,3305,3530,3903,3926,3958,3971,4035
30614	7242,6710,25748,30638,660,3304,3412,6703,6706,6713
30615	30602,30621,2053,3466,3898,5550,8455,8508,14289,16686
30616	3014,3026,3329,3345,5538,5550,5555,5581,11207,25860
30617	15993,31145,544,662,1019,1034,1052,2068,2802,3014
30618	5550,202,8825,15982,21289,28548,30622,30658,2445,3126
30619	15297,3937,2802,9940,10671,11228,12714,12744,13267,13681
30620	52,95,120,181,182,185,192,2425,3014,3026
30621	30602,30615,2053,3466,3898,8455,8508,14289,16686,17292
30622	39652,39661,39698,39710,39633,39684,39719,16645,39636,39671
30623	8055,8058,223,537,574,1186,1356,1787,1823,1895
30624	23623,390,728,1397,1689,1692,1694,2687,2698,3014
30625	522,594,604,1216,3014,3026,3329,3333,3345,4025
30626	30654,13380,24361,30602,30615,30621,42510,123,237,299
30627	4033,4264,22090,25860,30681,555,1860,2974,3014,3026
30628	3238,4099,4279,5990,6413,9391,10987,14408,20844,22623
30629	3014,3026,3329,3345,5538,5550,5555,5581,11207,25860
30630	30677,4202,10987,22158,22199,3926,3948,4033,4035,4046
30631	7989,15843,33505,38300,40650,549,2019,2554,3950,4246
30632	30652,3014,3026,3329,3345,5538,5550,5555,5581,11207
30633	3014,3026,3329,3345,5538,5550,5555,5581,11207,25860
30634	30689,30688,12983,39684,3412,3702,12344,12647,15567,21843
30635	5550,2445,2820,3518,3549,5538,7266,24935,25860,25891
30636	4197,4246,13378,13426,13864,15843,24264,24903,25321,25836
30637	5555,30602,30604,30628,788,1077,1419,3014,3026,3329
30638	30614,30609,30628,30640,82,138,295,310,456,576
30639	4289,22103,22141,22194,74,1846,1904,2974,2995,3014
30640	30614,30638,660,939,951,1079,3014,3026,3043,3109
30641	14569,22939,1,168,211,249,439,458,660,1110
30642	2798,3014,3026,3329,3345,4844,4910,5231,5310,5538
30643	3014,3026,3329,3345,5538,5550,5555,5581,11207,25860
30644	30670,3014,3026,3329,3345,5538,5550,5555,5581,6696
30645	15099,15108,17886,31818,31838,31846,31858,31883,31898,31915
30646	26872,7392,43453,161,4835,43190,43501,44926,44936,138
30647	3014,3026,3329,3345,5538,5550,5555,5581,8492,11207
30648	38713,12645,17880,22920,22932,32505,33010,41022,41475,48510
30649	44950,28580,28584,28586,28582,28590,28591,28592,44929,44933
30650	3014,3026,3329,3345,5538,5550,5555,5581,11207,25860
30651	3014,3026,3329,3345,5538,5550,5555,5581,11207,25860
30652	30632,3014,3026,3329,3345,5538,5550,5555,5581,11207
30653	2798,2919,3014,3026,3329,3345,5538,5550,5555,5581
30654	30626,30602,30615,30621,2030,2053,2782,3466,3898,8089
30655	30618,30635,624,1169,2798,2820,2823,2946,3014,3026
30656	52,95,120,181,182,185,192,2406,3014,3026
30657	3014,3026,3329,3345,5538,5550,5555,5581,11207,25860
30658	30618,202,4500,8825,15982,21289,28548,46970,3014,3026
30659	3014,3026,3329,3345,5538,5550,5555,5581,11207,25860
30660	20563,20829,29888,42078,42084,42085,42124,42130,42139,883
30661	30686,3109,3115,3117,3119,3121,3123,5538,30608,30613
30662	5538,5547,5581,554,570,597,2034,2706,2930,3014
30663	30667,61,66,106,242,1100,1842,1943,2071,2425
30664	30613,30614,30615,30635,30661,30677,30686,1255,1329,1331
30665	3014,3026,3329,3345,5538,5550,5555,5581,11207,25860
30666	30682,372,1113,1137,1842,2375,2999,3014,3026,3329
30667	30663,61,66,106,126,242,364,557,1100,2032
30668	154,442,934,971,2244,3014,3026,3329,3345,3685
30669	5071,30682,43730,47632,66,222,223,232,362,589
30670	30644,3014,3026,3329,3345,5538,5550,5555,5581,11207
30671	3014,3026,3329,3345,5538,5550,5555,5581,11207,25860
30672	1137,3014,3026,3329,3345,3903,5538,5550,5555,5581
30673	36469,43456,3230,16630,26872,34157,40739,43145,43314,44926
30674	3014,3026,3329,3345,5538,5550,5555,5581,11207,25860
30675	3014,3026,3329,3345,5538,5550,5555,5581,11207,25860
30676	30631,48267,52,535,596,1069,1357,1950,2529,2820
30677	30630,10987,4033,11620,11648,12401,20596,25791,3948,4053
30678	15895,20563,4590,13426,13536,21855,22830,38918,42888,444
30679	3014,3026,3329,3345,5538,5550,5555,5581,11207,25860
30680	30611,3014,3026,3329,3345,5538,5550,5555,5581,11207
30681	25860,30627,202,555,2346,2948,2974,3014,3026,3329
30682	20569,43695,43729,43791,43796,14911,27526,30750,30773,43712
30683	3014,3026,3329,3345,5538,5550,5555,5581,11207,25860
30684	3014,3026,3329,3345,5538,5550,5555,5581,11207,25860
30685	3014,3026,3329,3345,5538,5550,5555,5581,11207,25860
30686	30661,5538,30608,30613,30614,30615,30635,30664,30677,2820
30687	566,677,2986,3014,3026,3329,3345,4163,5078,5089
30688	3412,9976,24556,30634,39631,39643,39644,39690,39697,39719
30689	30634,3702,7242,15567,15843,22147,24264,30602,30607,30688
30690	4197,13499,13864,24264,25321,29189,29210,522,621,663
30691	26395,44446,0,98,2825,3565,5960,8932,10498,13621
30692	19,439,667,1085,1113,8685,11562,15712,16532,19150
30693	32050,1366,27736,32071,1085,1856,6304,8685,10240,12633
30694	42911,9453,32045,5236,5242,5243,6979,9439,23731,35673
30695	26425,34909,1405,2179,4139,4503,4717,4781,5498,5924
30696	7011,26425,1405,2179,4139,4503,4781,5960,7612,8328
30697	49606,5242,49577,5241,5531,6979,8727,10616,32354,48344
30698	28381,9920,22049,30134,4736,5142,7511,7651,13544,44426
30699	4139,4148,522,1405,2179,4503,4781,5960,7011,7612
30700	11018,18841,26851,35559,48792,105,133,503,973,1366
30701	30815,30732,30756,30730,12719,30706,30828,30863,40126,40134
30702	1405,2179,4139,4503,4781,5960,7011,7612,10453,10479
30703	30745,30729,30718,30870,30728,30755,30756,30764,30814,30715
30704	11569,27249,1366,1405,2179,3714,4139,4261,4503,4736
30705	8400,8418,8423,12308,14284,23207,29622,41633,42697,42702
30706	30815,2179,30701,30718,30728,30796,30863,30870,30703,30729
30707	9701,19714,28652,30714,147,238,242,293,512,1083
30708	30714,1114,1366,1405,2179,2337,3714,4139,4503,4736
30709	15843,24446,18181,21843,24264,39633,39654,3931,4234,6545
30710	5960,10392,25823,1405,2179,4139,4503,4781,5954,5988
30711	20471,44405,1405,2179,4139,4503,4781,5960,6961,7011
30712	43235,4139,9885,12049,22338,25490,30862,38983,562,1405
30713	1405,2179,4139,4503,4781,5960,6085,7011,7612,10453
30714	5243,6979,5531,8687,9701,10616,25276,41069,5236,11756
30715	30718,30729,30703,30745,30792,30755,30764,30766,30815,30870
30716	10469,30870,7549,10500,25807,25819,25823,25824,20569,25801
30717	1366,1405,2179,3050,3107,3714,4139,4503,4736,4763
30718	30815,30703,30730,30732,30766,12719,30715,30706,30828,30863
30719	22564,2802,9882,10479,10500,12067,13654,30793,38703,45981
30720	11576,25788,25864,660,1405,2179,3451,3456,3505,3519
30721	2249,26267,7612,10865,45438,2694,4736,6802,6920,9553
30722	10453,25824,30716,30870,551,639,1366,1405,2179,2249
30723	26254,30724,1405,2959,4139,4410,4503,4781,5960,6599
30724	2179,4503,18436,30701,30718,30723,1405,1586,2413,4139
30725	10500,25823,25864,1366,1405,2179,3714,4139,4503,4736
30726	1366,1405,2179,3714,4139,4503,4736,4763,4781,5954
30727	1366,1405,2179,3714,4139,4503,4736,4763,4781,5052
30728	2179,30889,30744,30755,30772,30814,30870,30703,30706,30730
30729	30703,30870,30756,30772,30815,27312,30814,30715,11756,30706
30730	30718,30792,30701,30744,30889,30728,30870,2179,30703,30755
30731	615,2798,4046,4246,7257,8068,8760,9962,10473,11005
30732	30701,30718,2179,12719,30764,30889,30772,30815,30728,30706
30733	27733,30124,30125,30870,366,541,7549,7566,8783,10500
30734	622,2092,10500,12328,25974,27525,45828,202,546,624
30735	
30736	13115,17450,1216,3873,5049,9872,10484,12438,13147,13214
30737	2070,42542,43207,134,161,364,662,1940,2409,2802
30738	10405,12783,13153,19210,25527,45438,45457,45488,362,1220
30739	236,1230,1405,2179,4139,4503,4781,5960,5988,7011
30740	30814,2179,30745,30764,30701,30703,30718,30728,30732,30875
30741	33236,39,578,1417,4716,5588,7002,8797,12514,12636
30742	28486,5689,5711,5720,5731,42078,5704,5713,20004,20046
30743	236,1405,2179,4139,4503,4781,5960,5988,7011,7612
30744	30889,2179,30728,30764,30772,30870,12719,30730,30755,27312
30745	30703,30756,30814,30870,27312,30766,30715,30740,30828,26254
30746	24100,37972,37997,38089,38092,38093
30747	3692,7524,9787,24591,24611,24686,29326,35071,35105,40506
30748	1405,39256,236,594,1137,2179,2331,2991,3560,3958
30749	5243,6962,5242,7024,11756,2914,25276,49577,1366,23718
30750	30862,25864,30125,25788,27312,535,5071,10500,12067,14346
30751	10500,12029,22839,25814,25823,25824,30716,30775,30840,366
30752	236,1405,2179,4139,4503,4781,5960,5988,7011,7612
30753	9919,16350,30155,562,5954,10454,10484,13544,14691,22511
30754	
30755	30792,30764,30728,30703,30744,30814,30870,27312,30772,12719
30756	30745,30729,30792,30701,30764,30703,30814,2179,30755,2959
30757	
30758	30701,30718,30745,30755,30766,30792,30889,12719,27312,30703
30759	10499,10500,26425,21,69,236,350,351,368,546
30760	12248,12288,12294,2802,12270,12271,12714,16861,16914,17009
30761	20082,2882,20136,387,439,1854,2820,3943,4159,4850
30762	10492,11244,13400,14390,21926,27312,30793,30878,49412,82
30763	2648,8353,14400,27312,30870,33453,36383,39948
30764	2179,30755,30732,30744,30756,30703,30828,30863,12719,27312
30765	30706,30723,30796,30815,30828,30863,30870,2179,11756,30701
30766	30718,30745,30792,30703,30764,27312,30715,30728,30744,30758
30767	20790,5343,8433,8957,11912,21705,22143,25458,27219,30870
30768	5093,5936,30569,35353,47685
30769	30723,30729,30745,30756,30764,30772,2179,2951,2959,12719
30770	
30771	27478,25759,25779,138,468,542,660,1564,1676,2092
30772	30889,30729,30870,30728,30744,2179,30732,30815,12719,30755
30773	2827,10469,22049,25788,25866,7611,7651,9920,12044,12048
30774	30868,12401,20569,30871,4115,4202,4264,4289,11570,22124
30775	10500,25814,25823,25824,30751,366,541,7549,7566,8783
30776	35933,35940,35945,35950,35959,35960,45748,236,457,542
30777	1409,3422,4397,4734,6543,6958,6973,6976,6985,7011
30778	20471,30711,30809,30876,30910,236,582,608,1405,2179
30779	16532,79,339,528,572,638,762,766,792,892
30780	1681,2990,4049,20864,22239,28015,28019,45911,45943,364
30781	11562,12798,27312,30870,2249,4036,5766,6397,6925,6934
30782	13979,14205,13846,14117,14203,14206,16539,23672,44857,454
30783	4104,22505,22866,33624,49946,19,229,601,660,748
30784	27312,7994,25807,30870,5924,12227,24096,25863,47335,347
30785	5689,5711,5720,5731,28486,28504,42078,5713,20004,20046
30786	12647,21283,23741,44626,3593,3943,6487,6955,6977,6982
30787	3937,26425,579,12328,15556,18436,5265,7651,9986,10468
30788	
30789	6985,12647,12649,14277,23923,33666,39836,42319,45689,87
30790	6100,10500,19975,30802,38991,236,744,1220,1405,2179
30791	9770,11220,236,1405,2179,4139,4503,4781,5960,5988
30792	30755,27312,30756,30730,30855,30766,30856,12719,30715,30875
30793	562,10500,11369,13400,14302,23483,27312,30719,39012,2101
30794	4104,6594,17990,23866,30750,30853,39672,46821,134,229
30795	30879,21198,6961,21283,30870,39370,254,321,362,541
30796	30815,30870,30706,30814,30855,30856,30875,2179,30701,30703
30797	550,11598,11604,11622,11623,11627,11625,2179,2951,2959
30798	
30799	4201,9920,10507,11522,11883,21000,21017,21926,22564,24665
30800	562,16350,18436,30324,3943,4738,5954,5960,7351,8436
30801	28385,28404,28409,28449,28467,10389,28441,28446,28461,28469
30802	1244,1849,5960,6052,6130,6250,6255,6268,6935,8436
30803	10314,22090,22195,3733,3931,4045,4048,4101,4115,4289
30804	
30805	5242,6959,6960,6968,7042,7044,10616,25300,26386,32355
30806	9770,10498,11220,30384,41775,316,549,559,575,579
30807	30880,47936,30822,47884,47901,47925,47890,47912,47973,47931
30808	9153,138,166,8501,26883,2687,4875,7918,8323,9171
30809	30931,5724,42080,42088,1137,3004,3206,4129,4135,4138
30810	28381,351,622,3547,4782,7608,8013,9045,9950,10469
30811	10987,22158,3931,4295,20844,25754,660,2084,3004,4041
30812	21961,25619,30870,30884,30898,229,2997,4036,4104,4737
30813	615,5960,9105,9861,12067,12331,13644,13676,15312,16400
30814	30745,2179,30728,30729,30740,30703,30755,30756,30855,30744
30815	30701,30718,30889,30729,30706,30732,30772,30796,27312,30744
30816	5569,5641,5833,6802,7250,7472,7477,10500,10651,10657
30817	7630,9920,22564,28381,44426,98,364,534,549,2226
30818	22069,3937,4139,4234,9928,10801,16240,18511,22147,35004
30819	11916,21672,319,569,2185,3210,3485,4171,4644,5262
30820	13544,21586,22037,22827,27312,30818,30824,236,1405,2179
30821	2929,8478,4182,4839,7602,7651,9920,13572,20577,24142
30822	30807,30880,47884,47925,47893,47908,47949,47956,47900,47901
30823	236,1405,2179,4139,4503,4781,5960,5988,7011,7612
30824	13544,5960,9393,2802,3831,6515,6654,7651,8436,9398
30825	30750,236,1405,2179,2249,4139,4503,4781,5960,5988
30826	30175,30870,5071,5995,14456,25863,25873,27312,30862,2092
30827	10342,10453,4104,10500,10801,25864,27312,30862,576,580
30828	30764,2179,30701,30718,30745,30703,30728,30732,30772,30889
30829	12401,27394,27418,27424,27440,10987,20596,22152,22154,22163
30830	223,366,560,575,622,1216,2827,2975,3770,4080
30831	4738,5954,98,562,2554,2841,3560,3831,3937,3943
30832	47966,30880,47922,47929,47951,47964,47968,30807,47895,47925
30833	30885,4069,3543,3549,3958,4101,5265,10670,14531,20484
30834	12248,12263,12271,12279,12282,4516,5056,12270,12280,12290
30835	38264,42821,4044,4590,8475,8520,14396,21958,22162,25955
30836	11369,22078,22089,28025,5766,5934,6328,7630,9919,11576
30837	7022,7036,7019,44761,6991,7041,39394,1382,11757,14823
30838	13621,14385,16067,750,1382,1680,2993,4139,4174,4223
30839	362,3463,3541,11357,12262,12263,12282,12292,12774,18803
30840	30125,7549,10500,12029,25872,25926,30716,30751,366,541
30841	11614,25845,30614,30760,30846,32,90,236,499,770
30842	30920,548,4182,7983,8003,8004,8008,10705,10760,11678
30843	8954,11904,11916,236,319,1405,2179,4139,4503,4781
30844	338,560,2428,5226,6158,6175,9386,9460,10235,11427
30845	45438,542,1111,1657,1919,1928,2092,2174,2427,3376
30846	5080,14456,39697,3412,5960,7690,8316,10479,10500,12060
30847	26429,30822,30852,47878,47941,47944,47956,12266,20869,30880
30848	236,1405,2179,4139,4503,4781,5960,5988,7011,7612
30849	
30850	20853,25807,562,4139,4295,5061,7651,11878,14390,25864
30851	16350,8508,10454,11576,12715,13404,22075,25476,27312,30818
30852	14498,2773,5262,30873,48759,48772,48775,4202,7639,11220
30853	229,4104,4419,10453,12226,12744,13115,14293,18001,23480
30854	19786,4080,7635,15694,16440,25332,25973,26069,28562,33624
30855	30792,30814,30856,30796,2179,30706,30764,30875,30701,30703
30856	30792,30855,30870,30796,30814,6514,6621,30706,30875,1356
30857	13544,18436,44746,562,4048,7549,7611,7651,7679,8154
30858	3903,1137,3920,3931,4053,4086,4090,4206,4234,4264
30859	30893,689,897,2062,2838,3845,4034,5820,6172,7458
30860	10987,4069,14390,3931,3948,3958,4202,4234,4246,14421
30861	10403,12388,23440,30716,30832,30925,34086,46840,47878,47890
30862	25747,7635,7612,25764,30750,14757,25788,7599,7644,23447
30863	30764,2179,30701,30706,30718,30703,30728,30732,30745,30772
30864	4295,4048,22161,20845,22090,22163,22198,3958,4163,27866
30865	2413,4011,8859,10240,20465,22265,40506,47745,49946,222
30866	29232,4163,6402,6415,6417,6423,6428,8003,21958,48673
30867	7612,10500,11576,14382,25824,25864,30862,44031,7549,7635
30868	30774,20569,30871,3518,4202,4295,12401,22136,23235,28144
30869	522,554,570,574,576,597,598,619,910,1084
30870	27312,28381,30125,30729,30745,30889,30772,30703,30716,30728
30871	30774,30868,16532,20569,23179,29217,44448,185,249,458
30872	11018,4279,4115,4264,8008,11612,11649,22158,30925,1137
30873	2773,30081,30852,48759,48772,48775,161,4295,7549,11220
30874	134,1511,2409,2708,2802,3836,4765,4770,6195,6204
30875	30792,30815,30870,30740,30796,30855,30856,30701,30706,30718
30876	14924,27312,30132,30778,582,608,2820,2823,2892,3472
30877	20471,21961,30818,198,566,582,608,3549,3931,3958
30878	10534,13501,30762,41742,52,82,109,134,161,265
30879	30795,9930,21283,30786,30870,47696,254,362,384,541
30880	30807,47925,30822,47939,47884,47927,47890,47967,47973,47901
30881	15297,13618,4782,9839,11863,22697,24149,9007,13280,13681
30882	27312,7646,10500,10841,20793,22083,25747,25801,25817,25823
30883	23483,11635,13257,16007,27312,30870,38260,366,541,612
30884	30870,522,1832,24027,26565,27312,30812,595,2820,2823
30885	30833,14421,522,615,2929,3991,4201,4841,9170,12328
30886	2179,11756,30701,30703,30706,30718,30723,30728,30729,30732
30887	32355,10616,13119,23770,49630,3885,5241,32354,9453,13278
30888	1347,1408,1417,5250,16836,17896,23789,32366,32418,49581
30889	30744,30772,30815,30870,30728,30732,12719,27312,30730,30706
30890	910,6042,7444,14797,19909,23200,27312,30870,45057
30891	
30892	5243,49581,49591,196,238,452,1114,1350,1366,1428
30893	30859,168,433,689,973,1016,1106,1538,1633,1665
30894	3456,5102,5590,5937,7452,9974,10824,12414,13840,13873
30895	81,202,797,1306,1313,1436,1860,1911,2543,2830
30896	21171,622,4717,5089,6778,7994,11612,13231,14534,14803
30897	52,557,2754,2864,4839,5188,6087,7639,8810,9925
30898	30812,7599,13536,21961,25619,25992,30870,30876,30884,30914
30899	11105,11092,11122,11110,11136,36388,11107,11109,11114,11131
30900	351,64,84,124,575,1230,1809,2041,2443,2451
30901	
30902	134,169,243,1450,4467,5874,6958,8954,11107,11948
30903	6928,14462,52,347,534,1255,1668,2070,2786,2820
30904	58,72,1375,1392,1550,2036,2869,4529,4725,4934
30905	694,696,758,762,783,910,1625,3910,4053,5681
30906	21,2018,2426,2798,4036,4664,4876,6984,7012,8034
30907	39157,49581,1455,5236,23729,23755,26254,30887,32004,40398
30908	
30909	25537,25583,113,411,444,550,1100,1137,1196,1814
30910	11649,21942,30132,30778,30835,575,2623,4025,4048,4069
30911	2179,30701,30703,30706,30718,30728,30729,30732,30740,30744
30912	4264,5231,6934,10469,20567,21166,21208,30719,36027
30913	31880,31870,31889,31843,31882,31849,31857,31846,31848,31860
30914	30812,30870,30884,30898
30915	2179,30701,30703,30706,30718,30728,30729,30732,30740,30744
30916	351,362,562,2735,4738,5071,5954,7630,8175,9919
30917	2959,13327,30701,30718,30723,30730,30745,30756,30764,30792
30918	
30919	366,375,3541,3547,4717,8198,9412,9415,9487,11162
30920	30842,548,4182,7983,8003,8004,8008,10705,10760,11678
30921	30701,30718,30723,30764,30792,2959,13327,30730,30745,30756
30922	2993,4173,4289,8101,22090,43810,201,562,606,1137
30923	569,1860,2802,3374,4095,4139,4955,5089,7479,10469
30924	
30925	27312,10987,25822,30872,1137,4048,4279,4287,4295,9920
30926	
30927	4201,9920,10498,10507,11522,11883,15843,16176,21000,21017
30928	25914,10469,20793,21867,25747,25899,29887,30125,535,1085
30929	
30930	21914,29232,8004,4240,6413,612,4302,6417,6427,16009
30931	30809,168,204,1666,1670,1679,1685,1688,1705,1736
30932	
30933	27312,30703,30715,30718,30723,30729,30745,30755,30766,30792
30934	2179,3007,4182,6116,9391,13722,16915,19999,21915,29232
30935	23872,23886,23874,13667,23866,23867,23892,1347,7930,23854
30936	2820,2823,2892,3933,4078,8076,8101,10408,11031,11890
30937	11192,19904,562,615,621,2554,3831,5138,5954,5960
30938	596,4850,7473,10723,22589,28381,47504,98,553,606
30939	7509,15297,17359,17059,18846,5809,14271,14391,15761,17362
30940	2176,7280,27383,27388,32,13117,21077,34875,42699,0
30941	920,12060,12328,12511,14386,14931,23127,30993,31005,44746
30942	17779,36562,74,686,911,916,920,1220,1520,1725
30943	6482,6542,6456,6536,6671,6483,6600,6611,38206,39157
30944	6654,6450,6626,23791,47874,6472,6532,6653,17785,19557
30945	6456,6494,6496,6508,10701,19034,24456,30944,30951,30964
30946	4222,19,548,638,686,911,916,920,1045,1100
30947	6626,16673,29168,30962,30964,30973,32366,37861,38211,39
30948	8774,20869,674,686,850,911,916,920,1220,1492
30949	6574,6577,30962,35978,37841,6587,6626,11723,35991,37827
30950	916,10701,23883,39394,1220,6496,6508,6575,12790,12885
30951	4509,6654,10701,1772,6623,11757,11808,18005,18024,28725
30952	6654,10821,39473,12463,14818,40606,41106,6472,6611,10628
30953	40678,911,913,916,6173,14819,24456,30949,30957,30973
30954	686,911,916,920,1220,2656,2915,4509,6934,7438
30955	916,31010,920,6574,30961,30964,30976,30981,30993,31005
30956	6589,48359,12836,1520,4741,6452,10701,23718,282,1356
30957	30991,916,10792,30983,911,4509,6626,18016,19034,23747
30958	23471,24487,37857,12714,17556,36150,37875,45481,6575,10670
30959	6654,30952,2915,4509,7028,10628,10701,16067,18013,30984
30960	6493,6514,6524,6620,6976,6977,6982,7047,10611,10701
30961	7466,30976,39491,39525,916,24456,30962,30993,39481,39519
30962	37843,37874,6609,24396,30949,37846,37851,37888,6452,6565
30963	23484,916,7022,40519,6523,6574,6991,7025,7029,7204
30964	6514,6452,39523,40519,6626,37839,38201,39481,1520,6531
30965	686,911,916,920,1220,2915,4509,6934,7438,10701
30966	916,917,31001,39491,39527,24364,39501,39519,39541,40519
30967	10613,11477,23792,28672,30974,31005,38210,40664,920,1431
30968	7057,7337,30992,39581,45407,686,911,916,919,920
30969	22633,29592,29594,45468,7466,12826,17575,17970,23799,24449
30970	27720,1357,4096,4769,5086,9394,11254,14913,17880,20594
30971	30961,30962,40550,48458,6,285,686,911,916,920
30972	30969,621,686,911,916,920,1220,2915,4509,4647
30973	30964,39475,911,920,6173,6452,6490,6523,6531,10701
30974	30967,31005,920,30943,30966,30987,686,911,916,919
30975	29898,686,911,916,920,1220,1409,1414,1515,2915
30976	39481,916,11139,7466,28820,39526,39533,30961,30966,30993
30977	11752,44671,49577,11790,13119,32804,33143,41069,49581,49637
30978	686,911,916,920,1220,2552,2626,2915,3216,3463
30979	916,31005,30982,31010,39524,40910,41334,41338,41347,920
30980	29633,17971,30952,30999,38234,47762,686,911,916,920
30981	916,23883,30984,6531,30962,30964,30993,30996,39491,920
30982	916,920,31010,31018,30979,31049,39481,39491,7588,20191
30983	30984,916,24456,30957,30996,31010,31016,39481,39528,911
30984	30996,917,30995,7588,11094,31001,39533,11795,24456,31048
30985	10701,30992,18005,18502,23722,30944,30949,30988,40528,208
30986	30964,30962,39481,10821,913,916,919,7043,14819,15588
30987	30943,920,30974,30991,31005,686,839,843,911,916
30988	30949,18005,23791,30958,30964,30979,30985,30995,31008,37875
30989	686,911,916,920,1220,2915,4509,5806,6934,7438
30990	18309,31270,1432,4527,11721,14454,15594,17189,19506,39584
30991	30957,30943,30953,30982,30983,30987,31001,31010,31016,686
30992	10701,6600,38227,6458,7057,37890,38235,38680,40668,6452
30993	30995,39518,917,31001,31026,39504,11094,31005,31039,39511
30994	52,686,911,916,920,1220,1417,2063,2523,2782
30995	39523,30993,30984,6654,39567,6623,17575,24364,39495,39540
30996	30984,917,31001,31035,31047,39518,39528,11094,20191,31010
30997	686,911,916,920,1220,2915,4509,6934,7438,10701
30998	686,911,916,920,1220,2915,4509,6523,6934,7438
30999	6785,7852,13790,18803,23799,23958,29633,30969,30980,82
31000	686,911,916,920,1220,2915,4509,6934,7438,10701
31001	917,6609,30993,39518,39567,30966,30984,30996,39546,31026
31002	686,911,916,920,1220,1407,1438,1787,2915,4509
31003	24134,254,362,541,686,911,916,920,1220,1423
31004	24428,30952,31015,39479,40850,45557,45588,45672,45687,686
31005	916,920,30993,39504,30979,30984,31033,30967,30974,30996
31006	916,5402,30958,30962,30964,30986,686,788,911,920
31007	40400,6642,6653,23866,4527,6648,14446,17575,18501,19218
31008	30949,30958,30964,30988,686,911,916,920,1220,2915
31009	686,911,916,920,1220,2915,4509,6934,7438,10701
31010	39523,39481,920,30996,39504,39567,30982,31035,33333,39526
31011	4509,7882,18809,24162,42897,47804,383,578,686,694
31012	916,30979,30993,31001,31005,31010,686,911,917,920
31013	17971,29633,30969,686,911,916,920,1220,1421,2915
31014	916,911,19553,30957,30962,30964,30979,30982,30983,30984
31015	4509,14818,16623,25791,30952,30969,31004,40610,41106,45565
31016	30984,31001,916,920,7588,24456,30983,30996,31010,31018
31017	916,6934,9553,10176,10701,11686,18005,18803,20869,23883
31018	916,7588,20191,30982,30984,918,920,31016,31033,31049
31019	37841,39532,8217,35991,40758,6523,6623,11100,12728,18502
31020	1406,1432,1515,4527,6034,6479,6515,6563,6592,6631
31021	
31022	31035,31010,31049,30982,31001,31016,31060,31061,31062,39518
31023	41012,41702,8180,9471,9943,16271,17979,19137,29629,30960
31024	47804,47839,11863,24151,7479,9940,20506,24140,41697,42855
31025	855,12714,24422,24428,24442,24455,24458,38234,672,1441
31026	918,30993,31001,31056,39518,39567,39491,39523,20191,24456
31027	
31028	913,39540,40659,911,916,14832,30953,39541,39543,40560
31029	920,30993,30996,31026,31039,31062,39567
31030	41386,916,14857,23506,39491,41335,362,1426,1441,4527
31031	6556,7950,11714,11718,11723,11785,11794,17958,27028,33306
31032	39546,916,917,918,919,1426,1698,7019,7466,7588
31033	31005,31018,916,920,30982,31016,31030,31050,39491,12272
31034	913,915,1417,1426,1860,3250,3377,3432,3656,4679
31035	918,30996,31001,31056,20191,30984,30993,31010,31022,31048
31036	30996,31035,31062,916,917,919,920,1407,1520,5397
31037	93,367,368,385,732,739,762,1129,2413,3394
31038	
31039	30993,916,30996,918,31010,31030,31035,31056,31061,31062
31040	31005,31010,916,30979,31026,39528,39541,917,918,1918
31041	43016,1186,1904,2042,3505,3684,3714,3729,3733,3742
31042	17103,10924,12878,12916,13870,14064,16172,16623,17288,17979
31043	
31044	
31045	918,37884,40418,6626,30996,31048,916,1520,3377,6563
31046	39521,6669,7204,11139,11142,14135,14333,14857,17195,17772
31047	39481,916,30996,39526,20191,33333,39523,39528,39570,918
31048	918,30984,31050,33333,39481,39526,20191,31035,31047,39491
31049	30982,31016,31018,31022,40917,916,920,6487,7702,19529
31050	31048,916,30984,31035,31056,39475,918,31055,39491,39523
31051	37,1432,1661,1982,2902,2924,4400,4527,6202,6570
31052	916,20191,30996,31047,31048,31050,31056,39475,39523,39528
31053	24422,24441,24467,12344,18932,24432,24446,40850,46319,855
31054	6665,7936,10821,12878,16172,16623,17103,17556,17979,18445
31055	920,30984,31048,31050,916,30996,31010,33333,39481,918
31056	39475,39481,918,30984,31026,31035,39518,39543,24456,30995
31057	916,30993,30996,31035,31048,918,31047,31050,39475,39523
31058	913,918,1159,3931,4527,6450,6458,6481,6537,6579
31059	31049,913,915,916,920,1417,3250,6487,6579,6599
31060	31005,31010,916,20191,30982,31022,31035,31061,918,920
31061	31010,916,920,31005,31022,31035,31039,31060,39518,918
31062	920,30996,31005,916,30964,30982,30993,31016,31018,31022
31063	3885,6962,1352,1356,1375,1422,1428,1431,1453,4398
31064	11484,4053,4189,24423,1114,4044,4046,4085,22124,23305
31065	31085,31096,31097,31104,31107,31129,31067,31109,11484,31124
31066	31069,31075,31077,31083,31084,31086,31087,31089,31094,31095
31067	31083,31094,31095,31065,31070,31096,31069,31087,31104,31068
31068	31072,31089,31111,31097,31138,31083,31094,31129,31091,31076
31069	31085,31083,31095,31097,31077,31132,31101,31104,31108,31086
31070	31072,31138,31108,31106,31091,31097,31102,31104,31114,31067
31071	31065,31067,31070,31075,31083,31085,31087,31089,31094,31095
31072	31108,31068,31070,31112,31084,31109,31111,31075,31077,31107
31073	31065,31066,31067,31068,31069,31070,31071,31072,31074,31075
31074	31065,31077,31082,31083,31087,31089,31095,31102,31107,31108
31075	31110,31112,31072,31084,31096,31108,31138,31077,31104,31114
31076	31101,31072,31083,31094,31118,31068,31089,31095,31129,31138
31077	31110,31085,31096,31107,31069,31072,31094,31114,31068,31075
31078	971,1022,14782,15175,23690,25187,25228,25256,31068,31075
31079	8737,12835,503,638,1366,1534,1543,1545,1549,1550
31080	6899,31092,31139,1329,1331,1375,4909,5314,6575,6896
31081	20731,1559,1919,1984,2081,2370,3393,3967,5150,5236
31082	31108,31083,31095,31070,31102,31138,31069,31072,31087,31094
31083	31069,31102,31138,31106,31101,31118,31068,31115,31117,31067
31084	31089,31138,31072,31108,31110,31091,31094,31106,31112,31075
31085	31065,31069,31102,31107,31077,31126,31091,31132,31117,31119
31086	31110,31112,31072,31108,31069,31077,31084,31096,31138,31091
31087	31095,31110,31096,31102,31106,31108,31112,31114,31097,31117
31088	8673,15246,16987,19909,22493,31065,31066,31067,31068,31069
31089	31084,31106,31129,31068,31097,31107,31101,31111,31118,31126
31090	3023,5547,28100,455,2820,18080,25891,26363,31075,31078
31091	31138,31084,31068,31070,31072,31085,31096,31069,31094,31104
31092	6928,18803,25075,6899,32682,10652,31139,31093,32684,32704
31093	31092,25075,19444,27792,31098,32672,32678,32682,32704,19
31094	31095,31102,31129,31111,31068,31077,31084,31118,31067,31076
31095	31094,31069,31097,31087,31101,31067,31126,31076,31082,31109
31096	31065,31102,31077,31087,31075,31091,31114,31117,31086,31067
31097	31065,31095,31069,31089,31108,31068,31111,31070,31087,31132
31098	2014,31092,31093,3405,5550,6930,9949,19505,25075,26425
31099	31091,25198,31065,31066,31067,31068,31069,31070,31071,31072
31100	5724,42088,5689,5693,5703,5730,5731,42080,5704,5716
31101	31095,31129,31083,31102,31138,31076,31089,31069,31107,31112
31102	31096,31083,31085,31094,31101,31087,31114,31118,31070,31111
31103	31065,31066,31067,31068,31069,31070,31071,31072,31073,31074
31104	31065,31106,31138,31107,31112,31069,31070,31126,31075,31084
31105	31065,31066,31067,31068,31069,31070,31071,31072,31073,31074
31106	31083,31089,31104,31108,31118,31070,31084,31112,31087,31117
31107	31065,31085,31089,31077,31104,31072,31129,31094,31101,31084
31108	31072,31106,31138,31097,31070,31084,31111,31112,31118,31069
31109	31072,31068,31083,31094,31095,31106,31108,31138,31065,31111
31110	31077,31126,31075,31087,31084,31117,31132,31086,31114,31115
31111	31068,31072,31094,31108,31097,31129,31089,31102,31118,31138
31112	31072,31075,31108,31122,31138,31084,31086,31104,31106,31087
31113	31089,31091,31077,31083,31095,31110,31115,31068,31069,31076
31114	31077,31102,31110,31070,31087,31096,31117,31072,31075,31094
31115	31083,31110,31138,31068,31084,31106,31069,31070,31072,31082
31116	31096,1273,8696,20565,31065,31066,31067,31068,31069,31070
31117	31110,31083,31096,31106,31114,31069,31085,31087,31070,31072
31118	31106,31083,31094,31102,31108,31138,31076,31089,31111,31112
31119	31110,31085,31096,31097,31089,31094,31095,31101,31102,31118
31120	31082,7427,17723,18808,19973,36592,36594,36625,42369,42378
31121	3931,10987,4069,30811,31125,49841,352,2084,2496,3231
31122	22158,4202,4281,12401,4289,15567,31112,3882,4246,4264
31123	11481,11492,11493,11496,11482,11483,11485,11490,11494,11495
31124	31065,31085,31095,31096,31101,31104,31110,31072,31097,31102
31125	3971,4046,22158,4296,31134,4166,4190,4289,13761,16811
31126	31110,31085,31089,31095,31104,31132,31083,31118,31068,31084
31127	31065,31084,31089,31102,31138,31068,31070,31072,31075,31077
31128	4289,22158,3971,22147,4160,22090,22141,22198,31122,4202
31129	31065,31094,31089,31101,31068,31107,31111,31084,31108,31112
31130	31065,31066,31067,31068,31069,31070,31071,31072,31073,31074
31131	3971,22158,31122,4046,4190,4196,22124,4035,4182,4198
31132	31110,31069,31085,31126,31077,31083,31094,31097,31104,31068
31133	31106,31072,31110,31069,31096,31097,31104,31138,31083,31085
31134	4254,4289,22147,31125,4160,4190,13761,22158,31122,3971
31135	4053,31131,4085,21958,22149,22158,22162,22198,24423,31122
31136	11481,11482,11486,11487,11492,11494,11496,11497,17611,31065
31137	31065,31066,31067,31068,31069,31070,31071,31072,31073,31074
31138	31083,31104,31108,31070,31084,31068,31091,31101,31112,31118
31139	31092,25075,251,1096,2514,2798,10652,19474,31080,32684
31140	0,1,20,2022,22939,23527,30257,31065,31066,31067
31141	31092,932,6899,10849,16148,16149,16150,25075,31065,31066
31142	10323,3518,40812,1100,1874,2565,10052,10280,13800,14332
31143	31065,31066,31067,31068,31069,31070,31071,31072,31073,31074
31144	31065,31067,31068,31076,31083,31085,31089,31091,31094,31095
31145	552,5142,12985,15415,16679,23844,26114,26877,30617,48288
31146	49581,1678,40136,1586,2830,5242,6982,8701,9656,10611
31147	31153,6394,7235,7667,9271,12992,15416,15552,23841,29003
31148	31172,31149,31153,31167,6394,7235,7667,9271,12992,15416
31149	31148,31154,31167,31171,31172,6394,7235,7667,9271,12992
31150	6394,7235,7667,9271,12992,15416,15552,23841,29003,31146
31151	4503,6394,6493,6565,6991,7235,7329,7667,9271,12992
31152	12985,12975,12983,42281,1409,1512,1577,4260,4389,4397
31153	17288,31147,31148,31172,11,87,110,161,168,242
31154	31171,31149,31167,31172,6394,7235,7667,9271,12992,15416
31155	17694,33656,42245,42319,384,1458,2557,3173,3702,4054
31156	26349,1421,1436,4498,6394,6899,7204,7235,7327,7667
31157	6394,7235,7667,9271,12992,15416,15552,23841,29003,31146
31158	6394,6541,7235,7667,9271,12992,14097,15416,15552,23286
31159	31122,3333,4046,4120,4206,9271,14980,16624,20488,22158
31160	44710,12267,44674,44675,44676,44682,44702,44704,44706,44707
31161	31171,147,238,242,300,512,1083,1389,1406,1661
31162	12992,12995,3407,6394,6964,7235,7667,9271,9427,12647
31163	4670,4693,4858,5974,6394,7235,7541,7655,7664,7667
31164	6394,7235,7667,9271,12992,15416,15552,23841,29003,31146
31165	2929,21952,2682,2957,2961,2967,2969,2990,3003,4018
31166	95,96,97,102,104,129,150,165,181,6394
31167	31148,31149,31154,31171,31172,6394,7235,7667,9271,12992
31168	7667,87,576,1136,2541,3926,3931,3994,4262,5931
31169	3407,7242,7246,9463,16624,36383,39636,46319,198,394
31170	342,1867,1943,3438,3565,6394,7235,7667,9271,9385
31171	31154,31149,31161,31167,191,201,6394,7235,7667,8049
31172	31148,31149,31153,31154,31167,6394,7235,7667,9271,12992
31173	6394,7235,7667,9271,12992,15416,15552,23841,29003,31146
31174	1956,1960,1967,1976,4352,5996,6200,6394,6808,6984
31175	134,4670,6394,7235,7501,7649,7667,8268,8277,8284
31176	13621,1613,13618,13665,24249,27823,45537,138,351,564
31177	1956,1960,1967,1976,4352,5996,6200,6394,6808,6984
31178	8217,11818,16470,36407,6534,13687,27959,8294,15987,17418
31179	33900,1110,23512,23517,24510,33898,33902,33903,33905,33906
31180	19388,25257,351,452,956,1114,1392,1538,2715,3734
31181	31208,31211,31206,13672,31207,31214,31191,31192,31204,31221
31182	31187,31190,31200,31197,31199,31201,31211,31212,31218,31193
31183	6487,6542,12670,18634,34412,35750,1230,1445,3622,6478
31184	12683,13672,31179,31180,31181,31182,31183,31185,31186,31187
31185	31187,31191,31201,31203,31204,31207,31212,1437,1513,1521
31186	23748,23763,38696,23747,23750,23779,282,6574,6962,6982
31187	31207,31182,31190,31194,31214,27959,31213,31219,31222,8273
31188	3394,6450,29916,31186,32059,35996,38179,114,1642,3669
31189	31181,31182,31212,1392,2728,3844,4328,4670,4693,4858
31190	31193,31208,31182,31187,31201,13672,31199,31218,31219,31192
31191	31212,31201,31203,31181,31199,31205,31206,31207,31208,31192
31192	31181,31193,31199,31208,31212,31218,13672,31190,31191,31201
31193	31208,31190,13672,31205,31218,31207,11818,31192,31196,31197
31194	31187,31202,31205,31218,31203,31207,31212,8150,8217,16470
31195	12683,13672,16470,17693,31179,31180,31181,31182,31183,31184
31196	31202,31205,31208,31193,31199,31201,31203,31212,13672,31190
31197	27929,27917,31199,31202,13672,27926,31200,31203,27965,31182
31198	13672,31202,31181,31193,31211,31212,13687,31182,31190,31191
31199	31212,31197,31211,31201,31182,31190,31191,31192,31196,31200
31200	31182,31197,31199,31202,31211,31218,31190,31193,31201,31203
31201	31203,31191,31190,31199,31205,31208,31214,31182,31196,31206
31202	13672,31222,31196,31197,11818,31194,31198,31200,36407,16470
31203	31201,31206,31211,31214,31191,31197,31205,31222,31196,31207
31204	23875,8150,8217,27917,31181,31208,16501,17418,27926,27955
31205	31193,31196,31201,31203,31208,31212,31218,31191,31194,31206
31206	31181,31203,31218,31211,31212,31191,31201,31205,31214,8217
31207	31212,31187,31181,31193,31191,31203,31208,31194,31205,31211
31208	31193,31181,31190,31196,13672,31201,31205,31191,31192,31204
31209	31181,31187,31194,31196,31204,31206,31208,31210,31218,4086
31210	31181,31196,31204,31206,31208,31218,8217,13672,17418,31191
31211	31181,31199,31203,13672,31206,31214,31218,31182,31197,31200
31212	31207,31191,31199,31218,31205,31206,31182,31192,31196,31197
31213	31187,31199,31203,31181,31197,31206,31211,31212,31214,31182
31214	31203,31181,31187,31201,31211,31199,31206,13672,31182,31191
31215	12683,13672,31179,31180,31181,31182,31183,31184,31185,31186
31216	31187,31197,31199,31202,31203,31206,31211,31212,31213,31214
31217	31208,12683,13672,31179,31180,31181,31182,31183,31184,31185
31218	31193,31206,31212,31205,31211,8217,11818,31182,31190,31192
31219	31187,31190,31193,31199,31212,31218,31182,31192,31201,31205
31220	31191,31193,31196,31201,31202,31205,31208,31212,13672,31181
31221	31181,31193,31201,31203,31208,31211,13672,31190,31191,31192
31222	31202,31203,31181,31187,31201,31211,13672,31199,31206,31182
31223	1976,26114,1967,43014,1966,12221,15236,1960,31873,32366
31224	15246,31280,5588,13633,18065,26114,31229,31232,31235,31239
31225	26114,1966,13633,15246,18065,31231,31302,39878,1954,1956
31226	11060,11501,11505,11506,11528,11529,15710,15712,15736,31250
31227	31260,417,3685,8335,12226,13633,15239,15246,18065,20700
31228	417,482,8289,8335,8364,13633,15239,15246,18065,18069
31229	1670,29513,2659,8268,8284,29558,1657,2667,2678,8273
31230	31304,13633,15239,15251,31236,31255,31264,31270,31288,31290
31231	8268,8284,8298,8301,8336,8318,1484,8321,8337,8348
31232	8501,17478,33466,12846,23556,35613,35621,42051,5,95
31233	31239,31254,15246,31236,31238,31257,31263,31278,31289,31291
31234	6696,6710,6706,6764,9155,9175,9192,13101,16188,27334
31235	5588,31224,64,336,343,352,381,387,417,578
31236	31264,31291,37948,38098,31270,36069,37998,38036,18065,36091
31237	30043,31240,31258,147,274,417,1366,1390,1434,1446
31238	31257,1371,1382,1393,1513,1933,2914,3394,5249,6979
31239	1976,13633,31264,36091,1956,1966,31233,31270,31307,16163
31240	31237,31258,417,8335,13633,15239,15246,16922,17110,17150
31241	31253,417,501,1661,1676,6036,8306,8335,9214,9444
31242	31231,31265,417,1359,1393,1541,1782,2503,2572,3398
31243	31304,31307,13633,31306,36091,1972,15236,18065,31236,31873
31244	16163,30033,31268,32412,417,2906,3789,7359,7919,7934
31245	417,1788,2137,5243,5941,8335,11132,11258,12421,13375
31246	31229,31252,31266,417,628,4352,4782,5266,7989,8268
31247	31275,31292,417,8335,11132,13633,15239,15246,18065,20700
31248	31295,2647,8501,9170,19211,31229,31255,31304,43175,43251
31249	19211,31236,31259,31282,31293,134,417,1019,1034,1052
31250	31226,417,8285,8335,13633,15239,15246,17355,18065,20700
31251	26906,9170,12226,17046,17048,138,2378,2680,3731,6113
31252	31246,31266,417,8335,13633,15239,15246,18065,20700,22572
31253	26114,15239,15246,18653,31288,36091,39847,501,1956,1976
31254	8335,15246,31233,31304,39753,417,1772,1782,1956,1967
31255	168,1670,15285,1688,1864,1956,2698,11709,13495,13702
31256	8399,15239,31254,31260,31265,31291,31304,417,452,1366
31257	31238,1382,1392,1428,1530,4400,4481,14455,16163,24323
31258	31237,31240,417,1397,4398,4420,4425,4482,6958,7002
31259	31249,417,8335,13633,15239,15246,18065,20700,22572,24688
31260	501,31304,25370,25372,25381,36091,39982,1982,9983,15239
31261	31225,417,18065,26114,31231,31239,31275,31277,31305,31307
31262	31225,31254,31276,31304,417,1976,3376,3377,3394,8335
31263	31233,31239,31254,31270,417,1670,1673,1679,1694,4196
31264	31236,1976,13633,31239,1956,1967,31291,43014,6200,15239
31265	2054,14209,23592,23672,8932,13981,29896,13898,14027,14043
31266	31246,31252,417,3196,8335,11504,11508,11526,11535,13633
31267	417,8335,13633,15239,15246,18065,20700,22572,24688,24711
31268	31244,31274,32412,417,2906,5242,7934,7938,8335,12638
31269	20634,134,5114,6113,12226,13572,15144,17046,20022,20535
31270	14454,4527,39584,17278,17999,14857,18309,19506,40610,41294
31271	417,2901,3685,8335,9770,9778,9855,12624,13633,13661
31272	417,8335,13633,15239,15246,18065,20700,22572,24688,24711
31273	15239,15246,26114,26171,31225,31232,31253,31255,31260,31288
31274	503,2249,31268,417,1421,1445,2437,2542,2793,3685
31275	15246,25304,31225,31239,31247,31261,31277,31292,39483,339
31276	31307,1976,2606,3427,3796,8295,8335,8399,13134,13633
31277	15239,15246,18065,31261,31275,31280,31304,32366,39817,417
31278	15246,31233,31236,31239,31243,31289,31291,31304,417,1956
31279	417,8335,13633,15239,15246,18065,20700,22572,24688,24711
31280	15246,31270,26114,1966,1976,17268,18065,31224,31236,31291
31281	417,8335,13633,15239,15246,18065,20700,22572,24688,24711
31282	31249,417,8335,13633,15239,15246,18065,20700,22572,24688
31283	417,442,597,1100,1234,1431,1664,1689,2144,3406
31284	593,31238,32799,33236,38300,39,417,584,1371,1417
31285	8294,12221,15239,15246,16402,26114,31225,31229,31231,31236
31286	24748,138,417,673,733,1661,1670,1673,3231,3685
31287	15239,15246,24711,31239,31253,31265,31270,31280,31288,31304
31288	15236,1967,15239,31304,13633,17478,18065,31232,31253,1694
31289	1976,8335,15246,16402,26114,31225,31232,31233,31239,31253
31290	13633,15246,24402,31224,31230,31239,31253,31255,31270,31280
31291	31236,1976,1956,31255,31264,31270,13633,15246,31239,31265
31292	25391,31225,31236,31239,31247,31264,31275,31280,31285,31299
31293	31249,417,8335,13633,15239,15246,18065,20700,22572,24688
31294	15246,18065,31224,31232,31280,31288,31304,211,383,417
31295	31248,2680,9170,24352,17048,24334,43438,1685,6109,9171
31296	35995,6513,6654,8156,12196,16481,17295,17649,17999,19444
31297	15239,15246,31239,31253,31265,31270,31280,31288,31304,417
31298	417,8335,11274,13633,15239,15246,18065,20700,21624,22572
31299	31225,31239,31307,1966,1976,13633,18065,20700,25387,26114
31300	16914,34642,45054,47425,1790,2559,3575,6783,13478,13828
31301	1976,15236,15246,18065,26114,1694,1967,1972,31229,31236
31302	31225,43014,15246,18065,31236,1954,1956,1967,15239,15256
31303	1685,35481,168,417,1485,1670,1677,1688,1692,1694
31304	36091,37982,501,1967,8273,15236,17266,17478,18065,31243
31305	31304,1954,1967,13633,31264,31307,1979,4337,15239,18065
31306	13633,31243,31304,31307,18065,31225,1954,1967,1972,15236
31307	1967,18065,13633,31243,26114,31236,31239,31306,39900,1954
31308	417,8335,13633,15239,15246,18065,20700,22572,24688,24711
31309	31304,15246,31225,31270,417,1960,1966,1976,4213,4451
31310	19211,2687,33895,1688,1692,1736,1797,2637,2662,2667
31311	13123,191,198,250,420,482,506,1516,1563,1720
31312	3747,31319,116,503,1534,1950,2036,3034,4344,4935
31313	3,10,11,207,503,1563,1762,2167,6021,6507
31314	31320,31330,503,6782,20107,29869,31312,31313,31318,31319
31315	31316,31325,503,20107,31312,31313,31318,31319,31321,31322
31316	31315,31320,31325,31330,503,20107,31312,31313,31318,31319
31317	31325,198,374,503,1022,3629,3654,3880,7758,9378
31318	503,31312,31313,31314,31315,31316,31317,31319,31320,31321
31319	31312,503,6027,13352,27552,31314,31315,31316,31317,31318
31320	31314,31330,31316,503,20107,31312,31313,31318,31319,31321
31321	503,31312,31313,31314,31315,31316,31317,31318,31319,31320
31322	503,31312,31313,31314,31315,31316,31317,31319,31320,31321
31323	503,31312,31313,31314,31315,31316,31317,31318,31319,31320
31324	503,29735,31312,31313,31314,31315,31316,31317,31318,31319
31325	1923,26519,27536,31315,31316,31317,41406,41811,96,174
31326	503,31312,31313,31314,31315,31316,31317,31318,31319,31320
31327	503,31312,31313,31314,31315,31316,31317,31318,31319,31320
31328	503,807,838,7479,14318,14324,17468,18445,22500,22536
31329	503,579,1392,1435,1511,3154,4482,5265,5714,5728
31330	31314,31320,31316,503,20107,31312,31313,31318,31319,31321
31331	1428,6976,32387
31332	1453,5249,23789,25268,32366,35186,295,1347,1356,1382
31333	17,1817,8274,10287,20826,43382,16,28,53,138
31334	31336,161,531,544,559,576,581,909,975,1854
31335	7611,134,2027,2996,4011,4048,4069,4196,4246,4283
31336	6984,12343,43783,43786,43795,43840,2942,3702,3721,4053
31337	31347,0,28,1884,6920,12570,16142,19818,20599,23569
31338	574,3481,6195,6204,6920,7511,16789,20575,24468,31334
31339	1019,1034,1052,3481,3684,4056,4525,4858,5294,5873
31340	12714,16175,23182,25516,26264,31346,33760,45475,48633,17
31341	3481,6920,16789,31334,31335,31336,31337,31338,31339,31340
31342	3481,6920,16789,31334,31335,31336,31337,31338,31339,31340
31343	3481,6920,16789,31334,31335,31336,31337,31338,31339,31340
31344	3481,6920,16789,31334,31335,31336,31337,31338,31339,31340
31345	7700,4871,7242,16624,16631,16644,17708,24264,24446,5854
31346	31340,17,28,138,448,1688,1817,1854,1855,2680
31347	1685,24352,26872,31337,43158,43288,134,1810,3926,8501
31348	3481,6920,16789,31334,31335,31336,31337,31338,31339,31340
31349	31356,31368,14361,15014,21252,31377,31391,32366,40443,1428
31350	31408,1455,3885,4484,6935,9983,12516,13095,13133,14503
31351	9731,33200,33217,33236,33240,33241,33208,33219,33222,33226
31352	10788,9983,10794,10800,4484,4828,6935,10773,10784,12516
31353	4484,25733,31363,31365,31366,31375,31385,2181,6935,9983
31354	4484,6935,9983,12516,13095,13133,14503,19457,21252,25733
31355	8140,23476,23733,1919,2081,2370,5150,6473,6531,6626
31356	25733,31349,31368,31375,6935,9983,31357,31366,31391,4484
31357	31356,4484,6935,9983,12516,13095,13133,14503,19457,21252
31358	7457,7467,13072,32496,7475,7483,6318,7280,7479,7482
31359	1678,19457,31363,31385,31410,31454,506,507,1403,1429
31360	1388,11757,40251,488,502,504,854,1381,1403,1676
31361	186,1678,4389,4484,6935,7789,9983,11102,11598,11618
31362	4339,4484,5339,6935,7024,9983,12516,13095,13119,13133
31363	31385,4484,6935,11102,19457,31353,31365,31366,31377,1678
31364	6935,1857,13072,19444,29695,31465,6599,6892,9659,10849
31365	4484,25733,31353,31363,31366,31375,31385,2181,6935,9983
31366	4484,11102,25733,31353,31356,31363,31365,31375,31385,32589
31367	12466,204,2678,6109,17022,35494,239,390,728,1085
31368	25733,31349,31356,31375,31391,4484,6935,9983,12516,13095
31369	4484,6935,9983,12516,13095,13133,14503,19457,21252,25733
31370	4484,6935,9983,12516,13095,13133,14503,19457,21252,25733
31371	466,10176,10489,12805,19119,22085,22376,22564,23450,36389
31372	1403,1678,2181,2864,2928,4484,6935,8140,9983,10763
31373	4484,6935,9983,12516,13095,13133,14503,19457,21252,25733
31374	4484,6935,9983,12516,13095,13133,14503,19457,21252,25733
31375	25733,31356,31368,4484,31353,31365,31366,31391,2181,6935
31376	10652,1387,4527,36543,36545,1135,4498,6935,9983,40868
31377	31349,31363,31385,4484,6935,9983,12516,13095,13133,14503
31378	31349,31363,31377,31385,502,1403,1678,2181,2864,2928
31379	4484,6935,9983,12516,13095,13133,14503,19457,21252,25733
31380	4484,6935,9983,12516,13095,13133,14503,19457,21252,25733
31381	11102,2181,4278,5314,11868,12561,13179,13338,19978,21252
31382	1403,1678,2181,2864,2928,4484,6935,8140,9983,10763
31383	6935,7204,17198,17199,36533,1382,1421,1426,4484,4498
31384	1403,1678,2181,2864,2928,4484,6935,8140,9983,10763
31385	31363,4484,6935,11102,19457,31353,31365,31366,31377,1678
31386	14494,14522,38915,554,14519,14532,522,576,621,4484
31387	1403,1678,2181,2864,2904,2928,4484,5307,6935,7022
31388	6982,23778,7029,12735,23737,23738,29935,40119,49617,4516
31389	1382,1403,1678,2181,2864,2928,4484,4509,4527,6935
31390	1403,1678,2181,2864,2928,4484,6935,8140,9983,10763
31391	25733,31349,31356,31368,31375,13402,31454,39783,1403,1678
31392	23718,1319,1366,1403,1405,1678,1925,2181,2864,2904
31393	1403,1678,2181,2864,2928,4484,6935,8140,9983,10763
31394	13072,31351,19,478,1403,1678,2181,2825,2864,2894
31395	28393,28467,28470,28441,28498,10389,19505,23201,28385,28409
31396	285,5242,5249,5263,17127,17647,32182,32435,41407,49581
31397	1403,1678,2181,2864,2928,4484,6935,8140,9983,10763
31398	2928,4484,6935,9983,12516,13095,13133,14503,19457,21252
31399	1403,1678,2181,2864,2928,4484,6935,8140,9983,10763
31400	14047,23567,23693,11383,11402,11404,13988,14246,22355,34220
31401	2181,25733,25744,31349,1403,1678,2864,2928,4484,6935
31402	1403,1678,2181,2864,2928,4484,6935,8140,9983,10763
31403	1403,1678,2181,2864,2928,4484,6935,8140,9983,10763
31404	1403,1678,2181,2864,2928,4484,6935,8140,9983,10763
31405	11102,31349,242,1403,1678,2118,2166,2188,2864,2928
31406	2181,656,1403,1678,2832,2864,2928,4484,6935,8140
31407	1678,4484,6935,8268,8273,9983,12516,13095,13133,14503
31408	31350,1031,4484,6935,9983,12516,13095,13133,14503,19457
31409	7525,21252,22487,28135,42870,3450,3523,4484,6935,9705
31410	1678,19457,31359,31363,31385,1403,2181,2864,2928,4484
31411	16478,17354,19552,27809,27862,39527,9516,10670,14875,16141
31412	1403,1678,2181,2864,2928,4484,6935,8140,8268,8278
31413	1403,1678,2181,2389,2782,2786,2802,2864,2928,4484
31414	1403,1678,2181,2864,2928,4484,5152,6935,8140,9983
31415	46859,46860,2036,5053,5078,8141,8679,9089,13906,17450
31416	
31417	
31418	2017,2052,43490,49023,4210,43405,48737
31419	3230,11384,11410,15314,623,629,2105,7506,9284,11377
31420	449,1987,3676,4351,7412,7749,8331,14302,19878,22991
31421	
31422	4670,4693,4858,5974,7541,7655,7664,7690,7692,7696
31423	351,2802,5965,6935,9106,10753,10801,10814,11162,11181
31424	5960,7611,10407,20836,20845,20852,22178,24096,25807,25836
31425	995,1355,1357,3443,3915,7594,13700,13929,14899,16477
31426	
31427	
31428	
31429	42776,2156,6264,10652,11164,13105,13109,18591,20422,31444
31430	1244,2162,2196,2197,2282,7254,7294,11246,13855,18121
31431	560,562,616,910,1129,1136,1910,2181,2644,2825
31432	
31433	46858,46864,46867,46860,46862,46863,405,2036,4069,4288
31434	6935,574,1680,1790,2118,2177,2188,2199,2233,2256
31435	19431,19428,34250,19427,34204,34205,34484,543,11404,15207
31436	6935,11242,22705,22706,22708,22718,121,127,143,574
31437	140,1680,3099,6452,6544,6994,8283,9154,11132,12700
31438	
31439	971,1814,1923,4389,5588,6043,7717,7737,8136,8809
31440	338,349,366,367,378,380,385,594,660,668
31441	6021,6045,6061,27808,42364
31442	6935,2606,3796,1952,11190,13072,13075,31364,38826,42697
31443	8156,28300,37848,40344,45446,45689,551,972,1036,1329
31444	6935,13072,27383,29695,7467,7475,11258,13109,18591,23359
31445	6935,13072,9553,20869,31444,28,32,375,624,1283
31446	1390,33775,38117,1409,1414,1500,1511,1515,4397,4398
31447	
31448	32496,265,562,1794,2122,2188,2512,2554,3801,3831
31449	8156,12196,17295,19444,26265,31296,33331,35995,37848,237
31450	
31451	11162,30131,31463,4782,7457,7639,10526,11522,12715,13246
31452	
31453	19457,35993,36017,36061,17739,35989,36011,36039,36063,37830
31454	11190,13072,13075,13109,13402,22707,146,559,597,1405
31455	342,385,534,676,699,732,762,767,2694,4104
31456	
31457	4640,8501,13572,17469,17476,41856,43244,43268,43354,44914
31458	1447,2418,2572,5534,6119,7467,7473,7477,8773,8799
31459	3960,4181,4198,4264,6170,6215,7262,8461,8944,13828
31460	3903,4300,11190,4279,10407,22158,22199,31461,569,3920
31461	31460,4021,4301,9220,10466,11190,22495,569,1404,1489
31462	
31463	11162,11240,48651,48611,291,6935,7467,7475,7479,9106
31464	
31465	31364,31467,578,1397,1404,2819,3230,4839,4841,5043
31466	19457,1347,1349,1352,1354,1355,1359,1362,1364,1371
31467	6935,13088,31364,31465,578,4484,6171,9943,9983,11164
31468	477,1388,1987,2928,5992,6935,11146,11259,11707,13147
31469	7599,13481,13501,31370
31470	22274,3523,10705,12229,14474,15309,25823,30081,30165,38918
31471	31475,31474,31477,31478,22274,31476,31479
31472	31473,31479,31476,3523,3878,3926,4234,4240,8531,10705
31473	31472,31478,31477,31479,31476,3523,10705,12229,14474,15309
31474	31475,31480,22274,31471,31476,31477,47190
31475	31474,30125,31471,28135,3937,7599,8154,14310,14335,16350
31476	31478,22274,31472,31473,31474,31477,31480,3523,10705,12229
31477	31478,31471,31473,22274,31474,31476,31479,3523,10705,12229
31478	31473,31477,31471,31476,3523,3878,3926,4234,4240,8531
31479	31472,31473,31480,31477,3523,3878,3926,4133,4234,4240
31480	31474,22274,31479,31476,3523,10705,12229,14474,15309,25823
31481	31583,31585,31603,31582,31587,31588,31591,31590,31586,31592
31482	31492,31505,31571,31533,31559,31579,31555,31560,31506,31530
31483	31526,31505,31596,31571,31556,31598,31533,31493,31601,31602
31484	31493,31559,31560,31555,31499,31506,31530,31517,31523,31554
31485	31497,31539,31570,31514,31532,31564,31512,31522,31490,31498
31486	31527,31578,31526,31583,31596,31598,31582,31553,31587,31601
31487	31567,31527,31484,31596,31553,31598,31482,31587,31556,31588
31488	31509,31557,31561,31570,31494,31500,31578,31527,31563,31583
31489	31496,31502,31603,31591,31590,31577,31581,31596,31598,31600
31490	31496,31502,31603,31485,31581,31591,31577,31590,31596,31598
31491	31496,31502,31544,31603,31582,31577,31581,31596,31598,31600
31492	31511,31556,31533,31506,31559,31505,31530,31493,31571,31482
31493	31533,31511,31559,31492,31506,31556,31530,31571,31505,31560
31494	31539,31558,31488,31570,31564,31577,31532,31565,31525,31545
31495	31496,31502,31603,31588,31591,31577,31581,31590,31596,31598
31496	31498,31490,31491,31489,31495,31544,31558,31603,31587,31540
31497	31485,31514,31570,31522,31498,31524,31543,31564,31569,31502
31498	31496,31544,31497,31603,31485,31587,31588,31591,31590,31586
31499	31517,31519,31554,31516,31551,31579,31542,31555,31585,31538
31500	31539,31570,31488,31514,31532,31522,31564,31543,31569,31524
31501	31502,31603,31588,31591,31577,31590,31581,31596,31598,31600
31502	31543,31490,31491,31489,31495,31501,31544,31603,31497,31500
31503	31537,31549,31562,31513,31528,31534,31575,31531,31506,31530
31504	31567,31573,31574,31570,31577,31566,31569,31600,31499,31484
31505	31571,31511,31533,31556,31559,31492,31560,31493,31506,31555
31506	31530,31492,31511,31493,31556,31559,31533,31505,31528,31571
31507	31576,31578,31527,31577,31583,31596,31582,31598,31587,31553
31508	31585,31603,31587,31588,31577,31581,31591,31590,31596,31586
31509	31488,31564,31570,31577,31578,31563,31566,31527,31569,31583
31510	31512,31522,31578,31520,31576,31526,31582,31557,31544,31561
31511	31492,31556,31533,31559,31505,31571,31493,31506,31530,31560
31512	31510,31544,31603,31582,31485,31577,31581,31596,31586,31592
31513	31528,31534,31503,31575,31506,31537,31530,31562,31549,31492
31514	31569,31497,31500,31544,31485,31582,31587,31603,31577,31588
31515	31539,31558,31570,31564,31577,31532,31565,31578,31525,31545
31516	31499,31579,31555,31560,31482,31505,31559,31571,31484,31533
31517	31554,31499,31579,31555,31560,31482,31559,31571,31484,31533
31518	31553,31596,31484,31598,31482,31588,31601,31602,31556,31511
31519	31554,31568,31499,31579,31555,31560,31559,31482,31505,31571
31520	31576,31510,31578,31577,31527,31563,31596,31583,31598,31582
31521	31579,31555,31560,31600,31526,31505,31559,31484,31533,31493
31522	31544,31510,31497,31500,31582,31603,31485,31581,31577,31592
31523	31554,31579,31555,31560,31484,31559,31571,31511,31533,31493
31524	31543,31544,31497,31500,31603,31540,31485,31515,31591,31590
31525	31544,31558,31587,31603,31494,31540,31515,31485,31590,31591
31526	31565,31566,31510,31545,31561,31582,31588,31521,31543,31544
31527	31487,31567,31486,31488,31507,31553,31520,31548,31499,31510
31528	31534,31575,31513,31506,31530,31503,31537,31492,31562,31511
31529	31554,31579,31555,31560,31505,31559,31571,31484,31511,31533
31530	31506,31492,31511,31493,31556,31559,31533,31528,31505,31571
31531	31549,31503,31537,31562,31534,31513,31575,31528,31580,31659
31532	31569,31500,31544,31494,31515,31485,31582,31587,31577,31588
31533	31559,31511,31492,31505,31556,31493,31560,31506,31530,31555
31534	31528,31513,31575,31503,31506,31530,31562,31492,31493,31511
31535	31565,31570,31577,31578,31566,31526,31569,31582,31583,31596
31536	31561,31570,31578,31543,31566,31569,31583,31582,31544,31563
31537	31503,31562,31528,31575,31513,31531,31506,31530,31492,31493
31538	31499,31579,31555,31560,31482,31505,31559,31571,31484,31533
31539	31500,31570,31494,31485,31515,31566,31569,31543,31564,31583
31540	31570,31564,31577,31510,31578,31525,31526,31527,31566,31496
31541	31579,31555,31526,31560,31482,31603,31559,31533,31484,31556
31542	31568,31579,31499,31555,31560,31482,31505,31559,31571,31533
31543	31524,31502,31539,31497,31536,31500,31526,31603,31485,31494
31544	31502,31522,31524,31496,31498,31525,31491,31512,31514,31532
31545	31526,31585,31494,31603,31515,31587,31588,31591,31590,31586
31546	31579,31555,31560,31482,31505,31559,31571,31484,31533,31556
31547	31579,31555,31560,31505,31559,31603,31484,31533,31556,31511
31548	31527,31603,31596,31598,31600,31601,31602,31615,31599,31597
31549	31503,31531,31562,31513,31528,31575,31530,31506,31492,31511
31550	31579,31555,31560,31482,31571,31559,31603,31533,31556,31511
31551	31499,31579,31555,31560,31505,31559,31482,31571,31484,31533
31552	31499,31482,31505,31603,31571,31559,31596,31533,31598,31511
31553	31527,31564,31518,31597,31487,31486,31513,31488,31507,31534
31554	31519,31568,31517,31529,31523,31579,31499,31555,31560,31559
31555	31560,31579,31559,31505,31533,31571,31511,31493,31556,31554
31556	31511,31492,31505,31533,31559,31571,31493,31506,31530,31560
31557	31488,31564,31570,31577,31510,31578,31527,31563,31569,31583
31558	31494,31570,31515,31525,31566,31569,31583,31564,31496,31587
31559	31533,31511,31571,31492,31505,31556,31560,31493,31555,31506
31560	31555,31579,31559,31505,31533,31571,31511,31493,31556,31492
31561	31488,31536,31570,31564,31577,31565,31578,31510,31526,31566
31562	31503,31537,31575,31528,31534,31549,31513,31531,31506,31530
31563	31488,31520,31570,31509,31557,31539,31561,31494,31536,31540
31564	31509,31557,31570,31494,31539,31540,31561,31515,31558,31497
31565	31535,31526,31561,31582,31494,31603,31515,31485,31577,31581
31566	31539,31558,31526,31497,31536,31581,31535,31500,31509,31561
31567	31487,31527,31504,31499,31600,31482,31505,31484,31559,31556
31568	31519,31542,31554,31579,31555,31560,31482,31571,31559,31533
31569	31532,31514,31582,31539,31558,31497,31500,31536,31581,31592
31570	31488,31500,31539,31561,31558,31494,31497,31485,31509,31557
31571	31505,31559,31511,31492,31556,31493,31560,31555,31482,31506
31572	31600,31560,31526,31482,31505,31559,31571,31533,31484,31556
31573	31504,31505,31571,31603,31484,31559,31556,31533,31511,31493
31574	31504,31499,31505,31482,31571,31596,31556,31533,31511,31598
31575	31528,31534,31562,31513,31537,31503,31506,31530,31511,31492
31576	31507,31520,31510,31585,31603,31587,31588,31591,31590,31596
31577	31494,31561,31515,31540,31509,31557,31535,31520,31582,31507
31578	31510,31582,31587,31536,31488,31507,31520,31486,31557,31561
31579	31555,31560,31559,31505,31533,31554,31568,31571,31511,31519
31580	31562,31531,31584,31537,31575,31503,31589,31534,31513,31528
31581	31566,31569,31587,31578,31565,31605,31522,31532,31609,31514
31582	31569,31592,31578,31594,31570,31510,31565,31532,31539,31497
31583	31539,31558,31570,31481,31497,31592,31488,31500,31536,31507
31584	31562,31503,31575,31537,31506,31530,31511,31513,31528,31534
31585	31499,31579,31555,31481,31505,31508,31559,31482,31545,31571
31586	31587,31582,31566,31583,31569,31565,31522,31512,31576,31481
31587	31578,31593,31532,31558,31514,31570,31539,31525,31581,31496
31588	31578,31526,31532,31514,31498,31545,31570,31576,31495,31501
31589	31506,31530,31492,31556,31575,31511,31559,31528,31505,31560
31590	31579,31499,31555,31560,31505,31482,31559,31571,31533,31556
31591	31579,31499,31555,31560,31505,31482,31559,31571,31533,31556
31592	31582,31583,31569,31566,31577,31570,31578,31526,31497,31500
31593	31587,31582,31583,31569,31566,31578,31496,31502,31543,31625
31594	31582,31577,31583,31605,31569,31570,31485,31595,31500,31578
31595	31594,31587,31599,31496,31502,31543,31582,31606,31583,31608
31596	31527,31520,31486,31507,31487,31518,31563,31488,31535,31564
31597	31606,31601,31553,31563,31564,31570,31577,31610,31485,31494
31598	31520,31486,31507,31527,31488,31487,31518,31535,31510,31536
31599	31570,31577,31485,31564,31605,31497,31500,31502,31539,31543
31600	31572,31521,31567,31555,31560,31505,31559,31571,31533,31556
31601	31597,31606,31494,31515,31540,31608,31561,31564,31614,31509
31602	31606,31608,31540,31557,31509,31488,31520,31564,31614,31535
31603	31544,31502,31491,31496,31489,31490,31495,31501,31512,31514
31604	31607,31613,31610,31620,31606,31589,31618,31627,31624,31630
31605	31609,31581,31594,31599,31587,31582,31603,31544,31602,31569
31606	31610,31597,31601,31622,31602,31626,31611,31595,31604,31494
31607	31613,31618,31627,31604,31632,31617,31600,31596,31484,31589
31608	31602,31601,31611,31577,31595,31485,31570,31494,31515,31544
31609	31605,31581,31611,31617,31544,31578,31496,31502,31569,31491
31610	31606,31622,31626,31634,31635,31597,31604,31601,31602,31611
31611	31609,31614,31581,31608,31606,31610,31622,31626,31594,31624
31612	31614,31581,31594,31587,31599,31622,31603,31582,31640,31544
31613	31620,31607,31618,31633,31617,31632,31604,31600,31484,31492
31614	31616,31601,31611,31602,31612,31577,31595,31593,31485,31583
31615	31560,31555,31568,31505,31559,31571,31493,31533,31556,31511
31616	31614,31622,31624,31626,31581,31634,31618,31627,31635,31603
31617	31613,31607,31609,31556,31492,31499,31506,31589,31530,31526
31618	31620,31613,31607,31484,31559,31746,31493,31533,31571,31603
31619	31601,31602,31629,31588,31603,31577,31636,31581,31639,31544
31620	31613,31618,31632,31746,31604,31600,31493,31533,31559,31571
31621	31584,31595,31604,31606,31611,31612,31613,31614,31616,31618
31622	31610,31606,31601,31616,31602,31597,31611,31612,31485,31494
31623	31591,31555,31560,31579,31585,31519,31529,31551,31554,31603
31624	31625,31616,31603,31630,31604,31611,31539,31558,31486,31507
31625	31624,31593,31634,31635,31627,31629,31646,31639,31587,31588
31626	31610,31606,31616,31611,31596,31494,31515,31612,31582,31584
31627	31607,31630,31625,31616,31603,31604,31497,31499,31504,31611
31628	31604,31610,31616,31622,31624,31625,31626,31627,31630,31607
31629	31638,31637,31619,31630,31625,31616,31604,31603,31497,31592
31630	31627,31634,31624,31635,31610,31629,31604,31606,31625,31616
31631	31630,31607,31610,31622,31624,31626,31627,31632,31634,31635
31632	31620,31613,31607,31638,31637,31579,31591,31619,31504,31559
31633	31613,31590,31560,31555,31542,31519,31546,31579,31484,31500
31634	31610,31625,31630,31616,31596,31611,31592,31500,31603,31609
31635	31610,31625,31630,31616,31604,31596,31611,31592,31500,31540
31636	31500,31497,31536,31568,31570,31603,31599,31539,31592,31555
31637	31638,31629,31592,31599,31632,31609,31593,31659,31672,31582
31638	31637,31629,31592,31632,31599,31636,31593,31609,31672,31676
31639	31671,31659,31625,31705,31702,31619,31707,31710,31667,31672
31640	31595,31605,31609,31611,31581,31612,31593,31616,31625,31641
31641	31664,31711,31586,31605,31609,31611,31595,31612,31581,31640
31642	31659,31667,31593,31616,31625,31672,31619,31637,31638,31592
31643	31659,31593,31616,31714,31715,31716,31625,31672,31619,31592
31644	31659,31705,31707,31710,31625,31712,31714,31715,31619,31672
31645	31656,31694,31562,31692,31716,31664,31719,31720,31711,31605
31646	31625,31594,31599,31616,31592,31605,31598,31577,31582,31736
31647	31594,31659,31599,31625,31592,31603,31616,31582,31609,31605
31648	31659,31593,31616,31672,31625,31685,31584,31657,31619,31637
31649	31661,31651,31652,31656,31668,31696,31681,31690,31693,31700
31650	31705,31562,31664,31711,31713,31575,31580,31611,31586,31605
31651	31649,31678,31681,31664,31661,31688,31684,31706,31709,31711
31652	31656,31669,31714,31715,31649,31678,31681,31716,31661,31688
31653	31482,31484,31486,31492,31493,31503,31505,31506,31511,31513
31654	31664,31711,31657,31713,31580,31575,31586,31605,31611,31595
31655	31679,31659,31672,31619,31657,31637,31638,31592,31492,31553
31656	31652,31645,31669,31687,31719,31720,31649,31678,31681,31661
31657	31641,31654,31660,31658,31662,31663,31665,31643,31648,31666
31658	31667,31719,31720,31586,31657,31595,31605,31581,31609,31611
31659	31643,31655,31642,31648,31666,31644,31674,31639,31683,31531
31660	31664,31711,31657,31713,31580,31575,31586,31595,31605,31611
31661	31649,31651,31668,31678,31652,31681,31691,31693,31696,31700
31662	31580,31657,31586,31595,31605,31611,31640,31717,31609,31612
31663	31586,31657,31595,31605,31611,31640,31609,31612,31581,31718
31664	31641,31654,31660,31651,31682,31650,31680,31593,31616,31669
31665	31719,31720,31657,31595,31605,31611,31640,31581,31609,31612
31666	31659,31672,31584,31625,31657,31506,31530,31619,31677,31553
31667	31658,31669,31673,31642,31674,31683,31689,31686,31690,31639
31668	31678,31681,31649,31661,31688,31684,31706,31709,31693,31667
31669	31652,31667,31656,31714,31715,31716,31664,31719,31720,31657
31670	31586,31595,31605,31611,31640,31609,31612,31657,31581,31616
31671	31639,31679,31659,31503,31713,31513,31672,31612,31593,31616
31672	31638,31637,31676,31639,31592,31644,31655,31677,31666,31674
31673	31667,31586,31595,31605,31611,31640,31609,31612,31581,31657
31674	31659,31667,31528,31672,31619,31506,31530,31657,31492,31553
31675	31705,31664,31711,31719,31720,31713,31528,31575,31580,31672
31676	31672,31637,31638,31677,31592,31594,31599,31605,31608,31646
31677	31637,31638,31609,31672,31593,31676,31592,31599,31639,31644
31678	31688,31681,31651,31668,31652,31656,31693,31706,31709,31661
31679	31682,31655,31671,31705,31562,31664,31685,31711,31534,31719
31680	31664,31713,31534,31513,31580,31528,31657,31672,31586,31717
31681	31678,31651,31668,31652,31688,31656,31684,31706,31709,31649
31682	31679,31664,31711,31713,31534,31513,31528,31672,31586,31717
31683	31659,31667,31534,31513,31528,31672,31506,31530,31619,31657
31684	31690,31699,31681,31651,31668,31652,31698,31702,31656,31706
31685	31687,31661,31688,31648,31689,31691,31679,31681,31692,31697
31686	31659,31503,31667,31534,31513,31528,31589,31584,31685,31672
31687	31695,31656,31694,31705,31562,31685,31716,31534,31719,31720
31688	31678,31691,31681,31651,31668,31652,31692,31698,31656,31702
31689	31667,31719,31720,31534,31685,31513,31528,31586,31657,31640
31690	31667,31684,31537,31649,31719,31720,31661,31700,31692,31697
31691	31705,31688,31537,31562,31503,31692,31700,31703,31661,31697
31692	31645,31691,31688,31697,31661,31681,31693,31695,31700,31537
31693	31678,31681,31703,31649,31698,31700,31704,31651,31661,31668
31694	31645,31687,31678,31681,31549,31706,31709,31693,31688,31503
31695	31687,31705,31549,31503,31537,31697,31692,31513,31534,31685
31696	31705,31549,31562,31649,31503,31537,31700,31661,31697,31701
31697	31691,31696,31700,31549,31661,31692,31693,31695,31701,31537
31698	31549,31693,31503,31537,31684,31688,31649,31664,31700,31703
31699	31684,31549,31503,31537,31649,31661,31697,31701,31692,31580
31700	31696,31649,31691,31693,31661,31697,31701,31703,31681,31690
31701	31649,31696,31700,31661,31691,31693,31697,31703,31699,31704
31702	31639,31549,31693,31503,31537,31684,31688,31703,31649,31664
31703	31693,31678,31691,31704,31681,31700,31649,31661,31698,31701
31704	31693,31703,31678,31691,31644,31681,31700,31706,31709,31649
31705	31695,31644,31639,31650,31691,31696,31675,31679,31687,31549
31706	31678,31681,31709,31707,31651,31668,31710,31644,31652,31693
31707	31644,31639,31678,31681,31706,31709,31693,31711,31549,31688
31708	31646,31647,31732,31737,31738,31739,31608,31736,31659,31742
31709	31678,31681,31706,31707,31651,31668,31710,31644,31652,31693
31710	31644,31531,31639,31678,31681,31706,31709,31549,31693,31719
31711	31531,31549,31575,31682,31641,31651,31654,31660,31537,31503
31712	31644,31531,31639,31678,31681,31706,31709,31711,31549,31659
31713	31671,31562,31531,31549,31503,31537,31575,31682,31680,31698
31714	31643,31715,31652,31716,31669,31531,31644,31639,31562,31678
31715	31643,31714,31652,31716,31669,31531,31644,31639,31562,31678
31716	31643,31652,31714,31715,31644,31669,31531,31562,31639,31645
31717	31562,31531,31549,31537,31575,31503,31534,31513,31528,31662
31718	31562,31531,31549,31537,31575,31503,31656,31663,31694,31534
31719	31531,31562,31549,31537,31665,31656,31503,31689,31658,31652
31720	31531,31562,31656,31665,31689,31549,31652,31658,31690,31537
31721	31586,31648,31637,31638,31642,31643,31672,31562,31608,31676
31722	31595,31725,31586,31549,31562,31531,31537,31575,31643,31503
31723	31589,31595,31674,31683,31719,31720,31722,31725,31580,31604
31724	31609,31595,31605,31611,31644,31705,31722,31725,31581,31586
31725	31595,31722,31586,31549,31562,31531,31537,31575,31604,31643
31726	31593,31616,31727,31639,31609,31625,31728,31644,31664,31655
31727	31728,31625,31593,31609,31726,31639,31672,31637,31638,31644
31728	31605,31727,31609,31593,31672,31676,31637,31638,31592,31711
31729	31731,31733,31594,31597,31615,31672,31599,31676,31677,31598
31730	31617,31594,31733,31597,31615,31754,31599,31752,31753,31755
31731	31729,31617,31615,31598,31733,31594,31560,31589,31600,31492
31732	31708,31737,31738,31739,31740,31736,31742,31608,31646,31647
31733	31731,31729,31737,31734,31735,31708,31732,31738,31594,31730
31734	31735,31733,31597,31594,31615,31599,31672,31598,31676,31677
31735	31734,31733,31597,31594,31615,31599,31672,31598,31676,31677
31736	31608,31646,31647,31659,31708,31732,31737,31738,31742,31748
31737	31708,31732,31738,31739,31740,31733,31736,31742,31608,31646
31738	31708,31732,31737,31740,31647,31739,31608,31646,31736,31742
31739	31744,31708,31617,31732,31737,31738,31742,31743,31745,31594
31740	31744,31738,31617,31732,31737,31742,31743,31745,31594,31615
31741	31619,31617,31708,31732,31737,31738,31742,31743,31745,31594
31742	31708,31732,31737,31738,31739,31740,31736,31744,31743,31745
31743	31739,31740,31744,31708,31732,31737,31738,31742,31745,31736
31744	31739,31740,31617,31619,31708,31732,31737,31738,31742,31743
31745	31708,31732,31737,31738,31739,31740,31742,31743,31744,31736
31746	31620,31618,31623,31613,31615,31747,31560,31600,31559,31493
31747	31746,31623,31619,31618,31606,31617,31708,31738,31732,31737
31748	31614,31608,31647,31749,31659,31736,31623,31750,31751,31618
31749	31614,31647,31748,31608,31659,31736,31623,31750,31751,31752
31750	31608,31614,31647,31659,31748,31749,31736,31751,31636,31752
31751	31608,31614,31647,31659,31748,31749,31750,31736,31752,31753
31752	31608,31614,31647,31659,31730,31748,31749,31750,31751,31753
31753	31608,31614,31647,31659,31730,31748,31749,31750,31751,31752
31754	31730,31608,31614,31647,31659,31748,31749,31750,31751,31752
31755	31608,31614,31730,31659,31748,31749,31750,31751,31752,31753
31756	45932,46818,21676,45914,46817,3774,1823,10939,13116,13440
31757	10236,31758,10318,10382,19917,20443,22940,31780,33755,87
31758	10382,19049,20443,25409,29198,31757,32864,2662,3879,8640
31759	1363,2294,2876,5456,7252,7254,7268,9394,10374,11686
31760	14860,6653,10778,17649,321,624,1390,1424,1772,1791
31761	31763,31764,31765,31769,31798,13076,13149,13509,17441,18039
31762	31765,31768,31775,31783,31790,31804,967,1342,1790,1797
31763	31771,31773,45932,21676,31775,10939,31779,31803,31812,42088
31764	31761,31763,31765,31769,31798,1359,1393,1541,1782,2503
31765	10939,12356,31770,31812,42088,42090,8582,12329,13523,14265
31766	31767,31781,21676,31783,31786,10939,31785,31803,31774,42088
31767	31766,45914,31775,31786,31779,10939,31783,31785,45932,21676
31768	12356,31770,42088,42090,8582,12329,13523,14265,29003,30811
31769	31765,31761,31763,31764,13076,13149,13509,17441,18039,18040
31770	31765,31768,31771,31773,31763,31766,31775,31781,31804,31783
31771	31763,45932,21676,10939,31783,31785,31803,31770,42088,42090
31772	36574,343,368,385,24188,93,732,770,12600,13112
31773	31763,31779,21676,31781,3774,31786,45932,10939,31783,31785
31774	31790,31766,31773,31781,31783,31804,3774,31763,31767,31771
31775	31767,45914,31763,10939,31781,31783,31786,45932,31785,31803
31776	31763,31766,31767,31768,31771,31773,31774,31775,31779,31781
31777	13076,13149,13509,17441,18039,18040,20443,26449,31757,31758
31778	13076,13149,13509,17441,18039,18040,20443,26449,31757,31758
31779	31773,31767,31763,31781,31786,21676,31783,31785,45914,45932
31780	10236,22291,9271,10382,20443,23965,25405,28736,31757,31791
31781	31766,31783,31773,31785,3774,31775,31779,45914,46817,46818
31782	31763,31765,31768,31785,31786,31790,31804,2915,13076,13149
31783	31781,31766,31767,31771,31775,45914,31773,31779,3774,31774
31784	5996,9467,9839,9912,13123,13618,13659,18030,18577,18584
31785	31781,31766,31767,31771,21676,31773,31775,31779,45932,31803
31786	31767,31766,31773,31775,31779,45932,21676,45914,3774,31803
31787	31801,31763,31766,31767,31768,31771,31773,31774,31775,31776
31788	31795,1657,1694,2659,2669,2670,29558,168,1661,1670
31789	1677,1695,2142,2143,2148,2243,2244,2245,2249,2260
31790	31804,46818,46817,3774,45914,31774,12356,22294,4238,6143
31791	10236,3037,18170,20579,31780,41765,528,598,601,638
31792	13076,13149,13509,17441,18039,18040,20443,26449,31757,31758
31793	18040,13149,3736,12154,13076,13176,13509,13648,17048,17441
31794	762,2686,3745,3904,3927,4206,4223,4247,4253,13076
31795	31788,1657,1661,1670,1694,1780,2659,2669,2670,2674
31796	31765,13076,13149,13509,17441,18039,18040,20443,26449,31757
31797	1347,1349,1352,1354,1355,1359,1364,1371,1373,1380
31798	31765,31761,31763,31764,13076,13149,13509,17441,18039,18040
31799	522,570,572,576,597,598,612,614,621,4158
31800	16657,16676,16678,11516,13076,13509,16655,31802,39171,503
31801	31787,31766,31767,31768,31781,31783,31785,31786,31790,31804
31802	13076,31800,503,8652,8837,9397,10596,13149,13426,13443
31803	31766,31767,31771,31775,31763,31779,31781,31783,31785,31786
31804	31790,46818,46817,3774,12356,31774,31803,4036,16215,31122
31805	31767,31790,31765,31766,31768,31771,31775,31779,31803,31804
31806	13076,13149,13509,17441,18039,18040,20443,26449,31757,31758
31807	13076,13149,13509,17441,18039,18040,20443,26449,31757,31758
31808	113,434,639,859,2876,3736,5850,6109,6120,7194
31809	8520,8638,13076,13149,13509,15000,17441,18039,18040,20443
31810	13076,13149,13509,17441,18039,18040,20443,26449,31757,31758
31811	1677,1695,2667,13076,13149,13509,17441,18039,18040,20443
31812	31763,31765,31783,31786,31766,31767,31771,31773,31775,31779
31813	556,14318,18597,19821,19851,25718,30413
31814	31817,556,31816
31815	522,708,752,6121,6142,6172,6208,7427,9148,9291
31816	16142,19818,6158,6884,9172,11258,16126,19837,19838,19839
31817	24140,31814,93,146,556,606,615,1216,1678,2196
31818	31921,31923,31926,31925,31931,31929,15106,15108,31916,1920
31819	31820,31825,31838,31840,31845,31872,31889,31895,31906,31913
31820	31825,31886,31839,31850,31868,31887,31903,31824,31835,31830
31821	31834,31820,31845,31851,31913,31840,31886,31887,31907,31824
31822	31874,490,4058,9751,15997,16065,17886,17911,20280,23685
31823	31842,31908,31901,31849,31878,31879,22927,31834,31836,31843
31824	31851,31820,31829,31845,31907,31831,31886,31835,31837,31840
31825	31820,31913,31895,31838,31886,31831,31839,31830,31850,31872
31826	31831,31834,31838,31840,31895,31892,31850,31844,31825,31862
31827	31892,31828,31829,31895,31899,31914,31831,31837,31864,31862
31828	31838,31844,31889,31827,31830,31899,31926,31929,31925,31888
31829	31851,31892,31864,31862,31921,31868,31923,31824,31844,31899
31830	31820,31828,31838,31825,31832,31886,31831,31837,31851,31864
31831	31895,31837,31826,31907,31839,31824,31825,31864,31886,31899
31832	31895,31864,31862,31903,31899,31889,31830,31888,31929,31926
31833	39424,5262,5341,5467,7025,12808,12831,16163,18359,23792
31834	31851,31850,31868,31826,31903,31839,31821,31867,31926,31893
31835	31820,31838,31851,31845,31895,31837,31850,31824,31829,31872
31836	1455,5235,8290,17266,20280,25401,31350,31823,31834,31842
31837	31838,31895,31831,31907,31862,31844,31835,31867,31889,31903
31838	31828,31837,31825,31862,31889,31826,31835,31850,31839,31872
31839	31820,31831,31834,31838,31895,31825,31850,31921,31835,31914
31840	31844,31907,31914,31864,31923,31826,31872,31889,31850,31862
31841	31857,15087,31900,15101,15102,15092,15110,23599,31820,31821
31842	31865,31823,31874,31908,31859,31863,31848,31849,31869,31883
31843	30913,31882,31865,31881,31848,31849,31863,31864,31889,1920
31844	31828,31840,31851,31837,31829,31864,31914,31826,31907,31824
31845	31914,31921,31907,31868,31850,31824,31835,31862,31886,31887
31846	31900,31909,31915,15099,15105,15108,17886,15091,31835,31838
31847	31828,31829,31914,31834,31838,31862,31907,31913,31832,31837
31848	30913,31842,31843,31863,31878,31880,31882,15118,31823,31857
31849	30913,31870,31823,31842,31843,31924,15118,31841,31857,31859
31850	31834,31820,31895,31914,31838,31845,31826,31835,31839,31840
31851	31834,31829,31907,31844,31923,31824,31835,31886,31887,31854
31852	15997,17886,30913,31819,31820,31821,31822,31823,31824,31825
31853	31820,31834,31845,31913,31821,31825,31828,31838,31851,31862
31854	31913,31851,31829,31837,31838,31840,31844,31820,31826,31862
31855	31860,17886,31820,31821,31824,31827,31829,31831,31832,31834
31856	31913,31850,31914,31820,31826,31832,31834,31838,31840,31864
31857	31841,31889,15106,15108,31832,31834,31840,31850,31864,31914
31858	31898,31883,17886,31838,31915,15093,31867,31889,31900,31909
31859	31842,31865,31908,1920,31885,31901,22927,31834,31836,31843
31860	31909,15106,15105,31889,15091,15089,15093,15101,15109,30913
31861	15997,17886,30913,31819,31820,31821,31822,31823,31824,31825
31862	31829,31832,31837,31838,31892,31845,31840,31831,31867,31826
31863	31842,31843,31848,31865,31878,31881,30913,31849,31857,31874
31864	31832,31829,31914,31892,31840,31868,31886,31831,31844,31899
31865	31842,31880,31843,31859,31874,31881,31882,31863,31869,31883
31866	31820,31825,31828,31829,31830,31832,31834,31838,31862,31872
31867	31837,31834,31838,31862,31907,31831,31895,31820,31825,31829
31868	31834,31914,31845,31820,31892,31921,31829,31864,31923,31907
31869	31901,31842,31865,31880,17886,31823,31834,31836,31841,31843
31870	30913,31849,31874,31880,31889,31896,31924,15118,31823,31825
31871	31825,31842,31870,31874,31878,31880,31901,15997,17886,30913
31872	31913,31820,31838,31840,31895,31825,31835,31837,31845,31850
31873	31223,31304,1673,1960,1967,11132,13633,19211,31236,31243
31874	31842,31865,31870,31880,31881,31882,31883,31908,31820,31822
31875	15997,17886,30913,31819,31820,31821,31822,31823,31824,31825
31876	15997,17886,30913,31819,31820,31821,31822,31823,31824,31825
31877	15997,17886,30913,31819,31820,31821,31822,31823,31824,31825
31878	31901,31889,31820,31823,31825,31834,31841,31848,31857,31860
31879	31823,31834,31836,31842,31865,31869,31874,31878,31880,31881
31880	30913,31865,31870,31848,31869,31874,31878,31882,31885,1911
31881	31901,31843,31865,31883,31834,31846,31863,31864,31874,31900
31882	30913,31843,31865,31848,31874,31880,31889,31896,31846,31849
31883	15106,15108,31858,15089,15099,15109,31838,31881,31901,15093
31884	17886,31835,31838,31846,31858,31860,31867,31883,31888,31898
31885	30913,31859,31865,31880,31842,31908,1920,3684,3754,3757
31886	31820,31851,31825,31864,31824,31831,31840,31845,31850,31830
31887	31913,31820,31892,31851,31840,31845,31824,31850,31821,31827
31888	31832,31838,31820,31828,31851,31825,31829,31831,31845,31889
31889	31828,31838,31914,31840,31832,31837,31907,31827,31831,31844
31890	30913,31842,31870,31878,31882,31889,31896,31897,11,381
31891	8298,9943,12978,13002,13025,13026,13028,13037,14809,15997
31892	31829,31914,31864,31862,31868,31827,31887,31826,31899,31903
31893	31829,31834,31907,31837,31862,31867,31895,31824,31825,31838
31894	15997,17886,30913,31819,31820,31821,31822,31823,31824,31825
31895	31832,31837,31831,31825,31850,31826,31835,31839,31827,31872
31896	30913,31870,31878,31882,31843,31880,31889,31890,31897,31901
31897	31842,31878,31823,31834,31836,31859,31865,31869,31870,31874
31898	31915,15091,17886,31858,15087,15089,15101,31838,15093,23599
31899	31829,31832,31892,31827,31828,31831,31864,31907,31914,31921
31900	31841,31909,15105,31846,17886,15087,15089,15099,31901,31834
31901	31878,31881,31834,31823,31835,31869,31883,31899,31900,31904
31902	31850,31827,31828,31829,31831,31834,31840,31844,31851,31857
31903	31820,31832,31834,31838,31892,31837,31845,31907,31826,31840
31904	31834,31820,31851,31840,31845,31895,31901,31824,31825,31827
31905	15997,17886,30913,31819,31820,31821,31822,31823,31824,31825
31906	31889,31838,31840,31844,31845,31895,31827,31828,31831,31832
31907	31851,31840,31845,31837,31831,31824,31921,31923,31844,31867
31908	31823,31842,31859,31865,31874,31878,31901,1911,1912,22927
31909	31860,31900,15089,31846,15087,15099,31889,15101,31838,31858
31910	15997,17886,30913,31819,31820,31821,31822,31823,31824,31825
31911	15997,17886,30913,31819,31820,31821,31822,31823,31824,31825
31912	31907,31914,8859,15997,17886,30913,31819,31820,31821,31822
31913	31825,31887,31872,31854,31821,31929,31856,31925,31926,31847
31914	31845,31892,31840,31864,31868,31921,31850,31889,31923,31827
31915	31898,31846,15087,15099,31913,15109,31838,31858,31889,15096
31916	31818,30913,31828,31829,31831,31843,31844,31847,31851,31864
31917	2499,30381,31818,31820,31824,31825,31828,31830,31834,31850
31918	31818,31834,31851,31820,31825,31828,31829,31835,31845,31853
31919	31818,31820,31821,31834,31845,31853,31913,31824,31825,31828
31920	31818,31859,503,1814,1920,3151,3450,3559,9244,15113
31921	31818,31845,31914,31829,31868,31850,31907,31839,31864,31886
31922	31818,31825,31834,31838,31820,31828,31837,31845,31851,31907
31923	31818,31851,31840,31829,31914,31868,31907,31864,31886,31824
31924	31818,30913,31849,31870,1920,31874,31878,31882,31931,1922
31925	31818,31828,31887,31913,31838,31895,31820,31825,31831,31837
31926	31818,31828,31834,31832,31838,31907,31913,31820,31825,31830
31927	3685,31818,31819,31820,31825,31826,31827,31828,31831,31832
31928	
31929	31838,31828,31895,31820,31832,31837,31913,31818,31831,31825
31930	1871,3653,4022,6184,7175,9193,9199,9973,12534,16173
31931	31818,1920,31901,31878,1922,31843,31849,31870,31879,31881
31932	22553,4839,5561,6802,7479,9986,10824,11214,12714,12744
31933	2324,12154,14980,15441,29874,33271,43145,579,1688,1694
31934	9872,31939,31936,31940,31947,31948,579,628,3264,9986
31935	579,2601,5772,9986,10582,10593,10601,14421,15441,22041
31936	31934,31939,31940,31946,31947,31948,579,4206,4295,5085
31937	579,25837,4120,4161,7637,7656,7685,9986,10504,10723
31938	579,692,726,770,797,815,838,2027,8392,8536
31939	31934,31936,31940,31947,31948,579,628,9986,10723,14411
31940	31934,31936,31939,31946,31947,31948,579,807,9986,10723
31941	9986,579,522,609,616,621,9863,12715,14421,20475
31942	5948,551,3937,12328,14264,14403,23172,30476,38723,82
31943	579,5995,9925,12060,14366,14421,17354,17364,26104,32641
31944	3937,5809,13681,24135,548,615,6161,10723,13267,13280
31945	579,9986,14421,15441,22041,23323,25837,31932,31933,31934
31946	31948,31936,31940,31947,579,621,4766,5588,5986,7698
31947	31934,31936,31939,31940,31946,31948,579,9986,10723,14411
31948	15761,17064,609,4841,13430,13510,14318,22542,31946,615
31949	5456,7254,22312,42692,42766,48026,1703,18425,21077,21078
31950	31965,31969,31971,31975,31954,31973,31951,31979,31981,31958
31951	31985,31954,31962,31981,31972,31973,31983,31960,31961,31971
31952	4181,13223,26006,338,575,1704,1809,2825,2876,3152
31953	31970,31975,31973,31961,31960,31974,31967,3230,7980,10496
31954	31951,31972,31973,31981,31983,31970,31971,31975,31979,31950
31955	31980,31968,31977,31981,31985,31986,31988,21915,31963,31964
31956	83,150,656,834,1704,2608,2876,2904,3407,3646
31957	1704,2857,2864,2876,3928,3993,4516,4755,4808,6650
31958	31962,31965,31980,31970,31972,31975,31979,31961,31971,31977
31959	1704,2876,18418,21244,21635,31950,31951,31952,31953,31954
31960	31951,31953,31965,31970,31980,31985,31954,31958,31961,31962
31961	31953,31970,31951,31954,31962,31965,31979,31958,31971,31972
31962	31958,31951,31970,31979,31961,31974,31977,31985,31986,31960
31963	27703,31951,31953,31954,31955,31962,31969,31970,31972,31973
31964	13013,31951,31953,31954,31955,31962,31969,31970,31972,31973
31965	31971,31958,31950,31968,31960,31961,31974,31986,21915,31967
31966	21078,42692,7254,42727,48026,19113,21077,31982,31989,42724
31967	31950,31951,31953,31954,31961,31962,31965,31969,31970,31971
31968	31955,31969,31980,31965,31981,31977,31979,31985,31950,31971
31969	31968,31950,31974,31986,21915,31967,31988,7980,12215,31963
31970	31953,31962,31954,31958,31961,31960,31972,31973,31975,31983
31971	31965,31950,31973,31954,31951,31979,31981,31958,31961,31970
31972	31954,31951,31979,31981,31958,31970,31977,31985,31961,31974
31973	31953,31983,31954,31971,31951,31981,31950,31970,31974,31979
31974	31969,31953,31962,31965,31973,31951,31954,31970,31971,31972
31975	31953,12272,31950,31954,31981,23747,31951,31958,31970,31979
31976	31951,31953,31954,31955,31962,31969,31970,31972,31973,31975
31977	31955,31981,31954,31962,31972,31983,31958,31961,31968,31971
31978	42766,42768,42725,42730,46792,42764,7268,42699,42713,42731
31979	31954,31962,31972,31981,31983,31958,31961,31971,31973,31975
31980	31955,31958,31968,31960,31988,21915,7980,31963,31964,31976
31981	31955,31951,31954,31972,31973,31975,31977,31979,31983,31985
31982	21077,42724,42730,19113,42768,42712,9386,19117,2876,42455
31983	31973,31954,31951,31979,31981,31970,31977,31985,31958,31961
31984	10435,1387,1704,2876,4509,7327,10332,10362,10404,10625
31985	31951,31955,31981,31954,31962,31972,31983,31960,31968,31971
31986	31962,31965,31969,31950,31951,31955,31958,31968,31971,31972
31987	22162,31978,31982,31989,42768,1078,1180,1680,1704,2034
31988	31980,31955,31958,31962,31965,31968,31969,31950,31951,31971
31989	42727,42725,42730,42768,46792,42699,42709,42731,42764,42704
31990	1704,2876,18418,21244,21635,31950,31951,31952,31953,31954
31991	1704,2876,18418,21244,21635,31950,31951,31952,31953,31954
31992	1704,2876,18418,21244,21635,31950,31951,31952,31953,31954
31993	909,1698,1703,18425,22312,0,223,1357,1704,2855
31994	31950,31951,31954,31955,31958,31962,31965,31968,31969,31971
31995	1704,2876,18418,21244,21635,31950,31951,31952,31953,31954
31996	6609,23484,37851,37876,37888,40686,6535,11100,23520,27808
31997	42699,31989,2188,18591,22707,27383,27388,31978,42697,42724
31998	22377,22395,47522,7630,10709,22065,22382,23441,27904,465
31999	1704,18418,33006,117,1703,2019,2022,2876,3237,3281
32000	27026,1078,1084,1317,1642,2064,3157,3574,3577,4766
32001	6299,7792,8154,8279,8816,9542,12466,12633,12681,13034
32002	1110,5924,6299,7792,7849,8154,8279,8816,9542,12466
32003	4397,25269,32005,1110,1357,1382,1431,1778,2022,2784
32004	49581,3885,8685,23770,30887,33772,13119,23729,23787,24573
32005	32012,32242,32056,32167,32022,32133,8279,32015,32026,32029
32006	32008,32009,32034,12633,32011,32012,32013,32031,32035,32038
32007	952,17150,32049,32050,32065,36261,38278,38282,11,62
32008	32040,32006,32284,12633,32011,32012,32013,32015,32031,32035
32009	32006,32070,32278,32284,12633,32011,32012,32013,32015,32031
32010	15817,27536,32005,32022,32038,32040,32072,38737,39740,11
32011	12633,32005,32006,32008,32009,32012,32015,32034,32045,32061
32012	32005,32031,32035,32049,32056,32167,32242,6979,8279,9542
32013	32004,32006,32008,32009,32031,32034,32035,32038,32040,32046
32014	14077,19429,26911,34439,34517,34751,35693,45054,45189,223
32015	32005,12633,32008,32009,32011,32012,32034,32045,32061,1366
32016	32751,41012,41069,1605,1657,1917,1943,2528,2627,2733
32017	3394,12633,12660,32046,32058,32317,32505,1114,1807,2142
32018	3578,14027,23512,32107,32120,32196,2588,6043,8816,9581
32019	23685,32044,211,956,1078,1080,1170,1212,1914,1930
32020	997,1356,1894,2417,3232,3436,6299,6514,6626,7792
32021	32175,32194,32202,2588,3394,6021,9492,9581,32027,32040
32022	32056,32058,32005,32035,32119,32159,25147,32046,32087,32167
32023	6299,7792,8154,8279,8816,9542,12466,12633,12681,13034
32024	32032,218,1022,1661,1685,1695,1778,2324,2645,2650
32025	6299,7792,8154,8279,8816,9542,12466,12633,12681,13034
32026	6043,32005,32107,1110,7004,7080,7792,7848,8279,8816
32027	25147,32004,32005,32012,32018,32021,32022,32026,32031,32033
32028	8816,12618,35591,13616,19110,23608,24526,24851,29331,32017
32029	32004,32005,32051,32031,32046,32065,32089,32092,32115,32167
32030	7849,8685,22921,2507,2547,4454,6304,7717,7723,7792
32031	32004,32012,32051,32139,32271,8279,25147,32237,7805,8816
32032	2692,17847,32024,32057,32169,162,218,298,458,543
32033	32035,32056,32058,32182,32218,32005,32046,32087,32159,32167
32034	32038,32006,32040,12633,32011,32012,32013,32015,32031,32035
32035	32046,32056,32058,32087,32022,32033,32210,7758,8685,25269
32036	7785,27551,27570,27574,27583,11,1000,1528,2764,4418
32037	6299,7792,8154,8279,8816,9542,12466,12633,12681,13034
32038	32004,32034,9808,11399,11401,11405,11410,11419,11425,32070
32039	9780,12107,19915,30244,35738,110,9716,9784,9822,9843
32040	32008,32004,32034,32284,32006,32010,32013,32021,32026,32031
32041	1493,2813,5263,5274,5654,6299,6461,6463,6489,6494
32042	18163,35654,12,127,1952,2259,2764,6892,6935,8816
32043	6299,7792,8154,8279,8816,9542,12466,12633,12681,13034
32044	32294,6021,23685,32120,32202,1605,2588,3394,9492,9561
32045	5242,9453,49652,11756,23717,32435,49630,11790,13119,23749
32046	32058,8685,32035,32087,32004,32065,32532,3734,5263,7723
32047	32071,2645,2703,6299,7792,8154,8279,8816,9542,12466
32048	6513,6487,6515,11110,11737,12853,24482,26911,32046,32058
32049	8279,32005,32012,6609,9542,13034,32007,32031,32056,32077
32050	49577,49581,8685,23779,30693,32004,33192,6469,8816,9453
32051	32004,37831,32031,32065,32092,37851,37856,6599,21281,26828
32052	4509,6450,17199,28672,41030,311,918,1077,1085,1111
32053	1356,6976,6977,10792,11120,19046,23730,23733,38215,40756
32054	456,4452,6299,7758,7792,8154,8279,8816,9542,12466
32055	8816,20107,30473,32026,32046,34009,10,273,437,536
32056	32005,32022,32035,32033,32058,32159,32012,32077,32087,32119
32057	6600,3885,6524,6461,6474,6482,6496,6508,6514,6542
32058	32046,32022,32035,32033,32056,32087,32210,3394,5263,12633
32059	35996,6565,6561,6678,6468,6487,6524,6542,8123,32045
32060	8154,32012,161,168,258,439,467,612,1157,1357
32061	12633,32005,32006,32008,32009,32011,32012,32015,32034,32045
32062	6299,7792,8154,8279,8816,9542,12466,12633,12681,13034
32063	32058,2658,23486,32004,32006,32008,32009,32013,32018,32021
32064	95,638,9154,17150,109,146,168,2646,7717,7723
32065	8685,32004,32046,32051,26654,32035,32087,33958,168,987
32066	6299,7792,8154,8279,8816,9542,12466,12633,12681,13034
32067	17150,32004,32030,32050,32064,32072,11,110,168,242
32068	8686,8816,25147,32022,32031,32042,35195,74,438,966
32069	10,11,28,38,83,85,6021,6299,7792,8154
32070	32009,32038,32004,32006,32008,32013,32031,32034,32035,32046
32071	2645,19920,8685,9194,12633,25200,29490,30693,32227,45020
32072	27536,4389,22963,23685,40455,43121,186,22927,22934,33634
32073	35996,36011,35977,35998,36039,36053,36060,36061,36063,37834
32074	32004,32006,32008,32009,32012,32013,32031,32034,32035,32038
32075	16176,22954,38698,548,638,1045,1100,1150,1404,1617
32076	457,1099,1357,1664,1667,2554,3138,4096,4769,4892
32077	32005,32056,32092,8279,32012,32031,32049,32051,32102,1925
32078	9542,14562,15314,24342,32050,32157,32343,32369,32370,32371
32079	1110,1114,5537,6299,7792,8154,8279,8816,9542,12409
32080	10616,11756,1390,1397,1511,5242,5267,6976,23770,23787
32081	850,952,1114,1513,2643,2645,2701,2956,4381,4401
32082	18841,34913,16539,23585,25218,34957,43728,1026,1099,1367
32083	1110,4408,7360,9561,9597,9779,12627,12637,12645,12667
32084	1220,19,168,204,679,1497,1657,1666,1670,1677
32085	23476,35612,127,1357,1918,1919,1923,2081,2370,3403
32086	49581,3885,6469,23782,32050,39157,5242,6982,9453,11717
32087	30305,32035,32046,32210,49893,32058,32022,32033,32056,32065
32088	
32089	30305,32092,32046,32237,32271,6543,32006,32008,32009,32029
32090	1387,4520,6609,6935,7920,9542,19909,23484,27049,27053
32091	9724,7785,9731,27625,9729,11080,27629,3394,3734,7712
32092	30305,32271,32051,32089,32237,1814,32077,32212,7805,8279
32093	1652,8136,8233,9858,13861,13886,14152,15531,17744,17890
32094	32051,32095,32097,32287
32095	32051,32094,32287
32096	7723,8685,22773,23517,35549,140,956,3099,6452,6544
32097	1387,4520,6609,6935,7920,9542,19909,23484,27049,27053
32098	1387,4520,6609,6935,7920,9542,19909,23484,27049,27053
32099	211,956,1078,1080,1170,1212,1914,1930,3233,3954
32100	1114,11834,22921,32005,32031,32092,33192,34593,108,484
32101	
32102	30305,8268,32005,32012,32051,32056,32077,32092,32129,32133
32103	
32104	11714,11744
32105	13847,33192,285,964,1083,1129,1135,1689,1776,1782
32106	35715,38737,628,1031,2588,2775,3400,4716,5170,5262
32107	3578,30305,32018,32026,6043,16380,22981,32120,32196,32294
32108	2608,5957,7371,7383,7406,8695,11380,13799,19644,20140
32109	10,11,3578,6021,6043,6066,6075,12636,15088,18323
32110	1453,32005,32046
32111	6508,11723,17308,35996,6544,6678,7329,11714,11726,17952
32112	1113,1220,1397,3434,3575,4173,5460,6114,6450,6456
32113	6331,6467,11015,14052,16532,17028,21787,27070,30305,30362
32114	2415,2418,2420,2430,2445,2501,2864,4264,6477,9659
32115	30305,32004,32005,32029,32046,32051,32089,32092,32237,32250
32116	1110,4408,9573,28258,30305,32074,40999,41517
32117	13119,9453,32209,49577,196,452,11747,17127,33772,44671
32118	1382,1393,1428,1925,1933,2520,2914,3394,6976,6979
32119	32022,32035,32056,32058,32087,32159,32167,32182,32210,30305
32120	3578,32018,32044,30305,32107,32196,32294,2572,3394,4909
32121	4396,5880,447,1009,1129,1640,2644,2984,3876,3918
32122	1500,3779,4339,4420,4442,6958,7019,7279,7932,9892
32123	
32124	
32125	1500,3789,4339,4420,4442,6958,7019,7279,9892,11093
32126	30305,249,458,1356,1937,2062,2637,2701,2703,3004
32127	1925,8279,8401,12598,16621,19388,19920,25187,27595,30305
32128	1031,2684,7801,32227,8685,10253,12666,27086,32050,43896
32129	30305,32102,1797,1925,2535,4460,8268,8278,8401,10656
32130	528,638,1002,1139,1998,2003,2008,2916,2956,3011
32131	
32132	5,223,242,959,1183,3358,3586,3875,4411,6710
32133	32005,32056,30305,32012,32022,32031,32102,32189,1348,1545
32134	32234,32204,32240,32241,19,439,1099,1100,1689,2118
32135	
32136	6473,19444,39479,45364,1492,5279,13810,20067,24249,36374
32137	1919,2081,2370,5150,6473,6531,6894,8025,8140,8191
32138	
32139	30305,32031,8279,32004,32012,32035,32049,32051,32058,32087
32140	33194,49893,25187,27086,32087,34593,35661,168,1031,1114
32141	22887,22888,1617,22871,22872,22886,22896,117,251,1145
32142	7920,1387,4520,6609,6935,9542,12160,19909,23484,24573
32143	
32144	1110,3578,6043,6090,7814,7847,9570,9581,21199,30305
32145	2603,6021,29249,339,1095,1110,1458,1660,2062,2720
32146	19042,32005,32022,32031,32242,41407,43121,52,146,325
32147	11,131,918,2191,3376,4576,4957,5285,5314,5370
32148	
32149	17110,17150,16922,18555,32258,1511,2409,3234,4679,4765
32150	7174,7177,7970,8959,8976,21858
32151	7950,8294,9886,10782,17743,17901,21258,25733,31181,32024
32152	19388,198,374,1022,1113,1617,2956,3629,3654,3880
32153	8980
32154	20286,168,433,973,1016,1106,1488,1517,1526,1538
32155	32058,1809,1814,19016,25147,31396,32004,32005,32012,32022
32156	1099,1814,2151,3945,8773,9772,13101,27111,30215,32626
32157	23697,23698,23696,44892,8671,35688,38734,38737,38838,40443
32158	638,7717,7723,7849,8685,12421,23586,32046,34009,39232
32159	32022,32056,32033,32035,32058,32087,32119,32167,32210,32218
32160	
32161	23608,1446,1620,5000,5086,9377,9785,10251,11383,12551
32162	3578,6027,6140,12522,12542,12835,24514,24929,32018,32026
32163	30305,32006,1366,5242,5243,6574,6590,6956,6962,7371
32164	2017,2072,2082,20199,20222,20226,20229,20231,20232,20233
32165	3625,6002,6104,7257,8279,11594,19138,19902,20774,32004
32166	6481,6609,19034,37830,282,1772,1925,2650,3885,4498
32167	32005,32012,32022,32033,32035,32056,32058,32119,32159,32182
32168	1139,5523,5933,6978,7257,8279,11213,11594,12411,12664
32169	30305,8932,13166,20089,27653,32033,32058,32182,32242,35193
32170	30305,3885,12160,15901,27018,27025,27034,27042,27046,27049
32171	25224,25195,27609,19,242,8685,27549,40814,1113,2646
32172	32005,32118
32173	4046,4053,8047,8068,22090,22119,22124,4036,4085,4086
32174	5807,8685,13795,22934,27541,46251,46505,19,110,131
32175	32021,6043,30305,32194,3394,4416,6021,9581,12511,24514
32176	6460,6469,6474,6481,6482,6496,6508,6516,6554,9666
32177	20283,20300,20307,20325,40358
32178	5538,5550,32215,3023,3129,5545,5559,5574,5576,5578
32179	638,1458,8685,9154,12107,12632,13623,13871,15182,19439
32180	32212,32195,49893,30305,32004,32006,32008,32009,32013,32031
32181	6460,7771,20009,22958,23006,32005,32031,32092,32096,32100
32182	32033,30305,32035,32046,32058,32087,32119,32167,32169,32210
32183	32201,5243,7516,7854,11738,12639,18841,25301,32031,32072
32184	6659,12837,12861,38219,375,2416,4624,4741,6490,6493
32185	10315,17434,42070,74,186,562,995,1100,1846,1936
32186	4717,7608,285,503,1036,1366,1369,1371,1377,1405
32187	13616,7717,19,298,601,660,748,1113,1181,1354
32188	32364,32488,32532,35635,1,3885,5263,7720,11860,13616
32189	32005,32133,49893,270,8860,22958,23056,30454,32022,32100
32190	32255,196,238,452,1023,1350,1366,1428,1453,1545
32191	5242,1392,49630,3618,4871,5243,7700,11756,13278,16624
32192	8295,11077,17025,19549,22159,27059,32075,32112,32197,32212
32193	42432,42443,8004,27995,27997,28000,28001,34278,1694,3734
32194	3578,32021,32175,9581,30305,32018,32196,32202,42074,1110
32195	32005,32180,270,605,1943,2054,3622,6460,6646,6893
32196	3578,32018,7726,9581,19439,19550,24514,30305,32021,32107
32197	32075,32112,32192,32212,32213
32198	20003,32615,1433,5933,9912,10468,12679,14770,15297,17351
32199	
32200	
32201	32183,5243,7516,7854,11738,12639,18841,25301,32072,34547
32202	32021,32044,2588,3394,6021,9492,32175,32194,32222,32294
32203	34662,35551,9793,12670,15289,19536,32830,35649,35677,38734
32204	32209,17104,17127,30305,32117,32134,32234,3,41,110
32205	1390,3422,4336,4349,4420,4431,5178,5339,6473,6505
32206	32005,32022,32113,32133,32140,32189,32195,32216
32207	
32208	2524,6298,25157,30305,32141,33977,42861,48689
32209	32117,17127,32204,17104,18558,30305,110,189,593,1417
32210	32087,32035,32058,1,32022,32033,32046,32056,32119,32159
32211	601,2269,2547,3971,4009,6090,10331,13498,17993,20340
32212	32092,32180,49893,30305,32031,32046,32139,32293,38160,1814
32213	3586,14052,17784,20569,20827,20957,22112,22141,27328,30425
32214	364,1099,1404,1746,1832,1846,1874,2070,2644,2670
32215	32178,43695,689,2838,3845,4034,4158,5820,6405,8401
32216	22958,32031,32092,38160,6460,7771,20009,23006,30305,30454
32217	
32218	32033,32022,32035,32056,32058,32087,32159,32167,32182,32210
32219	16621,23040,35137
32220	13,457,562,2118,2689,2719,3099,3129,3721,3952
32221	
32222	19032,29464,29514,29516,41415,44849,1031,1688,1856,2692
32223	6684,1415,3446,3622,4750,5799,6523,6540,6652,6667
32224	6519,22660,32050,1413,5263,7907,22666,24046,25440,32582
32225	854,1426,1445,1485,1680,1685,1763,1778,1782,5249
32226	8989,11181,11213,12667,20304,21417,21840,25196,30741,45603
32227	8685,5263,12633,35451,32071,32128,32317,1114,2547,3394
32228	6893,9493,17915,30305,32005,32012,32089,32092,1366,1797
32229	6043,15088,21308,28263,29490,30693,34278
32230	1359,1393,1541,1782,2153,2503,2572,3398,5854,5930
32231	13166,503,2915,18573,37981,6978,11860,19211,23508,40509
32232	7717,9709,11080,27086,32091,351,1595,1647,2675,6304
32233	27542,27585,27590,27600,27620,11,13996,18841,21556,27552
32234	32134,17104,17127,17150,32204,32240,32241,1387,1840,2915
32235	35677,4262,5537,6079,8399,11397,12618,12625,13871,14046
32236	22871,22886,1617,22872,218,246,266,276,1022,1145
32237	32092,30305,32004,32031,32051,32089,32271,32046,32065,32115
32238	168,1031,1609,1689,2644,2646,2701,2903,4464,5237
32239	32218,32005,32022,32033,32035,32046,32056,32058,32087,32119
32240	32134,32234,32258,16922,17104,17127,17150,30305,31240,32117
32241	17110,32134,32234,1350,3247,4416,7274,7292,9796,9943
32242	32005,30305,32012,32046,32169,27653,32004,32139,32146,32237
32243	168,1657,1670,1679,1685,1694,1705,1864,2637,2647
32244	1366,1521,2982,4089,5531,23751,32603,32755,33767,38241
32245	30305,32004,32006,32008,32009,32013,32031,32034,32035,32038
32246	20107,27595,33231,934,1110,1114,1434,1458,1667,1797
32247	
32248	
32249	33192,32364,27653,33231,1114,1369,5263,22921,32005,32031
32250	3039,8686,12409,12633,16901,32004,32029,32046,32051,32089
32251	19,171,339,628,659,2598,3875,4452,4764,4782
32252	10498,351,4717,5986,8683,11190,14052,16928,29858,30226
32253	129,552,770,831,909,1688,2555,2668,2678,2843
32254	
32255	9453,196,452,1350,1545,4463,6594,6639,7281,7347
32256	32167
32257	2409,4493,7024,10686,10859,11756,16342,17275,21518,22831
32258	17150,32117,32149,32240,2142,3234,4354,9671,10664,11127
32259	31,38,127,213,233,239,1841,1870,3875,6114
32260	49888,95,115,122,127,150,160,170,221,338
32261	1354,29490,30305,31757,32211,34210,36291,37981,40078,40356
32262	168,251,433,973,1016,1106,1538,1633,1665,1774
32263	5236,8273,11723,16380,31187,31231,39157,49653,49677,146
32264	
32265	251,6304,17292,20195,20340,22881,22887,22888,22896,26808
32266	
32267	32045,452,1366,1381,1545,1590,1638,3458,4034,4734
32268	
32269	
32270	
32271	32092,32031,30305,32004,32051,32089,32237,32029,32046,32058
32272	32087,1023,2626,24626,30305,32004,32005,32029,32035,32046
32273	
32274	
32275	34485,35207,211,627,956,1020,1078,1080,1170,1212
32276	
32277	30305,32004,32006,32008,32009,32013,32031,32034,32035,32038
32278	30305,32004,32009,32008,32070,49895,3578,12221,12578,14029
32279	32005,32284,1366,5242,5243,6574,6590,6956,6962,7371
32280	32005,1366,5242,5243,6574,6590,6956,6962,7371,9658
32281	30305
32282	
32283	30305,32004,32006,32008,32009,32013,32031,32034,32035,32038
32284	30305,32008,32009,32040,32006,32034,32087,32089,32092,32279
32285	30305,32046,1387,4520,6609,6935,7920,9542,15483,15500
32286	30305,32005,1366,5011,5242,5243,6574,6590,6956,6962
32287	32051,32094,32095,32097
32288	1366,5242,5243,6574,6590,6956,6962,7371,9658,9668
32289	
32290	1113,1608,1725,2557,2922,3401,3880,3943,6015,6016
32291	30305,32005,32040
32292	
32293	32212,20567,22954,27913,32046,32077,32087,32092,32096,32111
32294	32044,3578,6019,7012,9891,19388,23696,23697,23698,32310
32295	32004,7257,8279,11594,32005,32012,32029,32031,32051,32089
32296	32031,32087,32092,32183,32210,32237,32242
32297	342,22609,25070,25086
32298	7516,25909,27595,2904,4990,16380,25171,27653,33529,33557
32299	32309,32326,96,134,174,252,1923,4344,4593,4993
32300	32336,32303,32309,25171,25909,32317,32327,32328,32329,32330
32301	32312,32311,32315,32329,32338,87,1113,1158,2969,3500
32302	32319,32328,32317,32329,2651,5150,7723,8685,25213,25909
32303	32327,32331,32300,32332,32333,32335,7516,19063,27595,32330
32304	32302,32319,32322,32331,32337,44,62,525,973,1018
32305	4993,30693,32299,32300,32301,32302,32303,32304,32306,32307
32306	32316,32309,32321,32324,32329,32338,32340,4993,5928,5931
32307	32313,32309,32322,32336,32323,32330,10778,10855,29909,32302
32308	20691,20699,20712,32302,32303,32315,32320,32322,32323,32328
32309	32329,32307,32327,32313,32319,32331,32300,32330,25171,25909
32310	25184,32294,95,2641,8675,13872,15190,16862,23530,29724
32311	32314,32301,32309,32321,32324,1099,1689,1876,2678,3205
32312	32301,32315,32329,32338,32340,347,2541,2802,4143,4993
32313	32307,38098,28675,33210,40280,32309,32327,32329,36070,37945
32314	32311,32315,32303,32307,32322,32327,32328,32332,32333,32335
32315	32312,32301,32314,32302,32303,32308,32320,32322,32323,32328
32316	32306,32309,32321,32324,32329,32338,32340,4993,5928,5931
32317	25187,1366,23586,33192,35451,35559,5242,8685,16380,19550
32318	4993,30693,32299,32300,32301,32302,32303,32304,32305,32306
32319	32302,32309,32328,32329,25909,32327,32330,32304,32307,32334
32320	32302,32303,32308,32315,32322,32323,32328,32333,32335,32336
32321	32306,32309,32311,32316,32324,4993,30693,32299,32300,32301
32322	32307,32330,32332,32333,32335,7516,25171,32304,32308,32313
32323	32307,32333,32302,32303,32308,32313,32315,32320,32322,32327
32324	32306,32309,32311,32316,32321,4993,30693,32299,32300,32301
32325	4993,30693,32299,32300,32301,32302,32303,32304,32305,32306
32326	12633,20302,32045,38283,952,973,1078,1085,1114,1366
32327	32303,32309,32313,32331,32339,32302,32319,25909,32300,32314
32328	32333,32302,32335,32319,32331,32339,2904,4993,25909,32300
32329	32309,32302,32313,32319,32330,32339,32331,25909,32300,32301
32330	32322,32329,32302,32303,32307,32309,32319,32332,25909,32300
32331	32303,32309,32327,32328,32329,7516,32304,32337,44,1912
32332	32333,32303,32322,32335,32336,32330,32339,2904,4993,32309
32333	32328,32335,32332,32303,32322,32336,32323,2904,4993,32302
32334	32302,32307,32309,32317,32319,32322,32328,32329,32336,43154
32335	32333,32328,32303,32322,32332,32336,32302,32308,32313,32314
32336	32300,32307,32332,32333,32335,7516,25171,32308,32313,32314
32337	32302,32304,32319,32322,32331,44,4993,7516,30693,32299
32338	32301,32303,32306,32307,32312,32316,32322,32327,32328,32332
32339	32327,32328,32329,32303,32332,2904,4993,32302,32308,32315
32340	32306,32312,32315,32316,4993,6030,30693,32299,32300,32301
32341	1754,2752,3394,4993,7914,8136,13828,13886,14064,19049
32342	16163,37899,4527,4669,5236,5242,6531,6543,11772,12466
32343	4425,4398,4447,32740,5249,32782,32791,4420,32729,49581
32344	32347,32365,32387,32396,32398,147,242,484,1354,1369
32345	6496,4397,6450,6452,6458,6461,6462,6470,6491,6497
32346	1354,1373,1392,1489,1513,1515,1797,2027,2066,2348
32347	49581,41069,23787,32357,1354,1366,3885,5249,5531,9453
32348	1392,2830,4679,5236,13923,31181,31187,33767,33772,37947
32349	24342,32358,32362,32378,483,1354,1373,1392,1489,1513
32350	24342,32353,32369,32370,32371,32388,449,1354,1373,1392
32351	1354,1392,2348,2381,32367,32384,32392,32397,32400,32404
32352	32394,6958,32738,32801,32753,32767,4471,4482,32817,35182
32353	32369,1392,24342,32350,32370,32388,1216,1354,1373,1489
32354	49577,8727,11756,32403,30887,9453,10616,23787,25276,35186
32355	49577,10616,25276,25300,30887,49606,49648,1390,5236,32426
32356	6958,4408,32408,32728,32761,32776,32807,35186,38000,4451
32357	49581,5242,41069,5531,11756,49630,49652,32365,35186,5243
32358	32362,1392,5242,7758,24342,32191,32349,32355,32369,32375
32359	1354,1373,1392,1489,1513,1515,2348,2381,2904,4426
32360	32394,32418,32423,32784,5249,6958,32408,32738,32741,32814
32361	4426,5274,25268,29916,32355,49569,49606,5242,6473,6660
32362	1392,32358,5242,5249,32375,1373,1390,3618,11756,24342
32363	4425,32394,4447,32740,4431,32814,32425,32782,4397,32801
32364	27653,33194,24689,29249,16380,17104,27595,33192,1778,17116
32365	11756,32357,49577,1366,23718,23762,23787,49581,5249,6962
32366	32418,32740,4397,4425,32771,1354,4447,32360,32782,1415
32367	1354,1392,2348,2381,32351,32384,32392,32397,32400,32404
32368	1392,32385,32393,1489,11756,32364,32372,32378,32382,32401
32369	32370,24342,32353,32378,32388,1354,1373,1489,4426,5260
32370	32369,24342,32371,32388,1354,1359,1373,1394,1489,5260
32371	24342,32370,32388,1354,1373,1489,5260,17678,32078,32347
32372	32368,43245,48399,961,1012,1354,1373,1390,1392,1489
32373	19038,30208,1778,40073,1513,2645,3734,4397,4426,7343
32374	32357,32403,32420,30214,32355,909,1354,1373,1489,3394
32375	1392,32362,1354,5242,11756,24342,32347,32354,32357,32358
32376	1373,1392,32355,32362,32377,32414,162,298,1347,1349
32377	1373,1392,20506,32355,32362,32376,162,298,338,340
32378	32354,1354,11756,32347,32435,41069,5236,5243,5260,5531
32379	20199,1,13,20,128,186,195,638,1354,1373
32380	1354,24342,29751,32347,32389,1373,1435,1489,5260,15314
32381	1354,1373,1392,1489,1513,1515,2348,2381,2904,4426
32382	1392,32368,32371,32385,32393,45369,514,1354,1370,1373
32383	4398,32394,4339,32784,4397,4400,4447,32356,32730,32782
32384	2352,32397,2330,32404,32406,2337,2350,1354,1392,2387
32385	1392,32368,32371,32382,1354,1373,1489,1513,1515,2348
32386	4420,5249,6958,4451,32418,32425,32771,32801,4408,4471
32387	32352,4447,32394,5249,32425,4471,32740,4396,4450,32761
32388	24342,32369,32370,32371,1354,1373,1489,5260,17678,32078
32389	32387,1384,32352,32356,32360,32380,32383,32386,32394,32408
32390	1354,1373,1392,1489,1513,1515,2348,2381,2904,4426
32391	1354,1373,1392,1489,1513,1515,2348,2381,2509,2904
32392	2381,32421,32397,32406,2330,2350,2352,1354,1392,2337
32393	1392,32368,32371,32382,1354,1373,1489,1513,1515,2348
32394	32352,4398,32771,35261,32418,4431,5249,4420,32363,32408
32395	3394,3622,6469,6482,6976,7329,9666,11723,11756,32364
32396	4425,5249,49581,4447,23755,26386,32417,32425,32440,32729
32397	2330,32384,32421,2337,2350,32392,32400,2395,2399,32404
32398	49581,3885,39084,4450,5242,8685,11756,32347,35759,39157
32399	1354,1373,1392,1489,1513,1515,2348,2381,2904,4426
32400	2341,2352,32397,32404,2330,2350,1354,1392,2337,2395
32401	1392,1513,4426,11860,17502,18587,32364,32368,32373,850
32402	32894,32865,32869,32906,3885,23729,32858,32863,32864,32870
32403	32354,5242,32355,49577,49606,5243,7813,8727,11756,32374
32404	2330,2337,2341,2381,32384,32400,32406,2344,2352,2397
32405	1354,1373,1382,1392,1438,1455,1489,1513,1515,1982
32406	2381,2330,32384,32392,32404,32421,2341,2352,32397,1354
32407	1354,1373,1392,1489,1513,1515,2348,2381,2904,4426
32408	32356,32394,5249,32729,4482,32784,32360,32440,32738,32771
32409	19,1497,4983,5474,8688,8756,16884,18578,18998,22773
32410	1354,1373,1392,1489,1513,1515,2348,2381,2904,4426
32411	2601,4527,6653,11756,17556,17999,23476,26520,32775,33160
32412	4425,32356,4408,4447,32050,32396,32417,32425,32728,1505
32413	32354,32355,49577,5242,5243,11756,32357,32361,32378,32403
32414	1373,1392,1956,25184,32355,32362,32376,32422,19,162
32415	1354,1373,1392,1489,1513,1515,2348,2381,2904,4426
32416	32417,11756,23744,32352,32360,32386,32387,32394,32396,32418
32417	32782,5249,4397,6958,32425,32440,4451,4471,32429,32771
32418	6958,32386,32394,32771,4397,32360,32784,32366,38000,4431
32419	74,1354,1358,1373,1392,1489,1513,1515,2348,2381
32420	32374,30214,32357,32403,16433,30141,33749,33772,39,206
32421	2341,32392,32397,2330,32406,2337,2350,2395,2399,32404
32422	1354,32414,1373,1392,1489,1513,1515,2348,2381,2904
32423	32729,4420,32425,32730,4442,4482,32360,32767,4400,4431
32424	5930,8268,8270,8271,8281,8286,8287,8291,8293,8295
32425	32729,32740,4408,4471,32386,32417,32423,4397,4402,4464
32426	32355,32343,5243,25276,32354,41069,49577,1434,1446,3618
32427	
32428	3282,32518,32578,37981
32429	32417,32423,4447,32425,32782,32729,32784,32799,4397,4420
32430	
32431	3873,4038,9083,17847,20826,24334,46361
32432	32343,32452,47747,1347,1349,1352,1354,1355,1356,1359
32433	11756,1366,5242,10616,9453,25276,25300,35186,41069,42911
32434	5242,7726,11127,11756,12288,16380,23731,32787,40997,208
32435	49606,5531,49630,5249,32045,49648,13278,25300,32343,32791
32436	32791,6958,32394,32741,4408,4425,4431,4433,4447,4471
32437	32343,32355,32426,47743,1354,1392,1686,4353,5223,5242
32438	
32439	74,282,1392,5242,5252,6543,23718,23745,23827,24316
32440	32782,4397,32802,32386,32417,32729,4398,4405,5249,32761
32441	1347,1349,1352,1354,1355,1359,1371,1375,1380,1381
32442	1392,32343,32432,32452,33026,33466,35560,40953,47747
32443	1513,1515,1360,1392,1437,1521,7289,17498,17525,17641
32444	
32445	11756,5242,25276,5243,6962,41069,5236,25300,36198,1434
32446	10631,16336,25270,32343,38685,40242
32447	41069,7813,17152,17504,32050,32354,32365,32403,49581,3669
32448	32740,4408,4425,4447,4471,6958,32343,32423,32738,32767
32449	1347,1349,1352,1354,1355,1356,1359,1360,1362,1364
32450	
32451	
32452	32343,32355,1347,1349,1352,1355,1359,1362,1371,1373
32453	1347,1349,1352,1354,1355,1356,1359,1360,1362,1364
32454	32787,32916,32920,1366,1417,1442,1615,2854,2860,2861
32455	1347,1349,1352,1354,1355,1356,1359,1360,1362,1364
32456	36198,1371,1428,6962,49462,49617,1355,1379,1380,1381
32457	4447,32801,4433,5249,32784,35261,4414,6958,32363,32425
32458	934,937,941,987,1021,1029,1040,1041,2335,2337
32459	32465,32469,934,937,941,987,1021,1029,1040,1041
32460	32465,32469,934,937,941,987,1021,1029,1040,1041
32461	32465,32469,934,937,941,987,1021,1029,1040,1041
32462	32465,32469,934,937,941,987,1021,1029,1040,1041
32463	32465,32469,934,937,941,987,1021,1029,1040,1041
32464	2330,2333,2336,2338,2339,951,1373,1814,2331,2334
32465	32459,32460,32461,32462,32463,32469,934,937,941,987
32466	147,951,966,1048,1059,1595,1625,1633,1647,1695
32467	951,2501,2544,8400,19695,22396,23207,27392,32459,32460
32468	951,19695,32459,32460,32461,32462,32463,32464,32465,32466
32469	13616,13722,33121,6782,18127,22981,27536,29720,32459,32460
32470	951,19695,32459,32460,32461,32462,32463,32464,32465,32466
32471	15113,15706,3751,11707,25084,951,2335,2337,2782,2857
32472	951,19695,32459,32460,32461,32462,32463,32464,32465,32466
32473	951,19695,32459,32460,32461,32462,32463,32464,32465,32466
32474	959,2929,3358,3875,7680,13789,13978,14927,19023,21868
32475	1099,19149,24860,24866,30065,34394,39738,44815,13074,14692
32476	32485,13858,14048,23512,23564,1052,6030,8292,13661,13812
32477	32485,23512,49711,1052,6030,13661,13858,13930,13979,14048
32478	10670,10749,26349,42972,5481,10674,26357,26402,32487,35908
32479	2337,2389,2552,2905,3441,3873,4591,10849,19358,21097
32480	2406,2514,3456,5102,5590,5937,7444,7452,9974,10824
32481	17880,32476,32477,32485,117,958,1078,1150,1301,1602
32482	6303,168,1078,1156,1184,1186,1190,1194,1657,1665
32483	32484,2050,2540,2825,3825,4097,6465,10677,10678,10688
32484	32483,22645,2050,2540,3825,3931,4097,6450,8154,10498
32485	32476,32477,17880,32481,34415,1,20,81,797,1052
32486	9556,11833,14887,17122,24801,27301,1263,1740,1894,2370
32487	32478,32474,32476,32477,32479,32480,32481,32482,32484,32485
32488	33194,33192,34179,34390,11377,13863,23510,23525,23593,32317
32489	33194,33749,33764,33797,32506,32527,32532,32586,33192,33778
32490	32495,35478,8685,26221,32498,32530,34927,35435,35457,35473
32491	9194,15175,16862,16878,17740,23550,25199,34185,35605,35630
32492	32494,32525,32549,32581,29249,32508,32548,32550,32558,32560
32493	934,1343,1814,2122,7824,19352,19476,20443,21873,24791
32494	32549,32581,32492,32508,32560,32575,3300,7824,29249,32509
32495	32490,34927,26221,35435,35457,35473,35478,544,1936,26954
32496	13889,31358,45170,454,12576,13854,13959,14094,14117,14128
32497	2122,34953,34978,19,45,110,194,439,1357,1404
32498	29249,32490,32532,33192,4454,7849,8685,16621,22921,23510
32499	35613,42054,2657,9194,16878,23550,32491,32532,32968,34185
32500	16877,30249,32491,32537,34406,35570,40938,114,126,129
32501	16621,32510,32537,32547,32563,32566,1114,1807,2547,3394
32502	32513,23512,8932,14073,32523,13889,13896,13979,14027,14162
32503	32525,7343,27595,29249,439,572,1110,7785,11860,12633
32504	8685,32505,35635,3394,7848,8816,27595,33194,956,987
32505	8685,8816,3394,27586,32317,32504,32534,34229,35635,1114
32506	32489,2641,32529,32566,32567,32571,32572,33192,33194,995
32507	32532,35559,5274,7723,25187,29249,32503,32505,32512,32515
32508	32578,32581,32518,4210,23520,32494,32540,32560,32571,34207
32509	7824,32494,32508,32514,32518,32528,32540,32541,32549,32560
32510	32547,32501,32505,32537,1114,1807,2547,3394,5263,7720
32511	2122,7824,25202,29249,32489,32490,32491,32492,32493,32494
32512	7712,35559,7731,18313,27536,32504,32505,32507,32532,32543
32513	34319,23512,14171,13911,13934,13938,14043,14234,13917,13828
32514	7824,32528,32518,32564,32540,32534,32541,32543,32570,32571
32515	32507,32532,952,956,971,1011,1022,1078,1080,2122
32516	32574,186,366,584,815,1617,1823,2122,2409,3037
32517	32572,33194,19550,29249,32532,32559,32586,33192,1660,2122
32518	32578,32514,32508,32528,32540,7824,32564,32509,32520,32541
32519	498,2122,2798,7824,8667,24587,25196,25202,29249,32489
32520	27653,29249,32513,32532,966,1778,8932,13793,13938,14005
32521	32513,23512,32523,13868,23633,32502,32532,2588,9774,13793
32522	32513,13868,14026,14130,14179,17636,23614,32523,8726,11377
32523	32513,13868,13938,14014,14073,14237,23633,23660,13930,13934
32524	32554,32563,32498,32501,32510,32527,32534,32547,32549,32550
32525	32550,32558,32503,33498,7343,32492,995,1617,2915,3300
32526	230,978,1814,2122,7824,12321,16862,21129,25139,25202
32527	32489,2641,32524,32559,32572,32581,33192,33194,177,995
32528	32514,32550,32518,32540,32578,32570,32575,32494,32509,32552
32529	32506,32571,32572,2122,7824,16882,25202,29249,32489,32490
32530	32490,1092,5654,11721,15285,18841,19984,24514,25174,29443
32531	74,186,638,659,956,1110,1114,1129,1378,1917
32532	32513,35685,14152,13793,13934,35722,14005,14118,14234,17636
32533	978,1814,2122,7824,16862,25139,25202,29249,31890,32489
32534	34183,34207,11387,19431,34159,34176,34220,34326,14047,22756
32535	5243,6452,6574,9666,11093,17941,32489,32532,32537,32559
32536	2608,6962,9731,12835,13076,24514,32361,32490,32498,32501
32537	19063,13076,16621,27586,32501,32505,32510,32547,33555,34160
32538	978,1814,2122,7824,16862,25139,25202,29249,31890,32489
32539	34179,32534,34183,11377,11387,11393,22756,34463,3577,13182
32540	32514,32518,32528,32564,32578,7824,32508,32494,32509,32541
32541	7824,32549,32564,32514,32558,32570,32575,32581,32494,32509
32542	2122,7824,25202,29249,32489,32490,32491,32492,32493,32494
32543	26973,32505,32514,32534,34957,34988,4721,13928,24002,32504
32544	2122,7824,25202,29249,32489,32490,32491,32492,32493,32494
32545	2122,7824,25202,29249,32489,32490,32491,32492,32493,32494
32546	2122,7824,25202,25705,29249,32489,32490,32491,32492,32493
32547	32510,32501,32505,32534,32537,1114,1807,2547,3394,5263
32548	26973,27540,32489,32492,32494,32498,32504,32505,32508,32513
32549	32494,32541,32575,32492,32560,32570,3300,19388,29249,32509
32550	32525,32528,32558,32578,32581,29249,32492,32494,32518,32524
32551	1787,2122,3406,6934,6991,7019,7022,7047,7096,7824
32552	7824,32514,32525,32528,32541,32549,32550,32558,32564,32570
32553	7918,15552,24713,28899,32496,32532,35452,43347,19,83
32554	32524,32563,7717,32498,32501,32532,32534,32549,32550,32566
32555	2122,4498,5236,6469,7257,7329,7764,7824,8123,8283
32556	2122,7824,25202,29249,32489,32490,32491,32492,32493,32494
32557	23717,2122,4420,6962,6976,7824,7950,8294,9886,10782
32558	32525,32550,32564,32581,32541,32578,29249,32492,32494,32518
32559	32572,34406,23542,23568,23690,32498,32505,32517,32527,32535
32560	32494,32508,32549,32578,32581,7824,29249,32492,32509,32518
32561	32188,32489,32505,32532,32535,34229,35635,49581,1,34
32562	32525,2122,7824,25202,29249,32489,32490,32491,32492,32493
32563	32501,32524,32554,32566,32498,32534,32549,32550,2122,7824
32564	7824,32514,23360,32540,32541,32558,32581,15175,23631,23690
32565	32579,7824,23688,32494,32508,32509,32514,32518,32528,32540
32566	32501,32563,32498,32506,32510,32514,32518,32524,32525,32528
32567	32506,32510,32547,32559,32572,32581,2122,7824,10303,25202
32568	40056,2603,32361,33194,49609,114,238,1059,1347,1397
32569	2122,7824,25202,29249,32489,32490,32491,32492,32493,32494
32570	7824,32514,32528,32541,32549,32564,32575,32494,32509,32518
32571	7824,32508,32514,32564,29249,32489,32498,32501,32506,32513
32572	32559,32505,32517,32506,32527,32529,32534,32549,32550,32567
32573	2122,7824,25202,29249,32489,32490,32491,32492,32493,32494
32574	18841,40443,40455,1357,1918,2122,3403,6469,7796,11721
32575	32549,7824,32494,32514,32528,32541,32564,32570,32581,32509
32576	10773,10810,10805,10811,41039,10784,10807,10813,10815,29180
32577	2122,7824,25202,29249,32489,32490,32491,32492,32493,32494
32578	32518,32508,32528,32540,7824,32550,32558,32560,32564,18587
32579	23688,32565,912,1212,1913,5249,7824,15988,24280,32494
32580	2122,7824,25202,29249,32489,32490,32491,32492,32493,32494
32581	32494,32508,7824,32558,32564,32492,32541,32550,32560,32575
32582	28803,1366,20003,39135,1413,5263,6519,7486,7907,8221
32583	32198,32584,242,5490,7766,7921,12928,16380,16508,17001
32584	20003,13829,17001,32583,34542,35693,40243,98,1099,1264
32585	16861,16872,16942,42051,15356,16863,16865,16871,16876,16904
32586	6469,8715,19550,27568,32364,32488,35661,1366,9666,17634
32587	7921,16380,19125,32198,32583,32584,32585,32586,32588,32589
32588	32612,98,32623,35678,113,283,1264,1970,2059,5174
32589	31366,1913,7740,9561,9586,9604,11127,12625,15244,16380
32590	1366,22613,23718,11750,22671,11756,22603,22618,22625,22628
32591	1397,4525,8773,211,897,986,1019,1034,1052,1383
32592	32597,3407,3685,5232,5849,5971,6081,6315,7012,7921
32593	32622,1595,1647,1939,4415,4454,6558,7921,9664,11726
32594	7921,16380,19125,32198,32583,32584,32585,32586,32587,32588
32595	12107,12637,13871,25249,35738,38734,40219,45423,48,108
32596	7921,16380,19125,32198,32583,32584,32585,32586,32587,32588
32597	10652,12729,44761,48472,1680,6487,6623,6976,7012,8156
32598	30614,106,158,161,169,499,623,629,1378,1797
32599	22338,66,74,364,372,1216,1943,2554,2694,2789
32600	32624,40126,40134,40161,40162,37,127,478,634,857
32601	32597,7457,7921,10043,16380,17507,17544,18507,19125,19935
32602	7486,7921,16380,16960,19125,32198,32583,32584,32585,32586
32603	23751,7011,13119,32804,49470,49581,6639,7347,49502,49648
32604	35148,5407,6611,10821,19506,24365,28831,32605,32608,32620
32605	32620,28779,28802,28831,7211,32604,32608,32611,32621,43174
32606	3610,3616,3626,3633,3634,3638,3642,3645,3649,3658
32607	24264,3702,24251,24275,42927,1520,3727,5320,5854,14830
32608	32604,32605,32620,39135,4402,4460,7921,8221,13797,16380
32609	7921,16380,19125,32198,32583,32584,32585,32586,32588,32589
32610	7921,16380,19125,32198,32583,32584,32585,32586,32587,32588
32611	28803,28831,32605,32620,7191,7201,7209,7921,8221,14280
32612	32588,32619,32615,32623,43147,98,1264,4386,5000,6112
32613	7343,12647,22159,26195,32586,40654,42253,46505,101,143
32614	7921,16380,19125,32198,32583,32584,32585,32586,32587,32588
32615	32619,32198,32612,32623,43147,98,113,2059,5174,7921
32616	33706,16643,93,439,442,606,615,975,1001,1100
32617	7921,16380,19125,32198,32583,32584,32585,32586,32587,32588
32618	19920,1,20,1099,1114,1356,1550,1664,1667,1689
32619	32615,32612,32623,98,35678,43147,113,283,1230,1264
32620	35920,35890,43988,6941,32605,35882,1201,8559,8846,10162
32621	32605,1960,1972,1976,7921,11132,12220,15236,16380,18282
32622	32593,1595,1647,7921,16380,17786,19125,32198,32560,32583
32623	32619,32198,32588,32612,32615,1230,7425,7921,13854,13956
32624	32600,7921,16380,16493,19125,20487,21753,24364,28803,30983
32625	7921,16380,19125,32198,32583,32584,32585,32586,32587,32588
32626	2204,3937,8783,10548,17478,20505,22533,23446,24138,30881
32627	35312,12637,27542,3,41,2149,2204,2276,2915,4782
32628	32629,32631,19,439,667,975,1085,1100,1150,1689
32629	32628,975,2502,3727,5809,9772,9835,10471,15761,16621
32630	13846,13959,23619,13793,13828,13930,13983,14014,14015,34342
32631	27679,439,19443,25224,32171,33194,1,1100,1230,1856
32632	439,1085,13795,19077,20841,32631,32637,43593,211,338
32633	32630,1099,1814,2151,3230,3727,3945,5809,7785,8773
32634	37136,1967,4738,7989,15285,17478,24147,26114,26403,32668
32635	1078,1085,1088,3727,4791,5809,9772,9835,10052,10471
32636	35621,35678,21556,43052,439,3734,13837,15175,32532,35613
32637	32632,1923,2501,2544,2561,3727,5809,9772,9835,10471
32638	1680,3230,3734,6025,10100,22934,24541,25184,29379,32643
32639	8756,9734,17880,37945,2928,3400,8688,9451,9706,9810
32640	19,242,522,553,580,886,1234,2122,3549,3706
32641	615,3937,7612,9193,9214,12060,14340,17354,22074,30818
32642	2204,3937,5670,7460,7482,9196,9927,14300,17489,20584
32643	22756,34364,7506,19428,6804,9291,11404,19427,19431,23616
32644	2694,41775,575,609,2554,2802,7425,7473,9129,9839
32645	12715,13621,15757,575,579,8154,14562,17911,38719,41697
32646	3727,5809,9772,9835,10471,15761,18309,20604,26403,27111
32647	3727,5809,9772,9835,10471,15761,18309,20604,26403,27111
32648	7470,25730,13,167,3727,5809,6143,6160,6169,6181
32649	19,6978,9777,12655,15348,18287,18332,25225,27541,29579
32650	1976,13654,31223,1966,1973,1982,2901,3875,4717,5809
32651	15761,30269,3283,5670,8766,9872,10267,10477,13117,13632
32652	3937,622,689,5038,5809,6328,7459,7473,7994,9772
32653	161,456,622,624,1045,3727,4118,5809,6121,8122
32654	3727,5809,9772,9835,10471,15761,18309,20604,26403,27111
32655	3727,5809,9772,9835,10471,15761,18309,20604,26403,27111
32656	1617,3684,3733,32488,35187,42530,535,578,616,882
32657	8233,621,3283,9470,14271,15761,18640,43063,166,338
32658	351,5265,18560,575,1230,1250,5818,6483,6563,6653
32659	9839,9944,13267,13430,15706,16284,16979,24045,24202,25515
32660	32636,1913,3727,3879,5639,5809,6017,7847,9385,9574
32661	25837,579,615,7611,9835,10532,14318,14324,15761,20502
32662	3727,5809,9772,9835,10471,15761,18309,20604,26403,27111
32663	12828,13681,15761,36578,40298,4782,7479,9835,9861,9872
32664	3727,5809,9772,9835,10471,14291,15761,16816,18309,19485
32665	2793,26403,32645,39,338,576,1043,1513,2118,2201
32666	15761,36578,52,7509,10477,13140,13618,13640,17348,19904
32667	15761,32651,40414,6,74,351,354,609,861,1449
32668	15761,18342,26403,32634,37136,503,2791,3727,4227,5265
32669	5809,15761,42817,527,608,622,3727,4782,4819,4832
32670	32645,3238,3727,3937,4832,4841,5809,9772,9835,10471
32671	13632,17059,9839,13280,13636,13640,7882,9770,15715,15761
32672	9659,45578,1329,13834,16192,19177,31093,45379,1110,1169
32673	32687,32690,2817,17785,21610,32674,32675,32678,32681,32682
32674	1169,17785,19439,21610,30015,32673,32675,32676,32677,32678
32675	17785,21610,32673,32674,32676,32677,32678,32679,32680,32681
32676	32680,32679,32695,32683,32692,32693,32696,2044,2940,5038
32677	32689,32698,32695,32697,32683,32690,32692,32696,17785,21610
32678	32682,32704,6899,25075,31092,1331,6934,7204,10652,10701
32679	32676,32680,32687,32686,32697,32683,32692,32696,32698,2817
32680	32676,32679,32687,32686,32683,32692,32695,32696,32697,17785
32681	17785,21610,32673,32674,32675,32676,32677,32678,32679,32680
32682	6899,6928,31092,32678,6920,6929,10652,25075,28316,6925
32683	32676,32677,32679,32680,32686,32688,32689,32692,32695,32696
32684	25075,31092,32704,10729,31139,32678,32682,35770,39496,42574
32685	87,1378,1387,1904,1927,2417,3943,4279,4410,4516
32686	32688,32689,32679,32680,32697,32698,32683,32690,32692,32695
32687	32673,32679,32680,32690,32697,32698,17785,21610,32674,32675
32688	32686,32698,32695,32697,32683,32690,32692,32696,17785,21610
32689	32677,32686,32698,32695,32697,32683,32690,32692,32696,17785
32690	32673,32677,32686,32687,32688,32689,32691,32697,32698,17785
32691	1170,23685,32690,211,956,1078,1080,1156,1158,1198
32692	32676,32677,32679,32680,32683,32686,32688,32689,32695,32696
32693	32676,1110,1169,10235,17785,21610,28190,32673,32674,32675
32694	17785,21610,32673,32674,32675,32676,32677,32678,32679,32680
32695	32676,32677,32688,32689,32680,32683,32686,32692,32696,32698
32696	32676,32677,32679,32680,32683,32686,32688,32689,32692,32695
32697	32677,32679,32686,32688,32689,32698,32680,32683,32687,32690
32698	32677,32688,32689,32686,32697,32679,32683,32687,32690,32692
32699	33299,7019,7036,9553,10701,17556,18008,18803,20060,26372
32700	32701,1428,7907,7927,10163,11101,11139,12774,12784,14487
32701	8217,11139,16501,21355,23472,23875,27923,31204,31208,32700
32702	17785,31064,45377,45578,1329,1331,1361,1826,3931,6901
32703	17785,21610,32673,32674,32675,32676,32677,32678,32679,32680
32704	25075,31092,32678,32684,6900,10652,10729,31093,32682,35185
32705	17785,21610,32673,32674,32676,32677,32678,32679,32680,32681
32706	2,4,5,106,528,557,638,928,929,1060
32707	35051,40204,1001,1378,2646,8750,8859,10052,10763,12098
32708	32709,32719,32720,32723,32717,32718,32722,32725,12098,32710
32709	32719,32720,32708,32713,32717,32711,32715,32723,1001,1378
32710	32712,32714,32715,32718,32722,32725,338,2798,4962,10756
32711	32714,32709,32715,32719,32720,32710,32713,32716,32717,32718
32712	32722,32718,32715,32725,32710,32716,32717,32723,12098,32713
32713	32709,10763,32708,32711,32712,32714,32715,32717,32718,32719
32714	32711,32710,32716,40204,1001,1378,2646,8750,8859,10052
32715	32712,32709,32710,32711,32717,32718,32719,32720,32722,32725
32716	32712,32714,32718,32722,32725,10763,32708,32711,32715,32717
32717	35633,35621,35630,1,15175,16862,21556,23550,25222,25224
32718	32712,32720,32725,32708,32710,32715,32716,32717,32723,12098
32719	32709,32708,32711,32715,32717,32723,32725,12098,32710,32713
32720	32709,32718,32708,32711,32715,32717,32723,32725,12098,32710
32721	629,2107,13478,13792,13872,15190,19428,19432,32708,32709
32722	32712,32725,32708,32710,32715,32716,32717,32723,12098,32711
32723	32708,32709,32712,32717,32718,32719,32720,32722,32725,2048
32724	32708,32709,32710,32711,32712,32713,32714,32715,32716,32717
32725	49226,1230,6038,8675,14006,25224,25228,27736,32712,32718
32726	32394,32425,32440,32775,32784,1412,4414,32352,32728,32729
32727	29747,95,186,189,195,282,638,1384,1412,1563
32728	32356,32814,32806,32813,32740,32761,32782,32776,32797,4471
32729	32740,32425,32423,4482,32814,32408,32440,32730,4405,4431
32730	32356,32423,32729,32418,4400,4482,32394,32425,32741,32767
32731	5588,32734,32777,32789,32790,282,1384,1412,1535,1617
32732	32740,32425,32782,4397,4420,32356,32729,32741,4400,4408
32733	4425,4400,32356,4447,4455,4471,4402,5249,32386,32423
32734	4425,32425,32440,32738,32814,32728,32729,32740,32761,32782
32735	273,282,352,850,952,1383,1384,1412,1426,1513
32736	32745,32781,32831,32834,32833,32837,7251,32796,32835,32848
32737	32440,32738,32775,32784,4397,4471,5249,32425,32728,32740
32738	32352,4398,4408,32775,4420,5249,32767,4431,35261,4464
32739	4425,4447,32740,32425,32352,32814,32729,4398,32440,32775
32740	4420,32729,4396,32791,32425,32741,32801,32817,35261,38000
32741	32740,32394,4420,4431,32356,32782,5249,32360,32730,32774
32742	32782,32784,4447,32440,32728,32801,4397,32386,32417,32425
32743	32749,32745,32837,32750,32796,32834,32835,32838,282,1384
32744	32834,32838,32833,4425,6660,7251,8862,32396,32733,32750
32745	32736,32826,32743,32831,32837,8862,32750,32796,282,1384
32746	6508,6482,6496,19034,6460,6497,6514,6536,6542,6552
32747	6955,32456,32751,32763,33296,209,282,1140,1232,1384
32748	4425,4447,4471,4398,32730,32782,4400,4482,5249,32356
32749	32743,32826,32837,32838,5588,32750,32763,32796,32830,282
32750	32743,32744,32745,32749,282,1378,1384,1412,3943,4313
32751	6654,7950,1432,1688,11714,39473,168,4527,6542,9943
32752	29018,1680,6140,7785,17434,24561,27580,27626,27644,27677
32753	4425,4447,32352,32356,4420,5249,32394,32740,32782,32784
32754	32738,4471,4482,32356,32730,32782,32784,4398,4426,4455
32755	32740,4425,4447,32730,32408,32418,32741,32804,49577,49652
32756	6653,8156,34026,45431,321,3896,4516,4820,5274,6479
32757	32738,4425,32425,32440,32729,32775,32801,4405,4408,32734
32758	32782,4425,32394,4397,4398,32352,32784,4400,4447,4471
32759	32740,4400,4425,32352,32356,4447,4471,32730,32741,32767
32760	1560,15386,32752,32769,34621,38940,45129,204,254,269
32761	32356,32740,32386,32440,32806,4408,4471,32728,32729,4397
32762	6493,6547,6561,6565,19034,6482,6497,6524,6530,6550
32763	23717,23780,23730,6955,6977,10408,23736,23792,49609,6982
32764	32425,4425,32394,32775,35182,4408,32440,32729,32738,32761
32765	32738,32784,4408,4425,4447,32356,1412,4405,32729,32761
32766	32774,4397,4398,32784,1505,5249,32356,32360,32418,32794
32767	32738,32352,32394,4447,32423,32784,4482,32729,32730,32771
32768	1680,5307,1787,1918,16067,30749,35374,40997,49485,503
32769	4516,7511,12647,13276,14061,14498,32760,40437,47664,47666
32770	6653,6660,8180,12463,6472,6631,7047,40305,45407,45448
32771	32394,32418,4447,32386,32817,4420,4431,5249,32738,32774
32772	32740,4425,4447,4398,32386,32425,32753,4400,4420,4481
32773	32738,32740,4408,4425,32356,32386,32782,32791,4471,32352
32774	5249,32771,4397,32356,4400,32394,32741,32766,32352,32440
32775	32738,4447,32729,32761,32776,4397,4398,5249,32352,32386
32776	32356,4447,4420,4464,32740,4398,4408,32386,32440,32728
32777	10022,23273,39234,39247,10001,23279,36696,39268,40748,41816
32778	2667,1688,15285,32751,35481,168,204,1666,1670,1679
32779	32740,32782,32729,4398,4482,4420,4433,4431,32417,32425
32780	4425,32440,32761,32775,1412,4339,4408,4414,32356,32394
32781	32736,32839,32835,32833,32834,32848,32796,32837,32838,282
32782	4398,32784,32417,4471,4405,32440,4396,4402,4408,32785
32783	4400,32394,32740,32782,4397,4425,4447,4461,32732,32741
32784	32782,4398,4405,4482,35261,5249,32418,4464,4420,32360
32785	4425,4447,32782,32814,32425,32729,4408,4420,4431,4450
32786	282,1384,1412,1797,2915,4339,4400,4408,4414,4420
32787	32738,32363,32394,4397,32740,32775,4414,4431,4447,5249
32788	32792,32805,32853,40859,1397,4471,4527,7012,12698,17999
32789	32790,32731,32788,40372,282,1384,1412,4339,4400,4408
32790	32789,40372,4467,8773,14052,32731,32796,282,1384,1412
32791	32740,4425,4447,32356,32782,4398,32729,32784,4400,4471
32792	32788,32744,282,1384,1412,1629,4261,4339,4400,4408
32793	4425,4447,32352,4397,32782,1505,4398,4471,4400,32383
32794	32817,4425,32740,1505,4396,32784,32840,4447,32356,32782
32795	4482,32784,4447,32425,32738,32782,32797,4408,4420,4471
32796	4467,32736,32743,32745,32749,32777,32781,32790,32842,282
32797	4447,32801,32782,32814,32738,32740,32728,35261,4398,4408
32798	4408,32425,32775,4447,32356,32394,32417,32418,32728,32738
32799	4447,32740,32729,32417,32425,4397,4408,5249,32394,32784
32800	
32801	6958,32352,32740,35261,4398,32386,32797,4397,4471,4455
32802	4425,32440,32782,4450,6958,4471,4397,32386,32761,5249
32803	32356,4447,32386,5249,32417,32729,32782,32814,4408,4471
32804	49581,44671,11752,13119,25300,32755,49569,49648,7011,23787
32805	6958,1642,32788,32853,33256,3394,8153,11139,11791,12188
32806	6958,32728,32761,4397,32352,32386,32740,32782,32807,4471
32807	6958,32356,4447,32740,32814,32761,32776,32806,32813,4408
32808	4425,32738,4447,32775,4402,6958,32728,32734,32740,32776
32809	4425,6958,32807,1614,4405,4414,4442,4443,4464,20142
32810	32386,4425,4447,32738,35008,4398,5249,32343,32352,32356
32811	42387,4467,5455,8511,9872,12739,13045,13810,14415,16067
32812	32418,4420,32741,4398,4426,4442,4451,5249,6958,32352
32813	32394,4447,32356,6958,32728,5249,32440,32782,32761,32807
32814	6958,4398,35261,32728,32729,4405,4431,32797,4420,4433
32815	4425,6958,4447,4397,32363,32396,32440,32740,32782,32801
32816	4397,32771,4398,4400,4402,4425,4431,4433,4471,6958
32817	32794,32740,32771,1505,4447,4471,6958,32352,4396,32782
32818	32356,32386,32440,4408,32740,32761,32775,32782,32784,1412
32819	6958,32356,32784,4425,32394,4408,4447,32740,32814,4397
32820	6958,32456,1520,1754,2535,2798,5397,6488,6577,6610
32821	32440,4425,32775,32801,4397,4402,4447,6958,32425,32738
32822	11756,5242,13278,25276,35186,5243,32791,40038,49577,49581
32823	4425,32356,35182,4397,4408,4447,4455,5249,6958,12253
32824	7463,19063,1404,4389,7057,11756,23511,25187,37981,39633
32825	8685,8816,19441,22921,32504,32505,35635,35982,223,242
32826	32749,32837,32745,6958,32835,8862,208,350,543,1532
32827	
32828	0,32503,1,20,117,135,211,439,638,1100
32829	24628,32743,32744,32749,32781,32826,32835,32837,42229
32830	32203,44892,9820,9836,12636,12653,15285,15289,19881,30324
32831	32839,6958,32736,32745,32834,32833,7251,8862,32838,32848
32832	
32833	32736,32744,32781,32831,32839,6958,32834,6630,7251,8862
32834	32744,32736,32831,7251,32781,6958,12578,32743,32833,32848
32835	32781,32839,6958,32826,32837,32848,32736,32743,32838,559
32836	3958,4033,4053,4106,4115,4152,4190,4264,4287,4289
32837	32826,32745,32749,32736,32743,32835,32781,1532,1787,6958
32838	32839,32744,32749,6958,32743,32781,32831,32835,29,490
32839	6958,32781,32831,32838,32835,32833,32848,7251,8862,1787
32840	4425,6958,32794,32740,4398,32817,1505,1530,4447,4471
32841	282,850,1536,2650,4498,5274,6453,6461,6474,6476
32842	1390,5178,6646,6958,8204,8773,10778,12710,14052,14455
32843	1680,3376,3407,6483,6982,10701,24966,32970,74,439
32844	1140,1823,2662,6051,8607,10236,10240,10797,13779,14332
32845	2825,11190
32846	13793,14058,14073,45167,11417,13828,13867,13898,13966,13981
32847	3586,4240,7712,7720,13298,14052,15301,17784,20592,27328
32848	6958,32781,32835,32839,32736,32831,32834,1787,6630,8862
32849	1434,1442,4398,4405,4408,4425,4426,4455,5242,8727
32850	14052,32777,1582,1617,1725,2500,2530,2558,2561,3233
32851	1629,4261,6958,7012,13160,32788,32796,32856,35374,35768
32852	5588,12107,18634,32039,34662,35677,35738,605,1389,1943
32853	6958,32788,32805,39741,2611,2627,3593,4240,4360,6481
32854	
32855	1629,4261,6958,7012,13160,32788,32796,32856,35374,35768
32856	1629,4261,7012,13160,32788,32792,32851,32855,35374,35768
32857	19881,32203,242,528,638,1347,1384,1415,1422,1435
32858	7262,24792,28388,7273,32787,47095,47161,23747,24916,32402
32859	32870,32903,32930,32862,32869,32884,32871,32897,32898,32861
32860	32863,32864,32865,32872,32873,32880,32881,32894,32895,32897
32861	32870,32884,32911,32933,32897,32942,32945,32900,32872,32913
32862	32898,32901,32905,32916,32873,32886,32912,32882,32891,32904
32863	32881,32905,32871,32882,32874,32891,32889,32914,32938,32895
32864	32897,32878,32866,32881,32898,32871,32905,32873,32886,32942
32865	32899,32898,32901,32886,32905,32872,32873,32912,32891,32874
32866	32864,32884,32897,32898,32942,32878,32900,32881,32891,32899
32867	32916,32882,32920,32904,32924,32896,32910,32925,32927,32926
32868	32930,32871,32903,32933,32864,32865,32884,32897,32898,32911
32869	32886,32925,32885,32859,32892,32907,32923,32947,32935,7273
32870	32861,32926,32883,32859,32885,32946,32892,32923,32947,28388
32871	32930,32863,32903,32881,32878,32899,32864,32913,32882,32889
32872	32903,32900,32911,32865,32873,32912,32933,32881,32901,32920
32873	32903,32900,32891,32945,32937,32862,32876,32865,32872,32874
32874	32863,32873,32881,32889,32903,32880,32945,32865,32878,32891
32875	32919,32877,32867,32869,32870,32889,32907,32883,32890,32897
32876	32903,32873,32930,32878,32898,32911,32913,32882,32942,32900
32877	32870,32875,32915,32869,32937,32867,32879,32884,32890,32897
32878	32898,32889,32864,32891,32916,32933,32871,32914,32876,32880
32879	32873,32869,32867,32870,32874,32877,32889,32897,32905,32939
32880	32945,32900,32874,32878,32899,32901,32905,32913,32872,32912
32881	32863,32945,32871,32933,32864,32874,32872,32934,32886,32927
32882	32867,32930,32863,32945,32862,32900,32924,32937,32942,32865
32883	32870,32905,32930,32881,32891,32863,32903,32908,32912,32942
32884	32913,32916,32943,32866,32861,32894,32915,32885,32910,32931
32885	32870,32869,32884,32863,32905,32898,32901,32904,32930,32867
32886	32869,32862,32865,32864,32881,32905,32912,32874,32899,32878
32887	32863,32878,32881,32884,32899,32922,32898,32905,32913,32916
32888	32884,32898,32874,32897,32905,32876,32881,32901,32904,32911
32889	32878,32863,32899,32945,32874,32914,32933,32938,32871,32862
32890	32869,32867,32870,32884,32937,32938,32875,32877,32889,32903
32891	32903,32863,32873,32878,32899,32862,32865,32900,32874,32914
32892	32869,32870,32930,32865,32899,32900,32862,32872,32903,32920
32893	32863,32867,32869,32870,32884,32897,32861,32864,32865,32866
32894	32863,32862,32873,32884,32900,32865,32872,32878,32881,32903
32895	32863,32900,32903,32865,32872,32873,32878,32881,32945,32880
32896	32897,32867,32882,32878,32881,32904,32899,32901,32903,32905
32897	32864,32896,32866,32861,32906,32946,32931,32939,32859,32868
32898	32878,32899,32862,32865,32864,32922,32866,32876,32916,32920
32899	32898,32865,32922,32889,32933,32871,32891,32904,32934,32880
32900	32903,32901,32873,32911,32872,32912,32942,32880,32924,32882
32901	32930,32900,32862,32933,32865,32920,32937,32872,32880,32938
32902	32897,32869,32870,32878,32884,32885,32904,32905,32925,32863
32903	32873,32900,32891,32871,32942,32872,32876,32914,32924,32874
32904	32867,32930,32911,32899,32945,32922,32937,32862,32920,32943
32905	32863,32862,32942,32865,32920,32922,32864,32880,32914,32916
32906	32899,32862,32897,32865,32945,32884,32903,32872,32873,32878
32907	32863,32867,32869,32873,32880,32884,32945,32865,32897,32903
32908	32873,32903,32912,32913,32930,32943,32878,32871,32883,32899
32909	32859,32861,32862,32863,32865,32867,32868,32869,32870,32871
32910	32862,32867,32884,32900,32903,32911,32863,32872,32878,32905
32911	32942,32912,32913,32900,32904,32872,32922,32920,32861,32876
32912	32911,32943,32900,32942,32862,32865,32872,32922,32927,32914
32913	32884,32911,32922,32924,32933,32942,32943,32871,32876,32880
32914	32863,32878,32903,32873,32889,32905,32912,32911,32942,32874
32915	32937,32873,32884,32881,32903,32908,32912,32913,32871,32882
32916	32867,32862,32884,32878,32898,32905,32911,32912,32922,32942
32917	32912,32913,32938,32863,32899,32904,32911,32920,32927,32930
32918	32873,32912,32927,32884,32870,32901,32905,32926,32863,32869
32919	32875,32870,32937,32867,32869,32889,32898,32927,28462,32874
32920	32867,32901,32905,32911,32945,32872,32912,32898,32904,32880
32921	32862,32863,32864,32866,32867,32869,32870,32871,32878,32884
32922	32899,32913,32898,32911,32904,32905,32912,32942,32945,32916
32923	32869,32905,32925,32870,32881,32863,32901,32903,32912,32920
32924	32930,32867,32913,32903,32900,32882,32945,32911,32904,32942
32925	32869,32881,32903,32913,32899,32867,32889,32911,32924,32891
32926	32870,32873,32898,32903,32901,32911,32912,32863,32867,32891
32927	32912,32899,32913,32881,32901,32898,32930,32924,32862,32867
32928	44008,35903,44002,28344,43989,44019,7479,11427,12266,32867
32929	23512,32863,32864,32865,32869,32870,32873,32881,32894,32895
32930	32871,32901,32882,32904,32924,32876,32883,32908,32927,32868
32931	32880,32865,32945,32884,32903,32911,32874,32886,32897,32898
32932	32884,32897,32898,32870,32889,32911,32934,32942,32881,32888
32933	32881,32901,32878,32899,32913,32872,32861,32873,32889,32900
32934	32899,32881,32901,32911,32912,32913,32862,32905,32920,32938
32935	32862,32865,32867,32869,32868,32870,32886,32898,32930,32864
32936	1520,1915,2813,3037,3577,5809,8742,10760,11384,11392
32937	32873,32901,32882,32903,32904,32915,32878,32880,32938,32945
32938	32863,32889,32899,32901,32905,32912,32865,32891,32913,32934
32939	32946,32897,32881,32898,32930,32873,32889,32901,32905,32911
32940	32863,32865,32873,32884,32898,32862,32878,32891,32899,32903
32941	32911,32930,32942,32880,32901,32903,32933,32945,32871,32873
32942	32911,32903,32905,32912,32900,32913,32882,32922,32943,32864
32943	32884,32912,32913,32945,32942,32863,32904,32862,32880,32900
32944	32859,32860,32861,32862,32863,32864,32865,32866,32867,32868
32945	32881,32880,32873,32882,32889,32904,32920,32943,32874,32922
32946	32939,32870,32897,32867,32881,32898,32873,32901,32905,32911
32947	32878,32882,32904,32869,32870,32873,32863,32881,32898,32903
32948	32951,32969,32975,42733,3230,20205,20282,21892,23702,23704
32949	32952,32956,32957,33005,32950,32955,32967,32970,32982,32984
32950	32951,32958,33001,23704,32966,32967,32973,32974,7186,11605
32951	32950,32958,33001,23704,32966,32982,32985,32948,32969,32972
32952	32970,32956,32967,32985,32949,32984,33001,33005,32955,32973
32953	64,81,84,368,1100,12600,17434,47681,136,265
32954	32981,2027,64,343,368,750,770,807,2036,2674
32955	23706,32956,3702,4197,4234,4244,6545,7242,7694,7697
32956	32984,32952,32957,33005,1137,32949,32955,32970,32982,32989
32957	32982,32956,32949,32984,32991,33005,4281,6279,20826,32955
32958	32950,32951,32975,32973,33002,4281,6279,10287,20826,23704
32959	21892,32961,32993,32989,32995,32984,32992,17785,21859,23702
32960	23706,43145,6469,8697,8748,9194,9860,9966,10468,10874
32961	32959,32992,32993,32996,23706,32966,32984,4166,23702,23704
32962	21892,23702,23704,23705,23706,23708,23709,32948,32949,32950
32963	6965,347,528,987,1366,1405,1510,1534,1643,1644
32964	17434,2027,3230,13112,0,84,337,339,352,368
32965	32992,32996,23706,32966,32984,4166,15483,23702,23704,23708
32966	23704,32975,32988,23705,32950,32951,32961,32965,32974,32987
32967	32985,32952,32950,32975,33002,4281,6279,20826,32949,32955
32968	23550,35613,15175,25228,35570,34185,1,25199,42051,43447
32969	32948,32951,32975,33000,3230,20282,21892,23702,23704,23705
32970	32952,10287,32975,32956,32973,32982,33002,4069,4234,15567
32971	453,9138,9884,10287,21892,22106,23702,23704,23705,23706
32972	23702,32995,32997,21892,23708,23709,32951,32956,32968,32984
32973	32991,32950,32958,32970,33001,32951,32952,32967,32975,33002
32974	23704,32950,32966,32975,32988,7186,11605,21892,23705,32951
32975	32958,32966,32970,7186,16240,23704,32967,32974,32985,3958
32976	21892,23702,23704,23705,23706,23708,23709,32948,32949,32950
32977	19,934,975,1230,1915,3503,6038,10315,13795,15358
32978	32989,32995,32992,32993,32984,32996,33003,3971,4101,4254
32979	4118,26880,42099,161,3530,4035,4202,6109,8492,10699
32980	23704,32950,32951,32966,32974,32975,32995,19,154,390
32981	368,16166,32954,64,343,2027,12600,13112,17459,19973
32982	32957,32951,32956,32970,32984,32985,32949,32967,32997,33001
32983	21892,23702,23704,23705,23706,23708,23709,32948,32949,32950
32984	32956,32989,1137,23705,23706,32952,32957,32959,32961,32965
32985	32967,33002,32952,32951,32975,32982,4281,5077,6279,20826
32986	3903,4246,7242,7246,11571,12222,12344,12401,13263,14296
32987	32992,23704,33003,23702,23706,32966,32984,32997,4166,15483
32988	32993,32966,32996,23704,23706,32974,33003,4166,7186,23702
32989	32978,32995,32959,32984,32992,32993,32956,32996,1137,6405
32990	23702,23704,23705,23709,32961,32965,32966,32968,32972,32978
32991	18074,23501,32973,20856,25327,27884,32957,33001,33004,1455
32992	32961,32965,32987,32978,32989,23706,32959,32984,32993,32996
32993	32959,32961,32988,21892,32978,32989,32992,32996,23702,23704
32994	21892,23702,23704,23705,23706,23708,23709,32948,32949,32950
32995	21892,32978,32989,32959,23702,23708,32972,32984,33003,3903
32996	23706,23705,32961,32965,32988,23708,32978,32984,32989,32992
32997	21892,23702,32972,32987,1137,3004,3006,4166,12222,18224
32998	21892,23702,23704,23705,23706,23708,23709,32948,32949,32950
32999	21892,23702,23704,23705,23706,23708,23709,32948,32949,32950
33000	32951,32969,32975,138,166,3230,6965,7438,8136,8501
33001	16246,16215,32950,32951,3305,3926,4069,4234,7967,11064
33002	32985,32958,32967,32970,32950,32951,32952,32973,32975,43152
33003	23705,32987,32978,32988,32995,15483,21892,32961,32974,32989
33004	32991,32957,32973,33001,64,84,113,124,2031,2076
33005	32956,21892,32949,32952,32957,32984,1,1137,7186,7521
33006	18418,1704,18117,22303,22617,22646,24178,31999,42855,42905
33007	1076,1077,1823,4169,5339,5382,5395,6515,6596,6683
33008	10055,13166,42033,48684,19,273,925,2409,2675,3760
33009	21892,23702,23704,23705,23706,23708,23709,32948,32949,32950
33010	20886,20933,20922,33108,14064,33117,4736,23556,44943,190
33011	33030,33032,33036,33013,33019,33020,33021,33026,33029,33033
33012	33023,33097,33061,33071,33090,33095,33016,33077,20886,33031
33013	33011,33012,33015,33019,33020,33021,33026,33029,33031,33033
33014	2561,7884,16861,17001,19550,23685,29574,33011,33012,33013
33015	33031,33036,33013,33019,33020,33021,33026,33029,33033,33037
33016	33012,19039,33031,33032,33013,33019,33020,33021,33022,33025
33017	33060,629,6783,11387,11392,15314,19429,11,1814,2105
33018	33037,33051,33094,19,237,1031,2678,2789,3734,3926
33019	33011,33012,33013,33015,33020,33021,33026,33029,33031,33033
33020	33011,33012,33013,33015,33019,33021,33026,33029,33031,33033
33021	3937,18819,21935,33011,33012,33013,33015,33019,33020,33026
33022	33011,33012,33013,33015,33016,33019,33020,33021,33025,33026
33023	33012,33049,33097,33099,20882,20919,33045,33057,33098,19039
33024	33027,40633,1664,15710,25170,25193,27881,30002,33011,33012
33025	33011,33012,33013,33015,33016,33019,33020,33021,33022,33026
33026	35560,43210,15175,33011,33012,33013,33015,33019,33020,33021
33027	33024,40633,15710,25027,49731,2957,19139,24537,27150,28298
33028	22355,11387,629,3575,9289,11395,19429,22756,33060,34207
33029	33011,33012,33013,33015,33019,33020,33021,33026,33031,33033
33030	33011,19139,33036,33039,33052,33068,439,1100,1689,14746
33031	33012,33015,33013,33016,33019,33020,33021,33026,33029,33033
33032	33011,19139,33016,33036,33039,33048,33052,33013,33014,33019
33033	33011,33012,33013,33015,33019,33020,33021,33026,33028,33029
33034	19039,19139,33011,33012,33016,33030,33032,33068,2789,5007
33035	33011,33012,33013,33014,33015,33019,33020,33021,33024,33026
33036	20882,20892,20883,20886,20897,33011,33015,20900,20905,20906
33037	33011,33012,33013,33015,33019,33020,33021,33026,33029,33031
33038	190,1196,2455,2789,2922,3565,3934,5007,5037,5684
33039	33053,33065,33071,33095,33105,33049,33054,33057,33077,33090
33040	33011,33012,33013,33014,33015,33019,33020,33021,33024,33026
33041	49195,49233,33037,49187,49189,49191,49192,49198,49200,49206
33042	33011,33012,33013,33014,33015,33019,33020,33021,33024,33026
33043	33011,33012,33013,33014,33015,33019,33020,33021,33024,33026
33044	48882,48892,48848,48816,48820,48868,29462,48805,48815,48817
33045	33023,33065,33071,33077,33099,33105,20882,20895,20915,20919
33046	1085,1100,1689,1113,10240,23305,439,1088,12963,13847
33047	33028,49896,98,575,614,2782,2789,2881,3232,5002
33048	33012,33015,33032,33011,33013,33014,33016,33019,33020,33021
33049	33105,33023,33061,33065,33053,33095,33039,33054,20933,33057
33050	2686,49896,168,439,1423,1810,1849,1860,2709,2789
33051	1230,43593,19,43456,20075,25199,35633,43432,2678,2786
33052	33097,20886,20933,33098,33101,33108,20922,33099,33117,33011
33053	33077,33097,33105,33039,33049,33101,20886,20933,33012,33057
33054	33095,33100,33077,33105,33039,33049,33097,33057,33108,20886
33055	33090,20886,33108,20933,20922,19039,33099,33117,33011,33036
33056	2689,2789,3879,5007,6978,10652,10701,19039,19139,22633
33057	33039,33100,33023,33049,33053,33054,33065,33071,33077,33095
33058	2789,5007,6978,19039,19139,33011,33012,33013,33014,33015
33059	24818,249,458,660,939,951,1079,1360,1489,1513
33060	3575,22355,34297,11383,19431,629,11395,34250,5143,15207
33061	33105,33049,33012,33097,33108,20886,20933,33101,20922,33069
33062	23610,31232,35585,19,93,132,134,439,442,606
33063	25184,8685,34011,168,1031,1860,4993,7758,7805,7830
33064	1301,7513,7530,7619,33082,95,342,1309,1826,2126
33065	33090,33105,33077,33049,33039,33101,33012,33045,33057,33099
33066	185,555,1875,2789,2849,3127,3128,3591,3873,3926
33067	1101,1155,1930,2406,2412,2436,2789,5007,6978,16865
33068	19139,33011,33030,19039,33012,33032,33034,2789,5007,6978
33069	33012,33061,33023,33039,33049,33053,33054,33065,33071,33077
33070	2789,5007,6978,19039,19139,31064,31065,31069,31070,31072
33071	33099,33012,33039,33098,33101,20919,33045,33057,20882,20895
33072	43349,134,2680,9170,15710,17070,17636,21556,23690,25228
33073	1237,1357,2789,5310,11664,11665,16422,33051,45927,52
33074	2565,2294,2417,2418,2789,5007,6978,8532,8806,8859
33075	975,2646,33109,49946,19,1113,1689,2022,3889,8446
33076	975,1100,1111,1181,2043,2514,2646,2678,2789,3894
33077	33100,33065,33053,33054,33095,33099,33097,33012,33039,33098
33078	33011,33012,33013,33014,33015,33019,33020,33021,33024,33026
33079	32310,33051,2,124,134,745,1036,1250,1668,1680
33080	0,21,98,543,575,1918,2203,2789,3238,5007
33081	33051,69,622,1918,1947,1987,1995,2003,2010,2426
33082	33064,95,2789,5007,6978,11211,12580,19039,19139,28135
33083	33107,7515,12449,33055,52,73,93,154,204,453
33084	19039,19139,102,1918,2789,5007,6978,7722,17740,21852
33085	483,2789,4213,4331,5007,6978,11102,12186,12422,19039
33086	117,2789,4687,5007,5467,6978,7506,7593,7639,7699
33087	2789,5007,6978,19039,19139,33011,33012,33013,33014,33015
33088	2789,5007,6978,19039,19139,33011,33012,33013,33014,33015
33089	2789,5007,6978,19039,19139,33011,33012,33013,33014,33015
33090	33055,33065,20886,20933,33012,33108,20922,33039,33101,33057
33091	2789,5007,6978,19039,19139,33011,33012,33013,33014,33015
33092	33093,8154,2789,2818,3582,3687,3950,5007,5033,5036
33093	33092,33051,48900,48913,74,442,1001,1823,2142,2789
33094	33018,33037,95,120,181,192,1458,2789,4163,5007
33095	33054,33077,33097,33105,33012,33039,33049,20886,20933,33057
33096	2789,338,2786,3937,4819,4849,4850,5007,5933,6978
33097	33023,33052,33012,33053,33095,33061,33077,20886,33054,33099
33098	33100,33052,33071,33077,33023,19039,19139,20886,33015,33036
33099	33071,33077,33023,33100,33097,33012,33045,33052,33055,33065
33100	33077,33054,33098,33099,20922,33057,19039,20915,33036,33045
33101	33052,33039,33053,33061,33065,33071,33105,33049,33090,33117
33102	33078,2014,2789,3236,5007,6978,18127,19039,19139,29869
33103	566,2789,3181,5007,5148,5186,6978,8198,8523,17234
33104	2789,5007,6978,19039,19139,33011,33012,33013,33014,33015
33105	33049,33065,33061,33053,33095,33039,33054,33101,20915,20919
33106	33031,223,638,2864,3971,4046,4114,4163,4270,4295
33107	33083,7515,10469,12449,14569,23667,33055,34211,52,73
33108	33010,33055,33052,33061,33090,20886,20933,33054,33105,20922
33109	1689,19,1230,3734,10027,21873,22265,27736,29516,34200
33110	912,956,1212,1913,8685,15201,15988,16875,18228,23688
33111	6360,7372,19039,19139,20908,20915,33010,33011,33015,33030
33112	
33113	622,858,1216,1913,1950,2443,2557,2565,2827,2830
33114	52,79,577,596,1069,1357,1950,2032,2529,2823
33115	33044,124,8201,15710,17443,19959,19996,20001,22983,25027
33116	384,1613,1685,2036,2820,3007,3034,3877,3945,4049
33117	33010,33052,33055,33101,33039,33053,33061,33065,33071,33090
33118	6360,7372,19039,19139,20908,20915,33010,33011,33015,33030
33119	49216,49187,49189,49198,49214,49221,49266,49191,49192,49196
33120	18599,43021,87,338,1250,1421,1431,1438,2204,2284
33121	1230,18127,34152,34390,43121,9850,18578,34258,34394,49985
33122	6536,7019,6450,6483,6542,6543,6671,39493,6456,6458
33123	49652,26229,40633,40634,41293,1428,5243,6580,7740,11715
33124	7740,15244,23768,31366,32589,40633,41267,45247,49646,49681
33125	33157,33175,83,1045,1377,7698,11192,14832,16836,17351
33126	49577,33133,33146,1428,5242,5531,9453,41293,49606,49637
33127	4352,5880,8273,8284,8301,8315,8318,8321,8329,10855
33128	33159,83,1377,14832,16836,17584,24365,24526,26809,33124
33129	33165,33169,33170,5243,14832,16836,33126,33132,33133,33139
33130	1390,1455,8685,13119,14832,16836,23770,24573,25268,30887
33131	33165,33169,33170,4454,5242,6960,9673,14832,16836,23770
33132	30805,49581,1377,1390,1392,2569,6993,7354,17584,24573
33133	33126,33139,33144,33145,33143,33146,1428,1453,3885,4450
33134	33149,83,1357,1377,2601,2603,2608,5150,7263,7740
33135	28642,11747,33155,33160,40634,49537,43,83,124,1342
33136	83,1377,6283,14832,16015,16836,17584,23741,24365,33124
33137	33142,33143,33166,26229,49652,1428,5243,33132,33140,33148
33138	83,1377,1428,1446,1489,1520,6574,6580,6962,6966
33139	33133,49652,33147,41293,1428,14832,33129,33130,33131,33151
33140	6493,17748,35993,36001,36019,36025,36039,36061,36063,6605
33141	33146,33147,49652,41293,1428,14832,33129,33130,33131,33151
33142	33137,49652,1428,33146,23751,33147,33767,49502,49577,49581
33143	33137,41293,1428,5242,13119,32804,41069,49569,49657,1366
33144	7046,5384,6968,40148,6960,40111,7044,40116,49577,7001
33145	33133,33146,49652,33147,41293,1428,14832,33129,33130,33131
33146	33126,33141,33144,33145,33142,33133,33147,14832,33129,33130
33147	33141,33126,33139,33142,33143,33144,33145,33146,49577,49652
33148	6556,33137,33155,83,919,1377,1520,5274,5300,6478
33149	33134,28642,33160,43,83,124,1377,1400,1428,1431
33150	83,1377,14832,16836,17584,24365,33124,33125,33126,33127
33151	33126,33133,33137,33139,33141,33142,33143,33144,33145,33146
33152	33137,83,1377,14832,16836,17584,24365,33124,33125,33126
33153	14832,16836,33126,33129,33130,33131,33133,33139,33141,33144
33154	33137,83,1377,14832,16836,17584,24365,33124,33125,33126
33155	11714,11743,33306,6523,7352,11746,24498,5307,6556,9673
33156	83,1377,1387,1490,2782,2783,3875,4520,6609,6935
33157	33125,83,411,973,1377,1813,2576,6144,6789,7062
33158	83,1377,14832,16836,17584,24365,33124,33125,33126,33127
33159	8685,952,987,2645,4401,4483,7509,7758,7849,14009
33160	23476,26520,19457,33299,1680,6653,6897,10652,13034,32411
33161	83,1377,14832,16836,17584,24365,33124,33125,33126,33127
33162	83,1377,14832,16836,17584,24365,33124,33125,33126,33127
33163	83,1377,14832,16836,17584,24365,33124,33125,33126,33127
33164	83,1356,1376,1377,1382,1455,2375,3933,6487,6529
33165	33129,33131,33170,33132,33137,83,1377,5243,14832,16836
33166	33137,26229,5243,33132,83,1377,11715,14832,16836,17584
33167	33143,83,1367,1377,2607,4398,5869,6639,6682,6966
33168	83,1377,14832,16836,17584,24365,33124,33125,33126,33127
33169	33129,33131,33170,33132,33137,83,1377,5243,14832,16836
33170	33129,33131,33165,33169,33132,33137,83,1377,5243,14832
33171	83,1377,14832,16836,17584,24365,33124,33125,33126,33127
33172	83,1377,14832,16836,17584,24365,33124,33125,33126,33127
33173	83,1377,14832,16836,17584,24365,33124,33125,33126,33127
33174	13177,33362,40870,5407,10821,18509,24360,37889,39584,40185
33175	33125,83,1045,1377,3760,6166,7425,7590,7698,10644
33176	1092,1528,2036,5490,7385,9728,12222,14423,15126,16621
33177	27671,7785,8668,8685,27574,27585,27617,29331,30220,33180
33178	33180,9728,16621,19110,25008,25035,27552,27554,28190,33179
33179	1350,1488,2836,13873,13884,22954,27585,29320,32630,33177
33180	33177,33178,25008,25035,28190,33179,33182,33183,33184,33185
33181	14691,22921,1083,1174,1255,1461,1660,1719,1731,1941
33182	33185,1078,29315,33177,33178,33179,33180,33181,33183,33184
33183	2048,4590,6142,30555,30818,31122,38719,40386,19,438
33184	33177,33178,33179,33180,33181,33182,33183,33185
33185	33182,1078,29315,33177,33178,33179,33180,33181,33183,33184
33186	33195,33205,33241,33212,33217,33227,33230,33208,33215,33222
33187	9734,33204,33205,33212,33215,33220,33226,33240,33241,33248
33188	27637,9709,33231,3394,5237,7785,33186,33205,33212,33241
33189	33190,1546,1667,1847,3205,3231,3612,6782,9563,9706
33190	33189,1546,1667,1847,3205,3231,3612,6782,9706,9734
33191	1,107,967,1540,2250,2418,2930,3694,5090,5971
33192	32532,8715,32364,32050,32249,32317,32488,7723,8685,11860
33193	33214,1347,17182,28190,33215,33236,64,577,596,941
33194	27653,27595,29249,32364,32488,19388,19550,25187,27086,27540
33195	33227,33208,33222,33230,33253,33250,33221,33186,33206,33229
33196	2409,27551,32364,32505,32534,32586,33194,35568,35635,1
33197	33205,33208,33215,33217,33221,33222,33226,33227,33230,33236
33198	33202,33209,33215,33236,0,84,337,339,352,371
33199	33205,33215,33200,33204,33217,33219,33220,33226,33236,33240
33200	33236,33222,33230,33248,33250,33208,33252,33253,33221,33229
33201	33208,33222,33230,33236,33240,33195,33200,33217,33219,33220
33202	1365,33198,33203,33209,33213,48356,1234,1347,1455,1456
33203	33195,33205,33208,33212,33220,33222,33227,33230,33240,33241
33204	9706,9734,33215,33226,33236,33240,33241,33248,33187,33200
33205	33186,33249,9729,33187,33197,33199,33228,33232,33242,9734
33206	33195,33217,33227,33240,33215,33221,33226,33241,33253,33208
33207	35678,21556,35621,35692,439,1031,2646,13870,13967,14181
33208	33195,33222,33227,33230,33217,33200,33221,33252,33219,33229
33209	33198,33202,33203,33213,1365,1370,9706,9734,11860,15233
33210	37974,37998,38041,37979,38047,37980,37993,38003,38055,38056
33211	198,374,1022,2684,3573,3629,3654,3734,3880,7758
33212	33220,33229,33186,9729,33187,9734,33188,33203,33218,33232
33213	33202,33209,33215,33236,64,1365,1370,5257,9706,9734
33214	33193,33215,33236,64,5257,9706,9734,11860,33186,33187
33215	33226,33248,33221,33219,33229,33252,33186,33204,33206,33187
33216	1244,22638,23372,23379,23400,24066,44505,566,1245,1857
33217	33236,33253,33208,33186,33206,31351,33249,9729,33197,33201
33218	33205,33212,33253,33195,33200,33203,33208,33217,33220,33222
33219	33226,33215,33241,33222,33230,33236,33248,33250,33208,33229
33220	33212,9729,33187,33201,33204,33245,9724,9734,33199,33203
33221	33215,33226,33227,33248,33195,33208,33200,33229,33241,33252
33222	33208,33195,33241,33200,33219,33229,33252,33186,33201,31351
33223	22337,476,584,622,637,754,1216,1326,1458,1870
33224	9734,33186,33187,33195,33203,33205,33208,33212,33215,33220
33225	9706,9734,11860,33186,33187,33188,33189,33190,33191,33192
33226	33215,33219,33221,33229,33242,27540,33204,33206,33234,33249
33227	33195,33253,33208,33221,33252,33186,33206,33249,9729,31351
33228	33205,33215,33200,33204,33217,33219,33220,33226,33236,33240
33229	33222,33226,33212,33215,33221,33236,33195,33200,33208,33219
33230	33208,33195,33241,33200,33219,33252,33186,33249,33201,31351
33231	40038,35186,11756,23745,49581,6534,9665,10616,23779,25279
33232	33195,33205,33208,33215,33226,33227,33240,33186,33200,33212
33233	12466,95,146,504,1359,1393,1397,1404,1421,1541
33234	33226,9706,33195,33208,9726,9734,27540,33200,33201,33206
33235	33195,33212,33239,31351,9706,9734,11860,20082,33186,33187
33236	33217,33248,33200,33219,33229,31351,33201,33204,33242,33197
33237	9706,9734,11860,33186,33187,33188,33189,33190,33191,33192
33238	9706,37945,8688,13906,24602,33195,33255,7717,9737,11860
33239	31351,33200,33204,33205,33215,33217,33219,33226,33235,33236
33240	33252,33206,33249,31351,33201,33204,9729,33187,33197,33232
33241	33250,33219,33222,33230,33248,33253,33252,33186,33221,33229
33242	33226,33236,33205,33217,33240,33248,33195,33200,33212,33215
33243	131,482,485,491,857,972,1967,2632,4858,5534
33244	9706,26853,33195,33236,33238,33255,450,544,576,1741
33245	33220,33226,33236,9706,33188,33195,33200,33205,33212,33217
33246	33200,33205,33212,33217,33220,33236,33240,33241,33248,33252
33247	9706,9734,11860,33186,33187,33188,33189,33190,33191,33192
33248	33236,33215,33250,33241,33200,33219,33221,33186,33204,31351
33249	33205,33227,33230,33240,33250,33253,33195,33208,33217,33221
33250	33248,33253,33241,33195,33200,33219,33252,33249,33186,31351
33251	549,575,579,605,2097,2822,3376,3796,4819,5234
33252	33240,33230,33200,33222,33227,33241,33208,33215,33250,33253
33253	33217,33227,33250,33195,33241,33200,33252,33229,33249,33186
33254	1342,4669,5236,5242,7354,7722,9706,9734,11747,11860
33255	9706,33204,33238,9715,9719,9737,9740,33188,33195,33205
33256	41076,6654,11139,17198,1387,4679,6515,11791,35406,1431
33257	11404,19428,34159,34189,34204,34250,34364,6804,11398,11400
33258	33277,1404,1664,3377,4673,9463,33308,38214,38696,2
33259	33329,49,638,1404,1642,3377,4521,6019,7012,7881
33260	11779,4679,33267,33268,33306,33342,49631,49,1129,1360
33261	1967,5086,5996,10498,14013,14054,14216,14229,19501,19540
33262	33310,124,1387,2561,6030,16915,17435,19041,19260,19978
33263	1642,452,11779,33296,33306,33319,49,483,1347,1362
33264	9,11,49,138,222,347,1085,1404,1642,2557
33265	49,1404,1642,3377,4521,7012,7881,11107,11735,11779
33266	49,2507,33269,927,1404,1642,1923,1950,2430,2501
33267	23787,15234,20154,23717,23780,23777,4425,5249,6958,23730
33268	11779,4679,7327,10686,11205,14447,16483,17576,28820,32741
33269	13188,146,927,1404,17901,19049,19093,25699,26362,33266
33270	3377,3394,33310,49643,49,1376,1404,1642,1695,2565
33271	1404,2686,8667,12154,975,2104,2324,2413,3217,3927
33272	10001,10012,10022,10029,10043,10066,10091,18912,23279,23557
33273	33365,7012,33276,33281,33282,33300,33308,35999,49,253
33274	22773,140,1680,3099,6452,6544,6994,8283,9154,11132
33275	22603,22628,22662,22630,22694,22632,22671,22647,22663,23789
33276	2561,16915,19260,19978,20001,20073,20074,33273,49550,49
33277	33258,33331,7012,16478,38210,38214,49,686,704,766
33278	22773,49,147,204,319,394,546,1404,1642,1689
33279	49,1404,1642,3377,4521,6985,7012,7881,10949,11107
33280	49,340,1404,1642,2437,3377,4481,4521,5234,6670
33281	6565,35999,36009,11714,17748,17958,35977,36024,37834,10606
33282	7012,33273,33281,33308,49,168,433,973,1016,1106
33283	49,1404,1642,3377,4521,7012,7881,11107,11735,11779
33284	1404,9800,22773,19,49,63,108,344,638,1080
33285	19550,49,52,171,807,1045,1404,1642,1867,3377
33286	49,1404,1642,3377,4521,7012,7881,11107,11735,11779
33287	18309,285,4521,4527,6653,12196,14455,17999,31270,40675
33288	18437,18578,25249,40425,44892,8797,9781,9800,12097,12625
33289	49,576,1099,1404,1642,1822,2411,2496,2931,3377
33290	528,186,3880,4389,4439,7789,8671,16520,20561,22934
33291	49,1404,1642,3377,4521,7012,7881,11107,11735,11779
33292	49,1404,1642,3377,4521,7012,7881,11107,11735,11779
33293	7921,11714,11715,11791,24498,32751,33306,4679,5269,6523
33294	49,439,1404,1642,3377,4521,7012,7046,7881,11107
33295	49,1404,1642,3377,4521,7012,7881,11107,11735,11779
33296	5242,9453,33332,49581,49652,452,857,1390,1392,2535
33297	49,1404,1642,3377,4521,7012,7881,11107,11735,11779
33298	49,439,1404,1457,1642,2662,3377,4521,6782,7012
33299	10701,7019,10792,39394,4494,11139,28820,6574,7051,1787
33300	19996,19999,33273,49,124,253,1099,1404,1642,1689
33301	49,202,660,1404,1642,1900,2136,2826,3320,3377
33302	11735,49,754,853,1404,1642,2461,3377,4521,4745
33303	49,600,1022,1031,1085,1142,1404,1642,1664,1688
33304	546,1404,7012,11100,22532,33299,46220,19,49,351
33305	9607,10052,13478,14231,23509,24546,24635,24686,24691,24697
33306	7950,11746,11714,11795,6654,11717,11743,30984,6486,6600
33307	11791,14447,30214,30993,33281,33306,39481,11,49,638
33308	11714,11746,1387,10606,11723,11731,4521,7950,11718,11739
33309	49,1404,1642,3377,4521,7012,7728,7881,11107,11735
33310	33262,23733,24541,3377,4521,6515,6659,6939,8773,11795
33311	33290,33316,49,1404,1642,3377,4521,6978,7012,7881
33312	1432,18013,1347,1410,5242,6960,6979,13119,18309,23831
33313	39481,16479,30984,39518,1404,6544,11094,11714,11795,19497
33314	33306,8153,11714,14447,28820,33262,33267,33268,33296,33317
33315	49,1404,1642,3377,4521,7012,7881,11107,11735,11779
33316	33290,33311,49,448,1404,1642,3377,3548,4521,6020
33317	33306,1642,11714,11746,11755,11791,14447,28820,33314,33341
33318	49,1404,1642,3377,4521,7012,7881,11107,11735,11779
33319	8268,8273,33263,49,1362,1404,1642,2454,3377,3397
33320	49,1404,1642,3377,4521,6521,7012,7881,11107,11735
33321	4527,6623,16486,14454,18013,23993,1387,1421,7019,17200
33322	6653,1397,3377,11721,12196,26520,237,1887,5250,6976
33323	49,147,628,916,1000,1382,1387,1404,1421,1432
33324	49,339,1404,1642,1841,3234,3377,4521,7012,7881
33325	1387,1421,7051,10628,16486,17746,18006,39475,40757,40761
33326	6458,6483,38231,3377,6452,6497,6577,6626,19583,20045
33327	42354,4521,10498,19038,25321,40817,40818,41400,41902,42034
33328	49,1404,1642,3377,4521,7012,7881,11107,11735,11779
33329	27542,33259,49,129,1131,1404,1449,1559,1642,2123
33330	23484,6515,11095,11120,920,1432,1445,4527,5274,6499
33331	6653,23476,14857,17556,41076,13115,17746,17999,18013,19506
33332	4527,6654,23476,40606,1432,6515,6653,23784,4431,6631
33333	39526,24456,39491,11779,28820,39485,39567,918,31047,31048
33334	4498,6565,17746,33299,33333,39157,49,282,911,918
33335	204,1100,2662,10096,14746,18150,20506,22773,25224,34278
33336	49,1404,1642,3377,4521,7012,7728,7881,11107,11735
33337	49,1404,1642,3377,3659,4521,6450,6469,6512,6535
33338	49,1404,1421,1642,1982,3377,4521,4527,5370,6592
33339	18309,49,1397,1404,1406,1444,1642,2971,3377,4336
33340	7041,10701,28820,6483,7022,18004,916,6623,7018,17604
33341	1642,7022,7915,14447,28820,33306,33314,33317,44761,49
33342	11779,33260,33267,33268,33306,33314,49,1360,1404,1652
33343	6654,11779,33306,1431,1445,6515,6614,7053,12272,12735
33344	6487,1431,11122,19046,40840,4679,6652,6961,11092,11105
33345	1397,20585,23869,44759,123,237,299,348,1680,1887
33346	10701,17200,7036,39394,7051,23993,44761,4527,6623,17746
33347	32751,4431,6515,6654,7950,8773,12272,13177,14457,15790
33348	910,26949,26995,27566,30226
33349	18006,6611,14860,24364,37875,40536,41386,855,1077,1263
33350	23862,12267,23881,29935,40872,44665,7034,23767,23792,23870
33351	3394,6450,6478,6486,6487,6542,6565,6574,6580,6597
33352	672,692,1445,2802,4169,7272,7427,10519,11246,12715
33353	31270,40891,1347,4213,4527,14454,17180,17607,17999,40610
33354	
33355	6654,40870,10821,18309,19457,30995,40610,40830,695,918
33356	1838,3618,17104,17106,23752,28820,32362,33326,33362,38233
33357	1362,2454,3397,5307,8268,8271,8273,8315,8318,8321
33358	1393,4527,7930,14857,22656,23476,31270,39766,41076,41294
33359	1426,10821,33362,40830,1432,1445,1680,2062,4509,5370
33360	
33361	11714,11726,11735,11790,196,857,1201,2174,4354,4498
33362	1387,10821,11757,17649,23484,24249,37889,40870,6523,7051
33363	4397,6611,6654,7043,7936,12825,14455,14456,17103,17555
33364	87,956,1078,1085,1088,1694,2637,2659,4791,5148
33365	33273,33256,35999,39454,253,457,485,1637,2413,2901
33366	33262,33310,10267,24820,33256,33899,46013
33367	
33368	38315,32,352,671,754,1031,1137,1392,1445,1673
33369	
33370	10232,4405,5260,8319,8377,15233,41562,41615,2121,5243
33371	42481,42539,125,347,528,570,606,622,979,987
33372	33374,33406,33415,33435,33450,146,147,238,242,344
33373	33379,33405,33412,33403,33408,5153,10232,33426,33376,33387
33374	13847,13810,27536,8685,439,3734,8726,13795,13801,14189
33375	33377,7816,8280,33382,33388,33441,33455,442,1100,1234
33376	33389,33418,33426,33405,33434,33393,33404,33406,33430,33390
33377	33375,1657,1658,1659,1662,1663,1668,1678,1686,1700
33378	5236,3394,5242,6543,6654,7950,11092,1356,6994,7014
33379	33408,33373,33402,10232,33403,33409,33440,33452,33389,33394
33380	0,4,38,46,72,83,85,2118,2220,2250
33381	223,995,1111,1950,2223,2505,2544,2574,2602,2603
33382	33375,33377,33388,33435,33450,1702,2673,3376,3377,4668
33383	23608,33378,34164,34189,34207,1,12,127,351,629
33384	984,5153,8804,20080,26519,33371,33372,33373,33374,33375
33385	52,627,934,3573,5153,6783,6804,7506,8804,9281
33386	11399,13792,21873,0,106,439,1230,1234,1950,2022
33387	33401,33412,5153,33390,33409,33379,33408,33434,4405,33373
33388	5153,8348,8268,8273,8318,33408,33410,8315,33393,8286
33389	33376,33409,33418,33379,33403,33405,33426,33393,33402,33404
33390	33387,33401,33376,33412,33440,5153,33373,33379,33402,33404
33391	33393,5153,8804,17251,33374,33376,33388,33396,33404,33405
33392	2118,2203,3518,5153,6459,8737,8804,18972,20080,21790
33393	33418,5153,33388,33404,33430,33376,33396,33402,33410,33411
33394	33440,5153,33408,33379,33412,33405,33430,33434,10232,33373
33395	1135,439,961,1100,2054,2686,3377,4090,4143,5153
33396	5153,33393,33405,33418,33376,33402,33409,33410,33411,33412
33397	1114,7720,12633,39,108,484,1369,1374,1706,1797
33398	5153,33396,33402,33410,33418,33422,33434,1750,2904,8804
33399	26519,33379,33393,33407,33413,934,971,1080,1688,4364
33400	33379,33388,33410,33418,5153,33393,33402,33406,33408,33373
33401	33387,33440,5153,33390,33408,33412,33379,33409,33454,33373
33402	33379,5153,33406,33412,33393,10232,33376,33389,33396,33400
33403	33408,33379,33405,33373,33389,33404,33388,33412,33419,33420
33404	5153,33393,33408,33430,10232,33376,33403,33411,33426,33389
33405	33412,33373,10232,33376,33403,33389,33396,33409,33430,5260
33406	33402,5153,33408,33410,33426,5235,33376,33452,1455,5242
33407	26519,33379,33399,36,1000,1982,2658,3235,4368,5153
33408	33379,33388,33403,33440,33394,33404,33406,33373,33401,33410
33409	33412,33434,33379,33389,33387,33388,33405,4405,33393,33396
33410	33418,33388,33406,33426,33393,33400,33408,33411,33412,33376
33411	33418,5153,33388,33393,33404,33410,33426,33376,33396,33406
33412	33405,33373,33409,33426,33387,33402,33434,33394,33401,33410
33413	8804,26519,33379,33399,5153,5532,8504,9194,13166,15233
33414	5153,8804,20080,26519,33371,33372,33373,33374,33375,33376
33415	33374,33372,33424,46279,1036,1329,1387,1589,1605,1660
33416	26872,186,1673,2659,3879,15122,23685,26887,27536,34174
33417	5153,8804,20080,26519,33371,33372,33373,33374,33375,33376
33418	33410,33393,33376,33426,33389,33411,33430,33396,33400,33434
33419	5153,33408,33389,33403,33440,33376,33388,33394,33401,33426
33420	33408,33440,33376,33389,33403,33426,33379,33388,33394,33401
33421	1155,1417,1782,1913,2603,2608,3620,4717,5153,5807
33422	33434,5153,33396,33402,33409,33412,33418,33448,33376,33387
33423	5153,7451,8804,9770,9812,9838,20080,26519,26617,33371
33424	6171,12584,12600,12565,12566,12586,18445,24230,2616,16516
33425	1507,4224,5153,5661,6676,7035,7927,8804,11523,20080
33426	33376,33412,33418,33388,33406,33410,33389,33404,33411,33373
33427	4213,28652,28657,131,483,2915,4364,5153,6978,8399
33428	5153,33388,33405,1183,1234,1695,2025,3575,5259,5260
33429	1754,7712,1036,1378,1384,4399,4402,4414,4425,4431
33430	33393,5153,33388,33404,33418,33376,33405,33408,33394,33396
33431	1544,1605,1810,2750,2752,3760,5153,8804,9943,10318
33432	1129,1220,5153,8804,12618,12669,19110,20080,24526,26519
33433	5153,8804,20080,26519,33371,33372,33373,33374,33375,33376
33434	33409,33376,33412,33422,33388,33418,33387,33394,33396,33402
33435	33450,1404,33372,33374,33382,1589,1605,1660,1731,1987
33436	5153,33387,33388,33390,33394,33401,33408,33412,33422,33434
33437	5153,8804,20080,26519,33371,33372,33373,33374,33375,33376
33438	5153,8804,20080,26519,33371,33372,33373,33374,33375,33376
33439	25177,33442,33443,0,1,27,34,37,111,129
33440	33408,33394,33379,33401,33418,33420,33390,33403,33404,33405
33441	7789,8268,33375,33455,110,1511,2409,3736,4313,4765
33442	39753,33439,37991,39846,39899,39928,39984,40357,492,1131
33443	186,1378,1484,2547,8295,8335,8737,13661,17941,21838
33444	5153,5469,5475,5484,5487,5488,5494,8737,8804,12840
33445	5153,8804,20080,26519,33371,33372,33373,33374,33375,33376
33446	33416,31,140,198,490,564,578,617,1409,1670
33447	659,1417,35565,35586,39024,44892,0,19,108,130
33448	33422,5153,33387,33388,33390,33391,33394,33401,33408,33412
33449	131,209,242,1020,1548,5153,8399,8804,9803,14434
33450	33435,8275,33372,33377,33382,442,1100,1234,1664,1689
33451	14271,33378,49985,1,3,8,12,41,82,961
33452	33379,33406,33418,33376,33389,33402,33404,33408,33410,33412
33453	8328,33406,8373,8396,33373,33376,33379,33387,33389,33390
33454	5153,33401,33408,33440,33387,33388,33390,33394,33403,33412
33455	33375,33441,5153,7789,8804,20080,26519,27301,33371,33372
33456	33379,33408,33409,33412,33440,4405,33387,33388,33389,33394
33457	5153,8804,20080,26519,33371,33372,33373,33374,33375,33376
33458	5153,8804,20080,26519,33371,33372,33373,33374,33375,33376
33459	476,584,754,1326,1458,2031,2699,3760,4452,4721
33460	2786,33051,10504,11420,19358,19894,23603,26492,30324,34484
33461	11191,16185,522,600,1609,9985,12107,14411,19077,20050
33462	987,2086,9062,16532,19315,23513,24875,26654,32065,33761
33463	33473,33488,33522,19,3734,7791,7980,9154,9805,10240
33464	35722,11417,23512,13982,14203,32488,35685,48685,143,454
33465	7791,9154,9805,11129,11417,12712,14195,14353,23631,23640
33466	35621,14029,13870,13982,14101,23682,31232,35685,35722,454
33467	33468,33485,7791,9154,9805,11129,11417,14195,14353,23631
33468	33469,33467,33480,33482,33483,33490,2786,5231,7791,9154
33469	12976,33468,48805,186,562,615,1950,4182,4717,6328
33470	33498,4261,4369,5237,5247,7791,9154,9805,11129,11417
33471	5101,7345,11867,33505,45927,47045,48025,564,1242,1860
33472	33489,11417,13835,19894,33466,33480,33482,33483,33500,33503
33473	26492,33463,33508,33526,6092,7791,9154,9805,11129,11417
33474	33476,33478,26492,33499,33526,33538,7791,9154,9805,11129
33475	503,638,2791,3883,4227,5498,5925,6018,7473,7791
33476	33474,26492,33508,33526,3876,3926,3935,4053,5184,6224
33477	7791,9154,9805,11129,11417,14195,14353,23631,23640,28611
33478	33488,33474,33499,7791,9154,9805,11129,11417,11601,14195
33479	7791,9154,9805,11129,11417,14195,14353,23631,23640,28611
33480	33468,33469,33472,33482,33483,33489,7791,9154,9805,11129
33481	7791,9154,9805,11129,11417,14195,14353,23631,23640,28611
33482	19089,33468,33469,33472,33480,33483,33489,48920,1148,1832
33483	33468,33469,33472,33480,33482,33489,1882,2403,7791,9154
33484	7791,9154,9805,11129,11417,14195,14353,23631,23640,28611
33485	48861,7862,33467,33490,33525,1148,1832,2786,3403,4069
33486	4357,7791,9154,9805,11129,11417,14195,14353,16584,20283
33487	18229,42664,11417,454,911,1175,1233,1754,2036,2122
33488	33478,33499,33463,33496,2352,7791,9154,9805,11077,11129
33489	33472,33469,33480,33482,33483,7791,9154,9805,11129,11417
33490	33468,33485,7791,9154,9805,11129,11417,14195,14353,23631
33491	30324,30800,35193,47577,352,364,367,372,571,660
33492	609,14324,14376,14562,28611,33505,754,1967,2540,5048
33493	42969,45061,2196,2501,2812,2921,2939,3238,3482,4891
33494	7791,9154,9805,11129,11417,14195,14353,23631,23640,28611
33495	10532,579,605,10541,28611,41701,42553,45984,535,564
33496	13829,33488,33522,39,168,204,206,298,494,660
33497	37296,36966,37016,37337,36862,36903,36923,37047,44049,44130
33498	27653,37981,7343,25184,48538,11860,19550,27595,3734,4396
33499	33478,33488,33522,33474,1148,7791,9154,9805,11129,11417
33500	5682,8815,9805,14195,15305,21171,26394,33472,33505,33532
33501	1694,2147,6450,6456,6458,6459,6461,6462,6463,6467
33502	39,186,338,528,575,638,850,1388,1535,1943
33503	9774,9825,12333,33536,34297,45870,439,615,2294,2802
33504	7791,9154,9805,11129,11417,14195,14353,23631,23640,28611
33505	2554,14264,14376,21171,30631,33492,154,3175,3500,3901
33506	14271,22506,169,3283,3736,4525,6109,6117,6120,7989
33507	28611,29320,33505,204,216,546,1183,1776,2576,2787
33508	33473,33476,1078,1637,7791,9154,9805,11129,11417,14195
33509	7698,609,2554,11879,14268,14569,15328,15334,18294,30326
33510	23631,27595,40204,114,1061,1110,1114,1181,1220,1397
33511	7791,9154,9805,11129,11417,14195,14353,23631,23640,28611
33512	7791,9154,9805,11129,11417,14195,14353,23631,23640,28611
33513	8677,11406,13863,22356,34641,6121,6804,7791,8726,9154
33514	961,1012,4841,5404,5681,6000,6161,7499,7791,7882
33515	25187,27653,25191,27595,439,1114,8686,19550,25157,25184
33516	7791,9154,9805,11129,11417,14195,14353,23631,23640,28611
33517	19109,23065,23667,35740,575,1378,2791,3937,4313,4389
33518	4327,7791,9154,9805,11129,11417,14195,14353,18149,23631
33519	7791,9154,9805,11129,11417,14195,14353,23631,23640,28611
33520	28611,2554,35799,4832,5234,5960,7985,9805,10500,10723
33521	2461,4776,4804,6955,6984,7357,12697,14861,14864,20469
33522	33499,33463,33496,33526,7791,9154,9805,11077,11129,11417
33523	7791,9154,9805,11129,11417,14195,14353,23631,23640,28611
33524	5960,9483,21171,21308,541,2070,2074,2782,2786,2827
33525	33469,33485,7791,8559,9154,9805,11129,11417,14195,14353
33526	33473,33474,33476,33522,147,1373,2330,2337,2341,2348
33527	606,615,1001,1613,2812,3895,7651,10500,11045,13951
33528	6966,7791,9154,9805,11129,11417,14195,14353,20692,23631
33529	26512,32298,34930,35685,43382,1,34,37,300,439
33530	2040,13072,27478,27535,33505,562,2188,2238,2554,2841
33531	22129,581,1137,2196,2974,2997,3023,3320,3691,3937
33532	2825,5069,33472,33492,33500,33503,33536,340,615,1301
33533	7791,9154,9805,11129,11417,14195,14353,23631,23640,28611
33534	4210,7791,9154,9805,11129,11378,11417,13795,13890,13896
33535	1196,1232,1680,2062,2606,7791,8509,9154,9805,10652
33536	21171,33503,546,615,2294,2812,4288,10849,11802,14293
33537	7791,9154,9805,11129,11417,14195,14353,23631,23640,28611
33538	33474,7791,9154,9805,11129,11417,14195,14353,23631,23640
33539	454,6021,7791,8726,9154,9805,11129,11417,13957,14013
33540	25187,1110,3760,6995,7791,9471,13827,14158,19388,19920
33541	9891,33586,1528,1648,4265,12650,13654,15225,15496,16532
33542	15294,33545,33563,33565,33568,33580,33588,33603,32,90
33543	33545,33558,33568,33581,33590,33565,33589,33651,33652,4139
33544	33565,33577,33651,33589,33593,33657,33576,33582,13698,16532
33545	33565,33543,33651,33585,33604,33571,33605,33592,33603,33653
33546	33652,33565,33593,33651,33576,33589,33582,33585,33604,2869
33547	10253,19550,23696,23697,23698,25187,27555,33555,33561,33570
33548	1528,4265,7343,9891,12650,13166,13654,16532,20567,22923
33549	33652,33565,33577,33576,33593,33657,33582,2869,5809,33583
33550	33625,9891,33557,33586,33626,1528,4265,8273,8292,8300
33551	33552,9891,33586,1528,4265,12650,13654,16532,20567,22923
33552	8268,8294,8295,8270,8298,8305,8318,8340,8342,8343
33553	33554,33593,108,484,1114,1369,1374,1528,1660,1807
33554	30214,14014,32096,1,351,1114,1359,1943,3394,4521
33555	23697,23698,1232,19269,23696,16621,22934,23017,23523,32537
33556	1528,4265,9120,9891,10756,10759,12519,12650,13478,13558
33557	31304,8307,30500,33561,33755,39758,45927,1890,2017,2904
33558	33543,33565,33577,33651,33589,33593,33576,33582,33657,2869
33559	29786,24698,14204,7699,9572,13478,7506,24546,24587,33995
33560	25184,1458,1528,1543,1545,1546,1549,1649,1650,1651
33561	2798,2558,24510,24552,33557,1357,2406,5928,9776,10758
33562	33621,39,627,1528,1614,1706,1938,2922,3011,4265
33563	1778,4397,20355,32373,33542,33588,33603,218,1022,1392
33564	33566,117,958,1528,2062,2136,2762,3407,3762,4265
33565	33545,33544,33546,33558,33549,33593,33585,33590,33604,33651
33566	1232,4494,4872,8685,9891,13840,19269,22934,23512,23685
33567	33577,33576,33651,33582,33589,33571,33585,33604,2869,5809
33568	33543,33571,33605,33589,33603,33653,33592,33657,2869,5809
33569	28258,33554,33576,1,339,351,484,852,1359,1394
33570	3394,32317,33547,33576,35861,483,484,516,850,956
33571	33568,33603,33545,33592,33567,33581,33653,33546,33578,33582
33572	1528,4265,9891,12650,13654,16532,20567,22923,22934,22949
33573	10778,32313,33614,443,850,1356,1429,1520,1528,1617
33574	33543,1085,1129,1528,2554,4096,4133,4139,4143,4265
33575	33555,64,143,161,169,343,352,368,370,1528
33576	33567,33603,33581,33647,33546,33549,33578,33582,33592,33652
33577	33567,33578,33544,33558,33647,33549,33582,33590,33589,33651
33578	33577,33576,33582,33589,33593,33657,2869,5809,33571,33585
33579	102,131,857,1059,1369,1397,1528,1680,1787,2632
33580	33542,33545,33565,33568,33608,1131,1528,1559,2123,2680
33581	33590,33543,33576,33593,33582,33589,33571,33585,33604,33653
33582	33567,33576,33577,33578,33581,33544,33546,33549,33558,33590
33583	33643,18998,33545,33549,33576,33602,1045,1110,1351,1465
33584	9891,16532,20567,33601,33610,33615,33619,33623,1113,1212
33585	33545,33565,33592,33546,33567,33581,16532,33544,33549,33558
33586	9891,33541,33550,33551,33552,363,770,1528,4265,7429
33587	9891,33607,934,2603,2608,4364,6304,20567,23508,23696
33588	33542,33563,33603,218,1022,1528,1661,1685,1695,1778
33589	33568,33544,33546,33558,33567,33578,33581,33590,33543,33565
33590	33581,33543,33652,33565,33577,33589,33593,33651,33576,33582
33591	2588,11417,34356,12578,13867,13891,14073,45170,8726,13793
33592	33585,33604,33571,33576,33545,33568,16532,33546,33565,33567
33593	33565,33546,33581,33544,33549,33558,33578,33590,33652,33582
33594	168,1657,1670,1685,1864,2667,2681,13495,13510,14861
33595	9572,12650,15969,24716,25748,27478,27535,33552,33559,33648
33596	2798,1137,13478,24585,24686,33552,33561,43802,93,338
33597	33566,33589,211,956,1078,1080,1170,1212,1528,1914
33598	23065,186,4439,7970,8671,8695,12351,22946,22987,23569
33599	1238,1528,2827,4265,4717,9436,9460,9466,9799,9891
33600	4265,9891,12650,18932,21843,33603,33608,33612,33621,39633
33601	22923,33617,33622,4222,9891,16532,20567,23056,33584,33610
33602	33545,33549,33576,33583,1110,1528,4265,9685,9891,12650
33603	33571,33576,33568,33545,4265,9891,12650,25772,33542,33546
33604	33545,33565,33592,33546,33567,33581,16532,33544,33549,33558
33605	33568,33545,33565,16532,33546,33567,33581,33589,33653,33658
33606	339,1528,4265,4416,5114,9891,12650,13654,16532,20495
33607	33587,14770,16906,22949,22977,28636,29749,33594,43204,161
33608	3882,22147,3948,4046,4053,4074,4265,9891,22103,22182
33609	1528,4265,9891,12650,13654,15896,15902,15923,15950,15953
33610	16532,4872,7612,9891,10301,15106,20567,20600,25747,25819
33611	127,133,1242,1245,1263,1528,2585,2806,2928,4265
33612	15567,4265,9891,12650,33600,33603,33608,33621,536,548
33613	35759,14026,33544,33546,33549,33567,33578,910,1349,1528
33614	33573,443,1528,2157,2644,3115,3574,4265,9891,12647
33615	20567,9891,16532,22923,33584,33587,33610,33621,33623,33632
33616	1528,3734,4265,9891,12650,13654,13722,16532,20567,22923
33617	4265,33601,22923,23056,33622,571,1528,5987,9891,12054
33618	33619,4265,23056,33601,33622,1528,9891,12650,13654,16532
33619	20567,9891,33618,33632,2867,12060,12715,16532,21180,21273
33620	1362,1528,4265,8356,9891,12650,13654,16532,17246,20567
33621	9891,8671,23697,23698,1404,23685,23696,638,4364,4389
33622	33601,4265,22923,23056,33617,33618,33619,596,1528,4222
33623	16532,20567,33610,1113,3954,4206,4872,6405,9891,10240
33624	38264,4295,21958,16426,22158,22182,4289,13244,16240,28563
33625	22954,33550,8273,8292,8300,8331,8355,8362,8399,8671
33626	22954,33550,33552,9891,23070,33586,33654,33659
33627	14778,20500,25747,25820,25824,3958,6978,7325,7635,7651
33628	4048,4182,22866,1137,2080,2244,3002,3472,4069,4153
33629	5588,19877,32203,38837,12465,12466,22934,23696,23697,23698
33630	
33631	3039,16906,28634,33587,1,5,20,1404,2603,2608
33632	10498,20567,22954,33619,4265,5933,14271,14969,33615,36659
33633	1019,1034,1052,3684,4056,4525,4858,5294,5873,5875
33634	23685,40455,3880,4389,22940,22963,186,8671,16111,22927
33635	33636,23696,23697,23698,33637,23685,638,4364,6016,8399
33636	33635,23696,23697,23698,23685,638,6016,4364,8399,6015
33637	23696,23697,23698,33635,638,6019,23685,4364,8399,4389
33638	596,4222,5986,6465,16267,17875,18821,22923,33601,33622
33639	23513,33643,18998,22954,9685,18841,27555,32051,33545,33549
33640	34961,18998,22954,33545,989,1045,1110,1351,1378,1465
33641	22946,23685,23696,23697,23698,4389,33635,33636,33637,638
33642	3685,14689,20273,33800,39027,39045,39048
33643	33583,33639,1110,1351,11399,22954,23512,27595,33549,33576
33644	2798,347,2919,4139,4687,6511,6608,7217,7539,7593
33645	218,1022,1661,1685,1695,1778,2324,2645,2650,2692
33646	2406,17880,52,69,74,186,549,1357,1536,1692
33647	22954,33652,33577,33576,33582,33593,2869,5809,27484,33643
33648	24698,29786,7506,13478,13810,24510,24716,33559,3878,4074
33649	
33650	1113,10758,22954,33192,33194,33545,33567,33568,33571,33576
33651	33544,33545,33558,33567,33546,33565,22954,33590,33543,33577
33652	22954,33647,33546,33549,33590,33576,33593,33543,33582,33571
33653	33568,22954,33545,33571,33581,33546,33567,33578,33585,33589
33654	9891,22954,23070,33550,33551,33552,33586,33625,33626,33659
33655	61,66,87,106,161,242,531,544,559,576
33656	17694,31155,35009,42245,42319,79,339,384,528,533
33657	33544,33549,33578,22954,33545,33558,33568,33581,33590,33565
33658	22954,33545,33567,33568,33571,33577,33585,33604,33605,8715
33659	2554,2786,2797,5079,7545,9394,9885,9891,9968,10328
33660	439,937,1099,1100,1110,1129,1220,1664,1689,1694
33661	12839,16830,30339,6487,9878,11099,30386,30448,30472,30480
33662	12350,13235,30369,30370,30426,30470,30486,33663,33664,33665
33663	6487,33667,33668,33670,1376,3394,12700,12838,12842,16830
33664	33667,33670,33678,7064,12839,16830,1719,3394,3593,3622
33665	33697,1347,1528,2409,3573,6101,6979,7789,8278,12350
33666	6514,11477,6452,6984,12700,45373,1356,3401,6469,23717
33667	5264,6487,11100,12729,12842,33663,33664,3401,4509,4527
33668	12839,33669,12196,15984,33663,1680,6487,7010,7018,7064
33669	33666,33668,12839,16830,3401,5376,5391,6487,6523,7725
33670	11100,19046,6961,11099,11160,12700,12838,33663,33664,33681
33671	33667,33674,5429,6964,7551,9872,9889,9903,9913,10734
33672	42911,547,1366,1392,5263,7950,9701,9731,10606,11080
33673	3584,29894,38950,90,576,1409,2273,2324,2608,3573
33674	33667,33671,5429,6964,7551,9872,9889,9903,9913,10734
33675	12350,13235,14768,30369,30370,30426,30470,30486,33662,33663
33676	30369,30426,33682,33685,33686,33688,33700,12350,13235,14557
33677	2135,3304,3305,3318,3335,3368,6167,8425,8436,8715
33678	11092,11105,12839,11111,16830,6487,8217,11108,11114,11116
33679	1350,2179,3573,6101,12350,12719,13235,30369,30370,30426
33680	19,1350,1664,1667,2054,2588,3570,4354,5179,6100
33681	33670,6957,6961,12700,12839,12842,19046,25040,33666,40840
33682	33772,49581,1455,8154,12699,13119,23755,25184,30369,30426
33683	12350,13235,30369,30370,30426,30470,30486,33662,33663,33664
33684	30486,6306,21171,21240,21693,23001,30339,30370,30386,30448
33685	30369,30426,33676,33682,33686,33688,33700,12350,13235,26429
33686	30369,30426,33676,33682,33685,33688,33700,12350,13235,26429
33687	33696,34048,34084,5564,34050,25850,25974,3318,3831,3937
33688	30369,30426,33676,33682,33685,33686,33700,33705,98,113
33689	12350,13235,30369,30370,30426,30470,30486,33662,33663,33664
33690	33684,2678,7242,7246,12344,12350,13235,16620,20003,24455
33691	34025,25337,34069,40752,340,354,3238,4139,6421,7994
33692	12350,13235,30369,30370,30426,30470,30486,33662,33663,33664
33693	0,337,341,352,451,522,554,570,574,576
33694	4196,20569,43695,43707,43732,2028,2059,12350,12931,13202
33695	1350,3573,6101,12350,13235,30369,30370,30426,30470,30486
33696	33687,455,5557,7611,25850,25882,34038,34050,34068,7
33697	33665,3573,6101,12350,13235,30369,30370,30426,30470,30486
33698	12350,13235,30369,30370,30426,30470,30486,33662,33663,33664
33699	12350,13235,30369,30370,30426,30470,30486,33662,33663,33664
33700	27260,30369,30426,33676,33682,33685,33686,33688,594,1137
33701	46979,46969,43284,46971,12881,15657,43596,46972,2678,3230
33702	30470,30486,5234,30339,30473,33684,12350,12730,13134,13235
33703	12350,13235,30369,30370,30426,30470,30486,33662,33663,33664
33704	12350,13235,30369,30370,30426,30470,30486,33662,33663,33664
33705	33688,2678,7242,7246,12344,12350,13235,16620,24455,30369
33706	14821,32616,5402,5407,6598,7789,12782,13412,17203,22625
33707	23989,33709,33710,33711,33712,33714,33717,33723,33726,33727
33708	23989,33709,33710,33711,33712,33714,33717,33723,33726,33727
33709	13008,17200,23013,23989,33707,33708,33711,33712,33714,33715
33710	23989,33707,33708,33711,33712,33714,33715,33717,33723,33726
33711	23989,33707,33708,33709,33710,33712,33714,33715,33717,33723
33712	23989,33707,33708,33709,33710,33711,33714,33715,33717,33723
33713	422,689,2838,3845,4034,5820,9309,13276,23989,25705
33714	5384,6985,8156,11779,24541,33723,40998,45481,5641,6955
33715	23989,33709,33710,33711,33712,33714,33717,33723,33726,33727
33716	5382,33717,7051,33299,39527,1421,1431,4494,4527,6934
33717	5382,33716,37875,1356,10701,13412,14824,37862,39394,39492
33718	422,912,956,1212,1913,7343,8685,9217,9401,9404
33719	6450,6456,6458,6459,6462,6481,6482,6483,6491,6495
33720	1982,3685,15246,23989,30995,31223,43014,37,204,422
33721	33742,5266,5339,8380,11146,19488,23717,1356,5277,5382
33722	33725,422,2601,2634,7258,14611,16584,17203,17604,19125
33723	6611,6654,8773,23484,40891,4527,6563,6623,6653,8217
33724	40536,6653,13357,15510,23476,23883,23906,33723,39492,40418
33725	17203,33721,33722,33730,33742,33743,33748,422,1639,1734
33726	23989,33707,33708,33709,33710,33711,33712,33714,33715,33717
33727	23989,33707,33708,33709,33710,33711,33712,33714,33715,33717
33728	422,557,4839,4841,5085,5776,5948,5963,6339,7181
33729	23989,33707,33708,33709,33710,33711,33712,33714,33715,33717
33730	33709,33725,422,23989,33707,33708,33711,33712,33713,33714
33731	23989,33707,33708,33709,33710,33711,33712,33714,33715,33717
33732	5052,7976,10760,422,575,1118,1383,5477,5804,5930
33733	43242,679,42381,43578,1100,8700,22445,30786,33744,40817
33734	33723,10653,10663,33745,422,559,1642,8286,12108,13166
33735	422,4911,5588,9716,9777,12107,12465,12466,12670,18916
33736	422,9745,12633,15356,16883,16904,19443,23591,23989,27736
33737	422,23989,33707,33708,33709,33710,33711,33712,33713,33714
33738	223,422,1366,1413,2437,2648,3651,5263,6519,6610
33739	33721,11,422,638,1350,2453,2455,2456,2458,2460
33740	1950,4717,45418,52,422,546,596,1069,1130,1342
33741	4205,11617,16657,422,6229,6260,7246,7894,9391,10350
33742	6654,28672,6598,12735,14818,33721,1356,1421,1432,1445
33743	33725,33745,422,2655,2659,2666,2669,2670,2678,2687
33744	33733,265,422,1794,1863,2122,4810,4838,4959,5038
33745	33731,33734,33743,422,2941,6955,7517,12388,13166,18300
33746	422,23989,33707,33708,33709,33710,33711,33712,33713,33714
33747	23989,33707,33708,33709,33710,33711,33712,33714,33715,33717
33748	9943,32751,7053,7292,9796,11723,11792,17773,17958,22648
33749	33194,49577,32357,32489,5236,6979,6986,10616,25300,30214
33750	1,11399,13801,13877,14060,14247,17633,19535,21139,23507
33751	1377,4073,13166,19418,33750,33752,33753,33754,33755,33756
33752	33,1377,2641,4073,7724,13166,17956,19418,23517,29726
33753	33797,33768,33777,33762,33799,32505,33192,33754,33763,33787
33754	6486,6653,6654,8123,19034,33777,33778,33779,33787,33793
33755	3885,18056,23729,5242,11756,23770,30887,33557,33772,49581
33756	3394,6469,11715,11792,19418,23787,23830,26955,33666,33755
33757	16901,16861,16864,16992,32343,35738,1392,8859,13166,16930
33758	33194,33799,33763,33192,32317,33759,7847,11736,13166,23510
33759	33758,33764,33778,33797,33799,34348,32489,33753,33763,33768
33760	6955,6976,6986,16620,17295,23476,23741,6473,6487,6514
33761	987,2086,9062,16532,19315,23513,24875,26654,32065,33462
33762	33797,16621,33753,33793,13076,23696,23697,23698,32058,32096
33763	33779,33758,33192,33194,33768,33793,439,33753,33754,33787
33764	1114,32489,32505,33759,34958,35592,1807,2142,2547,3394
33765	4073,5236,5242,9701,10611,23749,23787,32045,33757,33767
33766	12584,12592,18445,28717,2201,4813,6171,12605,12616,13112
33767	49581,49652,35186,5242,5243,23751,9453,11714,11746,49610
33768	33777,33753,33793,33797,33763,33754,33762,33787,32489,33759
33769	1392,32045,42911,32435,5242,16380,32343,33757,33767,33775
33770	23717,33767,49483,153,1010,1347,1352,1354,1355,1362
33771	23718,33772,11772,2645,4401,7758,8685,10276,14009,16710
33772	49581,10616,13119,49577,49469,49630,1390,11772,13278,23770
33773	4426,4447,9453,9667,9701,17504,32045,36190,49652,3669
33774	956,5588,12465,19877,33629,35677,35738,38837,41021,483
33775	32343,1390,1392,8859,32435,33769,33791,4073,4405,6986
33776	452,13119,33772,40633,196,1366,1390,1453,5531,6594
33777	33768,33793,33753,33754,33787,17636,32317,33762,35621,35661
33778	33194,33754,33787,32489,33759,33762,11736,23510,32317,33192
33779	33763,33194,33754,33787,32317,33762,11736,19887,23510,33192
33780	17252,17648,23740,32603,32804,35186,49577,49581,62,485
33781	33792,33771,33772,33773,49648,452,1366,1377,1384,2703
33782	117,133,135,186,442,629,1218,1233,1377,1500
33783	23787,49581,3885,11756,5243,26386,33772,49630,25300,36198
33784	23745,23749,23779,23787,25300,6997,10611,11752,11756,30749
33785	1,23648,32188,33758,33764,33777,33779,33797,34930,41407
33786	0,337,352,12143,48029,451,13596,25212,43152,47681
33787	33754,33777,33778,33779,33793,33753,33762,33763,33768,11736
33788	4073,5243,33757,33765,33767,33769,33775,33783,33784,916
33789	1369,1377,2507,2603,3025,4073,6473,13166,19418,32488
33790	680,1377,5960,17584,17666,22398,24447,33772,43253,49649
33791	32357,33775,1428,17677,30214,32403,33772,33795,439,575
33792	35186,49648,5242,33772,49630,49652,23747,41069,1366,7011
33793	33777,33768,33192,33754,33762,33763,33787,33799,32317,1114
33794	578,680,14318,22398,33771,40634,43253,265,476,575
33795	33772,33775,33791,956,1377,4073,13166,16876,16899,16914
33796	1377,4073,13166,19418,33750,33751,33752,33753,33754,33755
33797	33753,33799,33762,33768,32489,1114,32505,33759,34958,35592
33798	33777,454,1353,1377,3403,3927,4073,4447,7712,7783
33799	33758,33797,33753,33793,33759,27086,32489,33754,33762,33787
33800	39045,5237,24689,39048,4261,13819,32364,33060,35626,39027
33801	1377,2226,2864,4073,5234,13166,13273,13304,13315,14498
33802	112,439,1100,1377,1596,3883,4073,6027,7521,7713
33803	7884,46275,46278,46304,450,1377,1889,4073,13166,19418
33804	13160,40998,4527,13166,14454,14860,17295,18309,19444,24367
33805	12729,10653,5090,7018,10663,13336,28089,1388,5068,7022
33806	78,223,482,1110,1778,1814,1889,4481,4681,5087
33807	33819,33821,33833,7989,12697,12837,12838,12839,12842,33810
33808	33818,33825,33827,33831,33830,10018,10055,10144,16714,18507
33809	4681,5087,6983,6990,7486,9696,13378,15353,17235,17784
33810	10127,33807,4488,4681,5087,5237,6990,7486,8298,10019
33811	4681,5087,6990,7486,13378,17784,22016,24717,29379,29575
33812	575,2827,5996,8783,9839,17351,18093,18294,18614,30145
33813	4681,5087,6990,7486,9736,12147,12845,13378,14778,16710
33814	33819,33821,33832,33833,32597,33815,33822,33840,33847,33849
33815	4425,4431,32771,32782,32394,32741,1505,4396,4402,32733
33816	33843,10651,28982,32597,42144,1376,2409,7074,10658,13412
33817	33857,574,1113,1137,1842,2999,3184,3455,3530,3858
33818	33808,33827,4397,4400,4461,4464,4481,4681,5087,5255
33819	33807,33814,33832,4397,4400,4461,4464,4481,4681,5087
33820	33872,6515,6600,7010,8828,12700,15993,19046,33723,33840
33821	33807,33814,33832,4397,4400,4461,4464,4481,4681,5087
33822	33827,33807,33814,1545,1550,1554,1579,4397,4400,4461
33823	1758,2820,6405,6882,20569,22092,34070,40036,44985,45013
33824	4717,5957,13621,15310,22338,73,375,562,622,624
33825	33808,33827,1510,2145,2409,3931,4397,4400,4461,4464
33826	5250,8219,12831,33836,33872,299,343,503,1405,1412
33827	33808,33815,33818,33822,33825,33831,33830,33847,33849,33874
33828	3825,33723,284,1036,1329,1387,1489,1841,1928,2037
33829	37827,37856,37851,6452,6535,37846,37849,6565,6574,6609
33830	33808,33827,33832,33847,33849,33874,4681,5087,6990,7018
33831	33808,33827,4397,4400,4461,4464,4481,4681,5087,5255
33832	33814,33808,33819,33821,33830,33833,33847,33849,33874,4681
33833	33807,33814,33832,4397,4400,4461,4464,4481,4681,5087
33834	35758,37874,196,452,1350,1421,1428,1545,4463,4527
33835	1725,2017,2072,2117,2141,3596,4455,4681,5087,6487
33836	38862,38867,9638,9649,9650,14709,33826,38881,38886,43242
33837	543,2118,4681,5087,6990,7486,8715,9402,13378,17784
33838	338,1064,14809,22502,35628,1067,1068,1069,1070,1071
33839	3134,3213,43560,202,345,1100,2413,3164,3559,3561
33840	4527,6654,1432,40606,40756,19506,40610,41702,6623,12853
33841	33807,4681,5087,6990,7486,13378,17784,22016,24717,29379
33842	9890,44031,9398,9928,10469,11576,12331,12537,13418,14331
33843	33816,42144,28982,1376,2409,7486,10651,10658,13412,14860
33844	4681,5087,6990,7486,13378,17784,22016,24717,29379,29575
33845	33842,4681,5087,6990,7486,7639,9830,9986,10502,13378
33846	4681,5087,6990,7486,13378,17784,22016,24717,29379,29575
33847	33808,33814,33827,33830,33832,33849,33874,4681,5087,6990
33848	1651,4370,4681,5087,5533,6990,7486,12613,13378,15225
33849	33808,33814,33827,33830,33832,33847,33874,4681,5087,6990
33850	13378,5087,351,528,580,638,1982,2090,2238,3831
33851	7511,1433,1860,3407,4681,5087,5924,5981,5993,5999
33852	4681,5011,5087,6990,7486,13378,17784,22016,24717,29379
33853	7516,10318,11093,13075,13835,13948,16621,19009,23512,26963
33854	1512,4397,4483,7014,32394,4400,4447,4455,4464,32356
33855	4681,5087,6990,7486,13378,17784,22016,24717,29379,29575
33856	4681,5087,6990,7486,13378,17784,22016,24717,29379,29575
33857	11092,11122,33723,40299,7486,11103,11107,11110,11115,14860
33858	33834,134,1356,1421,1680,3731,4410,4441,4527,4681
33859	6923,6951,2072,3347,4681,4844,5087,6990,7446,7486
33860	4681,5087,6990,7486,13378,17784,22016,24717,29379,29575
33861	857,1642,1772,3885,4681,4766,5087,6450,6481,6609
33862	4681,5087,6990,7486,13378,17784,22016,24717,29379,29575
33863	1528,1814,3230,3575,4681,5087,6025,6990,7486,8671
33864	4681,5087,6990,7486,13378,17784,22016,24717,29379,29575
33865	2554,2557,4681,4717,5046,5087,6990,7473,7486,8863
33866	9804,13246,23173,1,20,52,1357,1885,2554,2786
33867	4681,5087,5567,5568,5569,6990,7486,8122,9516,11542
33868	4681,5087,6990,7486,13378,17784,22016,24717,29379,29575
33869	4527,6935,14603,23484,33332,33378,33723,33820,33829,33840
33870	788,1406,1426,1447,1928,1954,1958,1979,1985,3852
33871	24432,6545,22526,28736,30172,36151,90,92,366,467
33872	31270,13177,14454,1347,1445,1772,6653,11120,15594,17577
33873	4681,4717,4996,5087,6990,7486,13378,17784,18176,21262
33874	39370,18964,44065,6541,10002,10091,30232,33808,33814,33827
33875	4522,7036,23993,24000,28672,35406,39473,40402,40413,40536
33876	4681,5087,6990,7486,13378,17784,22016,24717,29379,29575
33877	478,2711,6821,8270,8295,18159,83,123,127,160
33878	10606,3394,6997,11746,32096,33762,33882,33885,186,956
33879	23694,33887,33891,1114,1458,1459,1666,2516,2574,3620
33880	25199,33884,33888,33891,33892,40659,168,478,852,918
33881	8268,8284,8292,8301,8308,8399,8273,8294,8298,8302
33882	33878,33887,33891,1666,6935,8307,13134,13164,17193,30987
33883	33887,33950,493,1617,1685,1741,1763,1776,1780,1800
33884	8307,33880,33888,33892,5405,6805,6806,6808,6809,6813
33885	33878,33887,1666,6935,8307,13134,13164,17193,30987,31310
33886	8307,33893,6935,7011,7058,7082,8270,8295,11190,11788
33887	33878,33879,33882,33883,33885,1666,6821,6935,8307,8815
33888	33880,33884,33892,6935,8307,23960,31310,33878,33879,33881
33889	33892,1778,6935,8307,31310,33878,33879,33880,33881,33882
33890	6450,6456,6458,6459,6460,6462,6464,6466,6467,6469
33891	33879,33880,33882,6935,8307,31310,33878,33881,33883,33884
33892	33880,33884,33888,33889,1778,6935,8307,23960,31310,33878
33893	8307,33886,6935,8270,8295,22921,30711,31310,33878,33879
33894	17238,24345,483,1406,1438,1676,6611,6660,6935,7012
33895	1694,29558,2681,14746,1670,1688,1736,2659,2667,2687
33896	6935,7989,8307,14930,15190,20608,26114,31310,32634,33256
33897	6935,23854,23880,24447,280,295,477,754,1347,1382
33898	33996,33997,35599,35629,40204,48685,4251,11261,28297,31179
33899	33909,33912,33919,33900,33903,33905,33907,33928,33960,33906
33900	33916,33992,33902,33936,19407,33899,33901,33994,31179,33918
33901	33900,33905,33907,33912,33919,33921,33903,33906,33914,33928
33902	33900,33928,33930,33965,33967,33919,33921,33927,33948,33968
33903	33905,33914,33958,33957,33943,33966,33992,19407,33899,33936
33904	1196,19407,24759,33899,33900,33901,33902,33903,33905,33906
33905	33919,33903,33937,33961,33916,33992,19407,33899,33901,33994
33906	33968,33914,33958,33916,33992,33902,33936,19407,33899,33901
33907	33957,33916,33992,19407,33899,33901,33936,33918,33974,35599
33908	11878,33925,2017,27267,33900,33924,33935,33956,32,90
33909	33981,33899,33936,19407,33994,33918,40204,33920,33931,33945
33910	33957,33936,33938,33944,33917,33900,33903,33906,33907,33909
33911	33924,33935,33956,33901,33933,34904,1196,2024,2085,5290
33912	33992,33899,33936,19407,33901,33994,35599,33918,33974,35629
33913	33934,33944,33952,33922,33938,33957,33961,33927,33937,33954
33914	33903,33906,33921,33957,33961,33966,33981,19407,33899,33901
33915	33982,33906,33933,33971,1196,8699,19407,24759,33899,33900
33916	33907,33900,33921,33928,33930,33965,33968,33905,33948,33906
33917	33976,33983,33930,33961,33910,33957,33984,5219,9539,33927
33918	33900,33903,33906,33907,33909,33912,33914,33923,33927,33928
33919	33905,33958,33943,33981,33992,33902,33899,33936,19407,33901
33920	33967,33968,33900,33903,33905,33906,33907,33909,33912,33919
33921	33930,33914,33937,33948,33957,33916,33943,33981,33902,33901
33922	33986,33931,33957,33980,33913,33947,33950,33927,33930,33934
33923	33967,33978,33966,33981,33992,33936,19407,33994,33899,35599
33924	33956,33911,1823,23747,33901,33908,33975,74,336,570
33925	33908,33899,33909,33948,33966,33967,33968,33975,74,340
33926	33906,33933,33970,33971,33982,1196,8699,19407,24759,33899
33927	33967,33978,33958,33966,33981,33902,33916,33899,33901,33918
33928	33966,33981,33916,33992,33902,33936,33994,33899,33901,33918
33929	33906,33933,33966,33969,33970,33982,1196,8699,19407,22769
33930	33921,33966,33981,33916,33902,19407,33901,33899,33917,33945
33931	33945,33922,33936,33900,33906,33909,33912,33919,33923,33927
33932	33970,33900,33903,33905,33907,33909,33912,33919,33921,33923
33933	33939,33935,19917,33901,33911,33915,33926,33929,33932,33940
33934	33913,33972,33945,33952,33976,33922,33936,33938,33954,33930
33935	33911,33933,33956,19917,33901,33908,34000,340,1196,1500
33936	33900,33906,33909,33912,33919,33923,33928,33903,33907,33945
33937	33905,33921,33967,33943,33978,33958,33981,33966,33902,33916
33938	33944,33910,33913,33947,33952,33953,33961,33972,33934,33936
33939	33933,5290,19917,24637,33900,33901,34000,32,90,340
33940	33906,33933,33970,33971,33982,1196,3393,4411,7024,8667
33941	33906,33933,33970,33971,33982,1196,8699,19407,24759,33899
33942	1196,19407,24759,33899,33900,33901,33902,33903,33904,33905
33943	33937,33960,33919,33948,33961,33968,33958,33903,33921,33967
33944	33953,33913,33938,33946,33952,33972,33910,33961,33936,33954
33945	33950,33951,33931,33936,33946,33984,33934,33980,33930,33976
33946	33944,33945,33952,33936,33930,33938,33954,5219,33922,1196
33947	33972,33922,33936,33938,33930,33983,14890,33910,33957,33961
33948	33968,33965,33921,33957,33961,33978,33943,33958,33966,33916
33949	33963,33966,117,1196,4687,5467,7506,7593,7639,7699
33950	33945,33976,33997,33922,33936,33954,33983,5219,14890,33883
33951	33945,33952,33976,33997,33922,33930,33936,33938,33954,5219
33952	33913,33934,33944,33946,33951,33972,33938,33922,33954,33910
33953	33944,33976,33997,33938,33922,33930,33936,33954,5219,14890
33954	33913,33934,33944,33945,33946,33950,33951,33952,33953,33922
33955	11377,16701,33760,1111,1156,1814,1923,1928,3887,4184
33956	33924,33911,33935,33901,33908,33975,1196,5304,8510,19407
33957	33907,33965,33914,33948,33903,33968,33921,33967,33978,33958
33958	33919,33968,33903,33906,33978,33927,33943,33948,33937,33961
33959	33899,33900,33901,33905,33906,33907,33909,33912,33919,33921
33960	33961,33943,33966,33992,19407,33899,33936,33994,33901,4251
33961	33960,33968,33948,33905,33914,33943,33967,33978,33958,33966
33962	33899,33988,1196,7950,17951,23755,29018,29913,33900,33901
33963	24510,33949,33966,362,1196,2375,3971,4008,6026,6412
33964	33906,33907,33927,33930,33957,15362,19407,33900,33903,33905
33965	33948,33957,33916,33902,33992,19407,33899,33901,33994,35629
33966	33928,33960,33923,33930,33978,33903,33914,33927,33948,33937
33967	33923,33927,33937,33961,33943,33902,33957,33992,19407,33918
33968	33948,33906,33958,33961,33943,33957,33916,33902,33936,33918
33969	33929,33966,1196,19407,22769,24759,33899,33900,33901,33902
33970	33932,33926,33929,33940,33941,33975,1196,19407,24759,33899
33971	33899,33900,33901,33905,33906,33907,33909,33912,33915,33919
33972	33947,33934,33944,33952,33938,33997,33922,33930,33936,1778
33973	33899,33900,33901,33903,33905,33906,33907,33909,33912,33914
33974	33903,33905,33907,33912,33914,33916,33923,33958,33900,33906
33975	33906,33924,33925,33956,33970,33971,33982,1196,8699,19407
33976	33917,33950,33951,33953,33934,33945,33936,5219,33930,33944
33977	1196,2524,6298,13890,19254,19301,19407,24759,25157,30305
33978	33923,33927,33937,33948,33958,33961,33966,33943,33981,33957
33979	25487,1196,5168,5548,14561,18118,19407,21851,22069,24759
33980	33961,33922,33945,33927,33930,33937,33900,33905,33906,33909
33981	33909,33928,33930,33919,33921,33923,33927,33978,33914,33937
33982	33915,33906,33926,33929,33940,33941,33975,1196,19407,24759
33983	33936,33917,33900,33906,33909,33912,33919,33923,33927,33928
33984	33957,33945,33917,33927,33930,33937,33938,33944,33965,33900
33985	1196,19407,24759,33899,33900,33901,33902,33903,33904,33905
33986	33922,33936,33900,33906,33909,33912,33919,33923,33927,33928
33987	33905,33906,33907,33909,33912,33919,33921,33958,33965,33967
33988	1919,12196,12844,23476,23733,33937,33962,37833,40115,1196
33989	1196,5653,5654,5655,5664,5668,5675,5679,5683,6304
33990	24697,23509,13478,24510,24591,24686,24691,7699,10303,24650
33991	1196,19407,24759,33899,33900,33901,33902,33903,33904,33905
33992	33900,33912,33923,33928,33907,33919,33905,33906,33960,33965
33993	33899,33900,33901,33903,33905,33906,33907,33909,33912,33914
33994	33928,33900,33905,33909,33912,33919,33923,33937,33943,33960
33995	24587,24698,29786,33559,9572,24662,7506,7639,9607,10052
33996	33898,33961,33945,33922,33936,33900,33905,33906,33909,33912
33997	33898,33950,33951,33953,33972,33944,33945,33922,33930,33952
33998	
33999	4415,33898,33899,33900,33901,33903,33905,33906,33907,33909
34000	19917,33898,33933,33935,33939,340,1500,1719,8510,9236
34001	
34002	33898,33917,33947,33950,33951,33953,33972,33976,33997,5219
34003	1818,21841,35464,48538,2641,5006,19920,23591,28635,29739
34004	34023,34011,34012,1810,1831,1833,1893,3734,6103,10103
34005	1818,34023,34011,34012,937,989,1129,1155,1661,1670
34006	34023,601,2269,2547,3971,4009,4484,6090,10276,10331
34007	34013,34015,23591,28635,34010,34024,48,242,1571,1649
34008	18229,19473,22951,34004,34005,34006,34007,34009,34010,34011
34009	16861,25228,239,8675,16992,35585,35605,6109,9194,16862
34010	27653,439,38088,12633,16861,25146,25157,27595,33498,48553
34011	33063,168,7371,7758,7830,8685,16914,22939,25152,25269
34012	34004,34005,34006,34010,34018,34019,34023,1818,2432,2603
34013	34007,34015,23591,28635,34010,27653,32520,33777,34004,34005
34014	34004,34005,34006,34007,34009,34010,34011,34012,34013,34015
34015	34007,34013,23591,28635,34010,27653,32520,33777,34004,34005
34016	34017,35633,956,13837,16862,16871,16901,29858,29869,35605
34017	34016,16901,32250,44266,47425,10,132,239,1080,1535
34018	1818,1689,10026,10102,23550,25135,34011,34012,34024,36877
34019	34023,34011,34012,1810,1831,1833,1893,3734,6103,10103
34020	34004,34005,34006,34007,34008,34009,34010,34011,34012,34013
34021	34022,34024,1814,1944,4996,5008,5925,7134,10292,12188
34022	34021,4996,5008,7134,19664,20567,29757,33271,34004,34005
34023	34004,34005,34006,34019,2647,26904,34011,34012,26,149
34024	34007,34018,34021,242,1944,2668,4498,12188,12628,12631
34025	33691,5564,14917,25337,25974,286,1357,3283,5548,6226
34026	8156,19444,32756,39479,45389,321,624,2145,6502,6543
34027	25957,34052,34055,34072,49011,29,190,490,957,1111
34028	3318,3937,5550,14272,20577,25788,25850,25957,32178,33687
34029	3474,15818,15820,15821,15835,15839,15840,18080,34054,49448
34030	14272,34077,34086,2118,3318,3762,3937,5550,15844,15862
34031	1356,3318,3937,3950,5550,6202,7343,14272,20577,25788
34032	3318,3937,5550,14272,20577,25788,25850,25957,32178,33687
34033	3318,3937,5550,14272,20577,25788,25850,25957,32178,33687
34034	3318,3937,5550,14272,20577,25788,25850,25957,32178,33687
34035	2137,3318,3937,5550,11132,14272,16918,20577,22018,22947
34036	34029,3318,3903,3937,5550,14272,20577,23006,24945,25788
34037	3318,3937,4104,5550,7201,9391,13426,13537,14272,18110
34038	25850,34039,34076,5481,6100,14514,23381,23422,24336,33355
34039	34069,25337,25974,33661,34038,1357,5557,25850,34050,34068
34040	7254,11843,13806,15019,20567,21078,27454,42717,42725,42751
34041	3770,34058,34086,555,613,1830,2036,2059,2091,2104
34042	25801,336,542,815,2014,2030,2053,2059,2092,2547
34043	3318,3937,5550,14272,20577,25788,25850,25957,32178,33687
34044	34029,34047,34051,34054,562,3318,3407,3937,4104,5550
34045	126,185,3318,3455,3937,4035,4037,4166,5550,6304
34046	34049,286,3318,3937,5550,8457,14272,20577,25788,25850
34047	562,34029,34044,34051,34054,576,669,1137,1782,3318
34048	33687,25337,25974,1357,5557,25850,33661,34038,34050,3318
34049	34046,280,754,2044,2665,3318,3937,4137,5284,5550
34050	25850,33687,25974,33696,34038,34039,34048,34076,34084,1613
34051	3937,13280,13654,17352,17468,18357,41697,2791,5231,5670
34052	1787,25957,34027,34055,34072,1174,1356,1429,1520,1617
34053	3318,3937,5550,14272,20577,25788,25850,25957,32178,33687
34054	34029,34044,34047,34051,562,3318,3407,3937,4104,5550
34055	4264,8492,3525,20825,20833,46622,46638,4707,5467,10380
34056	3318,3937,5550,14272,20577,25788,25850,25957,32178,33687
34057	14272,34059,3318,3770,3937,5550,8794,9099,9927,9969
34058	10987,20844,3903,4033,4080,4103,4295,10390,11547,11645
34059	14272,34057,3318,3770,3937,5550,8794,9099,9927,9969
34060	926,1137,3318,3937,5550,6306,8067,14272,15622,15624
34061	3318,3937,5550,6084,7183,7189,7203,7211,7327,14272
34062	3318,3937,5550,14272,20577,25788,25850,25957,32178,33687
34063	2820,25979,28071,28072,28108,280,754,2070,2409,2939
34064	3937,166,347,624,629,2107,2451,2541,2802,3282
34065	3937,34026,28,144,164,216,1994,2617,2773,3318
34066	29490,47445,1085,1181,1664,1688,1856,2681,2798,8511
34067	34083,10287,4069,7957,16200,42719,47669,74,1846,2063
34068	33691,33696,34038,34039,34069,34076,34084,455,3094,3318
34069	34039,33691,34084,5564,25337,33661,34038,34068,1357,3318
34070	1758,2820,6405,6882,20569,20893,22092,33823,40036,44985
34071	3318,3937,5550,14272,20577,25788,25850,25957,32178,33687
34072	25957,34027,34052,34055,1174,1725,1758,1787,3318,3937
34073	3318,3937,5550,14272,20577,25788,25850,25957,32178,33687
34074	3318,3937,5550,14272,20577,25788,25850,25957,32178,33687
34075	3318,3937,5550,14272,20577,25788,25850,25957,32178,33687
34076	34084,5564,33661,34038,25337,25850,25974,34050,34068,1357
34077	2084,3129,4035,11572,14272,32178,34030,34086,113,223
34078	3318,3937,5550,14272,20577,25788,25850,25957,32178,33687
34079	3318,3937,5550,14272,20577,25788,25850,25957,32178,33687
34080	3318,3937,5550,14272,20577,25788,25850,25957,32178,33687
34081	3318,3937,5550,14272,20577,25788,25850,25957,32178,33687
34082	3318,3575,3937,5550,9471,10533,14272,15991,19422,20280
34083	11064,16214,16196,16205,16222,16211,16215,16217,7957,10287
34084	34076,33687,34069,5557,25850,25882,33661,34038,34050,34068
34085	3318,3937,5550,14272,20577,25788,25850,25957,32178,33687
34086	47904,14272,22090,4104,4289,15743,22883,25788,34030,34041
34087	3881,114,1639,1873,4262,4276,7457,9680,9854,10775
34088	34093,34095,3873,3956,3984,7508,27764,34089,34090,34091
34089	34094,3881,7508,27764,34088,34090,34091,34092,34093,34096
34090	2559,2831,4171,4325,5481,6260,7508,7651,7663,9105
34091	127,194,1810,2123,2554,2576,2954,3948,5294,5373
34092	3881,7508,27764,34089,34090,34091,34094,34095,34096,34097
34093	34088,7508,27764,34089,34090,34091,34094,34095,34096,34097
34094	34089,3881,7508,27764,34088,34090,34091,34092,34093,34096
34095	34088,3873,3956,3984,7508,27764,34090,34091,34092,34093
34096	7508,27764,34088,34089,34090,34091,34092,34093,34094,34095
34097	7508,27764,34088,34089,34090,34091,34092,34093,34094,34095
34098	637,821,7508,12450,12473,27764,34088,34089,34090,34091
34099	7508,27764,34088,34089,34090,34091,34092,34093,34094,34095
34100	42129,42109,27691,147,7051,8156,9316,10652,10670,10711
34101	34126,34109,34111,34113,34107,34114,34116,34117,34124,34129
34102	34137,34116,34123,34107,34114,34119,34124,34129,34108,34131
34103	10705,34101,34102,34104,34105,34106,34107,34108,34109,34110
34104	34118,34113,34117,34127,34131,34135,34106,34133,42109,42129
34105	38210,23717,49617,1405,3050,6966,6977,7938,9535,16485
34106	34104,34109,34111,34113,34117,34118,34127,34101,34107,34114
34107	34116,34118,34102,34101,34113,34135,34117,34119,34133,27691
34108	34102,34118,34109,34126,34127,34104,34111,34116,34119,34123
34109	34101,34127,34135,34106,34108,34122,34133,27691,34115,34125
34110	10705,14508,34101,34102,34103,34104,34105,34106,34107,34108
34111	34101,34117,34127,34119,34106,34122,34133,27691,34108,34115
34112	10705,34101,34102,34103,34104,34105,34106,34107,34108,34109
34113	34104,34137,34101,34114,34123,34124,34129,34107,34119,34131
34114	34102,34113,34118,34101,34131,34117,34119,42109,42129,34106
34115	34107,34109,34111,6874,10705,14494,14525,14526,16816,17389
34116	34107,34102,34118,34101,34117,34135,34119,34127,34131,34133
34117	34111,34104,34127,34101,34116,34137,34106,34107,34114,34123
34118	34104,34107,34116,34123,34114,34124,34129,34108,34106,34125
34119	34102,34126,34111,34113,34137,34101,34107,34114,34116,34123
34120	10705,34101,34102,34103,34104,34105,34106,34107,34108,34109
34121	1421,2162,6118,6132,6188,6935,7994,10705,14318,14411
34122	34109,34111,34126,34131,34137,34101,34102,34104,34113,34114
34123	34102,34118,34113,34131,34117,34119,34127,42109,42129,27691
34124	34129,34102,34113,34118,34101,34131,34135,34117,34119,34133
34125	34113,34101,34102,34109,34118,34119,34126,10705,34103,34104
34126	34101,34119,34131,34135,34108,34122,34133,42109,42129,27691
34127	34109,34111,34117,34104,34137,34106,34108,34116,34123,34107
34128	10705,34101,34102,34103,34104,34105,34106,34107,34108,34109
34129	34124,34102,34113,34118,34101,34131,34135,34117,34119,34133
34130	10705,34101,34102,34103,34104,34105,34106,34107,34108,34109
34131	34126,34137,34102,34104,34113,34114,34123,34124,34129,34116
34132	133,186,2032,2507,2658,2787,3129,3920,3950,4530
34133	34104,34107,34109,34111,34116,34124,34126,34129,34135,34137
34134	3575,11404,34204,626,3573,3576,34207,34304,7506,9284
34135	34104,34107,34109,34116,34124,34126,34129,34137,34133,34101
34136	10705,34101,34102,34103,34104,34105,34106,34107,34108,34109
34137	34102,34113,34131,34117,34119,34127,34135,34122,34133,42109
34138	8677,11400,11401,11420,3576,9289,13872,14047,17636,22336
34139	629,13936,34155,230,543,1230,1404,2107,3565,3573
34140	23553,8932,13948,13835,23525,8726,13800,13960,13966,13983
34141	19429,12330,34149,34240,629,1230,9284,11383,11392,12338
34142	543,1230,12128,13872,14246,15207,19431,22355,33060,34151
34143	543,3575,6804,7476,7521,9289,11389,13796,13872,14047
34144	1545,19034,19431,23586,23690,34157,543,1534,1543,1549
34145	34159,3575,11400,13182,22756,34169,34176,34207,34250,34258
34146	14246,34204,6783,34439,34201,34207,34266,34297,7506,11377
34147	9284,3575,11377,34536,3230,11395,19429,22351,33060,34651
34148	11591,13863,34140,5225,8715,8932,13796,13807,13870,13938
34149	34207,11387,34159,34297,1230,13182,34173,34176,34204,34250
34150	11400,11404,9289,34200,34364,626,11401,15207,19428,19431
34151	3575,11383,19431,11387,22355,33060,34159,34297,629,5143
34152	34207,23507,9289,11399,19063,19429,22340,22355,29720,34164
34153	3573,3575,8677,11383,12330,13863,18302,19429,21243,23542
34154	12330,14060,21243,23690,629,1230,3575,8682,8862,9284
34155	3575,34297,629,22355,34159,11387,11401,34207,11383,11395
34156	19431,34266,34304,34326,14047,19427,34207,34439,8677,34364
34157	19431,11404,34179,22756,34207,34364,15207,19427,19428,34304
34158	
34159	19427,11387,3575,34207,34326,11399,22756,23616,34176,13182
34160	8726,13959,27536,14013,12578,13896,14029,14244,23611,35731
34161	19063,23507,23608,29720,34152,34164,34179,3576,11399,13801
34162	11385,19063,19431,34201,34207,11395,11404,15314,34179,34394
34163	34204,22756,3576,34207,11377,11384,11420,34176,11387,11395
34164	34179,22756,11387,34176,19431,34250,19427,19429,23616,34159
34165	14047,11404,22355,34204,11387,13182,34169,5143,11402,19428
34166	7506,34364,11404,626,34386,34427,34439,15314,18539,19431
34167	439,6038,2686,25188,27750,29462,1100,1113,2646,3518
34168	29720,34250,34299,9291,13182,15314,19430,25060,34159,34164
34169	11387,34159,34207,11395,34220,22756,11404,13182,22355,34176
34170	34326,34364,34179,22756,34207,11387,11400,13182,15207,34304
34171	34176,2107,9289,11387,11395,11400,11404,12519,13182,13872
34172	19429,34405,34419,34469,2107,3230,3575,11383,11387,11395
34173	34159,34179,19431,34207,11400,11404,22756,11387,19427,34189
34174	11399,34207,23507,3576,19431,29720,34164,34176,34179,4364
34175	934,1416,1664,1860,5091,5950,6461,8284,8292,8399
34176	34326,34159,11387,11404,34200,34204,34205,34207,11395,11399
34177	6804,13872,22756,34288,34326,626,7506,11401,11404,13182
34178	34164,1230,23510,34390,34464,35678,1,5225,8862,22340
34179	19431,34326,11404,19428,34484,13182,22756,23616,34207,8677
34180	623,626,2508,2919,3230,3575,3576,3577,5930,6804
34181	1090,2557,3558,4872,6352,8443,8514,14615,15092,15654
34182	34326,11387,11399,23616,34204,34250,3576,11402,19427,34159
34183	34326,11387,13182,23616,34220,34176,14047,34179,34159,34207
34184	32534,623,3576,4210,8677,11377,11383,11395,11410,11424
34185	35678,35613,32968,35692,9194,15175,25199,42054,43447,16878
34186	3576,8682,11384,11387,11395,11399,12519,13800,13863,14047
34187	23690,27549,34157,34326,34419,34466,11387,13182,22756,25228
34188	34220,34326,626,11404,19428,34183,34204,34250,19431,23684
34189	22756,11404,34207,13872,19428,11387,13182,19431,34364,34204
34190	19431,3575,15207,34159,34297,34332,6783,19427,19428,23616
34191	11387,23616,34326,19429,22756,34176,34204,11395,25256,34220
34192	8702,20561,32488,32768
34193	117,543,626,1230,2019,3573,3576,5490,9284,9291
34194	95,1952,6892,6935,13828,14005,14123,31358,32042,107
34195	11387,13182,22355,23693,34364,11401,34159,34200,34220,629
34196	34649,22927,4389,22946,23685,638,3999,4364,10165,11414
34197	34427,146,325,342,995,1642,1741,2216,2923,3134
34198	34159,34413,4210,14047,15207,15314,22340,34149,34152,34176
34199	956,995,33051,35560,48207,1020,1031,1351,1465,2684
34200	19427,23616,34176,34364,11387,34205,13182,34326,14047,19428
34201	34326,34207,34212,19431,34427,3575,14047,34179,34204,34288
34202	34176,13872,14047,22756,29720,3575,3576,14246,19429,34159
34203	14361,23515,98,557,577,623,629,1196,1230,1232
34204	34250,19428,34207,34326,34364,34304,19431,23616,34176,34484
34205	19428,34326,34364,19431,6804,15207,23616,34159,34176,11395
34206	11387,34176,34179,34220,11395,34183,34207,34219,34326,13182
34207	19431,19427,34159,22756,11387,34204,34326,3575,11399,23616
34208	912,3577,9284,34267,34297,34332,34413,34446,34450,34589
34209	14047,22756,34364,3575,11387,34266,11395,11404,34179,34244
34210	13898,14117,14150,14162,13891,13981,23525,13914,14152,454
34211	0,24,8,12,16621,16,53,89,1110,10261
34212	22756,34220,34326,23616,11387,34159,34219,34250,13182,34179
34213	
34214	34405,1002,1139,3011,11383,11387,12435,12445,14182,14246
34215	11399,22756,34159,8677,11402,13182,14047,34204,34427,6783
34216	7506,7639,9773,14204,24517,24546,24691,24698,29786,33559
34217	11400,626,629,11387,15207,19431,22355,25060,34164,34176
34218	19431,34207,34183,11395,11404,13182,14047,34159,34176,34179
34219	34364,11395,11387,34212,34266,34326,3576,11404,19431,22756
34220	11387,34159,13182,34179,11404,19431,34364,34183,14047,34169
34221	7506,13478,11384,11393,14047,14073,19427,19428,19429,19431
34222	34176,34326,11404,34183,34205,6804,11401,23616,34179,34304
34223	23510,34407,11387,19427,23507,34176,34189,34219,34227,34250
34224	40997
34225	13854,14005,14015,14055,14162,32630,454,11417,13828,13846
34226	6804,34326,34439,19431,19428,8677,34179,34207,11395,34266
34227	6783,11377,14246,23510,34159,34176,34207,34407,1,629
34228	2651,5150,7516,25170,25213,25261,25265,32302,32303,33380
34229	23510,34466,9281,11387,11399,14047,22756,32534,34169,34207
34230	34176,34207,34164,34250,11387,19429,22756,25060,34258,3573
34231	3575,11401,33060,34145,34159,34207,34248,3574,5143,9281
34232	11387,3575,11400,11404,22756,25060,34176,34207,23616,34169
34233	8677,11395,11404,11387,34205,626,19428,34176,3575,14047
34234	1235,1240,9691,9781,12577,18581,19885,42224,42226,42227
34235	629,2033,3298,3575,3734,8492,13792,15471,17636,19427
34236	117,143,958,1232,1563,1823,1871,1950,2413,2554
34237	11387,11395,11400,34176,34288,13872,19431,22756,34202,626
34238	19431,11401,19427,34159,34326,34364,626,3575,6804,11404
34239	19427,22756,23616,34205,34240,34266,34288,34412,34463,34618
34240	3575,19427,23616,34205,34304,34326,34329,6804,11387,13182
34241	15314,34439,15207,22355,6804,13182,34250,34297,34304,34326
34242	
34243	623,2041,2655,2805,3230,3575,3576,3612,4457,6937
34244	11404,11387,11395,34179,34266,34326,22756,19427,34364,34484
34245	34176,34159,11399,11410,34207,3575,9289,11387,11395,14047
34246	34169,626,11383,11395,11401,11402,11404,14047,23693,34159
34247	34420,34504,12627,34250,34274,34326,34484,626,3575,5143
34248	13182,34169,11387,23507,34176,34207,34266,34304,11404,15207
34249	34159,3575,22756,11387,11395,13182,19427,34297,629,11401
34250	19428,22756,34204,34326,19431,34207,13182,23616,19427,34159
34251	11387,14047,29767,34173,34179,34207,9289,11384,11399,11404
34252	623,3230,11387,11402,11404,13988,22346,23616,25060,29745
34253	34469,6804,34392,3298,15207,19431,34439,34642,543,3573
34254	11399,23616,34326,3573,3575,3576,3577,8677,11387,13182
34255	626,2786,3230,3901,4660,5234,5377,6899,7921,8133
34256	34250,3230,9281,11391,11392,19431,20215,21866,32534,34164
34257	19427,19428,11404,19431,34207,13182,34179,22756,34484,9289
34258	34207,34326,11404,34304,19428,22756,34176,11387,19431,34250
34259	34207,34439,3230,11395,29767,34297,11383,11387,22756,34159
34260	1230,3577,5225,13835,13847,13948,14026,14123,19357,23690
34261	117,135,442,629,1823,2107,3230,3298,3574,3575
34262	9720,13943,14246,19429,19430,23572,23615,23684,25057,33028
34263	14047,34250,34266,34364,34204,34304,15207,19431,34219,34326
34264	
34265	11399,19429,22357,34257,19,9289,11387,28222,33051,34326
34266	15207,34364,22756,11395,19428,19431,34329,34439,543,11404
34267	34159,34413,3575,34207,34464,11399,14047,19427,23616,34176
34268	2179,2206,2254,2944,4741,6173,6452,6455,6490,6508
34269	13430,3926,8492,58,72,90,544,1230,1392,1550
34270	
34271	3245,7279,29749,30064,30075,34234,38123,38200,48538,49584
34272	3575,11387,13182,22355,22756,34250,34297,34329,34364,629
34273	
34274	23616,34250,34326,34427,19428,34266,6804,19431,7506,34204
34275	442,13858,13966,19429,40918,19,242,394,439,546
34276	190,4156,8786,30579,34808,34814,34815,34817,34828,34831
34277	13854,34342,34356,14064,14162,23525,23608,14117,44891,45170
34278	2689,1689,29425,168,1863,2413,2637,2659,1670,2662
34279	
34280	19431,34250,14047,14246,34326,11383,34263,34329,34439,7506
34281	34176,34263,34427,11401,14047,34250,34338,34413,34440,34464
34282	623,2501,3573,3575,3576,3577,3578,4817,6043,8025
34283	34304,3576,11404,34176,34220,34244,3575,11387,11398,19427
34284	13182,626,34159,34250,34439,8677,11387,11395,19428,22756
34285	22756,11400,23616,34204,34250,34326,11395,34304,19428,19431
34286	22756,34326,34364,11395,34204,34250,11387,11399,15207,19431
34287	33051,351,579,1230,2238,2444,4717,9483,10352,11387
34288	19428,34205,23616,34200,34364,11404,22756,34304,14047,34176
34289	12519,34304,23616,14047,19427,22756,34159,34326,34364,34450
34290	34420,34266,34427,34595,2107,14047,19431,34179,34219,34263
34291	34364,3575,6804,19427,19431,34250,11395,34304,34326,34205
34292	13872,6804,29767,3575,11387,11401,11404,19357,19427,22756
34293	34244,34176,34183,34220,34266,11395,22346,34219,34450,34714
34294	8677,9289,19428,34159,34326,34173,34179,626,11387,11400
34295	34364,11404,34338,3575,11387,11395,15207,19431,22756,23616
34296	34159,11399,34299,3575,11384,11387,13182,14047,19430,23616
34297	22756,34159,3575,34207,11387,19427,22355,34250,34326,5143
34298	23730,40135,2249,6487,6531,6577,6977,12728,12735,12740
34299	34159,34200,34326,23616,11387,22756,13182,3575,11399,14047
34300	3576,8682,11399,34159,34176,34183,34220,34266,34304,7506
34301	3575,11383,34250,34543,3230,3576,19431,23615,29720,32534
34302	6782,7822,10171,13722,15278,17089,18127,19145,22927,22981
34303	15207,34651,34688,34714,34762,543,11383,19429,19929,23690
34304	34364,34326,34204,19427,34207,6804,15207,19428,19431,22756
34305	2107,19431,9291,11387,11395,22756,34288,11402,13872,15207
34306	32534,34553,8677,11410,34439,34466,34641,18575,23616,34179
34307	8677,11424,14047,32534,34306,34446,34466,44875,2747,2752
34308	47047,47051,47058,47076,47077,47112,47134,47147,47038,47055
34309	11184,372,482,966,2389,2588,2699,2854,3230,4716
34310	23616,11387,13182,34169,34183,34200,34326,3574,3575,11396
34311	
34312	11395,11400,13182,14246,19431,22357,22756,34179,34297,626
34313	11395,34176,11404,8677,19431,34179,11387,19428,22756,34266
34314	34207,11387,23616,34297,3575,9289,22357,34189,34204,34288
34315	143,454,13854,13959,14005,14065,23525,23617,34277,34356
34316	14047,23613,11383,11395,11417,34566,45194,8726,11384,14005
34317	8756,19,1497,4983,5474,8688,16884,18578,22773,24602
34318	19428,19431,34205,34179,34304,34326,11395,22756,6804,8677
34319	23611,32513,14043,13896,13917,14029,35731,13948,14015,14073
34320	14047,13182,19427,34207,34304,34364,11387,11399,11401,11402
34321	3576,34297,11395,11384,34176,34212,34250,34536,34618,11410
34322	34364,3576,34159,34176,34220,11395,11404,19427,22756,34205
34323	95,110,140,189,2603,16532,22934,22940,22947,23039
34324	23616,3575,19428,34233,626,11395,19427,34200,34326,7506
34325	34297,34364,34304,3575,34159,34207,34219,34266,34329,11383
34326	23616,34364,22756,34179,11387,34159,34176,34204,34207,34304
34327	9706,9719,9726,23608,33204,33234,146,9734,9770,9778
34328	11410,34159,34332,3576,11383,11384,11395,34219,34220,34326
34329	22756,34364,19431,34427,11395,34204,34266,23616,34205,34250
34330	34297,11387,11395,22756,34250,34326,34439,22355,34159,34176
34331	11395,34176,34364,11387,14047,34464,3576,11399,15207,34204
34332	22756,13182,19431,34297,3575,34159,34250,34326,629,11395
34333	629,14077,19428,23611,34209,34266,34326,34329,34364,34427
34334	34364,34427,34441,22355,34176,34207,34250,34326,34439,9289
34335	11395,22756,629,11410,12330,13182,13872,14047,15314,23608
34336	3573,3575,34263,34531,11387,11404,13182,14047,34159,34169
34337	11399,11400,19357,34220,19429,23690,34332,34571,34618,34701
34338	34364,11387,11400,22756,34250,19427,34204,34266,34329,34427
34339	
34340	1404,8671,18118,1220,1617,4389,40359,638,6984,8760
34341	351,543,629,1814,2033,3298,3575,3577,5143,6783
34342	34356,13959,14078,14117,14015,44891,45194,13981,13983,14029
34343	14047,11387,11395,34364,34439,22756,34266,19428,34326,23616
34344	629,9816,10023,13936,14109,34139,34155,34324,34375,34531
34345	2162,2188,2200,2326,4742,8859,18539,19011,19033,21077
34346	34212,8682,9808,11404,11413,13970,13998,14026,14126,14232
34347	23611,35731,34319,13896,14043,14029,14046,14101,8726,12578
34348	11377,14246,34176,1230,6783,12330,17636,19429,23509,23510
34349	
34350	9289,11383,34297,6804,13872,14047,22357,29827,29835,34204
34351	11387,14066,21191,23690,25256,34365,34460,34468,34531,34583
34352	13993,2588,34356,14094,35731,13898,14149,13934,14029,23551
34353	13866,23690,34485,35562,12330,21556,23512,23542,25222,25228
34354	15207,19431,19428,23616,34219,34266,34439,34205,11395,14077
34355	14246,11404,19428,11395,19431,22756,34179,34257,23360,34205
34356	13959,14095,13888,14123,14150,23660,454,14094,11417,13914
34357	8492,544,3926,4234,29562,49187,49191,49192,49196,49197
34358	11400,15207,34364,2107,5143,11387,11395,14047,22756,23684
34359	
34360	14094,14095,44891,14150,13888,14117,14162,23560,34356,13854
34361	11401,13828,13948,14026,14123,23592,23608,32513,34219,34356
34362	19427,34257,9289,11404,13182,22756,34159,34179,34205,34440
34363	19431,34207,34304,6804,19427,19428,34329,9291,13872,14047
34364	22756,34304,34326,11387,11395,23616,11404,19428,19427,34204
34365	34326,3575,34364,5143,14047,22355,22756,34439,11387,13182
34366	
34367	
34368	34295,34297,623,2107,3298,3574,3575,3576,12519,14047
34369	34364,19428,23616,34205,34304,19427,34200,34250,34326,34426
34370	14013,14244,14005,14109,23682,34356,35731,13948,13982,23611
34371	2557,584,629,1950,2018,2514,2795,3573,4981,5160
34372	14046,14078,14094,34356,45170,2054,14043,14055,14150,23617
34373	14014,35731,11378,13948,14044,14084,14125,14171,23617,34319
34374	
34375	629,13182,19428,34155,34297,34356,11387,11402,13872,13972
34376	2496,2678,3926,8667,12633,13661,17022,19388,20075,20561
34377	339,7713,13870,23520,26164,35685,40425,19,21,352
34378	14094,14095,14117,14127,34356,14078,14131,14150,14134,14206
34379	11395,629,12330,14047,34159,6804,7506,11387,11410,14246
34380	338,575,3328,3937,3947,4276,4872,7177,9680,10377
34381	5474,5952,8025,10303,12330,13828,13854,13983,14005,14045
34382	13889,13935,13936,13979,14085,14090,14127,14165,14175,23558
34383	
34384	11395,13182,34439,22355,34364,11404,11410,543,11387,14047
34385	13930,13835,13898,13948,13966,13983,14049,14056,961,5142
34386	19428,19427,34364,22756,19431,34204,34250,7506,15207,34266
34387	34157,16027,11404,19427,34159,34179,34205,3575,13872,19428
34388	34466,8685,17636,34179,34207,22355,23507,23513,23517,23685
34389	43121,19063,29720,34152,34161,1457,8672,11399,15186,19138
34390	35560,19431,34207,34485,49985,1230,23512,34164,34266,34394
34391	19429,11401,11404,15207,34220,34364,543,3573,11387,11395
34392	22756,34439,34159,34176,34469,22355,34297,11387,11395,34642
34393	117,135,629,3575,4532,9289,10763,11381,11387,13792
34394	34439,34484,9289,19431,34207,34179,34364,34304,34288,34326
34395	13872,23507,87,626,951,966,1100,1135,1661,1814
34396	19428,34521,6804,15207,34439,34440,34641,8677,9289,11389
34397	3575,19429,11377,11383,22756,34297,34413,34419,34430,3230
34398	25200,34390,5588,8809,11377,15278,17636,24680,27552,27564
34399	19427,34159,34364,34204,3576,11395,11399,13872,16027,18338
34400	11387,34205,34364,11395,15207,19428,11401,23616,34176,34183
34401	34204,34427,6804,11395,19427,34176,34250,34326,34439,34207
34402	22756,11395,34179,9289,11387,11404,34364,23616,34439,13182
34403	22340,23507,34159,34169,34173,34176,626,3573,3576,9289
34404	34176,34179,11404,15207,3575,34159,34450,34484,8677,19427
34405	23517,34183,34466,1002,3575,19429,19431,34159,34207,34413
34406	23690,3575,34413,34485,35605,3576,34159,34220,34329,34332
34407	34250,19428,34439,22756,34326,23616,34464,13182,14047,15207
34408	34150,34176,34207,626,3574,3575,7506,11393,11401,11404
34409	34266,11404,15207,15314,34233,34439,14077,23684,34145,34244
34410	34427,34201,34439,11395,15207,34176,34326,34364,34413,14047
34411	34427,34207,34179,8677,14047,34159,34204,34220,34304,34450
34412	34326,34484,34159,19427,6804,9289,34157,34304,13182,23616
34413	34326,34464,34159,34207,34250,11387,22756,34176,34204,34484
34414	4407,6937,7645,9166,11860,13101,19352,19540,20211,23688
34415	34159,34207,34420,34439,11387,34176,34179,3575,11399,11404
34416	11404,34304,34326,34179,34364,626,11395,19427,34176,34484
34417	34212,1230,23616,34219,34220,34412,34427,34439,34446,34469
34418	18338,34450,8685,34406,34485,34553,9289,15314,17636,23520
34419	34326,11387,34159,13182,22357,22756,34297,19427,34176,34299
34420	34439,34207,3575,34176,34427,11395,19431,34159,34250,34304
34421	34364,11404,15207,34427,3575,6804,7506,19428,34176,34304
34422	34207,11387,11399,34169,34304,3230,19427,23616,32534,34176
34423	19431,23616,543,13182,19427,19428,8677,34205,34207,34329
34424	
34425	34183,34220,3577,11377,23616,34206,34222,34326,34413,34427
34426	34205,34288,34364,19428,34200,34204,34304,6804,15207,23616
34427	34364,34439,34326,19428,34179,34204,34484,22756,34205,34329
34428	34364,11404,19428,34288,626,7506,11395,14047,15207,34204
34429	439,1457,2662,6782,8672,11682,13616,13722,17481,19049
34430	34326,11387,22756,34207,34413,34176,34441,34484,34159,34220
34431	34427,34179,34205,34484,19428,19431,34364,3573,11404,34439
34432	34250,34413,11387,14047,22756,34326,34450,11384,23690,34439
34433	13870,15186,15314,25222,25224,29758,29767,34202,34418,34469
34434	34205,34364,34427,19427,9289,34159,34200,34304,34439,13182
34435	34553,11425,14047,19428,8677,11410,34566,34484,626,9289
34436	34179,11404,14047,34427,626,7506,11395,14246,34364,34439
34437	34427,34439,34304,34288,34326,34364,626,11395,34176,6804
34438	34219,34439,11395,34205,34207,34266,34420,19431,34427,3575
34439	22756,34326,19431,34207,34427,11395,34420,34364,34484,34205
34440	34427,14047,34204,34205,34326,34450,34304,34364,19428,34441
34441	22756,34364,34205,34204,34427,19427,19428,19431,22355,34439
34442	1085,1664,13847,27736,439,20943,21873,22265,25205,25215
34443	21873,34152,11399,13847,14246,19429,22756,34164,34258,34297
34444	11404,13182,3575,9289,11384,11387,11395,11398,34189,34200
34445	
34446	8677,11395,11410,11404,22346,34364,34450,11420,34179,34183
34447	3576,7506,8682,9289,9808,11377,11398,11399,11404,11413
34448	34326,9289,11404,34179,34219,34244,34257,34446,34484,22346
34449	34536,34219,34420,34595,34266,34297,34332,34642,543,626
34450	34464,34200,34326,34484,14047,34176,34205,15207,34440,6804
34451	34464,14047,13182,34183,34207,34484,34589,34205,34326,34439
34452	34464,13852,11384,14246,23593,23614,23690,34179,34207,34413
34453	23690,1814,3575,11383,13863,14077,17636,19429,25222,33060
34454	14047,19428,34464,12519,13872,15207,22355,23616,34218,34257
34455	34427,34464,34219,34250,11400,22756,34220,34274,34326,8677
34456	34304,34364,34427,19427,34326,9289,34159,34200,34204,34207
34457	22756,6804,18539,19431,34204,3573,11395,11404,34157,34207
34458	14047,34200,34502,6783,9291,11399,12519,13872,14045,14204
34459	
34460	34466,34176,34183,34207,34297,34343,34439,34571,11387,34326
34461	8677,34553,11395,34244,34521,11410,34566,626,11384,14246
34462	9289,34207,34413,34441,7506,11377,11387,11399,12519,15314
34463	14047,34450,34183,34439,34464,34176,34179,34326,34484,34159
34464	34484,34326,34450,34159,19431,34413,19427,19428,34176,34179
34465	959,17233
34466	34439,34159,34207,34326,34464,14047,34183,34450,11387,3575
34467	34288,11395,11404,15207,19428,19431,22357,34386,626,3573
34468	20443,27305,1823,10382,10449,14332,32863,32920,39740,1110
34469	34439,34602,34326,15207,19428,34412,34618,3575,11404,14047
34470	11387,34364,9289,22355,34204,34427,3575,11395,11400,11401
34471	23690,34200,34464,34485,12330,15175,25256,34450,14047,19427
34472	34205,3575,7506,19428,34304,34441,629,18539,19427,626
34473	14047,6804,19431,34207,9289,19428,34200,34484,626,11404
34474	23586,25187,7371,7717,7723,7758,7759,7805,7849,8614
34475	7717,7723,7758,7759,7849,8675,8685,9291,11393,11399
34476	34304,34440,3575,34207,34450,15207,543,11395,14047,19427
34477	34484,34466,8677,14047,34516,34571,11384,34169,34326,11395
34478	
34479	34456,34464,1230,3573,3576,9289,11401,11420,14047,18539
34480	138,161,3574,3576,6117,7392,15113,16630,20486,26133
34481	5143,11395,15207,19427,19428,19431,22355,22756,23622,34190
34482	11404,14047,34179,626,11402,19428,22351,23595,23693,34204
34483	11384,14047,34169,34326,34477,34531,34571,3573,11387,11401
34484	11404,34179,34364,34159,34204,34326,19431,34439,34464,34427
34485	19427,19431,13872,34159,34297,34439,34464,34420,6783,11402
34486	8677,11395,34439,543,11384,11387,11394,11410,34183,34257
34487	351,2508,3565,3574,6026,8677,11377,11384,11385,11394
34488	11384,22346,34157,34207,34466,3230,3574,11387,12330,22756
34489	934,1814,3151,3450,3559,9244,15113,17180,17186,17187
34490	1600,1708,3789,4360,12151,12445,13808,13847,13877,13898
34491	
34492	11387,22355,34206,629,3576,9289,11392,13792,13833,13948
34493	34386,8677,11387,11395,19428,22351,22355,34205,34233,34250
34494	34589,3575,8677,15207,16026,23616,34263,34266,34274,34528
34495	34520,626,3575,3577,11395,11402,15207,19429,34159,34169
34496	34407,3565,11377,11385,11394,11420,12627,13863,14246,15207
34497	34183,34440,34450,543,3577,7506,11385,11387,11391,11399
34498	8677,11404,34553,626,34446,6804,11410,34484,34566,8862
34499	34553,8677,15207,19428,34364,11404,34326,34439,34450,34484
34500	8677,11424,22346,24587,24691,29786,34159,623,3576,7506
34501	7506,11401,19427,19428,34364,3298,9291,11399,22756,23693
34502	34326,34364,34207,11399,34441,23616,34179,34204,34484,34159
34503	3577,34159,34220,3576,34183,23616,29767,32534,34176,34179
34504	34250,19427,22756,34274,34326,34440,14047,31435,34159,34205
34505	11404,19428,34439,34450,34464,34484,34499,543,3575,14047
34506	74,454,626,1383,1489,1617,1950,2054,2409,2508
34507	8677,14047,19431,34484,34641,11401,11404,34159,34326,34450
34508	5576,9201,16174,20107,28047,33547
34509	15207,34450,9284,34266,34267,34297,34404,34413,34446,34589
34510	29720,23513,34159,34413,34464,34466,11399,14047,19431,23507
34511	11387,3575,34326,34364,34484,34159,34204,34618,11395,22756
34512	34250,34205,19427,34484,34326,34464,19428,34179,34204,34427
34513	28779,28797,28798,28801,8401,16645,24735,28781,28790,28794
34514	19429,34183,34326,11387,34159,34220,11404,32534,34176,34250
34515	11395,14047,34531,6804,14038,22346,23693,24680,34219,34220
34516	34484,34326,34364,6804,19428,22756,23616,34266,14047,34205
34517	29767,34439,34207,34466,23690,34220,34297,34326,34413,34464
34518	14047,623,2105,3575,19428,31435,32534,34169,34218,34244
34519	34440,23517,34176,34450,34464,623,3576,11399,14047,19427
34520	34484,34464,34183,34326,14047,34159,34204,34450,11383,14246
34521	34641,8677,34553,34159,34179,34326,34183,9289,11410,12519
34522	34250,34413,11410,34183,34220,3576,11420,19427,34159,34176
34523	22355,11399,34176,34441,11387,14047,34159,34169,34257,34364
34524	3576,34183,34220,11392,34322,34384,34420,34438,34511,34618
34525	34326,34159,34176,34258,34364,34439,626,3576,8677,9289
34526	8677,34439,11410,19431,34179,34484,18575,19428,22346,34463
34527	11404,13993,17636,34257,34520,351,543,626,1161,1230
34528	34219,34266,34326,11395,23616,34439,3573,34205,34531,8677
34529	34250,34297,34413,34439,34618,3575,3576,11404,22346,34179
34530	3575,11399,11387,29720,34297,34332,11410,34159,34464,34522
34531	34326,22756,34364,11387,34219,11395,14047,34250,34266,34618
34532	11387,14047,22355,34159,34220,34326,11384,11399,23687,25256
34533	34207,34220,3230,11387,11394,11400,13988,14032,19357,19427
34534	11387,3575,22756,34219,23690,34266,34364,5143,11395,11400
34535	
34536	3575,34250,34297,34618,1814,3230,19429,34595,43456,34326
34537	19431,34553,34179,9289,11395,22756,34250,34257,34441,8677
34538	11377,11399,1814,3575,3576,14247,34164,34464,1,3230
34539	13818,25224,19,11399,13792,22312,25256,27536,34326,34471
34540	34257,351,3575,5143,14065,23690,34176,34219,34420,34431
34541	34364,34427,11404,22756,23616,34219,34326,3575,11400,34343
34542	11395,3575,34207,11387,14047,19427,34250,34439,11391,11410
34543	34326,34364,34484,34304,34205,34207,34176,14047,19427,34204
34544	11404,22356,34326,34364,34448,208,7506,8682,8862,9289
34545	34183,34463,34521,34641,3230,3573,11387,11394,11410,11414
34546	34326,34484,34179,34364,14047,34205,34304,34439,6804,9289
34547	11383,2920,5924,5955,8677,9289,11384,11395,11410,11420
34548	11399,34176,34621,19,208,1383,1617,2680,3230,4160
34549	34183,23616,34326,8677,11387,11420,19427,34159,34179,34484
34550	11410,34364,3576,11395,8677,543,3577,11401,11404,12519
34551	19427,34484,34520,3573,3575,3576,3577,9284,11387,11391
34552	19357,34464,1689,2575,2789,6783,6804,9291,10041,10144
34553	8677,34439,9289,19431,23360,19428,34435,34484,11404,15207
34554	14246,34250,34450,34568,2107,22756,23616,29767,34200,34326
34555	11395,15207,34266,34439,22756,34484,626,6804,11404,34441
34556	34583,11401,11402,23567,23693,34183,34201,34204,34220,34250
34557	3575,11383,22355,34200,34297,34536,11387,13182,23616,31435
34558	11404,34364,8677,11395,15207,34484,34641,19428,34435,11410
34559	3577,9289,18338,23360,34244,34258,34304,34326,34571,3573
34560	11377,34326,34212,34413,34511,34537,3230,3576,8682,8862
34561	22756,34439,629,3575,8677,11395,14047,18539,22346,34205
34562	543,3298,6804,9289,11393,11402,11405,11411,13792,13872
34563	8677,34571,11398,11399,11404,34304,34364,34484,34564,34702
34564	34364,14047,34326,34484,19428,34568,7506,8677,9291,11387
34565	11404,22351,34566,8677,18575,23360,7506,9291,11387,11410
34566	19428,34553,14047,34326,34364,626,13182,13872,15207,22357
34567	34364,19427,13872,34304,34484,6804,14246,15207,19428,22756
34568	34326,14047,34439,22756,34205,34618,11395,13182,34200,34343
34569	11387,11399,13182,19427,22756,34200,34258,34571,34688,3575
34570	34441,19427,22357,34412,3298,7506,29827,34250,13872,14246
34571	34484,11404,14047,11395,8677,11387,34553,13182,34326,6804
34572	3573,9284,19431,34179,34250,623,3230,6783,11383,11385
34573	22357,22756,34159,5143,13792,14246,16027,19428,34179,34189
34574	12519,34714,11395,11399,34159,34183,34466,3577,11377,11387
34575	11395,3575,11383,34297,34325,34427,34439,34642,14246,22355
34576	34169,34484,626,3573,6804,11383,11401,11404,13828,14047
34577	3576,11392,34173,34183,34536,3577,8682,23615,34169,34188
34578	34484,34205,34426,34512,3573,19427,22756,34204,34326,34386
34579	
34580	34326,11399,34441,34502,22355,22357,34207,34466,3576,11402
34581	11385,9289,11393,19431,34244,34364,34499,34553,3573,8677
34582	
34583	34326,11395,14047,22756,34159,34364,34484,34553,3575,8677
34584	11405,14032,14047,14198,14218,19428,31435,34204,34436,34553
34585	32534,11410,34641,8677,11387,11394,11395,22756,34267,34306
34586	8677,11399,11410,34446,34553,34641,34677,45162,11404,11420
34587	11404,34326,15207,34204,34484,11420,22756,23616,34183,34205
34588	13877,13938,13967,14043,45167,1230,6804,8677,8726,11384
34589	34446,34439,8677,11404,13182,34364,34450,34553,34618,34701
34590	11383,19427,22756,34267,34304,3577,9281,9291,9735,11387
34591	3576,11391,13872,34183,34220,543,3577,11395,11399,11420
34592	34644,36674,38576,37580,37597,37734,37735,37822,38474,39242
34593	18587,23517,23572,23586,7723,8685,11834,14014,18539,19427
34594	14047,34179,11387,11401,19431,22357,9289,11395,11400,11404
34595	3575,3230,34207,34439,11399,34326,34420,34250,34267,34332
34596	117,135,629,3575,4532,9289,10763,11381,11387,13792
34597	2508,34169,34173,34250,34288,34504,34536,13,117,2502
34598	13872,34484,11399,13182,14047,34386,34435,34464,34553,34641
34599	8677,24680,34267,34634,3576,3577,7476,11377,11395,11410
34600	8677,22756,34179,11404,34244,34657,9289,23616,34258,34326
34601	34220,11404,34484,34332,34466,34618,34642,11395,12519,19431
34602	34484,15207,34441,34618,22355,34469,34412,11387,34200,34326
34603	34326,9289,11385,34364,34484,34634,3576,9291,11395,19431
34604	22355,3577,13872,34484,34511,34618,11395,11405,11410,13877
34605	11399,13182,22355,34159,34169,34200,34205,34299,34426,34441
34606	9289,543,1230,3573,19427,22357,34266,34338,34390,34439
34607	34183,23616,34602,34677,34701,45162,9289,11405,11424,14013
34608	11404,34266,34543,34568,34618,626,629,5143,11400,15190
34609	15207,34258,34464,34634,3575,8677,9284,11387,11399,11420
34610	3573,8677,11393,11394,11401,19427,30325,34205,34423,34484
34611	
34612	34484,19431,34179,34364,19427,34657,34266,34441,3573,15207
34613	3577,34220,34536,3576,19431,24680,32534,34179,34219,34297
34614	
34615	9291,8677,11404,14246,23360,23693,34200,34427,34484,34543
34616	13872,29827,34634,34677,3230,3574,9289,11384,11410,12519
34617	11395,19428,543,3575,19427,23693,34244,34266,34439,34571
34618	34484,3575,34326,34364,34441,34642,34159,34602,19427,34220
34619	
34620	208,3230,6783,11389,11399,11410,11414,12122,12142,12144
34621	13938,13896,23614,34558,8726,11404,11417,13891,13967,14013
34622	14047,22346,22756,34179,34257,34484,34602,34641,34677,45051
34623	
34624	19428,22756,34266,34439,34364,19427,34326,34427,3575,11395
34625	34464,1689,2575,2789,6783,9291,10041,10144,11389,11414
34626	34304,29720,34204,34326,34420,34427,34469,3573,11398,13872
34627	11395,19427,23616,34207,34326,19431,22756,34274,34438,34441
34628	3575,14047,22756,34159,34329,18539,34179,34250,34332,34701
34629	
34630	11400,29835,34173,34179,34249,34318,34325,34332,543,626
34631	23608,2507,2544,2602,2603,19427,22981,32505,34149,34388
34632	19431,34326,11395,15207,19428,22756,34205,34250,3573,7506
34633	34427,626,3573,9289,11404,11405,12519,15314,22756,29835
34634	34484,11404,19427,34326,34364,34464,3575,8677,11420,14047
34635	1689,2575,2789,10041,10144,11389,11414,12519,13876,14012
34636	19427,34553,6804,11405,13872,19428,34571,34701,14246,19357
34637	34212,34520,11383,23690,34201,34219,34328,34332,34642,3573
34638	34326,34446,3577,11404,11410,34183,34219,34531,34568,11393
34639	11410,11420,34439,34446,8677,9289,11383,11384,11400,11417
34640	34207,34618,34326,22355,3575,11387,11399,34159,34297,34419
34641	8677,34553,34484,34521,11410,18575,23360,34179,34762,9289
34642	22355,34618,34439,22756,34297,34441,11387,34332,5143,15207
34643	14013,23622,454,7476,8862,9289,11417,13182,13801,13854
34644	37597,37580,37734,37735,37675,36674,37537,37822,37701,37181
34645	34677,11410,11387,14047,34220,34466,34618,11420,13872,34159
34646	23510,34441,45150,3575,14047,18539,22346,23507,31435,34207
34647	12519,11399,23616,34164,34183,34220,34318,34332,34364,34450
34648	
34649	34196,4364,22927,1110,1113,1689,3879,3999,4389,8667
34650	11383,2588,6804,8677,9289,11384,11387,11399,11402,11410
34651	3575,34439,34618,15207,33060,34642,22355,34219,34332,629
34652	3575,11401,13872,19427,19428,34200,34207,34618,34702,45192
34653	
34654	34612,19431,34516,34326,34364,34484,34624,31435,34179,34266
34655	6783,8677,9291,11399,11402,13182,13988,14047,14132,14139
34656	19427,3575,11400,18539,19428,19431,22756,23693,34159,34207
34657	34364,19428,19431,22756,34484,15207,11404,34200,11387,23616
34658	12330,14117,34141,34328,34517
34659	
34660	3575,543,11395,11404,19427,3298,15207,19431,22756,31435
34661	
34662	19555,32203,35677,18634,22773,44892,9777,9820,9838,12653
34663	6804,11399,11410,13182,22355,11387,11404,14047,19428,22346
34664	4396,4457,22418
34665	19431,34553,8677,9289,18575,23360,23362,34257,14047,34435
34666	34464,34520,34677,34701,11384,12519,14047,23615,25256,34169
34667	8677,14047,23360,34159,34466,34484,34546,34553,34701,34702
34668	629,7476,9816,10023,12308,13828,13832,13846,13847,13872
34669	34326,11395,34207,34364,34439,34618,626,15207,23616,34266
34670	
34671	11383,19429,22355,33060,34155,34164,34220,34469,34618,34642
34672	23360,31435,34157,34318,34578,34784,350,543,1689,2575
34673	13182,34789,543,7506,11383,19431,23616,29786,34179,34402
34674	5143,11395,14047,25060,34436,34439,34441,34618,34727,543
34675	19429,23590,34220,34337,34466,1,143,146,325,342
34676	11395,11401,22756,23616,34205,34219,34266,34267,34325,34332
34677	11410,34571,14047,34220,13872,18575,34566,34602,34618,8677
34678	11395,11387,34657,6804,11404,15207,22355,34266,34326,34364
34679	13966,14094,23556,35722,13846,13898,13934,13982,14005,14130
34680	34553,34566,34641,8677,13872,15314,34439,34677,34701,34790
34681	543,34201,34219,34504,34534,34651,34711,351,1161,3230
34682	27877,33760,34393,34406,49917
34683	19427,11395,22355,34207,34439,11387,23608,23616,34233,34263
34684	34159,34392,3575,11399,12338,14047,22355,25057,34176,34441
34685	3895,4817,7590,13818,13870,23616,33051,33060,34536,35633
34686	
34687	629,33060,34618,34642,3575,9816,11387,14066,22355,22756
34688	22355,34326,14047,34297,11405,34364,34439,34642,5143,9289
34689	34297,34329,34651,629,2107,3575,5143,9816,11384,11387
34690	15314,34297,34642,3575,9289,11383,11402,18338,18539,22756
34691	
34692	
34693	13182,34384,34566,34701,8677,11410,14047,34159,34257,34466
34694	34642,22756,34332,34439,34568,11400,13182,34484,34602,2107
34695	34641,7506,11410,13872,29778,34183,34566,34634,34677,34714
34696	34642,3575,11383,21243,33060,34155,34159,34176,34297,34392
34697	13182,11410,19431,23360,23690,34446,11383,11395,14246,34179
34698	34274,34589,8677,16030,19431,23567,29786,31435,34266,34291
34699	34484,23507,34304,34469,6804,13182,13872,15207,22355,34205
34700	18539,19427,19428,19431,22756,34702,45150,23616,34205,34207
34701	15207,34484,19428,34159,34179,11383,14047,34332,34553,45150
34702	19428,22355,34657,8677,9289,11404,34364,34439,34484,11395
34703	11387,34522,34683,1,351,543,1359,1943,4521,7506
34704	34205,6783,19431,16027,19428,31435,34204,34450,34484,9289
34705	19428,6804,9291,18338,8677,19431,23616,34179,34553,34657
34706	16027,9289,19431,34803,3573,11405,19427,34205,34257,34326
34707	34288,13182,19428,22756,3575,11395,15207,23616,34484,25256
34708	10072,29508,36695,36777,36888,37580,10000,10008,10021,10022
34709	11420,19429,34266,34714,34762,11400,13182,15207,23360,23690
34710	19431,34439,45150,6783,15207,34266,16027,19428,34329,34612
34711	543,34201,34219,34504,34534,34651,34681,351,1161,3230
34712	627,6783,19428,34179,34263,34280,34413,34423,34450,34464
34713	4210,4764,8682,9808,11389,14050,14066,14086,18575,19357
34714	34364,34183,34220,34326,34244,34484,34543,34553,34564,11404
34715	623,626,2105,3575,5143,5588,11383,11401,12578,13872
34716	34484,19427,19431,34702,14047,19428,34179,34244,34266,34326
34717	
34718	34439,34641,8677,9289,11395,11404,11410,22756,34212,34384
34719	19428,19431,34257,34669,9289,11399,11402,13182,14132,14242
34720	208,350,543,2567,2690,3230,3577,6171,8516,8682
34721	19431,34226,6804,14047,34702,543,627,6783,8677,11389
34722	34394,6804,19428,19431,34602,34701,9289,11402,13182,23360
34723	9291,11404,19428,34189,34258,34299,34326,34386,34419,34499
34724	34200,6783,19428,34159,34204,34304,34394,34439,34484,34701
34725	22756,23616,34266,34439,34642,34702,45150,22355,34219,34469
34726	19,105,1923,2253,2507,2623,2648,5225,7521,7850
34727	34484,11387,11404,14047,34618,22355,34439,34441,34469,34571
34728	18338,6783,6804,11404,19431,34205,34484,34704,9289,13872
34729	14047,23360,23507,23603,23687,23693,25256,34220,34464,34484
34730	19427,22346,34179,34266,34484,543,9289,15207,15222,19357
34731	22355,34207,5143,11383,19427,23616,34159,34297,34441,34642
34732	8677,11385,11400,13182,13863,13898,14242,14246,15222,15314
34733	
34734	23690,35613,23550,25228,34737,35605,35630,35633,35692,35793
34735	22355,34499,34553,34642,11395,22351,34244,34384,34714,543
34736	9289,30325,34258,34263,34266,34304,34326,34364,34394,34528
34737	13182,19428,34484,11404,34762,15207,34159,34257,23360,23507
34738	
34739	3573,14246,22357,22756,23616,34426,34612,19,135,168
34740	629,25060,34332,34439,34469,34642,34657,5143,13872,15207
34741	543,22355,34412,34657,34688,5143,9289,9291,11395,11404
34742	
34743	14132,23695,34244,34790,8677,9291,11410,13967,14237,19428
34744	3230,3573,6978,7516,9281,9289,11383,11399,12313,12330
34745	13182,19431,34384,8677,14246,19428,22756,23360,23603,34394
34746	
34747	14013,14101,14231,23611,8726,13973,13982,14026,14150,14176
34748	13182,14246,25256,34204,34450,34737,23507,23616,34484,45150
34749	117,626,4981,6783,9816,10709,11387,11396,11398,11404
34750	8677,22346,34297,34464,34669,34677,34762,2054,3230,3500
34751	27536,27679,7785,25256,7521,8685,27585,34204,35560,15175
34752	11410,6804,8677,11387,11404,14132,22351,22357,22756,23362
34753	34566,34762,13182,11404,11425,34537,34737,9289,15207,15222
34754	11404,13182,23562,34657,34762,626,7506,9289,11402,11420
34755	15207,34484,9289,34326,543,6804,18338,34205,34499,34657
34756	19428,19431,34204,7506,11391,11404,14032,14047,22756,23362
34757	13998,14101,14236,14246,29823,34762,626,2588,6783,6804
34758	8677,9289,14242,19427,19431,3575,7623,9773,9808,11387
34759	8677,14198,34446,34461,34553,34566,34586,34641,34762,34790
34760	3576,7506,7639,9773,11424,13849,14029,14032,14073,14130
34761	34484,14047,34439,6804,9289,11404,31435,34200,34450,34553
34762	19428,19427,34464,11404,34484,34641,13182,14246,15207,34250
34763	34701,11383,11410,14047,22356,22756,34332,34364,34420,34531
34764	
34765	
34766	
34767	
34768	16027,19431,13872,22357,23507,23603,29720,34157,34179,34190
34769	3575,5143,29827,34147,34536,34651,161,627,1020,1694
34770	
34771	543,11385,11389,11395,11396,15207,19432,22346,23595,23603
34772	8726,14178,14040,14131,14132,23611,23689,34319,34347,34566
34773	
34774	18,1220,1255,1404,2406,13795,19439,26440,42522,42859
34775	3575,18539,13872,14246,16027,34469,6804,7506,14204,18338
34776	6804,7506,7623,11401,11404,11420,14246,15190,15207,23360
34777	9289,34257,8677,11383,11404,13182,15222,16027,19428,22356
34778	8677,11389,11404,14032,34364,34386,34566,7506,11410,13182
34779	8677,6783,8682,8761,9720,11383,11424,12338,12627,13870
34780	34553,34641,9289,23360,31435,34179,34244,34484,34762,8677
34781	23603,29827,34159,34450,16027,23507,34205,34464,34602,34642
34782	
34783	
34784	19428,19431,34641,6804,8677,9289,23360,34205,34326,34553
34785	34641,18575,19431,34484,8677,19427,19428,22756,23360,34179
34786	19431,16027,18338,31435,34207,34803,6804,19428,34226,34439
34787	543,627,850,952,1513,2643,2645,2701,2956,3230
34788	437,3576,3577,6804,9281,11383,11387,11391,11392,11394
34789	34484,8677,19428,6804,19431,34553,9289,11405,23360,34205
34790	34553,11404,11410,11425,34641,8677,13872,34179,19428,23360
34791	
34792	9808,19428,34205,34789,11389,11405,11419,14242,16027,17493
34793	
34794	
34795	6804,9291,11385,16027,16030,34204,34258,34657,34704,34803
34796	
34797	
34798	7506,11405,16027,18575,19428,19431,34553,34641,34802,3573
34799	7516,10182,13801,14166,15278,15304,15843,17636,18338,19025
34800	
34801	13638,43064,8800,13637,14021,19428,21260,35852,351,1234
34802	6804,18338,18575,6783,9291,14204,16027,34484,34553,34789
34803	6804,16027,18338,19431,34612,9291,16030,34450,34657,34704
34804	454,8726,9735,10849,11378,11425,12578,13852,13867,13886
34805	6804,34200,8677,13872,14246,16027,22357,29767,34204,34205
34806	629,3574,6783,6804,7342,7506,7639,7699,9572,9599
34807	8677,18575,626,19428,34553,34705,11404,34612,34702,6804
34808	3931,4035,4234,4246,4254,4314,12401,16643,16650,18511
34809	1431,6976,1356,23717,6955,6966,6962,6982,6984,7022
34810	15843,22495,34809,34812,34813,34814,34815,34816,34817,34818
34811	15843,22495,34809,34812,34813,34814,34815,34816,34817,34818
34812	34823,34826,3734,4055,5169,6405,15843,15912,16032,18843
34813	25176,211,956,1078,1080,1095,1170,1212,1914,1930
34814	34827,34826,34828,190,3734,4055,4156,6405,8786,15843
34815	34817,34831,34827,34828,19,39,190,443,1031,1135
34816	4531,48816,48817,48833,48834,48837,48839,48848,48882,4053
34817	34815,34831,34827,34828,190,4156,8786,15843,19243,22495
34818	1404,1846,1874,2104,4011,4080,4163,4198,4202,4289
34819	2925,5971,8760,13280,13622,13632,13653,13887,15843,18576
34820	3121,3347,14394,16433,38258,1673,2855,3004,3006,3904
34821	34823,1502,1529,1617,3110,3685,4182,4415,6241,6979
34822	2,967,2418,2501,2644,2857,3694,3886,4717,7459
34823	34812,8492,34821,34826,34827,95,627,1137,1502,1529
34824	15843,22495,34809,34810,34811,34812,34813,34814,34815,34816
34825	4202,4074,22158,4046,18511,4207,11571,13263,3903,4196
34826	34812,34814,34823,34827,499,2282,3358,3412,3896,3931
34827	34814,34815,34817,34823,34826,4055,15843,15912,19243,22495
34828	1488,2847,10268,10315,28578,34814,34815,34817,34831,74
34829	113,1375,5269,6977,6980,6989,6994,7018,7029,7039
34830	22199,34836,1846,2028,2665,3518,3575,3958,3971,4011
34831	34815,34817,34828,185,190,918,2845,4156,7214,8401
34832	3873,3890,3907,3957,3959,3974,3975,4039,15843,22495
34833	15843,22495,34809,34810,34811,34812,34813,34814,34815,34816
34834	1617,3765,1392,2036,2608,2956,3407,3761,3778,3894
34835	4035,34816,34825,19,536,591,618,1186,2375,3530
34836	4707,22147,3010,3927,3958,4074,4159,4173,4204,4234
34837	15843,22495,34809,34810,34811,34812,34813,34814,34815,34816
34838	18513,2819,3155,8514,9954,10652,14900,17556,21339,27442
34839	6919,6925,6933,8186,19202,24879,26372,28323,34840,34841
34840	34839,34841,34842,34843,34844,34845,34846,34847,34848,34849
34841	34857,34860,34848,34863,34850,34856,34859,34862,10652,14900
34842	34839,34840,34841,34843,34844,34845,34846,34847,34848,34849
34843	34839,34840,34841,34842,34844,34845,34846,34847,34848,34849
34844	34839,34840,34841,34842,34843,34845,34846,34847,34848,34849
34845	34848,34850,34862,34863,34856,18513,34847,34858,10652,14900
34846	916,1387,1406,1414,1927,2782,3134,3146,3148,3152
34847	34845,34850,34858,34862,34839,34840,34841,34842,34843,34844
34848	34845,34850,34841,14900,34853,34858,34859,4320,10652,14983
34849	34856,34862,18513,34850,34859,10652,14900,34839,34840,34842
34850	34845,34848,34849,34856,34863,34858,18513,34841,34847,9954
34851	34839,34840,34841,34842,34843,34844,34845,34846,34847,34848
34852	34839,34840,34841,34842,34843,34844,34845,34846,34847,34848
34853	34848,34855,34857,34862,34863,38260,468,660,1090,1137
34854	34855,34857,34859,34860,34862,2014,3405,5550,9949,19505
34855	18513,34859,34853,34854,34858,541,583,1036,1329,1387
34856	34849,34860,34850,18513,34845,34841,34858,34859,8514,10652
34857	34860,34863,34862,34841,34859,14900,34853,34854,4320,10652
34858	34850,34845,34847,34848,34855,34856,34860,34863,27442,34839
34859	34855,34860,34857,34841,34848,34849,34854,34856,34863,27442
34860	34857,34856,34841,34859,14900,34854,34858,4320,10652,14983
34861	34839,34840,34841,34842,34843,34844,34845,34846,34847,34848
34862	34849,34857,34845,18513,34841,34847,34853,34854,2974,2995
34863	34857,34845,34850,34841,14900,34853,34858,34859,4320,10652
34864	29607,74,556,670,693,768,772,776,787,791
34865	829,34866,34867,34868,34869,34870,34871,34873,34874
34866	19,13829,29364,29497,46669,93,800,829,1078,1180
34867	34874,829,9906,12333,12581,24226,29592,34865,34866,34868
34868	829,34865,34866,34867,34869,34870,34871,34872,34873,34874
34869	829,34865,34866,34867,34868,34870,34871,34872,34873,34874
34870	1950,10469,14569,3685,6226,8776,10240,13215,16197,20567
34871	22158,4036,4048,4069,4236,10987,12401,13486,16215,22090
34872	829,34866,34867,34868,34869,34870,34871,34873,34874
34873	4289,22199,4046,4234,4308,3903,4033,4035,4074,4160
34874	93,24188,24226,24240,29592,34867,343,522,675,705
34875	27383,27388,1841,6967,12561,19130,47810,0,2176,2276
34876	34877,34880,34882,34883,34901,32,90,92,1870,1890
34877	34879,34883,32,90,6967,34876,34882,34901,92,770
34878	34879,34887,34885,34900,34904,32,90,92,1870,1890
34879	34878,6967,34877,32,90,34900,92,770,778,1366
34880	34882,34885,34887,34901,34904,34876,32,90,92,1642
34881	32,90,92,1870,1890,2188,5040,19106,22615,22707
34882	34880,34885,34901,34876,34877,34904,32,90,92,1846
34883	6967,34877,34876,34900,34904,32,90,92,1846,1870
34884	32,90,92,727,1113,1870,1890,2188,4770,5040
34885	34880,34882,34901,34904,34878,32,90,92,1642,1846
34886	1870,13654,17880,42240,1415,2276,3937,5040,9461,15277
34887	34880,34878,34901,34904,32,90,92,1642,1846,1870
34888	90,15989,32,92,3429,6152,6465,15003,15008,15968
34889	32,90,92,1870,1890,2188,5040,19106,22615,22707
34890	90,2188,6935,18591,19130,22615,22707,34896,31,32
34891	22615,27877,32,90,92,1870,1890,2188,2190,5040
34892	29688,29714,0,32,1890,5040,6169,18591,22615,29689
34893	27808,1100,4035,4160,7476,13818,13891,13898,13983,14044
34894	32,90,22615,92,134,198,573,886,894,1250
34895	32,90,92,1870,1890,2188,5040,6143,6176,14864
34896	90,22707,92,18591,22649,34888,34890,34902,32,153
34897	32,90,92,1870,1890,2188,5040,19106,22615,22707
34898	32,90,92,1870,1890,2188,5040,16395,19106,22615
34899	19,34893,13829,13930,13958,14203,14240,17486,22265,22312
34900	34878,34879,34883,32,90,92,1870,1890,2188,4097
34901	34880,34882,34885,34887,34876,34877,34904,32,90,92
34902	575,20584,38300,90,12326,12392,13654,22707,30195,549
34903	32,90,92,1870,1890,2188,5040,16395,19106,22615
34904	8685,12975,13016,32045,34880,728,2188,4494,5307,6140
34905	17493,34949,49247,0,300,433,503,547,573,626
34906	13115,27679,34910,34917,34920,34922,34923,34925,34928,34930
34907	34921,34931,34938,34975,34983,34992,503,2535,3400,12466
34908	26954,34978,34922,34925,34928,34930,34932,34959,34969,34971
34909	34977,1357,12107,22927,23685,34174,35698,38737,40455,3400
34910	34916,34931,34938,34942,34992,34994,6524,6591,34906,34914
34911	26973,34957,34909,34912,34920,34921,34923,34925,34929,34930
34912	34977,26973,34909,34988,2603,13166,13928,29576,34911,34932
34913	17898,32082,34931,1110,11721,15314,16539,17289,17292,20216
34914	34918,9561,9604,12625,32589,34910,34916,34917,34925,34951
34915	34928,2645,13896,23592,32513,34916,34921,34936,34971,34972
34916	34921,34953,34992,34910,7787,26973,27815,34914,34915,34931
34917	34923,34925,34930,34978,3400,34906,34909,34914,34920,34922
34918	34914,9561,9580,34951,34990,503,2535,3400,9578,9604
34919	544,503,631,2535,3400,5956,6017,11654,12466,13430
34920	34923,34925,34930,34933,34938,34942,34906,34910,34911,34917
34921	34916,8734,34929,34971,34972,34976,34983,34994,7274,14178
34922	34928,34930,34978,34906,34908,34910,34917,34920,34923,34925
34923	34925,34930,34942,34917,34920,34929,34933,34978,42039,8734
34924	34965,34972,503,2535,3400,3789,12466,15817,17203,18840
34925	34923,34930,34942,34917,34920,34929,34933,42039,34906,34908
34926	503,2535,3400,12466,15817,17203,18840,18842,19137,26973
34927	35457,35435,32495,26221,32490,1026,5100,7816,26954,34909
34928	27762,26973,34915,34922,34930,34972,34992,35011,46089,1945
34929	34921,34923,34925,34930,34942,26817,34911,34920,34933,34947
34930	34923,34925,11383,13182,19431,22756,23360,23616,34179,34402
34931	34910,34913,34992,1139,8734,14026,14155,14179,25198,26810
34932	34959,34988,34957,41902,15817,26973,32089,34908,34909,34911
34933	34920,34923,34925,34930,34938,34942,19418,33804,34906,34910
34934	503,2535,3400,12466,15817,17203,18840,18842,19137,26973
34935	503,2535,3400,12466,15817,17203,18840,18842,19137,26973
34936	34915,34916,34921,34928,34971,34972,34992,503,2535,3400
34937	26973,34957,34977,35005,35009,41902,7796,13928,24002,32543
34938	34992,34910,34920,34933,34983,46039,14178,26817,34906,34907
34939	34931,34938,503,1012,2535,3400,5547,5553,6027,6172
34940	34921,34931,34938,34975,34983,34992,503,2535,3400,11058
34941	12466,34993,503,2535,3400,8712,15724,15817,17203,18840
34942	34923,34925,34910,34920,34929,34933,42039,8734,14026,14178
34943	1382,10652,11107,13160,40997,1387,2409,2535,2667,5236
34944	34921,11,442,503,1002,1139,1249,2092,2535,2864
34945	3400,34973,1,69,107,503,934,1540,2294,2535
34946	34949,503,2535,3400,7785,10253,12466,12649,13886,14005
34947	34921,34923,34925,34929,34930,34931,34942,503,2535,3400
34948	368,503,1489,2535,3400,4776,9144,11839,12466,12585
34949	27552,27590,27679,7785,9731,11834,23586,25256,27585,29307
34950	17032,14064,27536,30324,34974,41771,43662,19,171,204
34951	34914,34918,34990,168,503,2535,2572,2711,3400,9408
34952	503,2535,3400,12466,15817,17203,18840,18842,19137,26973
34953	34916,34994,26973,32497,34910,34914,34921,34928,34931,34932
34954	7920,8721,12414,12846,13430,17069,17434,17436,19416,19935
34955	16922,33192,34914,34916,34958,34978,34992,101,108,484
34956	503,2535,3400,12466,15817,17203,18840,18842,19137,26973
34957	34937,35009,41902,32543,34911,34932,34959,7796,24002,26954
34958	11714,11728,11777,32045,32357,49581,452,3885,5531,9453
34959	34932,34988,34957,26973,34908,34909,34911,34912,34937,34953
34960	34913,34986,1,13,20,128,208,351,503,525
34961	23513,33640,15186,22954,33545,34925,34949,35560,49985,503
34962	503,2535,3400,7568,7824,8564,8566,8568,8571,8572
34963	503,2535,3400,12466,15817,17203,18840,18842,19137,26973
34964	13616,36136,11,28,38,83,85,207,503,1660
34965	34924,34972,503,2535,3400,3789,12466,15817,17203,18840
34966	503,2535,3400,7257,12466,15817,17203,18175,18840,18842
34967	4431,12990,17557,23730,101,110,189,503,1077,1347
34968	34916,34921,34976,503,2535,3400,12466,15817,17203,18840
34969	8685,34986,1787,3394,4364,6019,9453,22981,23049,23585
34970	9803,503,1417,2535,3400,5008,5353,5639,7515,8726
34971	26954,34921,34972,34908,34915,34922,34930,34936,34973,34992
34972	26954,34921,34928,34971,503,10775,20492,34394,34908,34915
34973	3400,52,2694,5955,12715,24900,34908,34909,34922,34928
34974	3400,9793,12655,35649,38737,659,1489,9784,11190,12618
34975	34907,34921,34931,34938,34940,34983,34992,503,2535,3400
34976	34921,34916,34917,34923,34968,34972,34978,503,2535,3400
34977	34909,26973,1357,34912,34937,35005,503,13928,35009,40443
34978	35478,34908,34917,34922,34923,34930,7787,23512,26973,27815
34979	14117,14150,13891,13983,14078,13832,13959,14207,23592,23617
34980	34909,186,528,850,973,3879,3880,3999,4260,4389
34981	503,995,1741,1751,1759,1765,1782,2535,3400,4333
34982	169,503,2535,3400,3994,4035,4254,6515,6689,7057
34983	34921,34938,34907,34911,34920,34925,34929,34930,34933,34940
34984	503,2535,3400,12466,15817,17203,18840,18842,19137,26807
34985	503,2535,3400,12466,15817,17203,18840,18842,19137,26973
34986	29425,34969,46039,223,1617,1814,2689,6016,8154,10236
34987	46039,223,1814,6016,29425,32488,34932,34957,34959,34969
34988	34932,34959,24002,32543,34912,34995,17292,17898,34909,34911
34989	503,1672,2535,3400,3622,8172,9199,11196,11721,12466
34990	34914,34918,34951,503,2535,3400,9580,12466,15817,17203
34991	503,2535,3400,12466,15817,17203,18840,18842,19137,26973
34992	34916,34938,34910,34928,34930,34931,34906,34907,34915,34920
34993	12466,34941,503,2535,3400,8712,15724,15817,17203,18840
34994	34910,34921,34953,34916,34931,34938,34992,503,2535,3400
34995	18841,34988,35003,35005,13928,34912,34977,35009,41902,39
34996	1784,18841,35624
34997	
34998	
34999	973,2922,6101,6474,7792,10253,11721,16621,18841,23577
35000	18841,34922,34928,34930,34978,34992,2915,19418,26954,32233
35001	39,1706,1938,2922,7778,13928,17908,18841,20216,22983
35002	
35003	18841,13928,7796,34995,17292,20080,20216,23585,32548,34912
35004	3882,4234,4254,34825,4035,4202,3931,4204,16696,18511
35005	18841,34977,35009,41902,34937,34995,7796,24002,32548,34912
35006	1392,4398,6997,7347,7862,11772,13119,15557,16380,17570
35007	
35008	32782,4397,4398,6958,32352,32784,35186,38000,4420,23744
35009	34957,35005,7796,18841,34937,34977,13928,15314,32543,33656
35010	13928,18841,26973,32543,34911,34957,34988,35003,1392,7796
35011	18841,34928,34953,34971,34972,194,1945,2915,10249,10775
35012	
35013	12,116,134,549,575,1347,1393,1419,1432,1449
35014	
35015	5498,5924,8710,15285,20491,30695,34406,38841,42151,42163
35016	1012,2006,4261,6027,9871,13109,13623,13792,14155,14205
35017	1349,1969,3685,4831,4981,5335,5378,7354,9664,9669
35018	1860,2410,12563,19608,19693,22505,25191,35019,35020,35021
35019	35018,35020,35021,35022,35023,35024,35025,35026,35027,35028
35020	5283,5287,5289,5388,8508,138,2085,3560,3831,5262
35021	468,3685,3937,4032,4331,4364,6186,6200,7024,7994
35022	35018,35019,35020,35021,35023,35024,35025,35026,35027,35028
35023	35031,5026,7511,12491,31772,35018,35019,35020,35021,35022
35024	1954,14474,14861,17173,17180,17184,17210,17258,17267,17278
35025	5335,5378,11878,24637,35018,35019,35021,35022,35023,35024
35026	35034,35018,35019,35020,35021,35022,35024,35025,35027,35028
35027	35018,35019,35020,35021,35022,35023,35024,35025,35026,35028
35028	35034,35018,35019,35020,35021,35022,35023,35024,35025,35026
35029	18886,20525,24404,270,1870,2294,2400,2563,2576,2864
35030	1435,1485,9656,36190,42043,45363,626,1342,1347,1352
35031	35023,35018,35019,35020,35021,35022,35024,35025,35026,35027
35032	35018,35019,35020,35021,35022,35023,35024,35025,35026,35027
35033	35018,35019,35020,35021,35022,35023,35024,35025,35026,35027
35034	35026,35028,35018,35019,35020,35021,35022,35024,35025,35027
35035	35018,35019,35020,35021,35022,35023,35024,35025,35026,35027
35036	35018,35019,35020,35021,35022,35023,35024,35025,35026,35027
35037	1019,1034,1052,3684,4056,4525,4858,5294,5873,5875
35038	3175,4824,4825,4828,4833,4834,10794,10813,35018,35019
35039	35104,246,266,276,1078,1121,1123,1128,1144,1150
35040	7639,17104,19080,35050,1078,1114,1150,1581,1602,1664
35041	1232,24879,16,17,53,114,209,660,1140,1181
35042	1581,2782,3305,3438,3971,4534,4560,4573,4577,4578
35043	46669,48565,8948,35105,1783,7619,10340,13478,19080,35071
35044	10052,13478,35050,1085,1581,2675,2782,4009,4995,7639
35045	24553,35047,2565,21859,24510,24623,35055,35057,35060,35070
35046	1301,5684,7513,1309,1581,2782,5667,5670,5681,6971
35047	24553,35045,7639,10758,16381,24510,24587,35055,35060,35070
35048	19080,4101,4206,4295,13691,16941,16963,17295,19996,23004
35049	1581,2782,7639,10052,13478,19080,20567,21824,25867,31336
35050	13478,1688,3646,3686,3880,3953,4389,8671,10052,10236
35051	32707,1581,2782,4942,4945,7639,10052,10763,13478,19080
35052	19080,35053,35076,1581,2782,6383,7639,8698,10052,10370
35053	3910,4179,4196,8492,20845,48662,3001,3702,3878,3904
35054	8273,17809,35095,35105,134,1581,1670,1673,1679,1694
35055	1357,4096,4769,5045,5086,9394,11254,14913,20594,21210
35056	1581,2782,7639,10052,13478,19080,20567,21824,25867,31336
35057	35045,35066,35070,35105,35115,338,1389,1581,2782,3263
35058	607,1581,2782,7639,10052,10268,10318,10382,13478,19080
35059	1581,2782,7639,8186,9789,10052,13478,14890,19080,20567
35060	2017,2501,3038,7639,8154,18114,24906,24951,26362,33269
35061	13478,35076,35088,1581,2461,2782,3702,3721,3971,4279
35062	10052,13124,27906,1581,2618,2782,3684,3745,3928,4048
35063	14996,1581,2059,2782,7138,7502,7639,8698,10052,10287
35064	25867,35078,35080,35082,35092,35117,34066,35065,35079,35085
35065	25867,31336,35064,35078,35079,35080,35082,35085,35090,35092
35066	35112,35114,4101,35057,35083,35097,35098,35101,35105,35113
35067	1581,2782,7639,10052,13478,19080,20567,21824,25867,31336
35068	20567,543,573,1431,1581,2019,2059,2324,2588,2782
35069	1581,2782,7639,10052,13478,19080,20567,21824,25867,31336
35070	35045,35047,35057,113,338,1113,1169,1220,1357,1581
35071	24683,24693,14204,24611,24650,24738,24510,13896,24601,24624
35072	1581,2782,7639,10052,13478,19080,20567,21824,25867,31336
35073	13478,557,1581,2782,4738,4849,4991,5038,5931,7355
35074	1581,2782,7639,10052,13478,19080,20567,21824,25515,25518
35075	541,1581,2782,2864,3462,3904,5102,7639,9392,9483
35076	10758,14402,19080,22846,27913,35052,35061,40359,1061,1090
35077	35071,24683,35053,35083,35105,347,562,577,1099,1244
35078	25867,35064,35082,35090,35092,35112,35114,35117,34066,35065
35079	35080,2406,11547,25867,35048,35064,35065,35078,35082,35085
35080	25867,35064,35079,35082,35092,35117,34066,35065,35085,35098
35081	2782,20567,35053,442,975,1001,1528,1581,1787,1950
35082	25867,35064,35078,35080,35117,34066,35065,35079,35085,35090
35083	3928,7639,35053,35066,35071,35077,35087,35105,35115,35118
35084	1581,2782,7639,10052,13478,19080,20567,21824,25867,31336
35085	25867,35064,35065,35078,35079,35080,35082,35090,35092,35096
35086	503,1581,2782,5876,5881,5886,5887,5889,7639,10052
35087	35115,13478,16381,24510,24594,24906,35047,35055,35060,35083
35088	35045,35061,1581,1969,2782,7639,10052,10783,11284,12729
35089	4143,4742,5265,15341,23014,35060,40470,6,347,582
35090	35078,35096,25867,35064,35065,35082,35085,35092,35097,35101
35091	7046,40168,36342,40112,40123,40162,40121,6998,6964,26903
35092	25867,35064,35078,35080,35117,34066,35065,35079,35085,35090
35093	1581,2782,7639,10052,13478,19080,20567,21824,25867,31336
35094	3305,27305,14495,34816,39637,39647,44943,48816,48817,48833
35095	35054,1581,2782,7639,10052,13478,19080,20567,21824,25867
35096	4101,10675,20845,22147,25771,26101,28132,35090,35113,2027
35097	35066,35078,35090,35096,35101,35112,35113,35114,1581,2782
35098	35107,13478,25867,35064,35066,35071,35078,35080,35082,35092
35099	25487,25496,366,541,7549,7566,8783,10500,11660,12029
35100	1382,1581,2677,2782,5803,5806,5814,5816,5846,5870
35101	35066,35078,35090,35096,35097,35112,35113,35114,576,1581
35102	35110,1581,1782,2782,7639,10052,13478,19080,19439,20567
35103	1581,2782,7639,10052,13478,19080,20567,21824,25867,31336
35104	35039,246,266,276,1078,1121,1123,1128,1144,1150
35105	35043,1783,3692,4059,5353,5372,8948,9787,13478,24611
35106	1581,2782,7639,10052,13478,19080,20567,21824,25867,31336
35107	35098,13478,25867,35071,35114,1085,1100,1101,1129,1137
35108	242,1137,1581,2782,3876,3950,3971,4007,4033,4041
35109	1581,2782,7639,10052,13478,19080,20567,21824,25867,31336
35110	7639,35102,223,1085,1581,1617,1782,2108,2684,2782
35111	1581,2782,5264,5319,7639,7789,8330,9608,9645,10052
35112	35066,35078,25867,35064,35082,35090,35092,35097,35098,35101
35113	35096,35114,35066,35078,35090,35097,35101,1581,2782,7639
35114	25867,35066,35078,35113,4004,4033,4053,4074,4086,4179
35115	35087,13478,22954,25867,35045,35047,35055,35057,35060,35064
35116	35071,498,1581,2782,4687,7639,8667,9607,10052,12577
35117	25867,35064,35078,35080,35082,35092,34066,35065,35079,35085
35118	35083,95,1581,2782,4875,5093,7639,10052,13478,15156
35119	8055,8058,1502,1529,1581,1895,1897,2413,2782,2960
35120	35123,1581,1839,2782,4049,7639,10052,13215,13478,15063
35121	3576,13478,14204,24510,34364,35087,35115,347,626,629
35122	35066,35082,35096,1581,2782,7639,10052,13478,19080,20567
35123	35120,1581,1839,2782,4049,7639,10052,13215,13478,15063
35124	1581,2782,7639,10052,13478,19080,20567,21824,25867,31336
35125	529,10625,45656,886,1397,1404,1917,1921,2400,2413
35126	6455,37827,37846,37852,6574,6626,6986,23792,147,282
35127	7343,37981,27653,147,503,918,966,1048,1059,1110
35128	8760,24510,24555,34340,9891,10671,16584,45592,1113,1911
35129	18004,32620,35126,35127,35128,35131,35132,35133,35134,35135
35130	18004,32620,35126,35127,35128,35131,35132,35133,35134,35135
35131	6597,6654,7915,15510,39492,40520,919,1520,2179,2206
35132	6589,6595,18375,32742,1421,6524,11767,22239,30956,35134
35133	23951,27703,28722,28766,28768,36583,36623,352,367,660
35134	10627,12266,30992,35132,35920,43988,522,574,598,886
35135	3205,3231,11577,17235,27249,27736,29513,29558,19,106
35136	11169,11246,371,467,728,778,812,821,1860,2027
35137	17747,30782,38781,40654,42667,1426,1814,6018,8191,8215
35138	9855,10899,35139,35140,35141,35142,35143,35144,35145,35146
35139	41407,52,1051,1465,1660,1731,1810,2011,2337,2588
35140	1378,3943,4313,4354,4364,4389,5479,5924,6961,7849
35141	35154,9855,10899,27400,31234,35138,35139,35140,35142,35143
35142	4717,83,150,211,439,638,1100,1113,1181,1232
35143	32198,35149,44880,1489,2554,3298,3415,4262,5006,5956
35144	35146,1879,6017,7269,9847,9855,10899,11601,12605,12706
35145	9855,10899,35138,35139,35140,35141,35142,35143,35144,35146
35146	35149,2864,9847,18539,34267,34356,35144,38705,44847,45314
35147	9855,10899,35138,35139,35140,35141,35142,35143,35144,35145
35148	14860,4527,5407,40610,40830,40870,40891,40897,41295,41393
35149	35146,13166,35143,44899,143,454,1404,1431,1489,2588
35150	9855,10899,35138,35139,35140,35141,35142,35143,35144,35145
35151	14138,18039,43161,338,454,2588,3549,3960,4181,4198
35152	9855,10899,35138,35139,35140,35141,35142,35143,35144,35145
35153	9855,10899,35138,35139,35140,35141,35142,35143,35144,35145
35154	35141,9855,10899,27400,31234,35138,35139,35140,35142,35143
35155	1830,1843,2946,4294,4350,6697,6755,6759,9855,10899
35156	9855,10899,35138,35139,35140,35141,35142,35143,35144,35145
35157	32758,10971,40053,10847,1445,1486,1693,2501,2544,3037
35158	35161,5275,8330,1390,1442,1530,1873,2025,2501,2544
35159	2550,35158,35160,35161,35162,35163,35164,35165,35166,35167
35160	35171,5266,35164,35167,40074,40089,1442,1486,1530,2501
35161	2550,35158,35164,40071,40077,40078,1077,1390,1422,1431
35162	6653,9892,11746,23476,196,492,918,1201,1406,1407
35163	2550,4337,8383,10605,11723,12221,17508,18005,35158,35159
35164	35161,39165,40071,5307,18009,29138,35160,35165,40059,40070
35165	6653,7820,854,1388,1431,4509,5249,5314,6502,7051
35166	1216,2550,5123,8760,32353,33370,35158,35159,35160,35161
35167	2550,35160,35169,35171,3422,4957,5266,5460,6941,7934
35168	2550,35158,35159,35160,35161,35162,35163,35164,35165,35166
35169	32758,35161,35167,1060,2300,2501,2531,2544,2557,2558
35170	1301,1309,1404,1693,1917,1918,1921,2550,2786,5653
35171	35160,32758,35167,2501,2544,3037,5266,10847,19477,22463
35172	2550,35158,35159,35160,35161,35162,35163,35164,35165,35166
35173	2550,35158,35159,35160,35161,35162,35163,35164,35165,35166
35174	2550,35158,35159,35160,35161,35162,35163,35164,35165,35166
35175	2550,35158,35159,35160,35161,35162,35163,35164,35165,35166
35176	44566,35268,35274,4425,4447,4455,12636,17519,22677,32779
35177	6689,11723,30943,6482,6543,6600,6632,11808,19009,20492
35178	973,2915,6978,9734,18573,26164,27772,29799,32574,35177
35179	19365,18912,36708,10022,36703,36854,37448,10018,36816,39239
35180	35200,35183,35217,35184,35216,35218,35225,35243,35202,35209
35181	12633,29799,35180,35182,35183,35187,35189,35191,35200,35204
35182	5249,35216,6958,32394,32740,23744,32352,4396,4397,32386
35183	35243,35202,35180,35220,35208,35229,35230,35221,35233,35228
35184	35186,35229,35180,44566,35208,35230,35221,35233,35196,35199
35185	1668,4494,18803,2904,6450,7018,10652,10782,20190,20869
35186	5242,49581,23787,32356,35184,4398,6958,38000,49594,10616
35187	35182,35183,35196,35200,35210,35216,35217,35224,35228,35230
35188	26164,32788,35185,40302,252,439,973,1113,1220,1348
35189	29799,35180,35181,35182,35183,35187,35191,35200,35204,35207
35190	973,1860,2915,6019,6978,7805,7823,7856,9734,14424
35191	35200,35186,35225,35241,35218,35209,35268,35208,35220,35224
35192	11767,24484,40910,41345,2206,4741,6466,6482,6508,6524
35193	11139,9553,10701,14467,39394,20869,6925,33299,39576,26279
35194	3879,108,186,973,1488,1517,1526,2059,2891,2915
35195	7785,27586,3,1809,8686,8816,15356,16868,19110,19422
35196	35182,35183,35184,35187,35208,35214,35217,35228,35229,35230
35197	576,4493,6542,6567,6641,6653,7479,9530,11723,17649
35198	35217,35225,35186,35201,35218,35241,35261,35191,35209,35219
35199	35253,35259,35182,35183,35184,35208,35214,35217,35228,35229
35200	35180,35224,35191,35230,35221,35233,4425,4447,4455,32779
35201	35229,35243,35261,44566,35224,35230,35198,35266,35233,35245
35202	35183,35217,35214,35219,35225,35268,35180,35191,35243,35229
35203	34466,124,454,973,1670,1694,2141,2698,2711,2915
35204	35225,29799,35180,35181,35182,35183,35187,35189,35191,35200
35205	911,915,919,922,923,973,1488,1491,2807,2915
35206	35225,35262,973,1366,1545,2915,4841,5937,6513,6978
35207	19388,35621,13962,19012,23517,23690,35678,35701,956,1114
35208	35182,35183,35184,35220,35186,35191,35218,35241,35243,35268
35209	35214,35241,35191,35219,35220,35225,35180,35198,35208,35243
35210	35182,35183,35187,35200,35216,35217,35224,35228,35230,35233
35211	35216,35241,35225,35224,35229,35261,44566,35221,35230,35245
35212	35225,35224,35259,973,2744,2915,6978,9734,18573,26164
35213	35182,35183,35184,35208,35214,35217,35228,35229,35230,35233
35214	35209,35234,35202,35219,35261,44566,35221,35230,35233,35196
35215	594,973,2915,6978,8070,9734,11571,13739,13741,16031
35216	35182,35211,35186,35180,35224,35229,35243,35261,35274,35198
35217	35202,35243,35180,35220,35219,35261,35198,35221,35229,35274
35218	35268,35191,35243,35180,35208,35224,35261,35274,35198,44566
35219	35214,35217,35220,35225,35202,35209,35234,35186,35191,35243
35220	35217,35225,35183,35219,35186,35208,35209,35234,35243,35191
35221	35214,35217,35182,35183,35200,35211,35184,35218,35220,35234
35222	30837,6654,6611,6600,6991,7019,7022,10778,38207,6497
35223	295,973,2915,6978,9734,17843,18345,18573,26164,27772
35224	35200,35241,35211,35216,35191,35201,35218,35186,35180,35220
35225	35186,35191,35211,35220,35219,35180,35209,35234,35198,35202
35226	973,2915,3483,3563,6978,9734,18573,26164,27772,29799
35227	29799,35180,35181,35182,35183,35187,35189,35191,35200,35204
35228	35233,35182,35183,35217,35230,35236,35243,35184,35187,35196
35229	35184,35201,35183,35211,35216,35217,35186,35261,44566,35198
35230	35200,35214,35184,35201,35241,35183,35180,35191,35211,35218
35231	35468,29799,34928,35180,35181,35182,35183,35187,35189,35191
35232	35180,35186,35191,35201,35208,35216,35225,35230,35266,973
35233	35182,35183,35208,35216,35228,35243,35184,35200,35214,35236
35234	35214,35241,35268,35219,35220,35225,35261,35180,35198,35208
35235	35182,35183,35187,35200,35210,35216,35217,35224,35228,35230
35236	35182,35183,35217,35228,35230,35233,35243,35255,35184,35187
35237	8813,29799,35180,35181,35182,35183,35187,35189,35191,35200
35238	913,973,1520,2915,6978,9734,15480,18573,26164,27772
35239	35182,35183,35184,35196,35199,35208,35213,35214,35217,35228
35240	33540,37945,38011,64,973,1648,1689,2915,3573,5225
35241	35211,35186,35191,35224,35209,35234,35268,35208,35230,35198
35242	38719,19,555,2036,4102,9892,15343,21790,22154,22265
35243	35183,35217,35218,35201,35220,35180,35216,35191,35202,35208
35244	40531,30966,40519,918,23484,40522,40559,40659,40698,41382
35245	35216,35180,35182,35200,35201,35211,35214,35217,35221,35224
35246	973,2915,6978,9734,18573,26164,27772,29799,32574,35177
35247	27772,35236,973,2204,2915,4498,4518,5170,6978,9734
35248	4820,6487,6568,6969,6980,6994,7015,7017,7022,7024
35249	973,2915,6978,9734,11377,18573,23507,23605,23681,26164
35250	26164,472,973,2915,6978,9730,9734,13672,15287,18072
35251	11551,12555,21262,30992,37945,19,93,2646,3889,6483
35252	10099,36741,37063,498,5925,10028,10105,10128,24338,25186
35253	35199,35224,35182,35183,35184,35187,35200,35201,35208,35210
35254	973,2915,6978,9734,18573,26164,27772,29799,32574,35177
35255	35217,35230,35182,35183,35236,35243,35260,35184,35187,35196
35256	153,973,1156,1163,1164,1172,1177,1179,1184,1207
35257	18573,15386,23367,35193,35261,161,548,609,628,638
35258	973,2915,6978,9734,18573,26164,27772,29799,32574,35177
35259	35199,35212,35182,35183,35184,35208,35214,35217,35228,35229
35260	35217,35230,35255,35182,35183,35184,35196,35199,35208,35213
35261	32394,6958,32740,32784,32801,32814,32738,4398,4431,4482
35262	35182,35183,35184,35187,35196,35199,35200,35201,35206,35208
35263	9892,15343,24148,35265,973,1100,2036,2142,2281,2324
35264	6663,17458,29799,35180,35181,35182,35183,35187,35189,35191
35265	5242,49581,49630,1390,1392,5246,5531,7364,9453,13119
35266	35201,35208,35216,35180,35182,35183,35184,35186,35191,35200
35267	35193,354,385,580,606,615,622,973,2915,3610
35268	35176,35218,35234,35191,35241,35202,35220,35225,35274,35208
35269	35176,35180,35182,35183,35184,35186,35191,35198,35200,35201
35270	35176,35224,35225,35228,35233,44566
35271	35176,35180,35182,35183,35184,35186,35191,35198,35200,35201
35272	6979,16539,30254,30714,36635
35273	450,576,7325,7818,8401,9706,9718,9731,9737,9738
35274	35176,35217,35218,35220,35268,35186,35191,35219,35225,35198
35275	16481,28837,29799,33208,35180,35181,35182,35183,35187,35189
35276	
35277	
35278	14496,19300,1000,1250,1904,2608,2971,3248,3468,3541
35279	35283,35285,35291,35299,35307,35281,35289,35290,35295,35301
35280	35288,35283,35281,35291,35301,35302,35307,35311,35289,35290
35281	6222,19254,19266,19269,19271,19273,19280,19284,19286,19295
35282	7820,17563,18008,20927,35165,39473,39830,40581,41012,41111
35283	35279,35280,35291,35281,35289,35290,35295,35299,35301,35302
35284	35285,35291,35295,35299,35281,35290,35294,35296,35301,35302
35285	35284,35286,35304,35279,35296,35299,10941,11239,35281,35282
35286	35285,35307,35281,35290,35299,35289,35295,35296,35297,35300
35287	10941,11239,35279,35280,35281,35282,35283,35284,35285,35286
35288	35280,35291,35281,35289,35290,35295,35296,35299,35301,35302
35289	35304,35279,35280,35283,35286,35288,35307,10941,11239,35281
35290	35281,35286,35279,35280,35283,35284,35288,35295,35299,35300
35291	35279,35280,35283,35284,35288,35299,35301,35302,35310,35311
35292	10941,11239,35279,35280,35281,35282,35283,35284,35285,35286
35293	10941,11239,35279,35280,35281,35282,35283,35284,35285,35286
35294	35284,35295,10941,11239,35279,35280,35281,35282,35283,35285
35295	35284,35279,35280,35281,35283,35286,35288,35290,35291,35294
35296	35284,35285,35286,35288,35304,35307,10941,11239,35279,35280
35297	35304,35281,35286,35300,10941,11239,35279,35280,35282,35283
35298	10941,11239,35279,35280,35281,35282,35283,35284,35285,35286
35299	35303,35279,35284,35286,35291,35300,14560,19300,35283,35285
35300	35299,35304,19300,35286,35290,35297,35301,35302,35311,7637
35301	14496,35280,35291,35310,35279,35283,35284,35286,35288,35290
35302	35280,35291,35310,14560,35279,35283,35284,35286,35288,35290
35303	35281,35299,35304,10941,11239,14496,35279,35280,35282,35283
35304	35285,35303,35307,14496,35289,35297,35300,35310,1919,2081
35305	10941,11239,35279,35280,35281,35282,35283,35284,35285,35286
35306	362,26410,45438,6882,20577,25527,42505,45429,45467,6927
35307	35286,35304,35279,35280,35289,35296,10941,11239,35281,35282
35308	10941,11239,35279,35280,35281,35282,35283,35284,35285,35286
35309	10941,11239,35279,35280,35281,35282,35283,35284,35285,35286
35310	35291,35301,35302,35304,35311,14496,19263,19279,19281,35280
35311	14496,35280,35291,35310,35279,35283,35284,35286,35288,35290
35312	32627,5985,8223,13622,25191,29809
35313	35316,35315,35317,35318,35319,35320,35321,35322,35323,35324
35314	35315,35317,35318,35319,35320,35321,35322,35323,35324
35315	634,995,2793,5809,6606,6624,7814,8223,9705,9847
35316	35313,35315,35317,35318,35319,35320,35321,35322,35323,35324
35317	659,1113,2597,2802,3450,3565,3784,4210,4717,5051
35318	35320,35322,634,995,2793,5809,6606,6624,7814,8223
35319	35313,35314,35315,35316,35317,35318,35320,35321,35322,35323
35320	35318,32627,35323,35313,35314,35316,35317,35319,35324
35321	35323,634,995,2793,5809,6606,6624,7814,9705,9847
35322	35318,32627,35323,35313,35314,35316,35317,35319,35324
35323	35321,35320,35322,634,995,2793,5809,6606,6624,7814
35324	35313,35314,35315,35316,35317,35318,35319,35320,35321,35322
35325	12015,146,29484,44903,44904,411,3250,4114,5641,5991
35326	35346,35342,35371,35368,35385,35403,35350,35379,35334,35380
35327	35331,35373,35361,35389,35409,35346,35349,35398,35342,35369
35328	35336,35339,35341,35331,35389,35409,35333,35342,35398,35329
35329	35331,35335,35336,35344,35355,35373,35382,35389,35409,35328
35330	35339,35344,35336,35373,35355,35361,35382,35389,35409,35342
35331	35335,35336,35327,35338,35346,35398,35329,35350,35328,35349
35332	35347,35363,35328,35336,35339,35341,35344,35382,35398,35331
35333	35339,35363,35398,35341,35349,35355,35361,35389,35409,35328
35334	35326,35335,35371,35373,35398,35327,35333,35339,35341,35344
35335	35341,35331,35329,35347,35353,35368,35372,35403,35350,35379
35336	35342,35331,35328,35330,35329,35350,35403,35347,35332,35377
35337	21135,35394,87,411,3520,3733,3751,3754,5410,6696
35338	35339,35331,35341,35361,35363,35342,35346,35350,35355,35382
35339	35338,35330,35333,35328,35352,35350,35353,35368,35372,35379
35340	35354,35401,35408,4396,4430,5641,5833,6789,7023,7250
35341	35335,35342,35398,35338,35346,35349,35328,35403,35333,35380
35342	35336,35326,35341,35338,35327,35349,35328,35330,35403,35350
35343	35377,6789,7411,7511,10664,13179,18857,19125,21127,21135
35344	35355,35330,35349,35372,35382,35329,35347,35368,35369,35403
35345	35373,35409,35361,35326,35341,35344,35368,35371,35335,35336
35346	35326,35373,35371,35331,35341,35327,35338,35328,35330,35352
35347	35344,35355,35382,35332,35335,35336,35361,35373,35389,35409
35348	39654,6789,7411,7511,10664,13179,14361,18857,19125,21127
35349	35344,35389,35409,35341,35327,35363,35333,35342,35361,35331
35350	35331,35336,35326,35338,35339,35344,35363,35368,35335,35342
35351	35326,35369,35383,35384,6789,7411,7511,10664,13179,18857
35352	35339,35333,35382,35338,35344,35346,35353,35355,35363,35373
35353	35382,35335,35339,35344,35373,35330,35338,35352,35355,35363
35354	35340,35401,43191,2588,2711,3676,4268,5185,5376,5641
35355	35344,35361,35373,35371,35398,35382,35330,35333,35347,35329
35356	35326,35335,35344,35349,35368,35371,35389,35398,35409,35334
35357	35326,35327,35333,35334,35335,35338,35339,35341,35344,35346
35358	35326,35335,35338,35339,35341,35361,35363,35371,35389,35398
35359	35326,35327,35333,35334,35341,35349,35380,35335,35338,35339
35360	10664,35326,35352,35370,35375,35395,3394,4446,4465,6789
35361	35355,35371,35398,35327,35338,35382,35330,35333,35349,35368
35362	35326,35335,35338,35339,35341,35344,35346,35355,35361,35363
35363	35398,35333,35338,35382,35349,35332,35350,35368,35369,35372
35364	35393,39654,569,3903,3992,4021,4163,4184,4300,4301
35365	11246,7897,9490,22046,23437,4527,6623,9927,11260,12805
35366	35388,35399,35336,35342,35371,35373,35389,35398,35326,35327
35367	29662,29663,29668,45935,45966,1230,3283,6789,7411,7511
35368	35371,35326,35344,35361,35331,35335,35339,35350,35363,35398
35369	35327,35344,35398,35355,35361,35363,35373,35382,35389,35409
35370	10664,35360,35395,4465,6789,7411,7511,13179,18857,19125
35371	35326,35361,35398,35346,35355,35368,35382,35327,35403,35328
35372	35344,35335,35339,35363,35409,35331,35338,35341,35361,35398
35373	35346,35355,35327,35330,35329,35333,35345,35347,35353,35369
35374	10792,4494,7022,1787,7012,7019,7041,11757,28820,39394
35375	35326,35327,35335,35338,35341,35344,35346,35349,35352,35355
35376	6789,5438,7411,7511,10664,13179,18857,19125,21127,21135
35377	35336,35339,35333,35335,35338,35349,35352,35327,35328,35329
35378	1860,2802,3374,4095,4955,6789,7411,7479,7511,10664
35379	35326,35339,35335,35353,35361,35371,35389,35409,35327,35331
35380	35341,35349,35326,35327,35331,35335,35339,35333,35334,35338
35381	6789,7411,7511,10664,13179,18857,19125,21127,21135,22640
35382	35344,35363,35355,35361,35371,35389,35409,35330,35347,35353
35383	35326,35335,35344,35349,35369,35371,35373,35389,35398,35409
35384	35326,35351,35369,35383,6789,7411,7511,10664,13179,18857
35385	35326,35327,35341,35339,35363,35335,35333,35373,35398,29484
35386	35335,35336,35373,35389,35409,35326,35341,35344,35349,35403
35387	22458,26500,35393,6789,7411,7511,10664,13179,14361,18857
35388	35336,35366,35371,35373,35342,35389,35326,35327,35328,35331
35389	35349,35327,35382,35328,35330,35333,35329,35347,35369,35399
35390	4288,7983,8461,21205,42455,43411,47350,47366,66,79
35391	14173,23661,7511,12578,13867,13891,13896,13898,13966,13998
35392	6789,49082,438,1617,2514,3528,3935,4078,4099,4122
35393	35364,35387,6789,7411,7511,10664,13179,18857,19125,21127
35394	35404,44902,44922,411,21135,35337,44905,44908,44912,44918
35395	10664,35360,35370,4465,6789,7411,7511,13179,18857,19125
35396	19211,1382,1797,4527,5429,6397,6934,7511,10664,11261
35397	6789,7411,7511,10664,13179,18857,19125,21127,21135,22640
35398	35363,35361,35371,35341,35331,35355,35327,35333,35369,35382
35399	35389,35335,35338,35339,35341,35342,35363,35409,35326,35331
35400	35326,35335,35336,35338,35339,35342,35346,35373,35389,35402
35401	46511,46520,46522,46541,46523,46536,46538,46547,46521,46499
35402	35372,35336,35371,35373,35400,35326,35327,35328,35331,35333
35403	35341,35326,35336,35344,35335,35339,35342,35363,35371,35398
35404	6789,35394,23791,44911,412,1664,1667,2009,2490,2576
35405	35368,35371,35326,35332,35334,35335,35336,35344,35345,35349
35406	6623,7051,23993,18006,40757,17746,23866,40610,6563,6574
35407	6789,7411,7511,10664,13179,18857,19125,21127,21135,22640
35408	35327,35336,35335,35339,35349,35369,23489,35328,35329,35330
35409	35349,35327,35382,35328,35330,35333,35329,35345,35347,35369
35410	
35411	41791,93,235,254,542,591,615,625,1422,2864
35412	4282,4293,7875,1387,3233,3244,3245,3260,3874,3911
35413	35423,7875,35422,35424,4237,4278,35415,35417,35418,35419
35414	35416,35420,35421,35418,35419,35424,35427,35432,35433,3874
35415	4278,35413,35414,35416,35417,35418,35419,35420,35421,35422
35416	35414,35420,35421,35418,35419,35424,35427,35432,35433,3874
35417	3232,14454,15594,39524,1393,4400,4527,5250,6611,6662
35418	35414,35416,35419,35420,35421,35424,35427,35432,35433,3874
35419	35420,35431,35432,35433,4293,28758,35414,35416,35418,35421
35420	35414,35416,35419,35427,35418,35422,35432,35433,3874,3911
35421	35414,35416,35424,35418,35419,35427,35432,35433,3874,3911
35422	35413,35420,35423,4278,7875,35414,35415,35416,35417,35418
35423	35413,3873,3936,3999,4278,4261,33902,35428,35429,35431
35424	35421,4278,35413,35414,35416,35418,35432,35433,3874,3911
35425	4278,35413,35414,35415,35416,35417,35418,35419,35420,35421
35426	3890,3957,3959,4134,4278,35413,35414,35415,35416,35417
35427	35420,4278,35414,35416,35418,35421,35432,35433,3874,3911
35428	4278,35423,4293,4282,25269,27766,31361,35413,35414,35415
35429	4293,35423,4282,35419,11711,15967,20029,20065,25269,27766
35430	4221,4278,35413,35414,35415,35416,35417,35418,35419,35420
35431	28758,35419,35423,28744,484,852,1776,1778,2915,3916
35432	4282,35419,35414,35416,35418,35420,35421,35424,35427,2375
35433	4293,35419,4282,35414,35416,35418,35420,35421,35424,35427
35434	4293,35423,4282,35419,11711,15967,20029,20065,25269,27766
35435	1790,34927,1694,8715,26954,204,2659,2667,2719,13999
35436	35449,35496,35455,35459,35465,35488,35491,35502,168,204
35437	35443,1351,7521,15186,16862,19063,23510,23512,23513,23520
35438	35495,35449,35450,35457,2687,16861,16901,17001,23510,23512
35439	19431,22355,34173,34233,34332,623,3573,5472,11398,13182
35440	35469,35441,35462,35472,19,97,115,154,390,452
35441	35449,35455,2687,8675,16861,16862,16884,23794,34143,35436
35442	35474,20252,35436,35443,35455,35458,35462,35464,35467,35468
35443	35560,4990,4993,19063,23507,35437,995,1351,2687,5475
35444	45195,34250,22355,34202,34204,34586,1,1814,1923,5588
35445	35464,35488,35494,35495,35450,35452,35465,35487,35491,35498
35446	35457,35473,35478,35483,9154,26221,32490,32495,34927,35438
35447	35455,35494,35450,35452,35487,35489,35491,35495,35496,35438
35448	35463,549,1027,2687,2793,4431,5971,6019,6032,7717
35449	35436,35459,43145,2687,18989,35438,35441,35492,35502,43175
35450	35491,35494,35495,35496,35464,9404,16861,29574,35438,35445
35451	8685,30379,32227,32317,7723,7805,25187,30223,43154,5263
35452	35455,35499,35488,35459,35445,35447,35464,35487,35489,134
35453	8685,7758,7723,16710,24626,30213,32532,35444,35451,2645
35454	35460,2687,4431,6032,8715,13840,13981,13982,14041,14171
35455	35452,35499,35465,2659,2687,35447,35459,35487,35489,2647
35456	2687,4431,6032,15146,15148,20280,29526,32830,34250,34251
35457	34927,35483,26221,32490,32495,35438,35446,35455,35462,35496
35458	2687,14123,32513,35438,35441,35442,35449,35455,35467,35468
35459	35449,35452,35455,25199,35436,35465,35488,35496,35499,2659
35460	27536,29526,34751,35454,35457,35468,35470,35471,35472,35473
35461	16644,20280,23918,29526,39585,106,1382,2687,3246,3361
35462	35457,35483,35438,35440,35442,35446,35455,35471,35473,35478
35463	35448,2687,4431,6032,7766,7785,20280,29526,34250,34251
35464	35445,35494,35450,35495,35499,21841,34003,35452,35465,35468
35465	35455,35494,35496,35499,12633,35436,35445,35450,35459,35464
35466	32505,34250,34466,34631,35444,35459,39077,1,339,351
35467	35468,35471,35474,35478,35484,26954,34927,35442,35458,35464
35468	35474,35472,26954,35231,35464,35467,35484,1026,12466,29526
35469	35440,35457,161,2687,4431,6032,7864,7919,7952,9542
35470	29526,35460,35468,35471,35472,2687,4431,6032,20280,34250
35471	35474,26954,18841,35467,35472,35484,1026,10775,12466,12598
35472	35468,35464,35471,1790,29526,35437,35439,35440,35445,35449
35473	12466,26221,32490,32495,35446,35483,35714,1790,34928,34978
35474	35468,35471,26954,18841,35442,35467,35484,1026,10775,12466
35475	35483,285,964,1083,1694,1776,1782,2413,2645,2659
35476	35442,35455,35457,35468,35479,35480,35482,35483,35485,2687
35477	0,12,30,503,6935,29572,44488,18,28,38
35478	32490,34978,26221,32495,35446,35467,35483,35484,87,1790
35479	35442,35455,35457,35462,35476,35483,2687,4431,6032,20280
35480	35476,35485,2687,3436,4431,6032,7920,10946,19358,20280
35481	1688,1670,168,1679,1864,1692,17235,29558,35494,43282
35482	35476,35485,2687,3436,4431,6032,7920,10946,19358,20280
35483	35457,35446,35462,35473,35478,26221,32490,32495,34927,35438
35484	35467,35468,35471,35474,35478,26954,35442,35458,35464,35472
35485	17434,35476,35480,35482,41438,49985,88,204,523,753
35486	2041,35560,1392,1673,1814,2635,2687,4431,6032,6782
35487	35455,35445,35447,35452,35491,35494,35498,35499,35441,35443
35488	35452,35445,35495,35496,35499,29484,35436,35459,35464,35465
35489	35455,35447,35452,35491,35494,35499,35441,35443,35445,35464
35490	467,1754,2687,3503,4431,6032,6805,6814,6815,6821
35491	35495,35450,35496,29484,35436,35445,35447,35464,35487,35489
35492	35449,35450,35455,35488,35489,2687,4431,6032,15284,20280
35493	34558,34621,11410,34568,35500,208,2588,2687,3230,4431
35494	2637,1705,2668,29513,29558,43224,1670,1679,1685,2677
35495	35491,35450,35438,35445,35464,35488,35447,35498,35502,1790
35496	35491,35436,35450,35465,35488,2687,35447,35457,35459,35498
35497	18652,74,547,1366,1392,1455,1545,1586,1814,2687
35498	35445,35450,35464,35487,35488,35491,35494,35495,35496,35447
35499	35455,35452,35494,35464,35465,35488,35445,35459,35487,35489
35500	16027,19431,34159,34200,34511,3575,11383,13872,14047,22355
35501	2687,4431,6032,20280,29526,34250,34251,34466,34558,35436
35502	35436,35449,35491,35495,35496,2687,35450,35455,35459,35465
35503	1982,2054,3500,3968,4160,4368,5555,5685,6016,6102
35504	14996,35505,35506,35507,35508,35509,35510,35511,35512,35513
35505	12713,8154,9538,15233,17183,23075,35176,35508,39820,40109
35506	6100,35508,6112,8692,35504,35505,35507,35510,35511,35512
35507	35509,35510,35513,35514,35518,35519,35522,5,2905,13166
35508	35505,35506,35514,35520,6304,8692,19920,23527,35504,35511
35509	35507,35510,35513,35517,35518,35519,35522,2027,2059,2104
35510	35507,35509,35513,35517,35518,35519,35522,35504,35505,35506
35511	35517,35504,35505,35506,35507,35508,35509,35510,35512,35513
35512	98,126,185,3455,4035,4037,4166,6214,6304,10940
35513	35507,35509,35510,35517,35518,35519,35522,35504,35505,35506
35514	35507,35508,19920,35504,35505,35506,35509,35510,35512,35513
35515	24609,35504,35505,35506,35507,35508,35509,35510,35511,35513
35516	321,532,568,666,698,1423,2802,2850,3023,3500
35517	35509,35510,35511,35513,35518,35519,35522,956,1031,1392
35518	35507,35509,35510,35513,35517,35519,35522,35504,35505,35506
35519	35507,35509,35510,35513,35517,35518,35522,168,433,973
35520	35508,17,125,142,2196,2282,5040,6157,6181,6304
35521	35504,35505,35506,35507,35508,35509,35510,35511,35512,35513
35522	35507,35509,35510,35513,35517,35518,35519,1982,4368,6328
35523	34176,45054,22756,34304,34364,34484,43456,543,3230,3575
35524	22551,52,186,546,2827,3217,3489,5527,7212,7980
35525	7211,4783,7191,13544,24279,28788,42966,48087,48091,48125
35526	23357,32117,35525,35527,35528,35529,35530,35531,35533
35527	39631,6306,16645,25342,39684,39709,39720,45511,1423,1842
35528	27913,559,1137,5569,6229,6802,6964,7204,7242,7246
35529	23357,35525,35526,35527,35528,35530,35531,35532,35533
35530	35531,490,546,1854,7645,14324,15369,22506,22532,23357
35531	35530,223,490,546,1854,5057,5071,5265,7645,10579
35532	4679,6979,7011,17110,17150,23357,23731,30749,32149,32234
35533	4717,20567,5071,13408,22090,2036,2101,2538,2802,3231
35534	7714,13394,41417,41425,48436,49743,49758
35535	13616,39033,41422,41472,12,937,1754,1809,1814,1923
35536	35535,35537,35538,35539,35540,35541,35542
35537	35535,35536,35538,35539,35540,35541,35542
35538	35535,35536,35537,35539,35540,35541,35542
35539	35535,35536,35537,35538,35540,35541,35542
35540	35535,35536,35537,35538,35539,35541,35542
35541	35535,35536,35537,35538,35539,35540,35542
35542	106,2917,8380,9977,13336,13337,13339,13343,13347,13350
35543	35573,35548,35577,35660,35680,18313,35576,35593,35596,35666
35544	35600,35611,35553,35580,35552,35558,35564,35548,35596,35666
35545	6978,17740,25170,35559,13,19,108,1417,1490,1617
35546	549,1417,9803,12670,16163,32203,41689,44892,1392,1428
35547	35554,35548,35569,35573,35600,35576,35615,35668,35669,35577
35548	35547,35543,35573,35576,35600,35544,35553,35560,35564,35611
35549	1673,29459,32096,44846,140,1657,2647,2678,3099,3231
35550	35581,171,18277,23815,24733,34340,35556,19,108,133
35551	32203,9778,35738,35750,38794,1417,1943,5588,12653,15289
35552	35596,35611,35636,35564,35597,23568,35544,35554,35569,35733
35553	35580,35636,35544,35760,35558,35564,35597,35548,35573,35577
35554	35547,35781,35552,35564,35580,35597,35668,18313,35559,35573
35555	16894,35570,35594,19,108,237,1031,1139,1230,1417
35556	35581,989,1417,1943,9800,11261,18581,23746,24573,24733
35557	11746,3033,3394,5274,6565,7014,7329,9666,9778,10498
35558	35544,35553,35600,35611,35636,35547,35552,35564,35580,35597
35559	9666,19034,32317,3394,5236,6565,38141,910,1366,5242
35560	34390,23690,17636,35605,49985,13870,23507,25228,35630,35633
35561	8273,8294,8301,8307,8315,506,1782,1943,1976,2287
35562	35630,15175,16894,35678,34185,49226,49546,9194,19920,21556
35563	35595,7720,18313,35635,1114,6978,7731,17636,26953,27653
35564	35552,35668,35669,35544,35553,35554,35569,35600,35760,35781
35565	23512,35613,7713,19063,27536,35605,35630,35633,35678,49546
35566	35564,9838,18313,35543,35547,35553,35554,35567,35568,35569
35567	18313,35568,35790,967,1943,2901,8270,8399,9838,10052
35568	499,8749,35564,35567,49917,1417,6501,9803,9838,14455
35569	35547,35597,35552,35564,35680,35760,35781,35573,35574,35577
35570	35621,15356,23550,35613,35678,43447,20075,25228,32968,16865
35571	10500,10469,12107,575,4736,5071,9442,9778,9841,9955
35572	8754,24866,35548,35564,35577,35580,35584,35593,35611,35767
35573	35543,35547,35548,35611,35553,35554,35560,35564,35569,35576
35574	23512,35543,35554,35569,2752,9778,13828,13868,17636,23523
35575	3760,18313,29813,19,108,371,476,584,728,754
35576	35547,35580,35543,35548,35554,35573,35600,35544,35560,35562
35577	35543,35580,35636,35547,35552,35553,35554,35569,35739,18313
35578	35559,35586,35595,6978,17636,18313,32507,35554,35560,41817
35579	8675,42263,1535,8674,11075,25184,32779,38158,1609,2041
35580	35636,35553,35544,35576,35691,35781,18313,35554,35577,35593
35581	9841,23815,43892,35550,35556,667,7850,8715,10671,11261
35582	34356,1489,13818,13886,134,1417,5639,11261,13793,13800
35583	3010,8790,9170,16624,16894,18294,18561,18581,19554,20514
35584	1741,8235,8674,17109,17131,35559,35572,48327,19,108
35585	35678,35605,35613,6109,17740,35570,16894,20075,23550,35633
35586	18313,14064,35559,35578,35636,35728,8932,9838,11591,13807
35587	19,108,1417,1943,2798,3685,3760,6978,8674,8749
35588	35554,35713,108,23510,23682,34909,35543,35544,35547,35548
35589	17636,0,25200,34394,49985,5,19,1950,2141,2561
35590	11721,1092,5654,15285,17636,18289,18313,18841,19984,23718
35591	38743,12107,18634,12620,34909,35698,38794,1417,2242,9820
35592	23510,13076,27555,30214,32505,33762,33764,33797,108,1114
35593	24866,35543,35580,35547,35554,35600,8667,16894,18313,23550
35594	13886,13828,13832,13854,14005,23619,35603,1,8932,13911
35595	35563,35693,35543,35547,35554,35559,35578,35600,35611,35738
35596	35552,35543,8674,23568,35544,35564,35597,35611,35636,35760
35597	35552,35569,35636,35553,35554,35580,8674,35564,35596,35611
35598	19,108,1417,1943,3760,6978,8674,9730,9778,9800
35599	33912,33923,33898,33905,33907,33914,33916,13076,33900,33903
35600	35544,35547,35611,35548,35558,35564,35573,35576,35580,35593
35601	32513,13896,13793,14073,14094,454,14128,14162,14234,14244
35602	24526,19,195,3686,48685,108,638,1085,1417,1520
35603	1099,1031,8686,35678,1664,23631,27653,29379,35621,36683
35604	16894,35184,35198,35560,35738,19,37,108,114,305
35605	49226,20075,21556,16894,16862,13870,42051,23550,23690,35585
35606	35633,35678,35630,25228,35692,23550,25199,35570,16894,32968
35607	2507,1378,1417,3913,4251,9777,13076,13661,19125,22959
35608	39037,1741,1748,1752,1759,1760,1763,1765,1766,1771
35609	285,485,1348,1352,1383,1390,1455,1586,1676,2179
35610	35615,35733,35808,454,5930,9803,9812,11417,13661,13888
35611	13661,35544,35552,35600,35733,35666,35573,35644,3892,8674
35612	18576,35698,2901,9770,9841,12618,12667,12671,13828,24900
35613	19920,35692,43447,23550,32968,35570,35685,49546,27536,40204
35614	17636,23690,23525,25222,35613,35633,35661,41457,1230,12330
35615	35669,13661,35547,35636,35733,35548,35553,35573,35600,35644
35616	35621,9194,16894,23550,25228,35577,35580,35611,35636,35692
35617	27536,19920,35621,35633,19,23517,23685,25170,33416,42051
35618	2409,35567,35595,35790,1347,1367,1392,1458,1528,1543
35619	8679,24602,8756,8683,8688,8706,17450,22357,95,117
35620	1823,11600,27597,30305,32169,35584,38753,42659,43730,47582
35621	35570,15356,3734,43447,1,13866,23512,35722,13661,32532
35622	35685,49226,35678,35621,25200,27552,35560,35630,40204,42051
35623	1100,1230,2640,7527,7850,8932,13076,13800,13801,13818
35624	4261,5930,8932,12722,12938,14277,17809,20280,22732,22955
35625	549,5186,5498,5986,7989,9114,11501,12392,13858,14386
35626	13661,23510,35718,33800,35564,35693,35728,35758,35821,101
35627	
35628	13871,44892,6935,12653,40449,338,659,1064,1388,1431
35629	33898,33900,33905,33907,33912,33923,33928,33930,33965,33902
35630	9194,13870,16894,25199,35562,42051,1,1031,16862,23690
35631	
35632	87,352,503,1426,1431,2246,2915,4518,5250,6574
35633	15356,43447,23690,13870,35606,3734,34485,14181,16861,16865
35634	19,246,248,254,274,503,528,638,2054,2689
35635	8685,8816,27551,32504,32505,12666,17634,28642,32188,32488
35636	13661,35580,35552,35553,35597,35615,35760,35577,35733,18313
35637	19557,6671,12107,19536,24435,32203,40158,40548,45407,2400
35638	
35639	
35640	16914,3033,7830,13661,14246,15314,16974,20080,22939,26970
35641	1700,1772,2027,2662,6541,6679,10077,12186,13806,13875
35642	7723,11142,13661,23510,32507,35559,35578,35586,35711,35749
35643	
35644	35611,35543,35600,35615,13661,23510,35547,35548,35554,35564
35645	1220,7242,7246,12344,12450,12466,18932,19881,19915,20511
35646	13661,498,8667,32317,35621,35683,35713,5925,20561,23568
35647	14911,25152,34010,40633,105,114,162,351,439,575
35648	45,7511,0,5,20,135,478,623,629,1382
35649	24900,38737,17880,32203,38743,38794,1435,3400,9793,9798
35650	575,2901,8756,9770,13661,14178,15301,16987,18841,19041
35651	32638
35652	9783,13661,35738,6804,8143,9770,9781,9788,9840,9845
35653	132,1378,1879,3260,6017,7812,8675,8726,9847,11601
35654	9777,27536,27597,32042,1031,2561,7713,9800,10498,13898
35655	35738,15289,19881,12620,12653,22773,23511,24820,29869,32203
35656	6565,35993,35996,6678,17748,36025,36026,36053,38179,6493
35657	15175,23550,35659,1031,9194,12330,13661,13870,14181,16871
35658	33207,35564,35577,35636,35669,35751,168,439,1031,1114
35659	15172,14142,35630,25228,35633,35692,35722,49546,1031,13870
35660	35543,35808,35552,35564,35720,35760,35781,3892,23568,35547
35661	23690,25222,23586,35633,13661,17636,23510,23550,25228,34365
35662	6452,6574,10792,11784,22968,24541,30413,36009,37827,37849
35663	38737,350,638,2667,2928,3400,5588,6978,7716,9777
35664	23556,439,13661,13835,13846,13917,13983,14015,23551,34319
35665	33194,1114,1807,2547,2928,3394,5263,5944,7511,7720
35666	35611,35543,35544,35600,35668,13661,23510,35553,35558,35573
35667	9988,14149,9992,13807,13854,23515,23546,8932,9181,11410
35668	35564,35547,35554,35669,35739,35552,35569,35573,35666,35691
35669	35615,35564,35547,35668,35691,13661,35554,35573,35636,35733
35670	336,364,365,372,438,546,615,1918,2409,2598
35671	13661,24866,35580,35593,35722,49878,1617,8667,8749,14105
35672	2041,13661,35621,39070,439,13076,13858,13866,14078,14158
35673	3394,1366,5242,11756,30694,32590,1376,16380,23718,23720
35674	1043,1110,2915,6172,6978,7018,7930,9983,10267,10698
35675	35636,13661,35543,35544,35552,35580,35596,35611,35615,35616
35676	24689,39045,1757,1784,4261,4327,5235,5237,5238,5248
35677	34662,19555,32203,44892,1417,18634,34412,35738,38825,1220
35678	35692,19920,43447,35685,34185,35570,35585,35606,49546,439
35679	13638,13654,17880,18558,19501,19576,19578,25054,6,95
35680	35543,35569,35615,35683,13661,17634,23510,35544,35547,35553
35681	601,1383,2269,2346,2547,2650,2710,3971,3994,4009
35682	8674,35207,35683,13661,19388,23517,23586,27653,34171,35621
35683	35543,13661,35547,35580,35615,35646,35680,35682,35808,3892
35684	6,3875,8935,9770,9841,18287,18332,254,2242,4981
35685	32532,35722,35622,35678,35613,14123,15175,1031,13800,13818
35686	25187,1031,1689,7759,8685,32227,19,1685,2645,2646
35687	13958,439,35621,44943,454,13818,13854,13961,14005,15175
35688	12107,35698,44892,1417,9777,12632,32157,35782,38781,2561
35689	18313,1431,13661,180,467,578,812,1360,1689,3377
35690	
35691	35580,35543,35669,35668,35720,3892,35547,35553,35554,35564
35692	35678,35613,21556,19920,23550,25199,34185,35606,23520,1031
35693	13661,32513,34183,34641,35595,2588,11377,11385,11393,11395
35694	13661,35564,35669,503,1571,8674,8750,9220,9289,9841
35695	1890,3625,4591,8672,10027,10902,12154,18911,29536,30500
35696	9289,13661,19428,23362,34284,34553,34702,503,627,1571
35697	18432,7704,21253,23366,338,1059,2286,4841,4871,4907
35698	5588,12107,34909,35612,38734,9796,9825,18634,20504,35591
35699	18305,9770,9784,9832,15294,18320,18581,20506,0,21
35700	8986,8987,8996,8998,25765,30214
35701	23586,23517,34464,35207,3734,8685,13847,19388,23690,24521
35702	19881,35698,12107,5588,5998,9657,9770,9798,12667,14013
35703	8751,17634,1114,2588,5530,8726,8749,8754,9735,9778
35704	6021,6061,6085,18590,21260,35740,210,384,457,503
35705	7444,93,381,439,656,4813,6187,6783,7438,11181
35706	20075,35621,35633,3734,7476,13866,14065,14581,15175,15356
35707	3892,8667,18916,23568,25224,35543,35552,35564,35577,35580
35708	1890,3625,4591,8672,10027,10902,12154,18911,29536,30500
35709	6955,35796,1397,6452,6514,6574,6587,6654,7029,10628
35710	2892,9778,15314,17636,23564,27736,33256,34140,35589,43420
35711	13661,23510,6543,35586,13,1131,1347,1391,1394,1428
35712	3621,8735,13661,23510,35543,35544,35553,35558,35569,35600
35713	35588,35646,33192,33194,35556,35611,35636,35781,43121,87
35714	35457,35473,27597,34927,34978,34986,35435,35468,35471,87
35715	35730,35773,38737,7785,8686,13661,24900,27653,27667,27672
35716	34319,32513,8726,23512,13896,13938,13973,14043,14046,14242
35717	686,704,766,6804,10336,11181,12330,13112,13587,13661
35718	13661,35626,23510,35564,35586,35693,35758,101,503,1571
35719	35722,8674,13661,13863,13981,14013,23608,34432,34450,34466
35720	35543,35564,35660,35668,35691,35739,35808,23568,35547,35552
35721	541,1113,1754,2782,3880,3893,4161,4354,4439,5000
35722	14005,23556,14094,14162,44891,454,14105,14117,13832,13914
35723	64,343,368,750,770,807,1084,1245,2027,2674
35724	351,25170,74,366,562,2554,11863,14691,15285,15761
35725	6804,11181,12330,13852,13896,13919,14012,18313,23614,34415
35726	7704,14271,579,9805,13618,13632,13691,21260,5265,14391
35727	3247,4416,7274,7292,9796,9943,11095,16654,17910,18035
35728	35586,18313,32357,33757,35626,35636,35738,35821,270,1350
35729	14244,23611,13930,13982,14101,23682,29848,13965,13998,14026
35730	13896,34319,8726,11417,2588,14013,32513,454,13930,13948
35731	34319,23592,14029,13896,23682,23695,13998,14134,23611,14117
35732	2956,8681,11181,12409,16621,19388,30267,42218,131,223
35733	13661,35611,35552,35615,35636,35553,35569,35597,35669,8674
35734	23550,161,13793,13818,13837,13911,13983,14014,14027,14140
35735	11834,20280,910,1114,1378,1458,1459,1641,1807,2547
35736	194,19137,20482,20510,20551,35227,35772,42001
35737	7758,8685,11834,956,1022,3394,5263,7847,7848,9731
35738	44892,9770,12625,15289,35655,35782,1392,5588,13661,13871
35739	35543,35668,35808,35552,35564,35577,35720,35760,3657,23568
35740	13280,12324,2791,20522,23667,30142,575,7479,8790,9467
35741	117,934,973,1114,6042,7842,8686,12670,15175,16420
35742	7713,1,1378,1923,4364,5588,6109,6783,7726,8511
35743	15229,20504,20541,503,664,1543,1546,1571,1648,1649
35744	8754,35465,35564,35572,35577,35611,35616,35636,35644,35658
35745	439,995,1351,1528,2041,2500,6030,7850,10216,10261
35746	14204,14242,15314,18338,18575,25222,33051,34156,34423,34460
35747	1417,18289,32203,34390,34651,34909,38794,38825,40455,95
35748	14730,39025,1019,1034,1052,1404,1763,3684,4056,4525
35749	7723,11142,13661,23510,32507,35559,35578,35586,35642,35711
35750	31183,32203,35551,12466,12636,12670,18634,23511,34412,34662
35751	23568,35692,8754,9194,14064,14101,14181,16894,17634,21556
35752	2554,9841,45111,1433,4717,7639,9822,13623,13998,17032
35753	1360,1431,2169,3377,5460,8667,10051,12124,13661,13750
35754	11,131,5370,6194,6468,6477,6515,6603,6939,6993
35755	4488,5237,8298,10041,10127,15236,15246,16420,17478,18065
35756	13661,35636,1347,1352,1354,1355,1371,1379,1380,1381
35757	1244,3247,4041,6929,7248,7712,10653,11879,12572,12805
35758	12107,13882,14150,14205,14231,16851,44892,6580,12466,13661
35759	3885,49581,9453,1545,10616,11756,23718,23753,30887,32347
35760	13661,35553,35636,35552,35564,35569,35596,35597,35615,35660
35761	37001,37077,37219,37351,37597,37675,23266,34644,36710,36727
35762	17634,35560,2588,6501,13930,14027,14064,14152,14207,18313
35763	9564,25181,38838,177,454,1000,1361,2641,2919,3913
35764	8804,10899,20107,25191,32824,33498,33515,35149,35661,35798
35765	6804,11181,12330,13852,13896,13919,14012,18313,21429,23614
35766	22954,33545,33565,33568,33593,97,143,590,918,1444
35767	8879,15401,23550,25187,29759,35572,35789,47175,1617,1679
35768	3376,12107,13160,15285,23511,29326,35617,35677,54,63
35769	18313,35595,35693,35762,35790
35770	1431,12729,1387,1393,4364,6592,10018,10792,12723,19881
35771	
35772	19137,36,194,2409,5523,5536,7785,7854,11243,12466
35773	12650,22927,186,528,3880,4389,4439,7847,8671,13812
35774	19550,1923,2501,2516,2561,2603,2608,4364,8715,13076
35775	17135,33576,49869,1,339,351,483,484,516,850
35776	9820,659,5588,9822,575,6783,9770,9782,9796,9807
35777	14134,26911,33466,35678
35778	0,1417,2017,2252,2255,9811,12577,13619,15521,18591
35779	8674,8757,9800,13661,18596,23586,27566,27597,35548,35582
35780	12678,18301,18634,24900,38734,47,52,154,204,1694
35781	35554,35580,35564,35569,35544,35547,35552,35660,13661,35553
35782	12107,35738,9777,35698,44892,5588,9798,18576,22773,35688
35783	13661,15383,36688,44089,44099,87,95,171,230,454
35784	
35785	9770,9793,9794,9822,9838,9840,15341,18277,19885,25247
35786	35621,129,694,726,2105,3377,3734,6198,7371,7470
35787	18581,18619,19915,35591,681,1428,1913,1943,2956,3879
35788	18634,32203,35738,1435,8233,9793,9820,12625,12653,13871
35789	13661,35572,35611,35680,35767,1617,1778,1780,2627,2729
35790	18313,35567,13661,35563,35618,35636,2588,2749,2755,6501
35791	7704,6161,7509,13618,13691,14271,16816,5265,5933,8783
35792	7702,9770,9839,9882,13632,13636,13670,13681,14271,15757
35793	9289,23690,34553,35633,8677,13866,13872,15175,15314,25228
35794	23510,503,1571,3573,9220,9289,9841,9850,10165,11018
35795	38734,910,1956,1966,8143,9783,9845,10518,12107,12620
35796	19881,23511,25181,32203,35709,2919,10899,11192,12626,12661
35797	1435,2523,5090,5996,8233,8786,10477,12097,12101,12109
35798	35731,3573,8726,13981,14043,14140,14150,14182,14229,14231
35799	13280,15761,5670,8814,13623,18441,18829,22599,33520,615
35800	9839,13632,18359,3010,8814,11863,14271,15761,17486,18347
35801	24900,30244,5588,9798,12618,12620,12625,12667,18634,19881
35802	9800,27667,35654,11,638,987,1234,1797,2928,4364
35803	9770,9820,9973,12653,12655,13654,18437,18578,38300,41775
35804	575,35740,168,1230,4223,4717,5498,12351,13280,13638
35805	36333,9778,18093,44809,6170,7242,9973,13280,13632,13637
35806	24689,39045,1763,3685,4261,4369,5237,5247,14730,23022
35807	
35808	35543,35660,35739,35552,35580,35683,35720,3657,18313,35554
35809	
35810	5265,8783,14318,17059,1230,4246,9467,13689,14271,16979
35811	9770,9798,9841,9847,14244,35612,35731,5188,5682,9822
35812	9839,18608,20522,20846,24154,43016,47804,47810,154,1433
35813	18575,23542,23568,23615,24866,35548,49226
35814	9885,13640,13701,14324,18315,18361,18461,22541,24147,24149
35815	339,1357,2101,2603,3435,3885,5536,7243,8617,8715
35816	7476,13792,13867,13967,14005,14040,14044,14063,14065,14123
35817	
35818	40062,5933,5986,6196,7343,7433,8492,8786,9586,9869
35819	44895,9798,13828,13832,13854,13882,14039,14142,14152,14221
35820	30448,30473,30338,30369,30379,30394,30397,30406,30477,5234
35821	18313,23510,35567,35586,35626,35728,35758,2749,2755,6804
35822	35843,575,5933,6161,13280,14271,18311,18560,20480,20542
35823	14244,14128,23682,14013,14078,14117,14209,23592,26911,8726
35824	
35825	1,34,452,1020,4454,7516,7766,9718,9803,11093
35826	503,1571,9220,9289,9841,9850,10165,11018,13661,13882
35827	8677,34641,626,11400,11404,14232,19428,22756,34179,34257
35828	
35829	25228,35633,15175,19920,23568,25138,32968,34185,35570,35613
35830	
35831	23550,1,98,168,1390,1417,1639,3734,3937,4670
35832	95,338,744,1220,1397,2474,3376,3377,4208,4725
35833	1264,1417,1790,2928,5818,6018,7796,8797,9451,9586
35834	19063,27595,13832,14027,14229,17041,23553,32031,32532,37981
35835	
35836	15710,40633,134,152,159,182,237,1814,2957,4431
35837	14242,14244,24761,14142,14204,14209,14221,14243,23682,23701
35838	13661,35580,35621,35664,35683,439,995,1351,1528,2041
35839	1031,2588,7713,8686,9589,9604,9771,9829,9830,12633
35840	1393,4184,8671,12650,13795,22939,22940,22968,34358,101
35841	6,19,522,621,951,1661,1825,2641,2657,4252
35842	634,995,1356,1393,2793,5263,5274,5809,6453,6472
35843	35822,5933,575,1230,5682,13618,18560,47758,579,1392
35844	13948,35732,146,1667,1704,2876,3250,4321,4839,5682
35845	12107,52,154,204,1694,2667,2687,2806,5955,5956
35846	40654
35847	12107,32203,35738,1357,9793,13871,13929,15289,18301,18861
35848	
35849	9800,34931
35850	1521,2285,17642,17665,1524,3010,13317,13644,16372,16373
35851	12641,19881,44892,3394,12618,12653,12678,14691,15289,18287
35852	18595,8786,13638,17059,21260,578,8233,8797,9773,13654
35853	503,1571,9220,9289,9841,9850,10165,11018,13661,13882
35854	12107,13654,23667,35856,577,596,622,941,1417,1464
35855	8686,10022,10066,10082,17343,18095,19365,22959,23279,36675
35856	13618,10498,12554,14324,18348,18359,41775,42240,575,4981
35857	995,1355,1357,2198,2204,2786,2901,3443,3915,5639
35858	23366,2286,11863,13620,18626,20522,40723,254,2446,4240
35859	14134,14231,14236,23638,2054,13898,13966,14203,14218,14242
35860	7508,8742,14204,15207,19428,22356,34200,34386,34498,34505
35861	8790,17343,18844,2204,9770,18449,18806,23366,42897,1392
35862	
35863	535,1244,2032,2040,2060,2076,2181,2601,2857,2976
35864	16197,3305,4281,6279,14495,16196,16198,16200,16208,16215
35865	10764,21355,35864,35866,35867,35868,35869,35870,35871,35872
35866	10764,21355,35864,35865,35867,35868,35869,35870,35871,35872
35867	10764,21355,35864,35865,35866,35868,35869,35870,35871,35872
35868	1301,10301,10764,12768,19080,21211,21355,21943,24585,24620
35869	10764,21355,35864,35865,35866,35867,35868,35870,35871,35872
35870	12647,15761,7611,9105,9954,13640,20826,42497,43090,48025
35871	659,1113,3565,3784,4210,5179,6553,8704,8804,10058
35872	2014,2027,2798,3405,3520,3540,4101,4549,4571,5550
35873	7977,9044,10764,21355,27312,35864,35865,35866,35867,35868
35874	10764,21355,35864,35865,35866,35867,35868,35869,35870,35871
35875	5809,14391,9950,10350,10532,13681,14264,14318,14319,14346
35876	2044,2665,3026,3424,4137,4341,4509,4770,5284,6219
35877	21355,44959,1244,2054,2426,2588,3210,4782,5429,7019
35878	10764,21355,35864,35865,35866,35867,35868,35869,35870,35871
35879	10764,21355,35864,35865,35866,35867,35868,35869,35870,35871
35880	941,2572,2639,3874,4340,5926,10764,21355,23534,26519
35881	10764,21355,35864,35865,35866,35867,35868,35870,35871,35872
35882	43989,20094,10162,43988,32620,43095,43997,44007,3173,6922
35883	5332,35884,35885,35887,35888,35890,35892,35893,35894,35895
35884	35926,35890,43983,43988,8846,10162,35895,35930,43973,43985
35885	35892,35931,5332,35883,35884,35887,35888,35889,35890,35893
35886	15484,45370,15524,35892,35900,321,624,1113,1220,1340
35887	5332,35883,35884,35885,35888,35890,35892,35893,35894,35895
35888	5332,35883,35884,35885,35887,35890,35892,35893,35894,35895
35889	2540,6922,11180,22040,35885,35917,35931,43989,464,1387
35890	35899,43988,16623,20094,32620,35928,45487,8846,20097,25728
35891	35903,338,2865,14265,19505,22840,24253,24254,24260,35907
35892	9659,42449,1826,2865,7630,11035,11246,13834,19118,35885
35893	25728,43988,35895,35923,28344,35899,35903,35907,35916,35920
35894	6611,4498,5142,5332,6482,6486,6497,6536,6542,6574
35895	35915,35899,20097,25728,8846,16623,35893,43988,3173,10162
35896	35907,35890,20094,35895,35915,343,3173,7422,8153,16623
35897	35907,10651,32046,33331,35890,35896,35903,282,284,287
35898	541,1918,4053,5226,5332,8846,8861,8895,8896,9975
35899	35890,35895,35915,25728,35928,1432,17556,35926,1201,1347
35900	6653,6654,40606,40891,42921,329,5407,6611,10778,14454
35901	35903,1062,2196,2501,2676,2702,2791,2897,2921,4717
35902	5332,8846,19505,35883,35884,35885,35886,35888,35889,35890
35903	48468,32928,6944,11261,35923,38221,43989,43997,48464,3377
35904	35931,5332,8846,19505,35883,35884,35885,35886,35887,35888
35905	8846,19505,35895,35903,35907,569,2017,2058,2976,4576
35906	5332,8846,19505,35883,35884,35885,35886,35887,35888,35889
35907	48468,19505,10701,35896,35926,43989,48444,1680,6452,6544
35908	1913,2802,10670,10730,10736,10749,13408,14318,19444,21158
35909	5332,8846,19505,35883,35884,35885,35886,35887,35888,35889
35910	35903,35926,8846,19505,35884,35890,35893,35899,35907,35923
35911	5332,8846,19505,35883,35884,35885,35886,35887,35888,35889
35912	35900,1740,5332,8846,19505,32486,35883,35884,35885,35886
35913	8846,19505,35895,35903,35907,569,2017,2058,2976,4576
35914	35893,35915,35927,35928,35929,5332,7593,8741,8846,14265
35915	25728,35895,35928,35899,21168,35920,35927,44007,10162,19505
35916	35893,35915,35923,9099,35884,35890,35899,35903,35920,35922
35917	35889,35892,35931,43989,1387,1447,5307,5332,5402,6922
35918	20097,35899,35903,38221,8846,27913,28520,35890,35895,35915
35919	1680,40623,6925,6929,6944,15989,20060,35193,1397,2606
35920	43988,32620,35923,35890,35915,6547,13009,29273,35893,35895
35921	5332,8846,19505,35883,35884,35885,35886,35887,35888,35889
35922	8846,35884,35890,35893,35903,35907,35916,35926,35932,5332
35923	35920,35929,35893,35903,35907,35915,35916,43988,43989,1405
35924	5332,8846,19505,35883,35884,35885,35886,35887,35888,35889
35925	35899,35890,35926,35928,35932,1347,1349,1352,1354,1355
35926	35884,35907,43989,35899,43973,35895,35903,35910,35927,35930
35927	35915,35928,35890,35926,5332,25728,35883,35885,35887,35888
35928	35915,25728,35890,35899,35927,35907,43983,44007,5332,8846
35929	35923,43975,43989,32928,35893,43997,8846,15989,24487,35890
35930	35884,35890,35926,35915,35920,35923,35927,35929,43988,43989
35931	35885,35892,5332,35883,35884,35887,35888,35889,35890,35893
35932	35903,35926,28344,32928,35890,35907,35915,35920,35922,35925
35933	30776,45748,22985,1790,2036,2059,2104,3020,10674,19434
35934	35939,35947,35953,35954,35962,35965,35941,35967,35936,35968
35935	35934,35936,35937,35938,35939,35940,35941,35942,35943,35944
35936	35958,35960,35962,35965,35967,35953,35934,35956,35937,35945
35937	35940,35958,35959,35965,35967,35936,35939,35942,35953,35954
35938	35972,35940,35943,35950,35958,35941,35942,35945,35947,35953
35939	35960,35934,35953,35954,35962,35965,35967,35950,35956,35937
35940	35972,35937,35948,35938,35951,35964,35969,35975,30776,35949
35941	35954,35942,35962,35950,35934,35945,35968,35956,35944,35972
35942	35959,35941,35954,35965,35950,35967,35953,35937,35944,35945
35943	35953,35945,35972,35938,35944,35948,35946,35951,35961,35964
35944	35941,35942,35943,35947,35959,35945,35954,35958,35934,35946
35945	35941,35958,35960,35943,35947,35954,35936,35942,35950,35967
35946	35954,35959,35936,35939,35941,35942,35943,35953,35956,35958
35947	35934,35950,35968,35945,35972,35944,35938,35949,35964,35970
35948	35940,35936,35943,35953,35958,35960,35962,35965,35967,35939
35949	35936,35947,35959,35940,35943,35946,35953,35958,35960,35962
35950	35941,35947,35954,35962,35967,35942,35968,35939,35953,35936
35951	35936,35940,35941,35942,35943,35958,35959,35937,35944,35945
35952	35934,35937,35938,35940,35941,35942,35943,35947,35950,35953
35953	35943,35965,35934,35939,35962,35936,35942,35950,35937,35948
35954	35941,35942,35934,35939,35950,35968,35945,35956,35937,35946
35955	35940,35950,30776,35934,35935,35936,35937,35938,35939,35941
35956	35936,35939,35941,35954,35958,35960,35962,35965,35967,35934
35957	35934,35935,35936,35937,35938,35939,35940,35941,35942,35943
35958	35936,35945,35968,35972,35937,35956,35938,35948,35944,35946
35959	35942,35937,35944,35946,35949,35951,35961,35975,45748,30776
35960	35936,35939,35945,35956,35948,35946,35961,35970,45748,30776
35961	35934,35943,35958,35959,35960,35965,35936,35939,35941,35942
35962	35967,35941,35934,35936,35939,35950,35953,35968,35956,35937
35963	35934,35938,35961,35972,3131,4046,4275,7657,9891,10408
35964	35934,35938,35940,35941,35943,35947,35950,35953,35954,35958
35965	35953,35934,35936,35939,35942,35937,35956,35948,35972,35938
35966	35940,35943,35947,35959,35934,35935,35936,35937,35938,35939
35967	35962,35936,35939,35950,35934,35942,35968,35937,35956,35972
35968	35941,35947,35950,35954,35958,35962,35967,35934,35936,35939
35969	35940,35948,35936,35937,35939,35941,35942,35943,35951,35953
35970	35934,35936,35939,35941,35943,35945,35947,35950,35953,35954
35971	35934,35936,35939,35941,35942,35943,35944,35945,35946,35947
35972	35940,35958,35938,35943,35947,35967,35941,35950,35962,35965
35973	35954,35939,35940,35941,35942,35943,35944,35947,35948,35959
35974	10971,40053,1693,3014,3018,3019,3027,6089,7568,8178
35975	35939,35940,35953,35959,35934,35936,35937,35943,35947,35958
35976	35938,35940,35942,35943,35945,35950,35958,35959,35960,35972
35977	37834,6565,6659,6678,6580,6493,6534,37894,7329,11081
35978	17748,36017,36047,36013,36015,36016,36026,35999,36024,36053
35979	35996,35998,36009,36019,36024,36039,35986,35987,35993,36001
35980	36008,36014,35991,35997,36016,36019,17748,35978,35993,35999
35981	5498,6589,6609,11259,12835,14596,14764,17748,24490,26905
35982	35999,36053,37834,35998,36039,6565,36013,36016,36063,36019
35983	36054,36031,6565,6580,35989,35999,36013,36042,4498,35993
35984	17748,26905,35978,35980,35991,35996,35997,36008,36011,36013
35985	36013,37834,35989,36016,36019,36063,6678,36001,36025,36026
35986	36019,35987,36002,6565,17748,36011,36016,36017,36026,36042
35987	35993,36024,35986,36013,36001,36002,17748,36025,36017,36026
35988	35996,35989,35993,36039,36063,6565,36019,36025,37834,6487
35989	35999,36039,36009,35992,36013,17748,36017,36025,35985,36002
35990	35994,35997,36008,36011,36014,36041,36049,5498,6589,6609
35991	36008,36019,36050,17748,36015,37866,6452,6565,6577,36017
35992	35999,36009,35989,36024,36039,36016,36063,6493,17748,6678
35993	35987,35994,36050,36042,36020,36060,36041,36014,6534,11081
35994	35993,36039,35999,36001,36024,36009,36061,35989,35992,35998
35995	36000,36036,19457,17999,19506,23476,6653,17556,35989,35993
35996	6565,36001,36011,17748,36002,36026,36017,36060,6659,36042
35997	36019,36041,36013,36017,35999,36001,36016,37834,6565,6626
35998	36001,36019,6678,17748,36017,36026,35982,36021,36020,36049
35999	36017,35989,6565,35992,36025,35982,35994,36042,36006,36041
36000	35995,35993,36013,36025,36039,36061,6565,6678,26905,35988
36001	36019,35998,35996,36026,35987,36053,6678,35994,36006,35985
36002	36061,35986,36011,17748,36017,35987,35996,36053,6659,35989
36003	35993,35994,35997,35999,36001,36008,36014,36016,36019,36024
36004	6982,35994,36014,6966,17748,23730,35978,35991,36050,6514
36005	5498,6589,6609,11259,12835,14596,14764,17748,24490,26905
36006	35999,36001,35998,36039,36052,36011,36051,36061,35996,36017
36007	36019,36031,36053,36061,36063,6534,6542,6565,6678,35986
36008	35991,36019,36041,36013,6514,6961,11477,35999,36001,36016
36009	36019,35989,35992,6565,6678,35994,36049,36023,6493,6580
36010	35993,36013,36024,36061,36063,6678,35996,36001,36011,36016
36011	6659,36039,36061,36053,36063,35996,36002,36026,35986,36051
36012	36039,5274,6565,10616,6574,7329,35996,35998,35999,36009
36013	36016,36063,36017,6565,35987,35989,36049,36021,36025,35985
36014	6565,6493,35993,36041,37846,6609,35999,36001,36009,36016
36015	6452,23738,1356,17748,35978,35991,36050,10778,23755,23792
36016	36013,36063,35992,36026,36053,36050,6493,35986,36025,6678
36017	35999,17748,36013,36002,35989,35998,35996,36041,35986,35987
36018	6609,35993,35999,36001,36002,36006,36009,36011,36016,36017
36019	36001,36009,35998,36050,35986,6493,36007,35985,36052,38179
36020	35993,37834,36013,36039,35998,36024,17748,35986,36019,35987
36021	36013,36024,35998,17748,36026,35986,36061,6565,6659,35987
36022	5498,6589,6609,7039,12729,17576,26905,30981,30995,35978
36023	36009,36039,35993,36016,37834,36011,36050,35996,36024,36061
36024	35987,35992,36026,35994,36052,36021,36050,6493,6580,36041
36025	36063,17748,35999,36013,35987,35989,36016,35992,36053,6493
36026	36001,36016,36024,36011,35996,35998,36049,6493,35986,35987
36027	1388,1426,4264,4521,5231,5498,6589,6609,6663,6882
36028	35999,36009,36011,36023,36039,35992,35993,35996,35998,36001
36029	35999,36011,35993,35994,36001,36014,36024,36026,36033,36041
36030	36061,35993,35996,35998,36001,36011,36024,36039,37834,17748
36031	6565,36039,35999,36061,37834,36009,36016,6659,35996,36050
36032	5498,6589,6609,11259,12835,14596,14764,17748,24490,26905
36033	35993,36011,36024,36029,35994,35999,36000,36001,36014,36026
36034	5498,6589,6609,15989,24486,26905,28323,35978,35986,35990
36035	35994,36011,36049,36050,6659,7951,26905,35991,35997,36014
36036	35995,36031,6580,35989,35999,36013,36042,35993,35994,36011
36037	36050,3173,3247,5498,6589,6609,11259,12835,14596,14764
36038	5498,6589,6609,11259,12835,14596,14764,17748,24490,26905
36039	36011,35989,35992,36050,35994,36049,35982,36020,36051,37894
36040	35989,35993,35999,36002,36009,36011,36013,36016,36020,36021
36041	35993,36017,17748,35999,36014,36024,36001,37834,35998,36009
36042	6565,35993,35999,6580,36011,36013,36017,35986,35996,36024
36043	14861,39797,131,198,285,1414,1448,3422,5498,5641
36044	36009,36013,36001,36024,37834,6659,35998,36017,36063,6565
36045	36055,1111,2549,3656,4097,4104,5498,5661,6589,6609
36046	5498,6589,6609,11259,12835,14596,14764,17748,24490,26905
36047	35978,17748,6659,36015,36050,36017,36041,36004,36013,36016
36048	35999,17748,36013,36016,36019,36061,35985,35998,36001,36017
36049	36013,36039,36009,36026,36063,35998,36061,35989,36025,36052
36050	36019,37834,35993,36039,17748,36016,36024,36063,35992,36052
36051	36011,35999,36039,35998,36061,36019,6659,35986,35996,36006
36052	17748,36024,36017,36050,36061,35986,36019,6659,35987,35996
36053	36061,6565,36011,6659,17748,36016,36001,35982,36002,36060
36054	17748,35983,36019,35995,35989,36031,6580,35986,35988,35999
36055	17785,36045,1111,2549,5498,5661,6478,6589,6609,6614
36056	17748,36000,36013,36029,35983,35989,35993,35995,36010,36011
36057	36011,35993,35999,36039,37834,36050,36051,6659,36013,36024
36058	36031,6580,35989,35999,36013,36042,6565,35993,35994,36011
36059	5498,6589,6609,11259,12835,14596,14764,17748,24490,26905
36060	35993,35996,36011,36053,37834,36063,6565,6659,36001,35986
36061	36011,36053,36002,6678,6659,26905,35994,36050,36052,36049
36062	6496,6481,6536,6554,6450,6456,6483,6495,6497,3885
36063	36011,36013,36016,36025,35992,6659,36049,36050,35985,36002
36064	8319,32313,33210,37945,37948,37962,38037,40350,17199,37982
36065	15797,1534,1661,1702,3948,6821,8292,8399,15353,15386
36066	36090,36069,36079,36081,36088,36080,8319,36073,36083,36094
36067	36070,36089,36069,36075,36080,36081,36088,36094,36095,36097
36068	36071,36077,36082,36072,36074,36078,36083,36084,36085,36070
36069	36088,37998,38038,38036,37970,38049,31236,37973,38055,38086
36070	36089,36067,36071,36091,32313,36072,33210,36084,36090,38098
36071	36070,36068,36089,36090,36069,36073,36080,36081,36083,36088
36072	36084,36070,36077,36085,36086,36068,36075,36089,36090,36069
36073	36066,36068,36071,36072,36074,36077,36078,36082,36083,36084
36074	36077,36082,36078,36084,36085,36086,36068,36075,36079,36081
36075	36067,36072,36074,36077,36078,36082,36084,36085,36086,36068
36076	1680,1787,5384,6955,6959,6960,6993,7001,7042,7046
36077	36082,36074,36079,36081,36068,36072,36078,36084,36085,36086
36078	36074,36082,36077,36084,36085,36086,36068,36075,36070,36073
36079	31304,4213,28640,28659,36077,4464,28645,28650,28661,28684
36080	36079,8319,36066,36077,36088,36067,36071,36072,36074,36084
36081	36077,36066,36091,32313,36074,37945,40350,31304,33210,36067
36082	36077,36074,36078,36085,36068,36079,36086,8319,36075,36083
36083	36068,36077,36082,36066,36071,36072,36073,36074,36078,36084
36084	36072,36074,36077,36078,36086,36068,36070,36075,36090,36069
36085	36082,36072,36074,36077,36078,36086,36068,36075,36070,36073
36086	36072,36074,36077,36078,36082,36084,36085,36075,36090,36070
36087	1415,5270,5489,6668,6998,7034,7346,7359,11141,11747
36088	36069,37982,8319,37996,37947,37970,37998,38038,38098,36066
36089	36070,36069,36067,36071,36072,36082,36091,17199,32313,36068
36090	36066,36071,36069,36070,36072,36084,36086,36073,36074,36078
36091	37974,38049,38006,37980,31304,37993,38000,38044,38047,5260
36092	36065,36066,36067,36068,36069,36070,36071,36072,36073,36074
36093	36065,36066,36067,36068,36069,36070,36071,36072,36073,36074
36094	36066,36067,36070,36071,36072,36089,36095,854,1234,1387
36095	1234,36066,36067,36070,36071,36072,36089,36094,2505,9153
36096	36544,956,2645,3584,3587,3588,3590,3592,5165,5225
36097	36066,36067,36069,36070,36071,36072,36080,36081,36084,36090
36098	36065,36066,36067,36068,36069,36070,36071,36072,36073,36074
36099	36065,36066,36067,36068,36069,36070,36071,36072,36073,36074
36100	36065,36066,36067,36068,36069,36070,36071,36072,36073,36074
36101	132,7343,9691,9775,9801,9803,12618,12637,12662,14871
36102	32342,38286
36103	36108,1348,1545,4420,4732,5529,7057,10851,11077,12258
36104	32342,38286
36105	32342,38286
36106	32342,38286
36107	32342,38286
36108	36103,36109
36109	36108,32342,38286
36110	28994,6397,12512,12555,22085,28033,223,456,569,574
36111	36119,36123,36126,36117,36128,36113,36114,36122,36129,36146
36112	36127,36128,36149,36131,456,2014,4114,4133,4135,4219
36113	36117,22553,36111,36115,36119,36122,36123,36126,36129,36130
36114	28994,36111,36115,36117,36119,36122,36123,36126,36129,36130
36115	36122,36127,36129,36149,28994,36113,36114,36131,36146,456
36116	19429,3230,3574,6804,11383,12338,21866,22357,29720,29767
36117	36119,36126,36130,3971,36111,36113,601,2269,2547,4009
36118	4135,26107,36111,36112,36113,36114,36115,36116,36117,36119
36119	36128,36111,36117,36131,36149,36113,36114,36129,36138,36139
36120	1823,10240,25402,26351,46086,1085,1100,1140,1689,3518
36121	4135,14319,21619,26107,26250,36111,36112,36113,36114,36115
36122	36115,36123,36130,36128,36131,36111,36113,36114,36117,36129
36123	36111,36122,36128,36127,36129,36149,28994,36113,36114,36131
36124	36144,4135,7255,7630,7897,9490,10489,11246,15127,16122
36125	858,1242,1797,1855,2030,2940,3429,3918,3924,3962
36126	36111,36117,36113,36114,36129,36138,36146,4114,4135,4219
36127	36112,36115,36130,36123,36149,4135,14887,26107,28033,36111
36128	36119,36112,36123,36111,36122,36131,36149,36117,36138,4114
36129	36115,36123,28994,36111,36113,36114,36119,36122,36126,36130
36130	8468,18136,22646,4223,4415,6180,13276,13277,22319,26119
36131	36119,36122,36128,36130,36112,36115,36123,36138,4135,26107
36132	6920,9195,9204,29674,229,5803,5814,5849,5853,9193
36133	4135,26107,36111,36112,36113,36114,36115,36116,36117,36118
36134	4135,26107,36111,36112,36113,36114,36115,36116,36117,36118
36135	11354,11428,11433,43945,11341,43929,11361,26267,11359,11363
36136	34964,28,38,83,85,133,146,164,1660,4135
36137	5971,439,454,3004,3134,3142,3153,3184,3204,3226
36138	36119,36122,36126,36128,36131,4135,26107,36111,36112,36113
36139	22154,26107,6568,9667,12511,30749,36119,7,235,503
36140	4135,26107,36111,36112,36113,36114,36115,36116,36117,36118
36141	4135,26107,26439,36111,36112,36113,36114,36115,36116,36117
36142	198,1376,2190,3003,4135,4736,5085,5901,5903,6157
36143	354,2802,4104,4135,5766,7282,10381,11198,11213,12512
36144	26535,6653,12052,36124,42776,551,2572,3937,4135,5294
36145	6142,17470,134,138,166,17070,24352,24356,26872,30351
36146	36111,36113,36114,36115,36117,36119,36122,36123,36126,36129
36147	4135,26107,36111,36112,36113,36114,36115,36116,36117,36118
36148	34151,325,338,522,529,570,572,581,598,600
36149	36112,36115,36119,36123,36127,36128,36111,36122,4114,4135
36150	17556,45481,28722,30958,37857,45435,6575,10778,12714,14606
36151	27008,27005,27012,24487,12063,22526,24432,27006,27013,27014
36152	17748,19343,33742,1403,1432,1445,2924,3247,3852,4399
36153	12344,40850,672,692,1043,1409,1445,1694,2698,2802
36154	27007,27009,27010,36156,36158,36159,36162,372,6598,7930
36155	7930,12714,15989,25527,26372,27703,32699,45603,48494,362
36156	27005,27009,27012,27013,27014,27017,36154,36159,36160,36161
36157	40232,40239,284,3702,7204,7930,8220,8763,10709,11101
36158	27005,27009,27014,27006,27013,27017,36154,36159,36160,36161
36159	27007,27009,27010,36154,36156,36158,36160,36162,6598,7930
36160	27007,27009,27010,36156,36158,36159,36162,372,6598,7930
36161	27009,27010,27011,36156,36158,36162,7930,14484,27005,27006
36162	27005,27012,27006,27013,27014,27017,36154,36159,36160,36161
36163	24447,24450,28722,28776,41383,1403,12344,17556,17649,22639
36164	25433,25434,25435,25443,25445,25446,25447,25448,25449,25450
36165	25437,25444,13912,18499,20283,25433,25434,25435,25443,25445
36166	36169,20292,25437,25444,36189,18499,25433,25434,25435,25443
36167	43003,1390,1455,8685,13119,23770,24573,25268,25455,30887
36168	3376,3377,11261,18499,25433,25434,25435,25437,25443,25444
36169	36166,20292,25437,25444,18499,25433,25434,25435,25443,25445
36170	140,1680,3099,6452,6544,6994,8283,9154,11132,12700
36171	3376,3377,11261,18499,25433,25434,25435,25437,25443,25444
36172	18499,25433,25434,25435,25437,25443,25444,25445,25446,25447
36173	4832,17025,24371,154,557,3685,6161,6823,7699,9822
36174	147,242,484,1369,1389,2128,2411,2569,2611,2729
36175	3376,3377,11261,18499,25433,25434,25435,25437,25443,25444
36176	18499,23913,25433,25434,25435,25437,25443,25444,25445,25446
36177	18499,23913,25433,25434,25435,25437,25443,25444,25445,25446
36178	15149,15153,15155,15156,15165,30709,15150,15151,15152,15154
36179	23309,39,186,284,289,292,299,528,575,638
36180	25433,25437,25444,25445,25447,25449,25450,25453,25454,25455
36181	36197,7557,46565,49100,49113,14038,14621,25459,46552,46566
36182	18499,25433,25434,25435,25437,25443,25444,25445,25446,25447
36183	23762,6962,23717,23779,23787,32435,34526,36190,36198,48321
36184	7459,22291,41785,169,180,887,3994,4254,6166,8640
36185	25728,30870,45707,854,1387,1404,1433,1970,3094,4522
36186	25437,25443,25433,25449,36196,25455,36201,36202,25446,25456
36187	25433,25434,25435,25437,25443,25445,25446,25447,25448,25449
36188	1413,5263,6519,7907,11750,22660,22666,24046,28642,32050
36189	36164,36166,18499,20292,25433,25434,25435,25437,25443,25444
36190	23779,32435,49606,4447,5242,9453,23731,23787,33773,39809
36191	3376,3377,11261,18499,25433,25434,25435,25437,25443,25444
36192	25455,36167,147,238,242,512,1083,1389,1661,2206
36193	25433,25435,25437,25443,25444,25445,25446,25447,25448,25449
36194	40134,7046,40126,40129,40151,35091,40128,1250,1428,2179
36195	25447,25434,25444,25433,25455,25456,25445,25446,25454,25463
36196	25437,36186,25433,25444,25449,36201,36202,25455,25456,25448
36197	36181,46565,14643,46552,46566,49113,49128,49158,4631,7557
36198	6962,23717,23777,10616,40038,49630,7049,20154,23785,25300
36199	25433,25449,25453,25456,25463,25435,25443,25445,25446,25451
36200	18499,25433,25434,25435,25437,25443,25444,25445,25446,25447
36201	36202,25437,25443,25453,36186,36196,25433,25444,25435,25455
36202	36201,25437,25443,25453,36186,36196,25433,25444,25435,25455
36203	18499,25433,25434,25435,25437,25443,25444,25445,25446,25447
36204	25433,25443,25462,36186,25434,25435,25437,25444,25445,25446
36205	25433,25434,25435,25443,25445,25446,25447,25448,25449,25450
36206	25433,25434,25435,25437,25443,25445,25446,25447,25448,25449
36207	25433,25434,25435,25437,25443,25445,25446,25447,25448,25449
36208	43064,522,10167,10534,12677,20506,30195,35740,88,528
36209	561,579,1417,10537,23065,36210,36211,36212,36213,36214
36210	561,579,1417,10537,23065,36209,36211,36212,36213,36214
36211	457,575,2204,18088,41697,338,561,578,579,636
36212	35900,36222,40831,43107,123,154,180,237,299,329
36213	561,579,1417,10537,23065,36209,36210,36211,36212,36214
36214	1417,10164,17468,18357,36217,338,561,576,579,1043
36215	548,561,575,579,1230,1417,2786,5681,5809,6121
36216	561,579,1417,10537,23065,36209,36210,36211,36212,36213
36217	36214,561,579,1417,6111,8514,10164,10537,12895,20569
36218	561,579,1417,10537,23065,36209,36211,36212,36213,36214
36219	561,579,1417,10537,23065,36209,36210,36211,36212,36213
36220	561,579,1417,10537,23065,36209,36210,36211,36212,36213
36221	561,579,1417,10537,23065,36209,36210,36211,36212,36213
36222	13995,338,1417,3937,4819,5933,12328,14930,18560,20472
36223	561,579,1417,2554,2558,4988,5960,7590,7639,8613
36224	561,579,1417,10537,23065,36209,36210,36211,36212,36213
36225	11843,13338,21900,28517,42831,42832,49352
36226	36237,36228,36238,36244,36232,36236,36227,36233,36234,36235
36227	36241,11843,13338,36226,36228,36229,36230,36231,36232,36233
36228	36238,36240,36226,36232,36243,36244,36234,36235,36236,21900
36229	36243,36235,36236,36244,36234,21900,28517,36227,36233,36241
36230	36239,36243,36232,36236,36234,36235,36244,21900,28517,36227
36231	36236,36244,36232,36234,36235,21900,28517,36227,36233,36241
36232	36228,36230,36231,36234,36238,36239,36240,36244,36226,36236
36233	36234,36237,36238,36243,36244,36246,36226,36227,36228,36229
36234	36232,36238,36239,36243,36228,36229,36230,36231,36233,36240
36235	36236,36229,36239,36228,36230,36231,36238,36240,36243,36246
36236	36239,36231,36235,36229,36230,36240,36226,36228,36232,36241
36237	36226,36243,36246,3882,3894,3904,11551,12549,13486,14396
36238	36228,36240,36226,36243,36244,36232,36234,36233,36235,36246
36239	36230,36236,36232,36234,36235,21900,28517,36227,36233,36241
36240	36228,36238,36244,36232,36236,36234,36235,21900,28517,36227
36241	36227,36234,36236,11843,13338,36226,36228,36229,36230,36231
36242	6214,13179,18109,36246,576,2862,4059,4114,4208,4415
36243	36237,36229,36230,36238,36228,36234,36233,36235,36246,36227
36244	36231,36238,36240,36226,36228,36229,36232,36246,36230,36233
36245	36226,36227,36228,36229,36230,36231,36232,36233,36234,36235
36246	36237,36244,36233,36235,36238,36242,36243,36226,36227,36228
36247	30628,134,282,1520,6452,6514,6587,6609,7056,10920
36248	36269,30628,36259,36262,36270,36277,31,5670,12153,14474
36249	36255,36258,36250,36256,36263,36276,7056,12729,32590,36248
36250	36255,36260,36249,36263,36276,36248,36251,36253,36254,36256
36251	36257,36270,36278,36254,36264,36267,36268,36274,25304,31275
36252	36256,7056,12213,12729,28759,32590,36248,36251,36253,36254
36253	3023,30602,36278,36267,36280,363,381,387,699,1969
36254	36262,36251,36269,36270,36277,36278,36281,36248,36249,36250
36255	36249,36250,36256,36263,36276,1700,1772,7056,12186,12729
36256	37841,37861,37827,6535,6986,49635,6574,6970,37842,6626
36257	36274,36251,36270,36277,36278,36269,36280,36281,25304,31275
36258	36249,36256,36263,36276,7056,12213,12729,32590,36248,36251
36259	36269,36280,36248,36281,134,25304,31275,36249,36250,36252
36260	36250,36263,36276,168,282,285,288,499,920,1413
36261	6979,17152,30327,38282,147,242,1389,2569,3669,4398
36262	36254,36268,36267,25306,36248,36269,36280,134,6544,7019
36263	36249,36250,36255,36258,36260,36276,28704,28708,28757,34405
36264	36266,36267,36268,36274,36251,36270,36277,36278,36280,25304
36265	36248,36249,36250,36251,36252,36253,36254,36255,36256,36257
36266	36264,36274,36277,36270,36278,36269,36280,36281,25304,31275
36267	36268,36262,36264,36251,36274,36278,36280,36253,36270,36277
36268	36262,36267,36264,36251,36270,36277,36278,36280,36248,36249
36269	36248,36254,36259,36270,36257,36262,36266,36271,36277,117
36270	36251,36254,36257,36264,36266,36269,36274,36248,36267,36268
36271	36269,36278,1135,3023,3950,6397,6547,6649,7849,10077
36272	36248,36249,36250,36251,36252,36253,36254,36255,36256,36257
36273	36248,36249,36250,36251,36252,36253,36254,36255,36256,36257
36274	36257,36266,36264,36251,36267,36270,36277,36278,36280,36281
36275	6262,19125,27194,27196,27197,27198,27199,27200,27202,27203
36276	36249,36250,36255,36258,36260,36263,36248,36251,36253,36254
36277	36266,36257,36264,36274,36248,36254,36267,36268,36269,36280
36278	36251,36253,36257,36264,36266,36267,36274,36280,36254,36268
36279	36248,36249,36250,36251,36252,36253,36254,36255,36256,36257
36280	36259,36267,36278,36253,36257,36262,36264,36266,36268,36274
36281	36254,36257,36259,36266,36274,36248,36249,36250,36251,36252
36282	36292,36295,36296,36302,36305,36309,36310,16151,36285,36290
36283	11633,11654,15047,22836,6304,8468,9806,12287,13523,15020
36284	16151,36282,36285,36286,36289,36290,36292,36293,36296,36302
36285	16151,36289,36302,36292,36290,36301,36282,36293,36305,36284
36286	36305,36303,36300,11633,11654,22836,36284,36291,36304,8468
36287	16151,36289,36292,36302,36308,36309,36290,36310,36282,36288
36288	36297,36293,16151,36282,36285,36287,36289,36290,36292,36295
36289	16151,15034,15017,36285,15021,15024,36287,15022,15023,15038
36290	36308,36301,16151,36285,36293,36295,36299,36303,36305,36310
36291	36308,29215,32211,36286,36289,36292,36296,36302,36309,168
36292	36305,36310,36282,36285,36287,36303,36294,11633,11654,36284
36293	36296,36302,36309,16151,36290,36299,36301,36310,15020,36285
36294	36282,36289,36292,36295,36308,16151,22836,36285,36287,36290
36295	36308,36282,36290,36296,36299,36301,36302,36309,16151,36294
36296	36310,36293,36282,36295,36299,15047,36284,36288,36291,36294
36297	36288,36293,16151,36282,36285,36287,36289,36290,36292,36295
36298	16151,36282,36285,36287,36288,36289,36290,36292,36293,36294
36299	36290,36293,36295,36296,36301,36302,36308,36309,16151,36282
36300	36286,36289,16151,36290,36293,36295,36296,36301,36302,36308
36301	36308,36309,36290,36310,36285,36293,36295,36299,36303,36305
36302	16151,36285,36293,36282,36287,36295,36299,15047,36284,36288
36303	36286,36290,36292,36301,36305,36308,36309,36310,16151,36282
36304	16151,36282,36285,36286,36289,36290,36292,36293,36296,36302
36305	36286,36292,36309,36282,36290,36301,36303,36310,16151,36285
36306	36289,36293,36296,36302,36308,555,2934,2968,2988,3237
36307	16151,36282,36284,36285,36286,36287,36288,36289,36290,36291
36308	36290,36301,36295,36287,36299,36303,36291,36294,11633,11654
36309	36301,36310,36293,36305,36282,36287,36295,36299,36303,36284
36310	36296,36309,36292,36301,36282,36290,36293,36305,36287,36295
36311	10337,16235,24381
36312	2855,3926,4231,4246,4302,5532,6279,7677,7685,11064
36313	36312,36314,36315,36316,36317
36314	10337,16235,24381,36313,36315,36316,36317
36315	36312,36313,36314,36316,36317
36316	36312,36313,36314,36315,36317
36317	36312,36313,36314,36315,36316
36318	483,1114,1693,4456,5877,5888,7568,8178,9157,10776
36319	5876,21095,36322,36328,36329,5890,35164,36320,36321,36323
36320	36326,36327,36325,1114,4456,5269,7789,8347,16163,16379
36321	142,482,1387,1776,1949,2915,4464,4727,5274,6171
36322	36319,36328,36329,39,593,1114,1371,1967,3377,4396
36323	36324,36330,36332,36325,1485,1685,1763,1778,1782,4456
36324	36323,36330,36332,36325,36326,36327,4456,9157,16163,35164
36325	36320,36323,36324,36326,36327,36330,36332,4456,5877,5888
36326	36320,36327,36324,36325,36330,36332,4456,16163,16379,35164
36327	36320,36326,36324,36325,36330,36332,4456,16163,16379,35164
36328	36319,36322,36329,22603,22604,22607,22609,22610,22613,22619
36329	36319,36322,36328,35164,36320,36321,36323,36324,36326,36327
36330	36323,36324,36332,36325,36326,36327,952,956,971,1011
36331	35164,36319,36320,36321,36322,36323,36324,36325,36326,36327
36332	36323,36324,36330,36325,36326,36327,4456,9157,16163,35164
36333	17335,17333,35805,4859,16470,16624,17334,31207,38214,40668
36334	36361,4858,4925,4939,7541,9160,14860,16470,17106,17188
36335	4858,4925,4939,7541,9160,14860,17106,17188,18437,23381
36336	541,9391,21815,41688,48603,362,557,4850,8292,8399
36337	4858,36354,27037,36339,36341,36345,36352,36411,973,4925
36338	49459,17698,4925,17332,36339,36342,36345,36347,36375,36378
36339	4858,36343,7541,36386,36406,234,17332,36337,36338,36340
36340	36364,4858,36339,36341,36345,36354,36356,4925,4939,5152
36341	36344,36414,4858,17333,36375,36380,36406,7541,23469,36337
36342	7046,35091,40151,40112,40123,40168,4925,6964,36338,36339
36343	36339,36347,36375,17335,36349,36342,36373,36380,36402,36406
36344	36341,36414,17333,36380,36406,38214,234,4858,7541,23469
36345	49459,4858,36337,36338,36339,36340,36341,36354,49453,49476
36346	11100,12729,14860,36388,853,3401,3407,3904,4858,4925
36347	36375,36343,36349,36373,36380,36402,36406,36412,4858,7541
36348	4858,4925,4939,7541,7633,7667,7694,9160,9944,12052
36349	36347,36375,36378,17335,36343,36373,36402,36412,36350,36357
36350	16470,16639,24433,31187,36349,36370,36371,36372,36383,36415
36351	36377,4858,4925,4939,7541,9160,14860,17106,17188,18437
36352	4858,36337,36354,36411,4925,4939,7541,9160,14860,17106
36353	857,1416,3347,3873,3878,3882,3894,3928,3943,3994
36354	4858,6955,6976,14860,32791,36337,40606,1356,1421,4527
36355	36367,36373,4858,4925,4939,6450,6456,6459,6460,6461
36356	36373,7541,36340,36359,36362,36364,36368,36380,3407,3685
36357	39631,39690,39697,39719,29498,39644,39652,39653,39678,39691
36358	4858,7541,4670,4693,4925,4939,5974,7655,7664,7690
36359	36373,12298,36356,4858,4925,4939,5152,7541,9160,14860
36360	4858,4925,4939,7541,9160,14860,17106,17188,18437,23381
36361	36334,4858,4925,4939,7541,9160,14860,16470,17106,17188
36362	7541,4856,4870,36356,36368,36373,36380,36411,3407,3685
36363	24679,4858,4925,4939,7541,9160,14860,17106,17188,18437
36364	36340,36356,36373,4858,4925,4939,5152,7541,9160,12298
36365	4858,4925,4939,7541,9160,14860,17106,17188,18437,23381
36366	36392,36407,4858,4925,4939,7541,9160,11772,13672,13687
36367	17333,17698,46874,49450,49489,17334,22268,36355,36373,46869
36368	7541,36356,36362,36373,36380,36411,3407,3685,4856,4859
36369	918,1361,1366,1545,4498,4521,4858,4925,4939,6469
36370	36350,36357,366,1642,1652,4858,4925,4939,5933,7541
36371	16639,16644,24446,39684,1180,3702,6545,7242,15471,15702
36372	36415,36350,366,4858,4925,4939,5933,7541,8806,9160
36373	36356,17335,36347,36349,36359,36378,36380,36412,7541,12298
36374	6536,6600,6461,6482,6483,6519,6524,39157,40664,6456
36375	36347,36343,36349,17335,36341,36402,36414,4858,7541,36338
36376	1376,2409,10651,10658,13412,28972,28982,29909,32597,33723
36377	36351,4858,4925,4939,7541,9160,14860,17106,17188,18437
36378	36349,4858,7541,36373,36386,36402,36412,17332,36338,36357
36379	8080,9160,16684,16686,19752,36382,132,575,1113,1220
36380	17335,36344,36414,17333,36341,36347,36373,4859,4861,4862
36381	601,987,2086,2269,2346,2547,2650,2710,3971,3994
36382	9160,36379,1782,2403,4858,4925,4939,6721,7541,14064
36383	15987,16470,7667,5780,14615,5681,7680,12042,13462,14616
36384	1,30214,32505,32631,33194,33764,33797,34229,38137,43897
36385	1397,4527,5384,6574,6654,8509,13168,18013,24364,29446
36386	36339,36378,4858,7541,36347,36375,1137,4925,4939,9160
36387	8150,7029,14885,27917,31187,31194,31196,293,574,1201
36388	11092,11122,6487,11093,11103,11116,11131,6542,11110,11111
36389	49376,49390,338,466,7897,10176,10489,12805,13276,14325
36390	36376,36385,36419,90,1393,1397,1918,2793,4858,4925
36391	21131,82,204,551,748,1242,2406,3175,4032,4782
36392	24450,40115,1423,3702,7930,15843,16632,24426,24451,24467
36393	4858,4925,4939,7541,8347,9154,9828,12554,14860,15348
36394	4858,4925,4939,7541,9160,14860,17106,17188,18437,23381
36395	38708,3,41,79,339,528,575,638,1342,1754
36396	4858,4925,4939,7541,9160,14860,17106,17188,18437,23381
36397	4858,4925,4939,7541,9160,14860,17106,17188,18437,23381
36398	4858,4925,4939,7541,9160,14860,17106,17188,18437,23381
36399	4858,4925,4939,7541,9160,14860,17106,17188,18437,23381
36400	4858,4925,4939,7541,9160,14860,17106,17188,18437,23381
36401	9160,14860,362,1216,4858,4925,4939,6038,6894,7541
36402	36347,36349,36375,36378,17335,36341,36343,36357,36371,36373
36403	2802,27312,1,20,52,134,549,1357,1885,2708
36404	14860,6543,6608,6631,6660,6973,23730,35406,36415,1263
36405	4858,4925,4939,7541,9160,14860,17106,17188,18437,23381
36406	36339,36341,36344,36347,36414,4858,7541,36342,36343,36375
36407	13672,31178,31202,31193,31201,31211,31181,31190,31198,31203
36408	745,2535,2937,3306,3376,3399,3896,4858,4925,4939
36409	4858,4925,4939,7541,9160,11142,11749,12388,14860,17106
36410	4858,4925,4939,7541,9160,14860,17106,17188,18437,23381
36411	7541,31223,36337,36352,36354,36362,36368,36373,36380,504
36412	36347,36349,36373,36378,17335,36343,36344,36357,36371,36375
36413	9607,10052,13478,24538,24633,24654,24686,24697,2798,2919
36414	36341,36344,36380,17333,36375,36406,4858,7541,9909,36342
36415	36372,36350,36404,366,1360,1755,3727,4669,4858,4925
36416	36418,1390,1639,3734,4858,4925,4939,7541,9160,14860
36417	4858,4925,4939,7541,9160,14860,17106,17188,18437,23381
36418	36416,1390,1639,3734,4858,4925,4939,5395,5455,7211
36419	11714,6534,7950,35992,11795,35977,11100,24498,28820,35986
36420	7255,22085,30178,43985,7897,8536,9692,9876,9927,9950
36421	36431,36434,36443,36433,36427,36428,36429,36430,36435,36436
36422	36423,36425,36426,36432,36443,36444,36427,36428,36429,36430
36423	36422,36432,36433,36426,36428,36431,36438,36442,36444,32971
36424	36432,36434,36442,36426,36428,36431,36433,36438,36444,32971
36425	36422,36426,36443,36444,36430,36442,36427,36428,36429,36435
36426	36425,36422,36423,36424,36431,36442,36427,36428,36429,36430
36427	36421,36422,36423,36424,36425,36426,36428,36429,36430,36431
36428	36423,36424,36438,807,815,838,1860,2659,4317,7242
36429	36421,36422,36423,36424,36425,36426,36427,36428,36430,36431
36430	36425,36432,36421,36422,36423,36424,36426,36427,36428,36429
36431	36421,36423,36424,36426,36433,36434,36444,36422,36427,36428
36432	36423,36424,36422,36430,36433,36434,36442,36427,36428,36429
36433	36423,36421,36424,36431,36432,36422,36426,36427,36428,36429
36434	36421,36424,36431,36432,36443,36422,36426,36427,36428,36429
36435	11246,36440,338,5824,22065,7290,9490,10723,22376,22382
36436	10173,36421,36422,36423,36424,36425,36426,36427,36428,36429
36437	36421,36422,36423,36424,36425,36426,36427,36428,36429,36430
36438	36423,36424,36428,32971,36421,36422,36425,36426,36427,36429
36439	10164,36214,36421,36422,36423,36424,36425,36426,36427,36428
36440	36435,22065,22402,23302,1263,2540,4171,4227,4325,5824
36441	36421,36422,36423,36424,36425,36426,36427,36428,36429,36430
36442	36424,36423,36425,36426,36432,36444,36427,36428,36429,36430
36443	36421,36425,36422,36434,8536,23703,30575,36426,36427,36429
36444	36425,36422,36423,36424,36431,36442,36427,36428,36429,36430
36445	36421,36422,36423,36424,36425,36426,36427,36428,36429,36430
36446	25803,557,5960,7262,12388,13072,13088,14165,16271,19550
36447	25803,557,5960,7262,12388,13072,13088,14165,16271,19550
36448	36451,557,5960,7646,10500,12388,13072,13088,14165,16271
36449	36451,557,5960,7646,10500,12388,13072,13088,14165,16271
36450	13124,7262,7646,10500,20793,22083,25747,25801,25817,25823
36451	36448,36449,24064,557,5960,6015,6016,6018,7240,7279
36452	13124,36447,36448,36449,36450,36451
36453	8629,8610,343,2027,8578,9563,30646,34980,46505,265
36454	36459,36462,36477,8610,8629,34980,36455,36458,36461,36463
36455	36459,36462,36454,36463,36464,36465,193,1357,1559,1950
36456	36460,36466,36461,36468,36475,36476,2557,6920,6928,6930
36457	2043,2496,8617,10841,12379,16256,20078,20648,24935,29245
36458	36454,36460,36461,36463,36464,36465,36466,2557,8578,20078
36459	36454,36455,36462,36466,8603,36463,36464,36465,8564,8566
36460	36476,36456,36461,36468,36475,1778,6082,8564,8566,8568
36461	36460,36454,36456,36458,36462,36468,36475,36476,36477,8578
36462	36454,36455,36459,36460,36461,36463,36464,36465,36468,36475
36463	36454,36455,36458,36459,36462,36464,36465,20078,36457,36460
36464	36454,36455,36458,36459,36462,36463,36465,20078,36457,36460
36465	45495,20577,47350,6882,10671,12714,45391,45412,45579,45609
36466	8629,36456,36459,8610,34980,36458,36470,46505,8578,8603
36467	10027,15356,16898,16998,18924,19443,20078,23690,25224,27549
36468	36475,36460,36476,8629,36456,36461,36462,36477,8564,8594
36469	30673,16630,26872,43456,44959,20078,26883,26936,41885,43145
36470	36475,8564,8606,15738,36454,36466,36476,36477,8594,15694
36471	20078,36454,36455,36456,36457,36458,36459,36460,36461,36462
36472	20078,36454,36455,36456,36457,36458,36459,36460,36461,36462
36473	20078,36454,36455,36456,36457,36458,36459,36460,36461,36462
36474	36478,2027,6117,20078,20501,25215,35613,36454,36455,36456
36475	36468,36477,36460,36470,8564,8606,15738,36456,36461,36462
36476	36460,36468,7984,8610,36456,36461,36462,36470,40898,101
36477	36475,36454,36460,36461,36462,36468,36470,8564,8606,8610
36478	36474,2027,6117,20078,20501,25215,35613,36454,36455,36456
36479	13834,728,6573,7476,12612,13910,13933,13983,14073,14156
36480	40739,43158,3023,3230,3397,5229,6109,7046,7392,8735
36481	20078,36454,36455,36456,36457,36458,36459,36460,36461,36462
36482	21417,21443,21447,21457,20078,21424,21442,21446,21458,21460
36483	36488,36497,26736,26734,27951,36484,36487,36489,36491,36492
36484	10847,11903,11908,11909,11914,13156,14643,14681,19169,25075
36485	36490,26736,36488,36497,26734,27951,36484,36487,36489,36491
36486	36487,36489,36491,36493,36495,26734,36494,8955,11913,11935
36487	36486,36491,26734,27951,36490,36495,8955,11913,26737,36483
36488	36483,36495,36497,8956,11903,11906,11912,11921,11934,26734
36489	36486,36491,26734,27951,36490,36495,8955,11913,26737,36483
36490	26736,36485,27951,36487,36489,36491,36493,8955,11913,26734
36491	36486,36487,36489,26734,27951,36490,36495,8955,11913,26737
36492	26734,26736,36483,36484,36485,36486,36487,36488,36489,36490
36493	36486,36490,26734,26736,36484,36487,36488,36489,36491,36492
36494	26736,36486,36488,36495,11935,26734,27917,27935,27936,27938
36495	36486,36488,26734,36487,36489,36491,36494,11935,26737,27917
36496	26734,26736,36483,36484,36485,36486,36487,36488,36489,36490
36497	36483,36488,26736,36485,26734,27951,36484,36487,36489,36491
36498	26734,26736,36483,36484,36485,36486,36487,36488,36489,36490
36499	27852,27868,2074,2827,5960,11198,12004,14277,14283,14929
36500	9950,3937,9955,20899,25926,47504,351,569,2092,2789
36501	26270,36505,36511,36512,36515,36516,36519,36523,17625,21165
36502	36515,11162,36509,36512,44958,45082,52,551,2036,2044
36503	1061,2601,12987,17625,21165,25967,26270,33510,36500,36501
36504	36510,36508,36509,36514,36518,36519,36525,680,10374,11922
36505	36519,27868,36520,36523,27852,36522,26270,36501,354,2802
36506	25791,4069,5373,5758,7672,14306,16212,16215,16240,16433
36507	16816,30619,36506,49011,134,138,161,169,222,229
36508	36504,36509,36510,36517,36519,680,10374,11922,14867,14915
36509	36520,36522,36502,36504,36508,36510,36514,36517,36521,36525
36510	36504,36508,36509,36514,36519,36525,680,10374,11922,14929
36511	26270,27852,36501,36521,354,2802,5766,7282,10381,11198
36512	36523,36522,26270,36501,36502,36521,354,2802,5766,7282
36513	17625,21165,25967,26270,36500,36501,36502,36503,36504,36505
36514	36525,14929,36504,36509,36510,36517,36519,680,10374,11922
36515	26270,36502,2827,5265,5809,5960,6802,7511,7608,7630
36516	36519,27868,36520,36523,27852,36522,26270,36501,354,2802
36517	36508,36509,36514,36519,36525,680,10374,11922,14929,16441
36518	26270,36504,17625,21165,25967,36500,36501,36502,36503,36505
36519	36505,36516,27868,27852,36501,36504,36508,36510,36514,36517
36520	36509,36505,36516,36522,36523,27868,26270,27852,36521,354
36521	26270,36509,36511,36512,36515,36520,36522,36523,17625,21165
36522	36509,36512,36520,36505,36516,26270,27868,36521,354,2802
36523	36512,36505,36516,36520,26270,27868,27852,36501,36521,354
36524	25967,2092,14318,21206,541,1613,2802,4717,5071,7611
36525	36514,14929,36504,36509,36510,36517,36519,680,10374,11922
36526	4288,351,364,372,1216,2538,2554,3450,4080,4736
36527	17625,21165,25967,26270,36500,36501,36502,36503,36504,36505
36528	347,622,3748,4048,5089,5931,7173,7181,7579,7587
36529	17625,21165,25967,26270,36500,36501,36502,36503,36504,36505
36530	23476,237,1414,1448,4527,4745,5152,5550,6513,6599
36531	1245,12514,17890,17920,30881,146,594,1356,1431,1680
36532	6962,17198,17255,39942,43,311,1077,1110,1357,1387
36533	1787,8509,18005,1387,4498,3377,6565,16486,1382,1426
36534	20869,44626,1077,5250,5307,10626,14443,14467,14823,16486
36535	973,1664,1667,13837,14740,19352,19920,20561,25205,29379
36536	1135,6490,24700,490,1381,2137,3586,5225,6900,10361
36537	1673,29851,40938,43375,19,126,161,242,439,450
36538	36548,36542,36549,1135,6490,34389,1381,6900,10361,11190
36539	186,638,1617,1754,1976,2118,2191,3376,3377,3394
36540	34389,3586,31230,31376,32128,36064,36537,36538,36539,36541
36541	31376,36543,36544,490,501,17185,21162,25379,34389,35161
36542	36538,36548,36546,6490,34389,36545,36549,74,482,1010
36543	31376,36545,36546,1135,6490,34389,36541,36549,456,490
36544	24700,26849,36096,36541,40178,443,478,490,1078,1088
36545	31376,6490,24700,36543,26849,34389,36542,40178,40358,443
36546	36548,36542,36543,10408,18916,25186,34389,41085,443,1078
36547	31376,34389,36096,36537,36538,36539,36540,36541,36542,36543
36548	36546,36538,36549,36542,3734,18916,25186,34389,37448,443
36549	36548,6490,36538,31376,18916,25186,26849,34389,36542,36543
36550	36588,725,3540,4103,4171,4236,4279,4325,10720,11018
36551	725,3540,4103,4236,4279,10720,11018,18118,20679,22247
36552	4254,22147,4196,3948,4160,4202,22158,3926,4246,13263
36553	36554,36558,36567,36605,36611,36557,36560,36570,36564,725
36554	36553,36605,36611,36564,4254,8068,9045,14569,16696,18351
36555	7545,8042,25342,30614,468,499,660,725,1564,1676
36556	725,3540,4103,4236,4279,10720,11018,18118,20679,22247
36557	36591,36565,36567,36570,36605,36611,36553,36564,36588,725
36558	36553,725,3540,4103,4171,4236,4279,4325,10720,11018
36559	728,367,656,93,371,385,762,1346,4774,4782
36560	36579,36565,36567,36570,36553,36564,36588,36605,36611,725
36561	6654,12272,1356,3394,4494,4820,6450,6461,6469,6496
36562	32620,44452,19,3003,4516,5908,6326,6934,6941,10627
36563	2798,725,1404,1815,3540,4103,4236,4279,8760,10720
36564	36554,36557,36560,36565,36567,36570,36579,36591,36605,36611
36565	36570,36557,36560,36564,36588,725,3540,4103,4171,4236
36566	725,3540,4103,4236,4279,10720,11018,18118,20679,22247
36567	36591,36557,36605,36611,36553,36560,36564,36588,725,3540
36568	36571,725,3540,4103,4236,4279,10720,11018,18118,20679
36569	725,3540,4103,4236,4279,10720,11018,18118,20679,22247
36570	36565,36557,36591,36560,36605,36611,36553,36564,36588,725
36571	36568,725,3540,4103,4236,4279,10720,11018,18118,20679
36572	387,385,1977,36559,36627,336,394,680,719,762
36573	664,3994,4035,4254,4281,4308,8501,9170,14209,16991
36574	17459,368,371,16166,24249,28711,28769,343,692,20068
36575	18118,24249,368,773,13573,18911,23883,26258,26289,28736
36576	4202,20844,22174,22247,22883,26320,36630,42892,695,725
36577	681,725,1694,1854,2687,3540,4103,4236,4279,7425
36578	22528,621,7509,13640,4782,16284,16689,20506,22294,26320
36579	36560,36564,36588,725,3540,4103,4171,4236,4279,4325
36580	180,725,3540,3964,4103,4236,4279,4364,10720,11018
36581	728,14318,17438,24218,343,807,7438,7440,17459,18184
36582	2855,3347,3904,4180,4231,6429,8184,10361,18224,22247
36583	36623,4281,10240,11018,22091,23305,28563,28573,3903,4044
36584	27478,27535,4036,12550,20046,20569,20826,22172,23184,23202
36585	725,3540,4103,4236,4279,10720,11018,14957,18118,20679
36586	27059,725,1108,1153,1860,2552,2626,2913,3216,3463
36587	13569,14734,18118,22101,22164,24885,29462,138,249,457
36588	36550,36557,36560,36565,36567,36570,36579,36591,36564,36605
36589	47382,541,2053,3466,3898,8455,8508,14289,16686,16691
36590	566,725,2090,3365,3540,4103,4236,4279,7599,10720
36591	36557,36567,36570,36605,36611,36564,36588,725,3540,4103
36592	368,336,728,4787,4792,17894,23297,24188,64,84
36593	43179,202,725,1137,2085,2111,2337,2496,3026,3504
36594	343,7429,16796,21515,24202,24213,24228,31120,36559,36625
36595	35004,10720,36596,36606,36612,725,2071,3540,3883,4101
36596	7425,35004,576,10461,11018,20784,22241,26076,26297,36598
36597	725,3540,4103,4236,4279,10720,11018,18118,20679,22247
36598	26320,36596,566,3523,4048,4279,6277,14347,21940,22247
36599	8154,134,20022,21094,27312,31269,39127,43249,21,69
36600	725,2574,3229,3450,3540,4103,4236,4279,5093,5114
36601	704,728,36581,36620,36625,36626,336,367,371,377
36602	22158,1137,4166,6109,13792,19358,42811,3230,3926,4173
36603	22247,36606,36614,725,3001,3540,3878,3904,3910,3920
36604	725,3540,4103,4236,4279,10720,11018,18118,20679,22247
36605	36554,36567,36591,36611,36553,36557,36570,36560,36564,36588
36606	22247,26657,35004,36608,3001,4103,4295,10720,15873,16689
36607	725,3540,4103,4236,4279,10720,11018,18118,20679,22247
36608	26320,22294,36606,36612,6277,10720,22247,28135,36609,599
36609	36612,22247,22294,26320,36598,36608,599,725,3004,3237
36610	728,17437,24228,36625,43251,336,385,387,433,534
36611	36554,36567,36591,36605,36553,36557,36570,36560,36564,36588
36612	26320,36608,36609,22247,22294,36595,36598,36606,599,725
36613	36625,36627,363,725,726,770,3540,4103,4236,4279
36614	4206,4204,4074,4212,4254,4295,4246,11571,13263,34825
36615	24129,26320,16456,576,613,6168,13257,13265,13430,13621
36616	4240,4219,13306,22267,24331,26086,30930,35004,36552,555
36617	4236,34871,42725,725,3540,3549,3878,4103,4279,6168
36618	27418,27432,27440,3958,4074,4246,22158,22247,27394,27424
36619	4279,11018,26320,30872,36598,725,2855,3006,3540,3931
36620	696,762,4795,36572,36592,36601,36627,36628,93,278
36621	26320,13263,35004,22247,22294,24129,3904,4102,4139,4204
36622	28738,36574,265,278,368,663,725,728,762,774
36623	36583,4281,22091,10240,11018,23305,28563,28573,3903,4044
36624	24188,7427,36628,336,363,371,376,7438,22639,24230
36625	363,23297,24188,45533,343,728,770,3736,4764,6121
36626	36581,36601,36625,694,725,728,771,3540,4103,4236
36627	36572,24205,24218,24245,36559,36594,36613,36620,93,343
36628	4787,24230,36624,93,680,728,822,7427,7438,20042
36629	17459,36574,32,90,93,687,725,762,770,778
36630	19077,3333,4202,9940,10887,15464,15465,15567,22118,22247
36631	22283,22282,2496,4160,4204,4231,4234,4240,4302,18532
36632	4234,22247,4246,3926,3948,4035,4314,3903,4160,4204
36633	4415,6241,9012,21501,26270,29789,34808,34828,45975
36634	16441,503,576,680,4104,4114,4219,4240,4396,4872
36635	5960,1357,1918,3403,12781,14920,16538,20562,32085,32574
36636	129,140,198,694,726,1387,1394,1408,1409,1417
36637	937,973,1781,4364,5944,6019,11169,12339,12991,13625
36638	12339,12991,22049,24336,28381,30842,30870,30920,34051,36635
36639	12388,48,1432,1797,2606,3796,4527,4679,5314,6101
36640	36659,45279,2032,2074,2092,2563,2782,4506,5046,5069
36641	9393,42527,638,2252,2694,2827,3541,3547,4062,5809
36642	46700,5964,10680,14346,22049,28381,158,223,254,362
36643	12210,28332,160,351,6318,9095,10328,10370,10462,13238
36644	12339,12991,22049,23049,24336,28381,30842,30870,30920,34051
36645	12339,12991,22049,24336,28381,30842,30870,30920,34051,36635
36646	12266,28381,29934,30870,316,626,1404,1433,2597,3094
36647	12339,12991,22049,24336,28381,30773,30842,30870,30920,34051
36648	242,2118,2166,3873,3948,4212,5498,6318,6874,7473
36649	36635,562,5071,9885,9950,10500,12339,12991,14332,14376
36650	12339,12991,22049,24336,28381,30842,30870,30920,34051,36635
36651	36656,351,1216,1613,3548,4738,5661,13400,13616,14286
36652	1421,1772,2226,2782,4053,4074,4246,4509,4717,4736
36653	9737,28381,5809,7639,7704,8154,9909,10494,13400,13621
36654	36657,36658,12339,12991,22049,24336,28381,30842,30870,30920
36655	12339,12991,22049,24336,28381,30842,30870,30920,34051,36635
36656	36651,28381,36660,64,542,627,637,1285,2427,2812
36657	36654,36658,12339,12991,22049,24336,28381,30842,30870,30920
36658	36654,36657,12339,12991,22049,24336,28381,30842,30870,30920
36659	11863,7882,17363,18844,20514,24149,40725,42890,47804,47846
36660	22355,11383,13872,13888,14094,15314,22357,34299,34420,34618
36661	7704,36659,338,535,542,547,548,579,615,624
36662	7882,15761,47813,13632,47834,4782,9773,9940,13691,17059
36663	22599,36662,82,1433,5766,5986,6191,7351,8813,9772
36664	13280,34051,36653,43063,577,596,941,1417,1464,1780
36665	37356,36905,10000,36947,37135,36988,10114,36765,10103,36909
36666	10100,10072,10117,36669,44065,10053,36755,36765,36877,10103
36667	36675,36708,36703,44053,10008,10097,36680,36947,37170,44189
36668	36674,38474,36672,39268,39333,39243,44181,10022,10029,10066
36669	36905,10096,36680,36683,18963,36701,37156,10103,36687,36936
36670	36698,36687,37580,37597,37734,37735,35179,36675,36699,36894
36671	10097,36693,10086,36679,36905,10096,36680,44050,10066,36669
36672	36822,36735,37035,36708,10058,36703,36680,37030,19365,10066
36673	36676,36679,36680,36687,37580,37188,37597,37734,37735,37822
36674	36703,41367,39237,36669,36693,39234,39240,10055,10058,10066
36675	44063,39237,36688,10072,10096,36703,36727,36693,36947,39310
36676	10097,36672,36674,36703,36707,10058,36698,36905,10072,36673
36677	36688,10097,36708,36680,36703,10058,10026,10114,37197,44063
36678	37135,10093,10097,36675,36936,37170,10072,10103,36693,36836
36679	10096,37135,36701,36683,36988,37156,10103,36700,37035,37197
36680	44089,10096,36669,36988,10000,37197,44079,36703,37035,37135
36681	10096,36912,36669,36680,10097,36675,10072,10000,10008,10053
36682	13847,27653,1664,10072,25195,29438,29516,36680,36816,36961
36683	36816,10103,36679,37197,10114,36669,36688,36775,36951,36874
36684	10029,39240,39239,18964,36674,8686,39243,41816,44055,44070
36685	36735,36808,10058,36708,36687,36698,37041,36763,36854,10072
36686	36669,36679,10066,10103,36703,36720,10000,10012,10014,10096
36687	37041,37156,37215,36905,37221,37503,10114,36808,37181,36669
36688	36708,36854,37197,36683,10058,36675,36687,36703,36735,36813
36689	37470,18889,24338,36673,36676,36679,36966,37461,37524,37580
36690	36687,36701,36703,10089,15383,36688,36695,36749,10066,10105
36691	36693,10096,36708,39237,36679,36707,10072,36954,36988,10040
36692	10002,35179,36695,36672,36684,37193,10040,10117,24343,25186
36693	10086,10014,10097,36675,39235,41903,36765,36936,37188,9995
36694	10072,36800,37199,37248,37001,37018,10058,36688,36711,36763
36695	10135,36735,10058,36688,10114,36854,36683,36708,44050,35179
36696	36735,19365,36672,10099,36703,36708,10086,30220,37035,36811
36697	10053,36991,10072,10089,36666,36703,36980,37096,37356,44065
36698	10058,36735,36763,37041,37597,36808,37150,37580,37675,36672
36699	35179,10055,24343,36735,36808,10135,36672,36687,36703,36708
36700	36679,36669,10096,36905,10053,10114,36936,10097,10103,36680
36701	36679,10096,36669,10053,37135,36936,36905,36947,36908,37156
36702	10072,10151,15383,29508,36680,36683,19,439,667,1085
36703	36680,37197,44050,36688,36672,36674,36675,36708,36988,10072
36704	36991,10009,36976,10100,10117,10134,36874,36958,37047,37085
36705	36877,37085,36784,10113,37047,10134,36806,36874,36901,37009
36706	18916,37035,10114,36683,37168,10103,36680,36695,36735,10095
36707	10072,36905,10040,37035,36836,10093,36806,36815,37467,36738
36708	36735,10066,36688,37197,36672,36988,44079,10014,15383,36680
36709	36669,10000,36717,39239,10086,18963,36678,36693,36701,36903
36710	36675,36703,36708,10002,10008,10072,44053,44063,10000,10097
36711	36854,37001,36683,36735,36813,36816,37041,36669,36763,36808
36712	10002,36681,36708,36954,10055,36669,36674,36695,36698,36699
36713	36698,36672,36728,36735,36870,36909,44049,9995,10100,10117
36714	36683,44079,36813,44057,36727,36816,37197,44055,44069,10002
36715	36840,37132,10053,10086,37168,10014,10072,10097,10103,15383
36716	36674,36695,37580,37597,37734,37735,910,10030,10037,10042
36717	36693,36936,10114,36905,10097,44050,36680,36765,10053,36708
36718	10053,36786,41230,10066,10072,36717,36728,37649,10040,10043
36719	36708,36933,10100,36736,36784,36806,36877,37085,10089,10117
36720	10103,10072,37070,36836,36988,37132,10066,36707,37085,10059
36721	36698,36676,36815,36984,37035,37140,10040,10053,10059,10072
36722	10040,10064,10117,13947,36673,36678,36683,36709,36720,36727
36723	36701,37135,36679,36688,36908,10040,10072,36700,36836,36954
36724	36684,36697,9999,10040,10063,10066,10148,36675,36677,36683
36725	37634,36727,36798,36909,37128,8686,10035,10089,15383,36672
36726	10100,37096,36877,10113,36784,10117,36666,36736,36976,37009
36727	44079,44065,36933,37047,44063,36675,44050,37041,44089,44074
36728	44132,10072,36764,44178,10103,36687,36708,15383,36909,9999
36729	10072,36720,36708,10040,10050,10058,10114,36676,36695,36817
36730	36672,10093,10102,18916,25186,36680,36681,36703,36706,36707
36731	36695,10072,36680,36765,36894,44047,44060,44118,10000,10097
36732	37675,37580,37597,37734,37735,37018,10055,10058,35179,36764
36733	37150,37242,36909,37018,10058,36735,36763,44099,36665,36698
36734	10072,37812,37132,41851,44189,10059,10096,36728,37038,41903
36735	36672,36708,36763,37018,37215,36808,10055,37035,37041,37150
36736	36991,37704,36916,37134,37613,36933,37532,36806,44102,37168
36737	10002,44079,44092,36727,36775,36808,36905,44055,36665,36874
36738	36905,10103,36680,10114,36988,10123,36687,36707,36688,36784
36739	37053,10100,36895,37362,10113,36755,36901,36991,10117,36726
36740	37018,36933,36989,36909,37047,44069,44076,44088,36763,36806
36741	44178,36687,36816,10028,10058,10114,30220,36735,44079,44089
36742	36870,44189,36707,36777,37035,10072,10055,10068,10093,36680
36743	10058,37242,37150,36874,36909,37018,37196,36763,36813,36854
36744	44057,10002,44132,36669,37197,44065,44078,44079,44082,44102
36745	37735,36674,37580,37597,37734,37822,36699,37276,37675,39233
36746	36680,10097,36665,36693,36936,10086,10103,10135,36708,36777
36747	37370,36767,36779,36902,37118,36998,37278,36705,36995,37417
36748	36672,36755,36784,37070,36806,36991,37096,37135,10018,10055
36749	10058,36735,37199,36763,37041,37150,35179,36808,36854,36909
36750	36683,36775,37018,37041,37156,37168,36676,36698,37047,44548
36751	10089,37016,36775,36898,36919,10113,36779,36868,36873,36895
36752	37035,36988,10086,36840,36816,10040,10066,36836,37132,10014
36753	10135,36679,36936,36669,36717,36817,36947,36966,37649,41851
36754	18163,23305,27750,45022,439,4011,7852,11417,13828,13981
36755	10100,10117,36977,37529,37009,36666,37151,44065,10134,37549
36756	38567,30232,39333,10043,36684,36820,37119,37247,37469,37476
36757	36708,10086,35179,36672,10058,10072,10135,36698,36703,36735
36758	10028,13847,36680,36817,37812,1135,9999,10072,10096,19365
36759	10096,36903,10097,10103,36836,36862,36988,37035,10000,10059
36760	36669,36717,36936,36905,10097,10114,36665,10008,10058,10086
36761	44065,36765,44069,36683,36874,37197,44102,36735,36763,36766
36762	36695,37135,37156,44132,10008,10026,10028,10050,10072,10094
36763	10058,36808,37018,36735,37041,37150,10055,37506,36698,36813
36764	9999,10058,36728,36735,36870,44069,36854,36679,37197,39310
36765	44065,36909,10002,44050,44132,44079,36816,10000,44069,36874
36766	36761,36683,36735,36808,37001,37006,37018,37454,37580,10024
36767	36747,36891,44559,36755,36944,37278,37485,37643,10103,36665
36768	6688,10001,10002,10022,10029,10091,10145,18912,18964,19110
36769	36701,10016,10050,10053,10055,10058,10066,10105,10144,23259
36770	36672,36923,36936,37017,37030,37035,10096,10135,36683,36687
36771	37019,37128,10035,10058,36735,36763,36808,36854,36909,37150
36772	36698,36735,36874,37170,10055,36672,36763,36864,36941,36943
36773	36698,36784,36822,37150,37221,37666,10035,10058,36687,36727
36774	36877,36891,36944,36898,36895,36906,36991,37053,37085,37354
36775	44065,44102,36916,37073,44082,36683,44089,37197,44079,37156
36776	37053,37085,36891,36902,36991,10040,10046,10096,10103,36665
36777	10072,10097,10114,36742,36765,36680,37156,10040,10086,36665
36778	37179,9999,10016,10053,10059,36708,36764,37188,37649,10014
36779	36916,36991,10053,10103,36747,36755,36775,36873,37096,36697
36780	36735,37215,10072,30220,36703,37030,37580,37597,10055,10099
36781	9995,10019,10050,36693,36698,10047,10053,10090,10097,23259
36782	36877,36871,37209,36806,36873,36891,36902,37417,10086,10089
36783	10018,36741,44178,10062,10135,30220,36708,36832,36840,36888
36784	36916,36933,10021,44102,37134,37503,36683,36902,36909,36688
36785	36786,36803,37217,37337,44048,44222,10040,10043,10053,10072
36786	10072,36680,10068,10096,36679,36681,36707,36742,36887,10053
36787	37484,1357,9995,10029,18642,23285,23690,24338,34644,36689
36788	36683,36669,36672,36679,36687,36735,37041,37156,37215,10018
36789	37071,37135,37384,44149,36679,36680,36700,36717,36817,36908
36790	41851,44132,41903,37188,10014,36742,44189,10086,36734,36811
36791	36991,37085,36784,36806,36933,37009,37047,37053,37096,37134
36792	17288,37427
36793	10029,4498,8509,10002,10026,10035,10043,10119,10127,12825
36794	10058,36808,37150,36687,36698,36708,36735,36763,36854,36989
36795	36991,37085,37096,36755,36784,36916,36901,10113,36736,10117
36796	37041,36763,37018,15383,36735,37156,37503,37720,36680,36883
36797	36775,36817,37035,37070,10072,36705,36831,36936,36947,37030
36798	36874,36909,36933,37047,37503,36698,36877,36666,36811,36901
36799	10072,36988,37041,44089,10114,36816,10097,10135,36688,36854
36800	37041,36687,36808,36680,36683,10072,36735,37001,37018,36708
36801	36707,36874,10072,36784,36808,37135,37812,44065,44082,44548
36802	36735,36822,10002,10008,10059,10111,10135,19365,35179,36666
36803	10072,36843,36852,10059,10097,23259,36665,36693,36698,36717
36804	39366,36870,37188,39238,39332,39337,39365,44132,44178,44191
36805	10099,10114,36669,36735,36827,37030,37035,10015,10040,10043
36806	37085,10089,36991,10096,10114,36933,37096,36669,37070,37197
36807	10055,36708,36698,36870,37247,37314,39237,10014,10029,10059
36808	36763,37181,36735,36687,37041,10055,37506,44047,37018,36685
36809	36816,36854,36680,36813,37156,10058,36909,35179,36688,44057
36810	10013,10029,10057,10063,10127,18964,23273,24338,36816,37305
36811	36988,10086,10114,41851,10066,10123,36817,37070,10000,36683
36812	36905,10114,36806,36817,10040,10096,36811,36947,37061,37168
36813	36854,10058,36688,15383,36763,36933,10089,36988,37001,37006
36814	10117,34644,36764,37001,37597,8686,9995,10007,10020,10028
36815	36707,10072,10096,10103,36680,37170,36836,36947,37156,10021
36816	36683,36765,10097,37006,10000,37041,10058,37035,36669,36836
36817	36908,36836,36679,36988,10028,36811,36905,10053,10097,10040
36818	37018,36763,37001,10058,36735,37150,36683,36800,36955,37215
36819	36717,10097,36665,36693,36720,9995,10066,10135,36811,36815
36820	38474,38576,39243,39295,23274,36972,39239,39242,39333,39369
36821	39247,23273,39233,23274,39243,10029,39234,39241,41366,41816
36822	36672,37035,36735,36817,15383,19365,37017,37041,36687,36806
36823	9999,10053,18963,23259,30219,44048,44049,10000,10014,10021
36824	36905,10114,36800,10026,10123,36680,36683,36811,37030,37070
36825	13804,18912,36954,37441,6541,6679,6688,10008,10014,10028
36826	36817,36811,37002,37070,37084,37135,44049,36672,36827,36836
36827	37035,37070,36855,37135,36817,36836,10093,36816,37168,44049
36828	37035,37071,37190,37588,10010,10021,10095,10096,10114,14794
36829	39233,10013,10028,10029,10041,36727,36866,37047,37197,38573
36830	36708,36735,36808,41851,44189,10055,36672,37030,37041,37176
36831	36680,44149,10096,15383,36816,36708,36854,36951,37135,36683
36832	36665,36708,36988,41851,36679,37188,10000,36707,10096,36701
36833	36991,36902,37209,37417,36704,36853,36873,36898,36901,36997
36834	44061,6688,10127,10812,18541,18964,26268,37128,37449,37591
36835	36687,36763,36808,10058,37018,37150,37242,37503,36735,37597
36836	36817,36947,10103,36988,10072,36707,10000,10040,36816,37170
36837	37035,36669,36695,37588,10072,10097,35179,36836,36988,37041
36838	36680,36903,37135,9995,10026,10074,36811,36880,36891,36908
36839	36958,36919,37461,37017,37337,37426,36735,36946,37018,37047
36840	10072,36947,44178,36936,37041,37085,36752,37156,36728,36817
36841	10021,10103,36905,37135,44050,44053,10008,10053,10097,36667
36842	10007,37200,37231,37465,37597,37675,44092,1689,3734,6018
36843	36717,36803,10053,10072,41230,10021,10097,10105,36665,36672
36844	18964,36739,36921,37143,37471,37818
36845	37815,36817,36840,36947,36988,37084,37105,37122,37135,37169
36846	36873,36877,44559,36775,36817,36891,36944,37528,10089,36751
36847	37580,37597,37215,37181,37675,37701,37734,37735,10055,36735
36848	37215,41851,30220,36735,10066,10018,36672,36703,37150,37580
36849	10096,36887,37148,37779,10000,10016,10066,10093,10097,10103
36850	37047,37199,10055,19365,36696,36741,36927,37215,37247,37719
36851	36735,37255,10047,10111,36698,36729,36775,36837,36863,36937
36852	39237,36693,36708,36742,37314,39235,10014,18912,37339,44189
36853	36976,33497,36755,36775,36833,36839,36877,36902,37016,37065
36854	36909,10058,10002,37041,37242,36688,36874,15383,36813,44132
36855	36827,37070,36936,41900,36892,37017,37035,37135,10096,36874
36856	36898,36902,37085,36873,36895,36906,36985,37053,37209,10103
36857	36698,37580,37597,37822,10055,36894,37207,37465,37675,9995
36858	36836,36903,36936,37035,10103,10109,18918,36674,36679,36720
36859	36765,36683,36708,10072,10096,44069,36669,37010,44065,36680
36860	9995,10006,10097,10123,14143,18964,24338,36698,36709,36714
36861	36717,36698,36669,36679,36735,37649,39236,6679,10002,18963
36862	36903,10066,44049,36936,37035,37085,41903,44132,36734,39237
36863	10089,36775,36901,37047,37070,37415,37591,44159,6679,10134
36864	10055,10072,37031,37041,37207,44050,10058,15383,36813,36854
36865	10047,37218,41851,36708,37339,39237,10086,23278,36693,36927
36866	39233,10055,37181,37219,37328,39234,8816,10007,10041,10143
36867	10040,10096,10097,10103,10123,15383,36816,36936,36947,37070
36868	37296,36728,37085,10040,10102,23259,37132,44178,10089,19365
36869	37135,36811,36908,36919,37035,41900,36817,37779,36836,36936
36870	36764,10055,10086,36742,37812,44199,36811,36927,37135,36936
36871	36877,37209,36705,36782,36944,37294,37417,36681,36779,36811
36872	10114,36695,36727,36848,36903,36905,36936,37006,37041,37046
36873	36846,36891,36779,36895,36751,36775,36856,36916,36991,36998
36874	44065,44082,36765,44132,36854,44089,36683,37041,44063,10002
36875	10053,37135,10114,36811,37035,37156,10072,36887,36905,36908
36876	36675,36680,36988,37156,10021,10072,10097,37326,44077,44079
36877	10117,37532,10089,36977,36960,37009,37151,36705,36933,37168
36878	1689,10072,36680,36683,36687,36909,37006,37018,37041,44079
36879	37221,41900,1135,10028,10114,36669,36812,36817,36905,37006
36880	36840,10040,10093,10114,36672,36717,36903,36936,39239,41903
36881	36808,37150,10058,36763,36874,37207,37242,36854,37018,36698
36882	10026,10135,36691,36855,36863,36901,36923,37083,37125,37254
36883	15383,36775,36784,37156,36683,44065,10072,36996,37096,37197
36884	9995,10099,18912,36708,37188,37195,10009,10018,10055,19365
36885	36815,36679,36717,36816,36887,36947,36988,10040,10096,10097
36886	37134,36775,36784,36853,36916,37091,37410,448,910,1357
36887	10097,36816,36988,37135,10000,10093,36679,36680,36707,37170
36888	10072,36815,36708,36905,36912,37041,10097,10114,36680,36681
36889	36817,37030,36811,37035,10097,10103,10123,36892,37011,37132
36890	10007,10048,36721,37343,37378,37409,37465,910,1607,4981
36891	36936,10096,36905,10053,36947,36903,36908,37156,10072,10114
36892	37070,10097,36936,10123,10095,36707,36905,37002,36840,36988
36893	36923,36947,37132,37432,37070,10114,23259,36669,36855,36936
36894	36680,10055,37314,36675,36708,36728,37035,39237,44101,10058
36895	10100,37073,37362,10089,37613,36960,36977,37549,10021,36933
36896	10089,36901,10100,36726,36960,37362,10113,10134,36666,36755
36897	36871,10022,10043,18912,18963,36669,36877,36933,36938,36948
36898	37209,36856,37053,36751,36755,36895,36906,36985,37085,37113
36899	10097,36679,36688,36988,37170,10103,36815,36687,36799,36854
36900	37135,10053,10096,36908,37035,10072,36947,36811,10021,10114
36901	37362,37053,37151,37613,10089,10134,36902,37241,37773,10021
36902	36784,36901,10100,37532,36775,37704,37362,37773,36736,36933
36903	36862,10114,37070,10096,41903,44049,44132,10109,15383,36707
36904	30219,36862,36697,36727,37176,39240,44061,6688,10002,10007
36905	36669,10053,44089,36908,36665,36687,37168,37085,36707,37006
36906	36898,36856,36944,37085,36895,36985,37053,10103,36728,36735
36907	37010,37719,37753,10037,10038,10086,36665,36679,36696,36735
36908	10053,36947,36936,36905,44178,10072,36817,37812,41903,10028
36909	10002,36933,36765,36854,44063,37242,44089,37156,37503,40748
36910	36669,36831,37035,37156,10096,36683,36891,36936,37030,37127
36911	36905,36947,10114,36679,36701,36817,36912,37010,10026,10053
36912	36681,36905,10114,10096,36816,36693,10123,36665,36765,10086
36913	37018,36735,36808,37041,37047,10058,36763,36800,37150,10100
36914	15383,36687,36813,36952,37041,37242,10089,36666,36688,36763
36915	10089,44102,36672,36735,36874,36977,37047,44065,44082,44132
36916	36991,37096,36784,36775,36736,37134,44102,36933,44065,10089
36917	37041,36698,37150,36763,36847,37018,10055,10117,36727,36735
36918	36903,36919,37135,36811,36908,36926,36958,37426,37559,10086
36919	44178,36869,36927,36947,37135,37580,10014,36870,37070,37597
36920	44089,36680,36765,36800,36905,10053,10097,36688,36708,36813
36921	36877,10113,36895,10100,10117,36755,36901,37073,36977,37529
36922	36693,37188,37218,44189,10114,36905,36707,37314,41851,10050
36923	44178,37068,10114,10103,36908,10096,36669,37061,37135,44049
36924	36909,10058,36854,37041,36874,36952,37156,37168,37503,44089
36925	37035,4133,10114,36683,36706,36707,1099,3714,3971,7266
36926	37018,10089,30219,36862,36903,36966,36751,36869,36923,37044
36927	10014,10066,36870,44178,36708,44047,36693,37011,37132,10055
36928	36806,44101,36775,36817,44178,10089,36947,37168,37779,10096
36929	37580,37675,37597,37734,37735,23281,37822,39268,36698,37359
36930	36877,37085,37053,10113,36991,36726,36901,37073,37096,37241
36931	36950,36747,36767,36898,36995,37113,37278,37370,37422,16524
36932	36901,10055,37649,10092,10113,24338,36798,36832,36869,36956
36933	36909,36784,10002,15383,44063,36727,37362,36806,36813,36854
36934	10000,10097,36954,36669,36680,36693,36707,36759,36870,37188
36935	10096,36665,36738,10114,37041,10055,36701,36800,36808,36859
36936	36947,36908,10103,10114,41903,10097,41851,36669,36701,37156
36937	36672,36680,36698,36735,36903,37070,37071,37201,37300,37343
36938	37580,37380,36735,36919,36966,37065,37071,37524,37597,37734
36939	37362,10134,36775,37073,10100,24343,36763,36765,36806,36869
36940	10144,36847,37580,37597,37822,39268,10055,10066,10135,17977
36941	36735,36708,23259,36672,36903,36943,37093,37170,37188,44049
36942	36988,10072,10096,36679,36680,36806,36827,36905,37156,37197
36943	37150,36763,37018,37156,36909,37248,36808,36905,10002,10058
36944	36755,37042,36991,37370,36726,37096,37354,10113,36736,36784
36945	36755,37417,36873,36902,36991,37085,10009,10100,36704,36705
36946	37070,36806,10109,37337,37769,44049,36812,36817,36855,36868
36947	36936,36908,10000,36665,36988,10028,37170,36836,37070,37168
36948	36871,36897,37125,37130,44120,3734,8686,9999,10028,10048
36949	37588,41851,44178,1099,1129,1135,1664,1689,6679,7852
36950	30220,37178,37188,37215,37580,37597,37701,37734,37735,37822
36951	36683,10096,37041,37170,10114,36952,37006,37135,36687,36955
36952	10072,10097,37035,37041,37168,10058,37170,10093,36687,36735
36953	36735,36808,37150,10099,19365,36698,36881,37041,37197,44092
36954	36811,37135,10097,10047,36693,37085,10096,36669,36679,36708
36955	37197,37018,36688,37041,10058,36735,10096,36764,36703,36813
36956	36863,36932,36938,6541,6679,9999,10028,10055,10134,18912
36957	37134,10100,37085,36784,36877,36960,37073,37096,37151,37704
36958	36919,36839,36903,37337,37426,37461,10102,36704,36751,37070
36959	37047,37030,37588,41900,10113,10114,36784,36936,36991,37129
36960	10100,10113,36877,10117,10089,36895,37613,37053,37168,37549
36961	36784,36813,37085,44089,36765,37006,37096,44065,10096,36666
36962	10000,10008,10010,10097,36679,36683,36693,36703,36707,36738
36963	10096,10050,10103,36675,36832,37156,37170,37496,10008,10016
36964	1135,8686,9999,10000,10002,10018,10021,10028,10039,10058
36965	36995,37125,37417,37443,44099,10029,10043,10148,21283,24346
36966	37017,36735,36903,37035,37135,36923,37018,37030,37047,10135
36967	10053,10072,10103,36811,37135,36936,37085,10021,10096,36687
36968	36808,37506,10055,36764,36854,37041,44069,37001,37018,37150
36969	37156,9995,10097,36708,36835,37035,37085,10035,10103,36685
36970	15383,36908,10053,10114,36816,36840,36854,36905,36947,37135
36971	9999,19365,23266,36980,37247,37293,37360,910,1357,3734
36972	37461,39333,40395,6018,37409,39268,41367,30232,36862,37001
36973	10103,36905,37006,44089,10096,36765,36988,36687,36813,36909
36974	26525,36836,37041,37103,37159,37193,37197,37227,37264,37290
36975	36806,36923,36928,37070,44102,44178,10040,10093,10137,36748
36976	10113,10100,10117,36755,37073,37096,37529,36726,36784,36877
36977	10100,10117,36877,10089,36755,37085,37529,36895,37047,37043
36978	36708,37188,36680,41903,10072,36672,36698,36735,37018,37678
36979	36683,36680,36854,36988,37031,37197,10072,10021,36687,44065
36980	10072,36905,37041,37031,37197,36765,36854,36952,37221,10053
36981	36687,37176,37485,39233,39234,10032,10043,10047,10055,10060
36982	37096,10097,36877,36895,36988,10103,36755,36775,36903,37035
36983	37041,44078,37047,44082,10089,36735,36765,36808,36870,36909
36984	37035,37132,10014,36936,10053,19365,36734,36840,36870,41903
36985	37085,10103,36905,37035,37053,10093,36679,36898,36902,37011
36986	37061,37085,37135,36811,36817,36908,36923,36947,36991,37084
36987	36727,37030,10058,36763,36854,36924,37597,10114,36687,36698
36988	44079,36811,36679,36680,36947,10097,44089,37035,36665,36708
36989	10058,37018,37041,37150,37506,36854,36955,44196,10055,36708
36990	36958,37101,37461,36750,36811,36839,36863,36868,37459,10089
36991	36916,36736,37134,36806,37146,44065,37032,37047,37779,36795
36992	9995,19365,37580,10018,10068,36672,36680,36735,36742,36805
36993	36966,10089,24338,37016,37072,37296,37459,37661,10117,10127
36994	37559,37753,39329,38573,40395,41371,37071,37119,37580,39350
36995	36877,10100,10089,36698,36747,36767,36775,36806,37016,37073
36996	36933,36784,10089,10100,36813,37145,15383,36883,37018,37168
36997	36775,37168,10103,10100,37241,10097,37053,44065,10021,10072
36998	36747,36873,37370,37417,36705,36779,36902,37118,36697,36755
36999	36670,36830,36969,37052,37063,37237,41051,44181,8686,8816
37000	36738,36827,36936,37035,10028,10097,10103,10114,18918,36687
37001	37018,10058,36808,36708,36813,36735,37215,10055,36764,36800
37002	37135,36936,36892,36903,10053,10096,10114,36672,36811,37098
37003	36669,36672,36697,36954,37011,37246,37296,37384,37411,37649
37004	37035,36947,10096,36905,10086,36707,36816,10097,10123,15383
37005	36703,10018,10055,36666,36674,10001,10002,10029,10066,10135
37006	10103,36687,36905,36765,36816,36735,36688,36813,37018,36680
37007	36735,36839,36947,36966,37070,44199,9999,10053,10103,10114
37008	36901,10134,37362,10113,37151,10089,10100,36784,36877,36896
37009	36877,10113,36755,37151,36806,37047,36666,36933,37362,36901
37010	10072,36679,36905,10053,36831,10114,36817,36947,36952,36988
37011	37035,37030,36672,36735,37215,41900,36708,36927,36947,10086
37012	
37013	37469,37537,37580,37597,10037,36695,36847,36938,37125,37176
37014	23255,36791,36996,37122,37666,1607,10007,10009,10016,10020
37015	6688,10001,36768,38472,38478,38484,38497,38504,38512,39361
37016	36751,33497,36877,10089,37818,44130,36784,36995,37134,37525
37017	37132,37035,10040,10086,36672,36735,10066,41900,41903,10102
37018	37041,36763,36735,10058,37503,10072,15383,36955,37001,37156
37019	36840,37701,36771,10014,10047,10066,23278,36743,36870,36881
37020	36687,36683,36854,37006,37156,10002,10058,10103,10114,36765
37021	36751,36817,36839,36846,36863,36926,36938,36966,36994,36995
37022	37218,10047,36870,10037,10086,36936,41903,44189,44049,44199
37023	25186,18912,27656,36806,36887,37029,37030,37195,37294,10002
37024	10055,15370,36683,37041,37181,1135,10022,10040,10047,10072
37025	36988,36817,37135,36669,36811,36905,36954,37004,37197,37649
37026	439,25195,25421,34200,36683,1129,2644,2646,25224,25405
37027	1671,8793,8795,10035,10047,10048,10055,13298,13795,17877
37028	37150,37241,10058,36672,36763,36808,36909,37006,37041,37047
37029	41851,37132,36903,10086,36707,41903,23259,36735,36806,36811
37030	36735,37035,10103,10114,36672,37011,37168,41900,10096,36669
37031	36854,36909,15383,37197,44065,10002,37221,10096,36952,36980
37032	36991,37096,37362,36775,37549,37151,36895,36916,37085,36755
37033	10055,36735,36742,36672,36811,36943,37030,37070,37150,37170
37034	10018,37448,19365,36735,37188,37215,37416,35179,36672,36703
37035	10103,37168,36672,36679,36735,36988,36680,37011,37156,36707
37036	36847,36870,37188,39232,39332,36693,37211,37812,39268,39337
37037	36691,36693,37496,37649,23278,36708,36777,37339,41851,44138
37038	10059,10086,36693,36734,10096,36777,10014,36720,36816,44199
37039	10089,36957,37085,10117,15383,36726,36739,36782,36791,36795
37040	36728,37385,10134,36840,36863,36877,36901,37047,37061,37168
37041	37018,36687,36763,36854,37047,10058,36735,36808,37506,10097
37042	37085,10100,36755,36784,36944,37118,36666,36726,36988,37135
37043	37018,36735,36763,37047,36933,36784,36977,37150,37242,10055
37044	37132,10053,37018,37035,37135,37559,23259,36752,37017,37812
37045	10066,15383,37597,10064,15370,36672,36688,36708,36735,36780
37046	36854,36669,36840,36909,37150,10058,10096,10114,36800,36905
37047	44065,37041,44078,37197,44099,36727,36765,44120,36854,37156
37048	37061,10068,10093,10095,10096,36919,36923,37030,37035,37070
37049	10100,36775,36784,36874,44065,36909,37168,37502,37613,37704
37050	10134,36739,36806,36976,37096,37134,37337,37709,10097,10100
37051	37156,10053,10096,36680,36681,36693,36815,37314,10135,36665
37052	36999,44545,10007,10022,10029,19365,36701,36842,36846,36871
37053	36901,10113,37362,37073,36933,37529,10097,37613,36960,37151
37054	36892,36903,36988,37068,37132,37135,10096,10103,18912,36707
37055	3734,10021,10046,10100,10103,10113,36697,36704,36736,36739
37056	10114,36674,36680,36905,10072,10097,36676,36695,36742,36816
37057	37744,36704,36728,36958,36976,37065,38501,44159,10002,10009
37058	10009,10150,36784,36789,36916,37009,37016,37047,37049,37072
37059	36784,36775,37168,41900,10117,36755,36877,36901,37613,44065
37060	10097,36905,36669,36701,36936,37070,10000,10053,10114,10123
37061	10096,10114,36806,37085,37135,10040,36811,36923,36669,37030
37062	36817,36822,36923,37002,37098,37665,10114,29516,36683,36812
37063	19365,36672,36735,37215,10058,35179,36808,10018,18912,36703
37064	37070,10097,10103,36720,36903,37168,10072,10123,15383,36811
37065	37344,37380,37409,10117,36938,37247,37410,37522,37580,44199
37066	37217,10096,15383,36675,36679,36688,36728,36899,36912,36947
37067	36895,37053,37096,10113,36755,36916,37073,37085,37529,36775
37068	36923,36806,36836,36936,10114,36669,37135,10103,36707,36908
37069	36813,10096,36765,36688,36816,36854,10058,10135,36952,36988
37070	37168,36903,36947,36806,36811,36892,10114,36905,37132,36720
37071	36698,36936,37035,37649,10103,36669,36815,36933,10053,36735
37072	24338,36966,36993,37047,37459,37496,37533,6679,10009,10063
37073	36775,37085,37529,36895,10089,37053,36806,37241,44082,10021
37074	36683,37031,36687,36813,37242,35179,36854,37087,37439,44089
37075	
37076	15383,36727,36763,37047,44069,37018,44099,36775,37634,10100
37077	37469,37580,37597,37211,37219,37537,37734,37735,39268,30232
37078	17306,6541,23286,30232,36821,37559,39363,40395,37409,37580
37079	36735,36854,10058,36687,36698,37035,10086,36808,37181,10066
37080	36901,36991,10089,10113,36977,37085,37134,44065,10117,10134
37081	41851,10114,36708,36735,10028,10040,10055,10099,10135,18912
37082	37017,10102,36839,36926,37426,10089,30219,36729,36812,36817
37083	10114,37385,10072,10097,10100,10103,15383,37035,37085,37132
37084	10089,36991,37779,36775,36936,37085,37096,44065,36784,36817
37085	36806,10021,36905,10097,37073,10096,10117,15383,37532,37704
37086	10128,36877,10021,10028,10086,36678,36697,36698,36705,36709
37087	37197,36680,36813,36799,36809,36988,44079,10002,10089,10135
37088	36808,36996,10055,36685,36698,36763,36835,36847,36913,37001
37089	37009,36784,36991,10100,36705,36755,36666,36683,36736,36874
37090	6541,18963,24343,36789,37022,37071,37496,37557,39237,41367
37091	10100,10097,36784,36877,37073,37704,10089,10113,36775,36916
37092	39268,41367,37172,37211,37481,37580,37597,37734,37735,37822
37093	36947,37030,37135,10096,36812,37168,37588,27656,36669,36905
37094	36938,37050,37280,37527,37709,37711,37807,44105,44191,44224
37095	6541,6679,36820,36972,37119,37140,39295,39369,44149,3734
37096	36916,44065,37134,44102,36806,10151,37047,37032,10134,10103
37097	36806,37035,36855,37168,10086,10096,10097,10114,36695,36822
37098	37035,10114,36908,36936,37135,37011,41903,10093,10096,10103
37099	37168,36669,36817,36923,37035,37047,37061,37157,44092,10114
37100	37030,36947,37070,36892,37011,37035,37061,37509,41900,10095
37101	37461,36839,36958,36990,37484,37818,18920,37017,37296,37417
37102	10028,40748,44099,10002,10021,36923,36936,37035,41903,44065
37103	10021,10053,10072,10096,10114,36669,36695,36836,37816,1357
37104	36836,37816,41900,10096,18918,36669,36817,36864,36923,37002
37105	36901,36936,36784,36840,36877,37032,37047,37167,10100,10113
37106	10100,37041,37168,36698,36735,36784,36877,36933,37035,37047
37107	10053,36700,36701,36717,10092,10093,10097,36679,36707,36789
37108	10114,44065,36688,36765,37156,37326,44189,10002,10058,36763
37109	37580,36698,36955,36980,37041,37181,37199,10058,36687,36765
37110	36817,10008,10050,10053,36666,36679,36700,36717,36936,36947
37111	2675,9996,10017,10022,10029,10082,10096,10105,16960,37102
37112	10089,36775,36901,37053,37096,37613,37704,36666,36784,10117
37113	36806,15383,10103,37035,10096,36903,36909,36991,44092,36708
37114	36909,36672,36977,10058,36727,36735,37073,37156,37197,43018
37115	10062,10065,10092,10131,18921,35701,37079,37282,37439,37560
37116	37481,39232,39247,44103,36680,37245,39233,39243,39259,39282
37117	37502,15383,36738,37168,36813,37061,6679,10089,36701,36707
37118	37042,37370,36726,36747,36755,36775,36916,37096,10113,36784
37119	37580,37597,37734,37735,41367,37409,39233,39273,30232,37001
37120	39268,41851,44181,36674,36760,37035,37580,37597,37711,37822
37121	37009,37434,37742,1135,10055,10078,10109,29508,36666,36812
37122	36947,37002,10089,36923,36966,37017,37084,37169,37815,36827
37123	10089,36874,37018,10058,19038,36727,36763,36840,36881,36883
37124	44089,10151,10135,36765,36961,37006,37085,37096,10100,36784
37125	24338,36908,37649,6541,17309,17331,37385,37743,44078,44082
37126	36669,36780,41903,10096,10114,27656,36741,36806,36892,36936
37127	37035,36936,36947,36908,37588,10097,10028,10096,10114,36817
37128	10058,36687,36808,37041,37150,36763,37018,37242,36688,36735
37129	36936,37588,10114,37017,37132,41903,36812,36959,36947,10028
37130	10055,36871,36948,37125,37818,44047,10001,10058,10072,10086
37131	36892,37035,36903,37140,36827,36836,36947,37017,37070,37166
37132	37017,10066,10040,10086,10114,37070,36806,15383,39237,36707
37133	37018,10058,37041,37150,36763,36988,36989,37001,36854,37181
37134	36991,36784,37096,36736,36916,37085,37532,36933,44102,36902
37135	36679,37156,10093,37170,36665,44178,36680,36701,37197,37812
37136	41765,41803,8800,36806,36966,18886,30228,32634,35752,36855
37137	36765,39310,44066,44118,44060,44068,44086,44090,44193,10040
37138	10009,10053,10072,10103,36665,36666,36675,36701,36707,36738
37139	37145,37634,37150,44065,10100,36775,37168,44063,44132,36727
37140	36840,10103,10123,36815,10072,10097,36811,36817,10040,10053
37141	10100,10089,10117,36806,36901,37073,37085,37146,37613,37704
37142	36936,37132,36806,36923,37030,10099,10114,14794,36827,36855
37143	36727,36817,36901,37030,37188,44092,10103,10135,15383,18912
37144	10026,10096,36947,10040,10097,10123,36765,36836,36905,36936
37145	37150,36763,36854,10058,36687,36813,36996,9999,37139,44078
37146	36991,37085,10100,36933,36755,36877,36916,37532,10021,36874
37147	37156,10093,37170,10072,36675,36885,36988,37135,37649,10008
37148	10114,10103,36905,36947,37035,10040,37085,36707,36752,36816
37149	44089,36905,44548,36687,36817,37156,10021,10072,10096,10151
37150	10058,36735,36763,37242,10055,37145,36765,37503,36808,36988
37151	36901,36775,36877,37704,37009,36755,37532,36916,10134,37032
37152	10002,10072,10100,10151,25250,25264,27553,36680,36683,36687
37153	18964,39240,6679,6688,37476,40395,6541,10029,10041,10127
37154	36672,37035,41900,10093,10096,10102,36806,37030,37068,37135
37155	10100,10040,37168,10063,10093,10103,36705,36817,37047,37070
37156	37771,10114,36687,37135,37168,15383,36679,36669,36909,10021
37157	36817,36936,37135,10053,37035,10103,36672,36903,37068,37084
37158	39237,44173,10014,10047,10066,37580,41102,18618,23278,36693
37159	36974,1129,7390,10096,10103,13847,15631,15845,15849,18964
37160	37096,37053,10113,36877,36901,37073,37134,37362,10117,36736
37161	36877,10113,10089,36784,37151,37009,37168,37549,10117,36933
37162	10029,37663,9995,10013,10042,10043,10044,10048,10062,10063
37163	10055,36698,36727,36980,37041,37047,37286,37600,910,1357
37164	10089,10113,36705,36736,36740,36765,36775,36806,36813,36874
37165	44082,10058,36909,37047,10035,36854,37150,37634,44069,36687
37166	10103,37132,10040,10096,36707,36903,37017,37035,10114,23259
37167	36840,10072,37085,15383,37168,37156,10100,36988,36991,37041
37168	37156,10097,10114,36905,37035,10072,10103,37070,37503,36947
37169	36870,37132,36811,36862,36903,37135,37385,37719,41900,44061
37170	37135,36947,10103,36951,36952,36988,44050,36665,36708,36811
37171	2684,6679,10002,10014,10022,10045,13101,13947,14008,17309
37172	37580,37597,37734,37735,37675,37822,34644,37378,39268,37211
37173	10072,36687,44089,37031,37215,37504,44079,10096,10097,10135
37174	36832,37218,37496,6679,10055,10066,24343,36693,37199,37273
37175	18963,23273,36672,36680,910,9996,10001,10013,10016,10029
37176	37597,36764,37675,36708,36728,36847,37215,37580,40748,44132
37177	36669,36763,37199,37248,36909,37041,37150,36735,36854,37215
37178	37215,37597,37580,37675,37734,37735,9995,37188,37356,37701
37179	36707,36669,10059,37188,44189,10086,10114,36665,37218,36728
37180	36808,10058,36763,36854,37150,37181,37242,36989,37041,37196
37181	36808,37199,36687,10058,37018,37215,37597,36735,37041,37675
37182	37506,37181,37199,37041,37079,37150,37177,37248,37316,37580
37183	37597,44057,44066,36688,36909,37675,37701,39240,40748,44050
37184	37597,34644,37580,8816,10055,37001,37247,37332,37481,37675
37185	36687,37537,37580,37597,37734,37735,37822,44181,34644,36673
37186	27736,1085,1135,7852,10018,10097,10123,10135,19365,24700
37187	36977,37073,37150,37241,10058,10100,10117,36698,36775,36909
37188	41903,10002,41851,44189,44132,44178,36693,36908,9995,10053
37189	36815,37649,10030,36679,36680,36742,36817,36923,36967,37147
37190	36905,10040,10096,37035,37132,36903,36947,37168,10114,36707
37191	9999,36735,6541,10000,10008,10014,10033,10037,10038,10040
37192	36741,10114,18963,37041,37317,39258,8686,10002,10016,10055
37193	35179,36808,36698,37215,37150,37177,37580,37597,37615,37675
37194	10055,36764,37199,10086,35179,36672,36675,36679,36735,36808
37195	25186,10099,30220,36735,41903,10055,36741,36808,36854,37030
37196	10058,36808,36687,36854,37018,37041,37150,37242,36698,36763
37197	44079,44063,44055,36683,44132,36680,10096,36679,36688,36708
37198	36854,37207,37228,37229,10058,10117,36687,36743,36763,36909
37199	37181,10058,37248,36735,36763,37215,36687,36808,37041,37018
37200	37597,30220,37215,37675,8686,10114,36685,36698,36808,37035
37201	36674,36698,10055,37597,24343,36669,36676,36687,36688,36699
37202	36698,35179,37580,37701,36695,36699,37378,37597,10055,36674
37203	37580,36698,36764,37181,37207,37506,37597,8816,9995,10002
37204	10058,36687,37199,36703,36763,37001,37018,37177,37215,37225
37205	10002,18963,19365,36687,36698,36708,36728,37071,37179,37247
37206	10114,10000,36669,36707,36827,36905,41851,36665,36738,36765
37207	37597,37675,37215,36687,37580,10058,37181,36854,37018,36763
37208	10058,36669,37177,37215,10114,36687,36735,37181,37199,36672
37209	36898,36871,37113,37417,36705,36782,36902,36775,36833,36856
37210	37001,37215,37332,37701,39233,8686,10055,10060,35179,36685
37211	37580,39268,37597,37481,39273,37734,37735,37675,37822,36847
37212	37215,10028,10099,18963,30220,36698,37356,37442,37597,37675
37213	37188,10055,36693,36708,37247,37384,37649,18912,24343,36717
37214	10028,36737,37073,37113,37125,44065,44078,44092
37215	36687,36735,37597,37675,37580,10058,37181,37701,37199,37207
37216	36672,36703,37018,36687,36708,36763,37001,37150,44074,10028
37217	37066,36707,36679,10008,10066,10072,10096,36665,36675,36947
37218	10066,10053,37022,37314,36669,36707,36675,39337,10055,10114
37219	37215,37332,37537,37580,37597,37734,37735,37469,37675,37701
37220	10058,36854,37041,37503,44050,36687,36708,37150,37181,37242
37221	36687,36854,36905,37041,10058,37031,37197,37242,10072,36765
37222	3409,10006,10075,36681,36717,36880,37010,37297,37818,41368
37223	36989,36764,10058,36763,37018,37041,37145,37506,41754,44069
37224	37597,37580,37675,37734,37735,37001,37537,37822,10029,35179
37225	10058,36735,36808,36763,37199,36687,37001,37018,37181,37215
37226	37215,37580,37597,37701,37734,37735,10055,10099,37822,10018
37227	39233,37001,37397,10038,26525,36866,36974,37099,37184,37193
37228	36687,10058,36698,37199,37242,37597,36763,36909,37018,37207
37229	37242,37207,37597,37675,36763,37018,37215,37228,35179,36687
37230	36800,37001,10055,36687,36694,36698,36763,36813,37018,37043
37231	37597,36687,37242,37675,10058,36808,36909,37181,37041,37196
37232	1135,18964,36979,36988,37035,37561,37588,41886,44087
37233	37215,10028,37356,10058,36685,36687,36698,36714,37181,37221
37234	36847,37580,37597,37734,37735,23283,37469,37481,37675,41233
37235	37132,36923,44149,10099,10114,18912,36720,36811,36817,36903
37236	37469,23274,37071,37073,37378,39233,41366,8686,10029,10144
37237	36999,10008,10040,10047,10050,10063,10093,10095,10103,10123
37238	37197,36854,36687,37156,10058,10096,36669,36800,36955,36980
37239	44088,9999,44082,44102,44104,44125,36874,36909,37076,37150
37240	36699,44047,10055,36672,36687,36698,36735,37207,37221,37228
37241	10100,10117,37242,10058,36763,36808,36909,37041,37073,10089
37242	36854,36909,10058,37150,36808,37047,37197,37241,37041,37221
37243	36741,37071,37215,41830,9996,10059,10062,10063,10105,10135
37244	37580,39268,37597,37734,37735,37276,37469,37675,39273,36929
37245	37580,44178,10066,36687,37018,37597,37701,37734,37735,39247
37246	10103,37018,36811,36905,10053,36947,36988,37006,37017,37035
37247	37597,37580,37734,37735,36693,36707,36708,37537,39239,10000
37248	37199,36763,37506,44066,36687,36735,36808,37177,37181,37018
37249	10026,36806,36811,36827,36869,36883,36903,36919,37035,37070
37250	10058,36989,37001,9999,36854,37018,37145,37150,44196,36687
37251	36693,36870,37339,10037,10053,10059,10103,36708,37218,37384
37252	37378,37580,37597,37734,37735,10007,14097,37001,37247,37286
37253	37033,37135,41903,10055,10103,10114,19365,36742,36806,36855
37254	41903,10018,18912,39267,41851,36679,37188,37448,10028,10103
37255	36909,36687,10058,36698,36763,37503,36703,36933,37316,37597
37256	37199,37150,10058,36808,37181,37248,36854,37018,36669,36735
37257	39268,36929,37580,37597,39233,39273,41367,6679,23254,23269
37258	24338,10035,17288,18889,25186,36689,36850,36966,36993,37047
37259	
37260	8816,10055,10143,36670,36699,37188,37226,37273,37580,37597
37261	37150,37337,10089,36874,37445,37506,44102,36735,36763,36806
37262	39235,10059,36679,36777,36790,37179,37339,41903,10047,36693
37263	30220,37181,37378,37580,37597,37734,37735,910,10105,19365
37264	36698,37301,37380,41830,1357,10135,18642,26525,30232,36695
37265	36784,10089,10097,10100,10117,36874,36947,36959,36966,37002
37266	36936,36672,36681,36692,36737,36912,36923,37465,10002,10010
37267	37150,37018,37070,37719,10000,10058,36840,36868,36881,36903
37268	36806,6541,10089,24338,36699,36741,36870,37047,44065,10008
37269	36693,36811,10008,10053,10086,36708,36717,36742,10072,10103
37270	10072,10097,10103,10123,15383,36693,36936,37004,37038,37085
37271	10093,36947,37135,10123,36665,36908,10000,10097,36678,36811
37272	10042,36695,36698,36710,36727,36917,37202,37230,37247,37328
37273	37597,36707,37188,37356,18963,37675,37701,44189,37580,36665
37274	10058,18963,36687,37215,44089,36683,36695,44050,10002,10099
37275	36687,37181,10105,37018,37207,37597,10072,36688,36698,36735
37276	37580,37597,37734,37735,37822,37481,37675,37211,37469,37537
37277	36750,8816,10055,23266,36839,37001,37041,37178,37188,37286
37278	36877,36747,36767,36775,36784,36898,37188,37370,41900,10000
37279	10002,18964,9999,10043,10053,10091,13847,18912,25186,25231
37280	36806,36704,37365,37502,39295,6541,10100,15383,18964,36739
37281	37215,37030,37150,37168,10114,36672,36817,37011,37041,37047
37282	36840,36854,37242,10058,19365,36808,37006,37041,10055,36909
37283	36665,9999,10021,10030,10035,10089,10096,10097,10101,10113
37284	37215,36827,36848,37030,37035,37178,37374,37416,37580,37597
37285	37359,37814,8816,34644,36695,36698,36725,37001,37119,37192
37286	37018,10058,36763,37181,36735,37041,37150,37506,36800,36808
37287	87,9995,10014,10022,10045,10063,10066,10075,10082,10084
37288	30220,10099,10135,25186,36741,37195,37254,37442,37448,41830
37289	36674,41233,6679,10013,10018,10020,10028,10029,10041,10048
37290	36695,37273,36742,37099,37193,37228,37580,8816,10045,10055
37291	10058,36708,36735,37506,44047,36764,37248,44066,44196,37181
37292	19,15186,18539,18916,21560,22265,23202,25195,25224,34164
37293	37580,37597,37675,37734,37735,10009,37001,37172,37276,37414
37294	36909,37135,10028,10103,36840,36905,37035,10096,36869,36947
37295	36738,1129,4133,9996,10008,10012,10026,10028,10050,10053
37296	36868,36903,36936,37743,33497,36672,36919,36923,37035,37070
37297	10117,37818,910,3409,4981,10006,10007,10028,10035,10048
37298	37035,10096,36809,36840,36910,37063,37109,37121,37129,37177
37299	910,1357,8816,10029,10042,10045,10055,10094,10144,18507
37300	36735,37071,41851,36870,36903,36908,37188,37380,37597,39237
37301	37264,37380,1357,9995,18642,26525,36974,36980,37041,37047
37302	10028,30220,37580,37615,10099,36780,37178,37215,37356,37394
37303	44049,37188,10114,18912,36808,36854,36669,36687,37812,44178
37304	1453,1933,10012,10029,10053,10064,10072,10623,11139,14589
37305	37228,1357,37226,37461,37580,38575,41253,87,9995,10013
37306	36947,10072,36720,36900,36903,36911,36936,36954,37010,37035
37307	10012,18964,36738,36810,36816,37109,37295,44250
37308	10058,36808,37018,37207,37597,36735,36764,37196,37215,37225
37309	36762
37310	36755,36877,37053,37085,10113,36901,36916,36933,36944,37042
37311	37580,37178,37228,36735,37181,37199,37215,37597,37675,36687
37312	
37313	36936,37029,37035,37030,37168,37742,10103,10134,36720,36840
37314	10058,37218,39237,10055,36764,36870,44189,36765,36894,36735
37315	
37316	37018,37503,10058,36687,36808,37181,37506,36698,36909,37454
37317	44178,10055,37035,10037,10103,16714,36687,36780,36894,36923
37318	10060,10117,24338,36672,36748,36820,36938,36965,36986,36995
37319	10086,37035,37135,37678,10066,10096,10014,15383,36708,37132
37320	36988,36728,10097,36727,36775,36854,36909,36933,44079,44089
37321	36870,44189,37218,10066,36708,36764,37812,39273,44173,10086
37322	37199,37314,9999,10029,10038,10047,10055,10066,16714,23557
37323	10103,10123,10142,36812,36869,37093,37385,10028,10097,10100
37324	36836,37035,36869,37719,10093,36812,36817,36923,36936,37030
37325	39268,40748,10028,10089,36936,37047,37132,37461,44061,44138
37326	37156,39236,44063,44079,10114,44102,44132,44076,9999,10002
37327	36775,36853,36976,37050,37190,37354,37573
37328	36698,37580,10055,36978,37199,39233,10002,10028,18963,36675
37329	37002,36874,36892,36947,37070,37168,10095,27656,36812,36817
37330	36811,41851,36734,36742,36777,36870,37218,39337,44189,10053
37331	10097,9995,10026,10114,36665,36676,36905,36936,10000,10096
37332	37580,39233,37597,37734,37735,37378,37481,39273,37215,37226
37333	9995,9996,10020,10060,10105,10130,10132,19038,19365,22486
37334	
37335	9995,10091,27086,36680,36683,36710,36760,39310,44059,1357
37336	37332,37597,37675,36727,36840,37226,37228,37262,37379,37701
37337	36806,36933,36988,37006,36735,37017,37085,36738,36775,36811
37338	44089,44079,10002,36688,36905,39240,36680,36683,36784,36813
37339	10059,41851,36707,41903,10066,36742,44068,44075,10014,10053
37340	36813,37255,44047,1597,9996,9999,10000,10026,10058,10063
37341	37395,36775,36877,36994,10009,10089,30219,36784,36863,36869
37342	
37343	37053,10021,10072,36669,36698,36806,36901,37001,37042,37070
37344	37580,37247,37597,37734,37735,37537,37065,37332,37378,37380
37345	37638,10135,18916,36742,36909,10018,10038,10059,10089,10093
37346	37018,36687,37207,37503,36763,36909,37041,37150,37215,37241
37347	15383,37018,37220,19365,36909,36996,37079,37145,37346,37503
37348	36870,37132,39237,10053,36903,41903,44132,44178,10066,18912
37349	1135,10028,10039,36836,36905,36923,36936,37168,37448,41903
37350	37188,10029,18963,39236,39242,9999,10002,10014,10043,23273
37351	37461,37469,37537,10117,35761,36980,37001,37065,37077,37219
37352	29508,35179,36687,36699,36808,37196,37207,37228,37242,37308
37353	1357,1870,2101,2294,2563,2576,3435,4982,5928,7927
37354	36775,36877,36916,36991,36755,36944,10089,36784,36891,36982
37355	10058,36687,36698,36763,37041,36735,36741,36909,37018,37188
37356	18963,36665,10028,9995,10002,40748,87,36765,36905,41903
37357	37170,10096,36665,10040,10047,10066,36669,36679,36707,36912
37358	10040,36895,37030,37135,10093,10096,30219,36812,36822,36836
37359	37597,37734,37735,37580,23281,37537,37675,37822,39233,36929
37360	36903,37011,37035,37070,37071,37135,1357,10109,18642,23266
37361	10089,36874,10100,10117,36933,37779,10097,36775,36892,36947
37362	36901,36933,37053,36895,10134,36874,37032,44102,37009,10021
37363	37001,37247,37286,37474,37720,9999,10055,10105,10130,36695
37364	36808,36854,37215,37242,37286,10058,36687,36735,36763,36909
37365	36806,36903,37280,37461,36704,36709,36991,37151,37613,37818
37366	9995,9996,10060,10105,10130,19038,19365,22486,36830,36914
37367	44223,23283,37753,39268,39273,39293,8816,17309,23279,23287
37368	10097,10114,36919,37215,37506,44101,44189,14794,36693,36765
37369	10022,10123,18964,19365,36870,44249,87,6688,9995,10002
37370	36747,36944,37118,37085,37417,36705,36998,10103,36895,36901
37371	6679,14163,17306,17309,17331,23272,26525,36695,37108,37595
37372	9999,10058,36840,36989,37001,37041,37145,37220,37506,19365
37373	910,1357,8816,10042,10045,10055,10094,10144,18507,18642
37374	10066,10099,37011,43018,36735,10055,10114,10135,37132,37215
37375	37580,36847,37523,37597,41816,9995,10060,10105,18963,19365
37376	37719,37559,10014,36870,41851,19365,36696,36735,36811,37132
37377	36909,15383,37156,10114,36765,10096,36854,36905,44089,10002
37378	37580,37597,37734,37735,37675,37701,37822,37537,37215,37172
37379	36672,36698,36735,37150,37228,10021,10055,10058,10114,10117
37380	37580,37597,39232,37701,18912,36870,44173,36742,36854,36919
37381	37119,37580,37597,37675,37734,37735,39273,10145,23283,37001
37382	36698,36821,36894,36980,37409,910,1357,8816,9996,10002
37383	36817,37002,37157,10028,10030,10066,10103,10114,10150,18918
37384	36669,36679,37135,41851,10008,36665,36717,36680,36681,36988
37385	36806,41900,37085,37096,36784,36775,36933,37061,36811,36877
37386	36817,36889,36908,36923,36947,36986,36988,37002,37009,37030
37387	36808,10058,37018,36933,36989,37047,37506,44066,36800,37041
37388	37580,23285,37286,37499,37597,10007,10048,10067,10117,36919
37389	8816,36698,37001,37119,37193,37210,37285,37332,37359,37456
37390	
37391	39233,39273,37469,39268,8816,37359,37456,37580,37597,37734
37392	36775,10035,10089,10100,36750,36784,36835,36901,36933,36954
37393	36708,36927,8686,9999,10055,36675,36808,36870,37197,37506
37394	9995,25186,37356,37580,10002,10028,19365,36741,37030,37188
37395	37030,37341,41900,36869,36959,37011,37035,14794,30219,36855
37396	10047,10055,10086,10134,24346,36700,36701,36715,36728,36748
37397	37172,37580,37597,8816,37001,37184,37211,37293,37344,37414
37398	10002,18963,37600,39238,910,1357,8816,9996,10004,10008
37399	36767,36701,36877,36898,37485,36665,36755,36871,36891,36902
37400	41903,36947,37002,41900,44049,18912,19365,36735,36936,36943
37401	10041,18964,37316,39268,39333,44070,44099,1671,7702,8686
37402	8816,10055,10144,36859,36870,36917,37022,37188,37218,37580
37403	36991,10040,36877,37042,37085,37096,9995,10050,15383,36705
37404	37580,37597,37822,37211,37469,37481,37812,39268,8816,10143
37405	18543,23273,36990,37002,37079,37246,37459,37493,87,1597
37406	9995,10018,37580,37597,37701,37822,10038,36711,36847,36950
37407	1357,10042,18642,36695,36698,36710,36731,36917,37071,37073
37408	37017,36672,36806,37009,37150,37385,44049,44178,10113,19365
37409	37001,40395,6018,36862,37119,37461,36972,37537,39333,44056
37410	37409,37065,37380,36938,37119,37247,37286,37344,37522,37538
37411	36903,36923,37649,36978,37070,37071,44149,10109,18912,30304
37412	37071,37134,36819,36863,36994,37496,37709,37818,6541,9995
37413	37597,37675,37812,36669,36712,36968,37207,37303,37453,37493
37414	37293,37580,37597,37734,37735,8816,37172,37184,37211,37276
37415	10100,36977,36991,10117,36877,37151,36736,36755,36775,36784
37416	36735,37215,30220,36672,10018,10099,19365,36854,36909,37150
37417	37209,37370,36705,36871,36945,36998,36747,36782,36833,36902
37418	10008,10009,10091,13947,14008,15186,18963,18964,23262,36757
37419	
37420	37001,37184,37219,37293,37332,37344,37414,8816,9995,10055
37421	36877,36784,36991,37096,37168,36905,36916,37085,10089,10100
37422	8816,36931,37188,37251,37273,37456,37580,37597,39240,44189
37423	36698,36721,36815,36880,36894,37156,37255,37296,37511,37557
37424	44055,44063,44082,10002,17977,35179,36667,36679,36899,36909
37425	36870,44178,10014,41851,36728,36947,10040,10053,10066,30219
37426	37017,10014,37135,36870,36919,36947,41851,41903,10066,36840
37427	37634,37720,9995,9996,10012,10060,10105,10130,17288,19038
37428	10055,24343,36674,18912,36675,36687,36717,36765,36777,37384
37429	37580,37597,37734,37735,37701,37215,37675,35179,37481,37537
37430	37085,36991,10066,36708,10021,10103,36742,36806,37135,44178
37431	10058,10114,37181,9999,10047,36665,36679,36680,36687,36728
37432	36947,37035,37070,36817,37132,10089,37816,10100,36893,36908
37433	36991,37053,37362,10100,36755,36933,37085,37134,10097,10117
37434	41903,37017,37035,37132,10014,36817,36936,37030,37096,41900
37435	37718,36665,36742,37056,10008,10072,36675,36676,36681,36707
37436	16714,34644,37172,37211,37215,37219,37332,37380,37481,37537
37437	10089,36980,37502,37527,37529,10018,10053,10100,10113,10117
37438	36765,10002,15383,36687,36816,37150,10040,36905,36909,36943
37439	36687,36683,36735,36763,10058,36813,37199,37207,36854,37018
37440	36763,36808,36989,37181,37207,37220,37231,37241,37242,37454
37441	36708,37374,36693,36870,44165,36742,36912,44178,10055,10059
37442	36698,10114,36693,36765,36905,36936,37071,37215,37649,10053
37443	36765,36874,37502,10097,13101,18912,36933,36943,36978,37018
37444	37524,10117,23285,23690,34644,36689,36919,37065,37071,37262
37445	36806,37018,36735,37506,10117,36909,37337,37385,36698,36763
37446	36669,36947,18912,37029,37070,37093,37132,10114,36720,36811
37447	36847,37303,37481,41233,41816,10030,10043,10105,19365,23262
37448	44178,18912,44049,10022,10028,35179,44101,10135,36923,37356
37449	6688,6541,6679,10028,10055,10092,10127,10129,10134,10812
37450	36741,44133,44178,44198,10022,10028,10059,10062,10066,10106
37451	37142,10002,10015,10028,10099,23255,36712,36817,36827,36893
37452	38575,39363,40395,17306,23263,23284,23285,23286,37078,37109
37453	37597,37675,41851,36675,36936,36679,36908,37211,37580,37701
37454	36808,36909,10058,36854,37316,37666,36735,36763,37018,37242
37455	37207,37580,37597,37675,37734,37735,37822,44047,6018,9999
37456	37215,37580,8816,10055,37001,37178,37226,37822,38575,39268
37457	36870,39237,41911,44206,37701,39242,36693,37380,38563,41253
37458	36847,37215,37580,37597,37675,37701,37734,10055,10143,23279
37459	36988,37070,10097,10103,10123,36742,10114,30219,36735,36738
37460	1528,10036,10041,10091,36675,36685,36699,36808,36916,37485
37461	37537,37001,39268,39333,44056,36862,36972,37409,6018,30232
37462	44199,10103,36811,37135,37580,37812,44178,36870,36919,36936
37463	37207,37215,37242,37454,37580,37597,19038,36735,36854,37018
37464	36806,36864,37150,37517,44098,9999,10002,10055,15383,18964
37465	37035,37215,10114,36698,37580,37597,10099,18912,30220,36735
37466	10072,36687,37018,37041,37215,36765,36816,37156,37503,36683
37467	36707,36679,36669,10000,10050,36665,36870,37179,37188,37199
37468	36843,36886,37113,38483,44208,44225
37469	37580,37597,37734,37735,23283,37822,39233,41367,37675,37537
37470	37461,36689,37469,37537,37580,37753,39329,40395,1357,24338
37471	10072,10112,36679,36687,36705,36718,36725,36747,36771,36775
37472	36742,37174,37453,23259,36737,36903,36984,37273,37411,37597
37473	10063,36806,37070,10096,13980,36672,36892,36936,36984,37079
37474	37634,36874,36909,37041,37150,37503,37506,36933,37018,37220
37475	37580,37597,37734,37735,37359,37378,37675,37207,37701,39233
37476	38474,10029,39243,30232,39234,39242,39247,39295,14008,38573
37477	36931,36950,37422,37561,44070,44545
37478	37035,10096,10103,36669,36681,36742,36815,36892,36905,37002
37479	37085,37096,10117,37070,10097,10113,36877,37503,10089,10100
37480	
37481	37580,37597,39273,37211,37734,37735,37822,37675,37537,37701
37482	37545,10009,10022,10029,10043,10049,21277,22076,24346,30711
37483	269,2523,4935,7702,9944,10028,10035,13267,13640,13664
37484	36958,37101,37125,18920,36704,36919,36926,37172,37181,37188
37485	37150,10002,36687,36813,36854,36909,36988,37506,37634,36727
37486	10117,36938,37065,37247,37286,37344,37597,10007,10048,10067
37487	10058,37018,37242,36909,37047,36874,37286,37720,10055,19038
37488	36665,36899,9995,10040,10047,10097,10103,10123,10135,15383
37489	10089,36798,36840,36874,36883,36909,36996,37043,37134,37220
37490	37525,10100,36877,10089,10117,36784,36976,36977,36991,37073
37491	37134,37709,44222,10055,10089,10100,10113,10117,36666,36670
37492	37479,37313,37657,10037,10050,36923,36936,37496,37588,37649
37493	36817,36936,36908,36923,36947,37035,44149,44178,36966,44201
37494	37740,37084,37168,36817,37127,37588,37769,10096,10117,14794
37495	36727,37242,10058,19038,36698,37063,37150,37207,37445,37454
37496	18912,36665,36777,37356,39237,44132,10050,37179,37218,44189
37497	37580,37597,37701,10105,36694,36847,37177,37181,37199,37207
37498	37720,10089,37150,37242,37616,37634,37666,19038,36874,36909
37499	37580,23285,36919,36938,37286,37380,37388,37524,37597,44199
37500	
37501	10149,36672,37125,37818,39266,41051,41233,41926,9995,10016
37502	36874,10100,37085,36991,36666,36811,36933,10021,10117,15383
37503	36687,37018,10089,36909,37168,36784,36933,37041,37150,10100
37504	36687,37215,10058,35179,37221,36765,36813,36854,36905,36952
37505	10002,10028,10058,10085,10094,10105,10117,10145,18548,19038
37506	37041,36808,36735,36763,10058,37248,44066,37181,37503,36687
37507	10040,10066,36947,44178,5957,9995,10009,10033,10037,10043
37508	472,728,10009,10028,17309,17331,22307,23291,24349,36665
37509	36947,37035,37071,41903,10096,36742,36903,37070,37132,37135
37510	36735,36901,36991,44102,10018,10021,10100,10117,10135,25224
37511	10096,36903,10040,37047,36728,36806,36811,37017,37168,44092
37512	
37513	
37514	10099,23259,23260,36703,37017,37169,37254,37409,44049,2891
37515	24338,36704,36938,37078,6541,10021,10081,10093,10096,10134
37516	10000,10002,10038,10060,15202,17309,17331,18963,19365,23274
37517	36947,37132,36892,36936,37070,41900,41903,10002,36669,36893
37518	36693,36905,36908,36708,36720,36827,36840,36909,36947,37063
37519	10058,36687,36733,36808,37241,10055,36763,36874,36909,36989
37520	10096,36669,36679,36693,36701,36707,36832,36870,36905,36954
37521	37580,10145,37207,37215,37597,37675,39234,37481,37701,37734
37522	37580,37597,37734,37735,37065,37344,37380,37524,37621,9995
37523	36765,37156,36854,10053,10058,10072,36679,41903,18912,35179
37524	37580,23285,37380,37597,37734,37735,10007,36919,36938,37071
37525	36991,10100,37549,36916,37529,36775,36977,37085,37096,37532
37526	37172,39234,39328,6541,10001,10037,10055,10064,10071,10102
37527	36903,36855,37070,37035,37127,10089,10097,10100,10109,10111
37528	36817,10028,10096,10114,37035,36669,36806,37041,37068,37070
37529	37073,10117,36775,37549,36755,10089,36977,37053,36666,36933
37530	18963,24338,36751,36833,36877,36898,36901,36997,37080,37370
37531	36870,37132,41851,37011,41903,10014,10055,36693,36927,37416
37532	36877,36775,37085,36736,36902,37134,37151,10089,10134,36666
37533	36926,36966,37668,33497,37072,37459,37584,17288,18889,24338
37534	9995,37220,37316,37454,1357,9996,10040,10060,10103,10105
37535	10114,36665,37442,10089,37188,37356,37812,41903,44130,10000
37536	10089,36775,37557,40748,10134,36665,36697,36698,36751,36799
37537	37597,37580,37734,37735,37822,37675,37701,37461,37481,34644
37538	37071,37580,38572,37247,37597,36938,37065,37378,37380,37409
37539	10089,10134,24338,24343,36704,36750,36775,36813,36863,36990
37540	6679,8686,8816,10029,10030,10041,10047,10055,10060,10112
37541	36947,10103,33497,36817,36827,36839,36923,36926,36966,36988
37542	10043,10112,10130,16979,36753,36894,36897,36899,37037,37041
37543	37559,10053,36908,36947,44049,23259,36811,36870,36936,36984
37544	9995,10038,10071,10086,36965,37021,37079,37188,37324,37443
37545	37016,37591,33497,36704,36751,36753,36812,36897,36966,37482
37546	10029,10043,24346,36704,36793,36886,36897,36938,36965,37082
37547	37172,37481,37580,37597,37675,37734,37735,9995,37215,37276
37548	37099,37193,37290,37580,10032,10047,10055,10060,10072,10122
37549	37529,36775,37085,36895,10089,37032,36755,36933,36960,37053
37550	
37551	36951,41903,44189,10021,10053,10068,10114,29508,30219,36669
37552	10078,37580,37597,37638,37675,37734,37735,37818,37822,38481
37553	9999,10012,10016,10023,10055,10118,12122,12126,12135,12143
37554	8686,10144,18963,23261,23274,24343,34352,35179,36684,36789
37555	6679,23273,37002,37405,39344,41920
37556	36806,36697,36928,36991,36995,37157,37596,44101,44178,1135
37557	36698,36717,37071,36894,36675,36727,36729,36775,36815,36817
37558	10013,10029,10057,10063,10127,23273,24338,36810,37305,37448
37559	44049,10053,36811,37135,10014,36936,37719,36947,37044,37070
37560	36698,37215,37580,37597,37675,37701,37734,10035,35179,36685
37561	37314,44149,37218,10059,36669,36674,36742,36912,36936,37011
37562	17200,37502,37818,38472,38512,38513,38519,38534,38537,44159
37563	37035,37113,24338,36919,37044,37459,37654,37678,44078,10009
37564	9995,10018,10024,10038,10120,18546,23265,23275,36676,36766
37565	1135,27656,36806,45042,1084,4133,10001,10013,10018,10033
37566	37254,37523,41851,41903,44178,2646,7809,10001,10018,10022
37567	37018,36874,37316,36727,36763,36808,36933,36989,36996,37041
37568	
37569	33497,36868,36926,10102,10127,14794,36708,36717,36720,36751
37570	10000,24343,35179,36687,36703,36909,37174,44058,6679,8686
37571	10113,36755,36775,36784,36877,44102,10117,10134,36811,36902
37572	10022,23285,37580,37597,44199,10048,36847,36919,37247,37378
37573	36808,36909,44063,44065,44089,44099,10058,10113,36763,36775
37574	6679,8816,9995,10007,10009,10018,10055,10056,10081,10085
37575	37156,15383,10103,36854,44079,10072,36905,37135,39236,10002
37576	37580,37597,37608,37621,37734,37735,38572,10007,10048,10067
37577	37294,44132,9995,10053,10055,10072,10099,10149,19365,24343
37578	36704,37280,37417,37461,37591,37807,39271,1342,1626,10001
37579	6679,10028,24338,36703,36710,36811,36815,36832,36852,36905
37580	37597,37734,37735,37822,37675,37701,39273,37215,37537,37211
37581	37199,37678,44527,6679,10008,10024,10041,10043,10066,10106
37582	37017,37134,37502,37697,44078,10104,10111,10113,10117,36812
37583	37207,37504,44074,44078,10002,36687,37031,44057,44079,44082
37584	37533,37668,17288,18889,24338,36689,36966,36993,37047,37072
37585	10097,36665,36680,36687,36717,36760,36905,37179,37183,37188
37586	37567,37616,36933,37018,10097,10117,15383,18964,36698,36740
37587	37044,37825,36862,36868,36903,36926,37018,39295,10089,24338
37588	36936,37127,10103,37135,10114,36905,36947,37168,36908,36923
37589	36877,36898,37053,37209,10043,10112,10130,16979,36747,36753
37590	10072,10105,10145,15202,20363,23270,23272,34644,35179,36668
37591	36909,37017,41903,44178,10089,37476,41851,44189,10043,10114
37592	44078,36727,37454,37597,37675,19365,36687,36749,36909,37150
37593	36850,37226,37332,4431,6679,8816,9995,10007,10009,10017
37594	10047,10053,10059,10072,36720,36734,36752,36801,36840,36903
37595	36847,37133,37181,37207,37215,37580,37597,37675,37734,6679
37596	36926,10009,36704,36806,36868,36869,36919,36994,37084,37296
37597	37675,37580,37701,37734,37735,37822,37215,37537,39273,37207
37598	36735,36847,36947,37010,37035,37225,37416,37629,10105,18507
37599	1135,5373,6679,10015,10055,10078,10109,10123,10128,10142
37600	37597,37675,37580,37207,37701,10058,36687,36698,36808,37018
37601	36989,37316,15383,37018,37047,37181,37220,37347,44063,44098
37602	
37603	37296,10117,33497,37818,44199,10007,10048,10067,10109,23285
37604	36994,6541,10071,10102,18918,23273,24338,36824,36984,37091
37605	36919,37580,44148,10014,10030,10047,10066,10070,10126,18618
37606	37557,6541,10047,36729,36815,36865,36880,37079,37082,37255
37607	9995,37753,44047,1357,10055,10058,10072,10086,10089,10117
37608	37576,37580,37597,37621,37734,37735,38572,10007,10048,10067
37609	
37610	37580,37215,37481,37537,37597,37181,37199,37211,37225,37245
37611	10021,10035,10091,15383,36727,36733,36743,36800,36822,36836
37612	36895,44061,44178,10014,10038,10047,10066,10086,10131,36734
37613	37704,36736,36901,37168,10089,36775,37085,36895,37503,10134
37614	10028,19365,36870,36936,37047,37070,37325,37719,37753,1357
37615	37150,10028,37215,37597,37207,37580,37675,37701,10055,36735
37616	36775,36933,37720,44065,44082,10002,36909,19038,36727,36763
37617	37385,6541,10089,21283,37083,37122,37296,37818,41900,10052
37618	37434,37011,37035,37385,36869,36892,36908,36936,36947,37017
37619	10046,10053,10064,10072,10086,10089,10100,10103,10113,10114
37620	36775,37030,37070,10026,10096,10097,10114,10123,10134,10142
37621	37580,37286,37597,37734,36800,37133,37181,37675,37735,10058
37622	37207,37453,37597,37675,910,1687,10035,10058,10105,10120
37623	10047,23286,37027,37488,37656,38485,38514,39259,39261,39266
37624	
37625	36687,36989,37041,10058,36763,36909,37150,37503,36735,36808
37626	913,4516,4828,6483,9553,10047,10055,10086,10134,10792
37627	
37628	39268,30232,36687,37469,38554,38567,38573,38576,38578,39293
37629	10100,10089,10117,36977,37073,37134,37525,44222,10014,10113
37630	36815,36969,37523,41903,44178,10096,10114,10135,18912,36679
37631	30208,1797,2324,8685,11860,12445,19009,20089,20355,27553
37632	
37633	44199,10014,10053,37812,9995,36919,37188,37597,37701,44178
37634	36909,36813,36727,36874,37242,44078,44089,9999,44065,44102
37635	37247,10007,10048,10067,10117,23285,36665,36919,36938,37065
37636	
37637	186,1966,4389,4909,4995,6015,6018,6257,7294,7693
37638	37597,36927,37580,37675,44178,36848,36919,37211,37345,37734
37639	36966,37328,37461,37580,37649,2948,10029,10037,10042,10052
37640	10102,36806,36855,37049,37131,37136,37166,37748,10053,10100
37641	36771,36773,36897,36938,37019,37533,1597,1687,9999,10029
37642	37211,39233,39242,44070,10024,10032,10047,10050,10055,10060
37643	36767,36902,37370,36747,36775,36784,36901,36944,36991,36997
37644	
37645	36699,37215,35179,37597,10099,36670,36687,36735,36763,36854
37646	36945,37032,37095,37105,37109,37742,38509,44149,44559
37647	9995,9996,10060,10105,10130,19038,19365,22486,36830,36914
37648	37049,37168,44049,10089,10097,10100,10117,15383,36729,36784
37649	36679,36936,36669,10053,41903,36708,10066,36707,36817,39237
37650	1386,1387,1436,4522,5307,9999,10043,10053,10130,10797
37651	36901,10089,10113,10117,36666,36697,36775,36895,37009,37053
37652	37135,10086,36811,37132,10040,10047,10066,10096,10097,36903
37653	18889,23274,36847,37270,37356,37686,39240,39243,40748,41369
37654	10096,37113,37218,37563,44078,44092,10021,10040,10050,10053
37655	37347,36901,37079,37141,37220,37226,37439,37668,37708,37717
37656	10041,10047,10066,10106,10134,11797,18163,23286,23290,30207
37657	37479,10131,37029,37313,37492,10050,10100,36707,36784,36794
37658	30232,36866,36994,37537,37753,39232,39243,39248,39252,39258
37659	37166,3734,10009,10071,10103,10116,18918,33497,36665,36817
37660	36862,36988,37132,37234,44199,10055,10127,23275,36675,36811
37661	36966,36993,40395,44130,10089,10100,10102,17288,18889,18964
37662	36903,36862,36868,36869,36926,37018,37246,37743,10007,10048
37663	24338,37091,9995,10013,10029,10100,10116,36672,36680,36735
37664	37018,37041,37580,37597,36687,36800,36808,37181,37286,37506
37665	37035,36908,36936,36947,37168,10053,10114,37011,37135,37215
37666	37454,10089,36806,36874,37316,10117,36784,37018,37085,37242
37667	
37668	37047,37533,10117,10134,24338,36840,37009,37459,37470,37584
37669	10022,36717,36742,36790,36880,37010,37029,37296,37453,37557
37670	10072,36798,9995,10021,10030,10053,10055,10058,10078,10086
37671	37009,37168,10097,37085,37385,10100,10117,10134,15383,36666
37672	37666,10072,10117,37018,37043,37207,37286,37720,10055,10058
37673	
37674	19365,25186,37303,44178,10055,10059,10066,18912,36741,37063
37675	37597,37734,37735,37580,37701,37822,37215,37207,37181,39273
37676	10089,10134,24343,36775,36798,36806,36832,36869,36932,37035
37677	1432,4527,6596,6654,7292,12463,13115,15510,16810,17309
37678	37135,41903,36908,10066,36936,10096,29508,10103,10114,36927
37679	37665,37809,9995,10013,10029,10042,10044,10048,10062,10063
37680	37135,37170,37779,1689,3734,8448,9995,10000,10006,10028
37681	9995,10135,18912,19365,25186,37063,37068,37098,37178,37215
37682	37215,36763,36808,36854,36905,37720,10035,10053,10060,10089
37683	
37684	36743,10058,13830,25231,29516,36675,36714,36727,36732,36764
37685	10009,13804,36676,36689,37099,37174,37708,38474,39370
37686	9995,10013,10029,10042,10044,10048,10062,10063,10067,10070
37687	24338,37663,1084,1135,10001,10013,10018,10033,10041,10055
37688	37247,39267,87,910,1342,2409,6018,10002,10006,10008
37689	37704,36775,37096,36736,36977,37549,10072,10117,36666,36895
37690	10007,10048,10067,10117,23285,36919,36938,37065,37071,37119
37691	37181,37506,37018,37248,37199,41754,10058,36735,36808,37041
37692	36919,36938,37071,37380,10007,10048,10067,10117,23285,36761
37693	10029,10043,24346,36704,36793,36886,36897,36938,36965,37082
37694	37506,36728,36909,37145,37150,37634,44088,36687,36698,36763
37695	37022,10143,37029,37067,37313,37479,37492,44161,910,10018
37696	37426,10095,33497,36729,36811,36919,36958,36988,37018,37047
37697	37017,10134,36966,44159,10102,36704,36840,36919,36958,37009
37698	10103,36988,36680,36687,36720,36811,36967,37018,37085,37188
37699	37580,10055,36698,36735,37018,37248,36711,36763,36806,36977
37700	36877,36894,36680,36698,36806,36898,36901,36940,36995,37070
37701	37597,37675,37580,37734,37735,37822,37215,39233,37537,39273
37702	10117,37385,10113,30219,36775,36877,36997,37009,37096,37151
37703	36775,10089,36687,36813,37145,36698,36909,36933,37337,37634
37704	36736,37613,36775,37085,37151,10089,36933,44102,36902,36666
37705	37580,37597,37675,37734,37735,9995,37172,37276,37469,37537
37706	41367,10040,36676,36741,37211,39268,39273,44250,9996,10006
37707	10123,36908,36717,36905,36936,37035,37127,10028,10093,10097
37708	37580,37753,37818,38575,38576,40748,10102,17331,18963,36672
37709	44049,10089,36991,37769,41893,14794,27656,33497,36877,36936
37710	37016,36751,36839,36926,37082,37426,37582,37618,39295,39369
37711	36903,10053,36811,37135,10096,36862,36908,36988,37035,37385
37712	10089,36947,37017,36698,36775,36987,37009,37018,37035,37043
37713	1135,4133,10089,10095,10100,10104,10114,10151,14794,16067
37714	10093,10095,36817,36827,36836,36887,36905,37035,37070,37148
37715	36848,36899,37276,37293,37378,37429,37469,37481,37547,37580
37716	36933,36784,36775,36991,37168,36877,37362,37529,10117,36736
37717	37226,37269,37347,37502,37655,37668,37818,44199,1357,10024
37718	37435,37071,10008,36665,36679,36742,37056,10072,36675,36676
37719	36735,36903,41851,10014,36728,36811,37030,37035,37135,37559
37720	37018,36763,10058,36909,37503,44079,36808,37215,15383,36683
37721	18963,36854,10021,10072,15383,23279,36665,36809,36900,37085
37722	37561,44149,10050,10097,36717,36735,36817,36894,36936,36951
37723	24343,36741,9996,10000,10009,10026,10040,10043,10058,10066
37724	10058,36763,37018,37150,37256,37506,36687,36989,37181,36764
37725	36905,36908,36936,9995,10000,10026,10028,24338,36800,36894
37726	37597,37701,37731,37732,37734,37735,37580,37675,37822,36698
37727	37580,37708,1357,9995,10013,10024,10029,10042,10044,10048
37728	
37729	10100,36977,10089,36755,36784,36874,36877,36991,37047,37085
37730	37704,36784,36991,37362,36736,37151,36877,37134,37613,10117
37731	37597,37701,37732,37734,37726,37735,37580,37675,37822,36698
37732	37597,37701,37731,37734,37726,37735,37580,37675,37822,36698
37733	10043,10112,10130,15370,16979,23254,36753,36770,36788,36847
37734	37597,37735,37580,37675,37822,37701,37537,39273,37215,37481
37735	37597,37734,37580,37675,37822,37701,37537,39273,37215,37481
37736	18963,9995,10013,10022,10029,10042,10044,10048,10049,10062
37737	15383,44079,44088,10089,10109,22275,24209,36687,36690,36701
37738	10089,37016,10100,10117,33497,37018,37708,37789,10113,10151
37739	10041,10066,10100,10106,10113,10134,11797,17309,17331,18163
37740	37494,37127,37588,36903,36908,37070,37168,37448,37527,37769
37741	
37742	37035,10053,36908,36936,37135,10134,36812,36817,36840,37084
37743	37769,44178,37296,10089,36936,36984,37132,10114,36728,36870
37744	36704,37296,10035,10089,36784,36958,36991,37057,37101,37166
37745	36839
37746	36697,36832,37384,37441,37496,37502,37703,6541,6679,6688
37747	10089,37134,37168,4518,10035,10117,33497,36704,36775,36798
37748	37697,37131,37168,37385,37671,41900,10100,10102,10117,10134
37749	36687,36698,36881,37316,37634,36727,36743,36813,36909,36936
37750	10072,10097,36905,37156,36683,10114,37041,37168,10000,36679
37751	8686,10089,10102,10117,10127,18964,32777,33497,36798,36868
37752	37580,37181,37597,37701,37814,9995,10018,10038,36847,37211
37753	37580,39268,39273,39232,37211,37481,37597,37675,37822,39233
37754	10100,10117,10131,10134,10151,36666,36736,36755,36763,36775
37755	9995,18963,37331,10000,10064,10097,10114,10123,36669,36680
37756	9995,10013,10029,10042,10044,10048,10062,10063,10067,10070
37757	37041,37150,36874,36989,37018,37047,44078,10058,10089,36698
37758	36784,36916,10009,10035,10100,10113,10117,36755,36877,36895
37759	37597,37675,36760,37580,37701,37734,37735,30220,36672,36698
37760	
37761	10100,37009,10089,10113,10117,23512,36755,36775,36784,36877
37762	18963,36698,36978,37474,37506,7773,9995,10013,10029,10042
37763	9995,10013,10029,10042,10044,10048,10062,10063,10067,10070
37764	9995,18910,18921,35701,36672,36742,36847,36909,36936,36947
37765	10014,44049,36903,37035,10053,37719,37812,44199,18912,23259
37766	
37767	44056,44063,10002,10006,10022,10053,10060,10066,10091,10103
37768	36923,37135,36817,36908,37432,41900,10053,10103,36669,36811
37769	36936,37743,36728,36840,37246,37017,37132,37588,10089,36775
37770	
37771	37156,10072,36765,36905,36687,36952,10114,36683,37215,36679
37772	9995,10013,10029,10042,10044,10048,10062,10063,10067,10070
37773	10100,36901,10089,10113,36775,36877,36902,37532,37529,10117
37774	10103,36701,36720,36832,36891,36967,37150,37178,37284,37416
37775	36978,37411,37603,44149
37776	9995,10038,10071,10086,18548,18549,36972,37118,37188,37324
37777	10100,36877,10117,36755,10113,36977,37532,37549,36960,37085
37778	10029,10043,24346,36704,36793,36886,36897,36938,36965,37082
37779	36775,36806,36991,10097,10100,36936,37135,36947,37156,10114
37780	39337,10014,10030,10047,10066,10070,10126,10127,18618,21283
37781	9995,10013,10029,10041,10042,10044,10048,10062,10063,10067
37782	6679,10091,37796,44069,44079,44082,10021,10035,10045,10096
37783	37580,9995,36689,36978,37071,37188,37300,37305,37524,37597
37784	910,4981,10007,10040,10048,10067,10117,10125,10131,14097
37785	9995,10007,19038,36666,36695,36698,36727,36743,36798,36874
37786	37132,37812,10066,36752,44189,10014,10055,36708,36811,36870
37787	36903,37109,37678,10086,18963,24338,29508,36673,36674,36676
37788	
37789	10100,37073,10113,37096,37529,37549,10117,36775,36784,36991
37790	10089,36806,37047,37122,37141,37385,37709,9995,10013,10029
37791	10089,10091,17306,18912,36687,36714,36727,36733,36743,36813
37792	36755,36775,10100,10117,36877,37073,37529,37704,36666,36736
37793	37506,10058,36763,36808,36927,37018,37041,37145,37454,44193
37794	36835,37720,10060,10120,36763,36874,36881,36969,36984,37177
37795	37814,9995,10018,36698,36847,37199,37215,37580,37597,37675
37796	44057,44079,44089,36809,36909,44055,44082,36680,36687,36796
37797	36687,36909,37150,37316,10058,36698,36727,36854,37018,37031
37798	9996,10000,10026,10058,10112,10117,18921,24343,34644,35179
37799	36765,37506,37150,37047,10058,36687,36735,36909,36933,36989
37800	
37801	10035,10045,10091,10096,15383,19049,23273,24615,27671,33335
37802	10035,10045,10091,10096,15383,19049,23273,24615,27671,33335
37803	10117,36877,37529,36977,37704,37085,37532,10089,36775,44222
37804	36848,36899,37215,37429,37580,37597,37600,37675,37701,37734
37805	37812,36923,10055,10086,36735,36870,36947,37017,37337,44101
37806	10053,10072,10103,10114,36799,36811,36875,36908,36947,36952
37807	36938,37094,37280,37578,6541,10029,10043,17306,24346,30232
37808	37580,37378,44199,23285,36699,37119,37172,37181,37247,37263
37809	37679,10009,13847,18964,25834,30232,36704,36820,36821,36836
37810	10117,36938,37603,37668,39346,910,4981,8686,10007,10029
37811	10009,10022,10028,36729,36817,36854,36947,37029,37067,41903
37812	10114,36908,10053,37135,44189,36870,41851,36905,10072,10097
37813	10134,36775,37073,37085,37362,37613,10089,10113,10151,36791
37814	37580,37795,37822,37597,37675,37701,37734,37735,9995,10018
37815	36947,37085,10103,10113,37002,37135,37168,36811,36840,36936
37816	10096,36806,36947,37135,36817,36836,37432,10040,36811,36812
37817	10009,10012,10074,10096,33335,36672,36822,37069,37443,37481
37818	37580,37597,10089,37016,37047,37469,37734,37735,37822,40395
37819	37006,37069,37076,37114,41900,44078,439,1100,10000,10021
37820	10033,18964,36740,37572,44099,1135,6679,8686,9996,9999
37821	37720
37822	37580,37597,37734,37735,37675,37701,39273,37537,37481,37211
37823	37168,10097,37085,36775,36947,37002,37070,10072,10089,36905
37824	37038,10037,36777,10086,37022,10053,36693,36708,36734,36859
37825	36868,36862,36869,37743,36936,37017,37018,37035,37246,37587
37826	10064,37122,39240,44099,44173
37827	6574,6986,23484,6970,39140,33829,6599,6626,18024,39137
37828	37841,2400,6452,6535,37836,37839,37842,37847,37848,37851
37829	37849,37831,37832,37843,37882,6535,6599,6609,20045,30962
37830	7327,4509,16486,6508,1772,4494,7019,11723,1421,6450
37831	37840,28820,37832,37882,6565,6599,7018,32051,37851,37860
37832	6535,6452,6599,37842,37849,37839,36256,37831,37836,37841
37833	37882,37851,37874,37856,39137,6535,8509,12196,35977,37836
37834	35977,36050,6580,35982,35985,36020,36060,36041,6534,36023
37835	37839,6535,6609,6642,6653,35993,37830,6516,6561,6599
37836	6574,6587,37843,37840,37869,11477,36014,7019,10628,23862
37837	6524,22239,11767,18375,37851,48359,6497,20045,37849,6496
37838	6609,37843,37848,37856,6535,37834,37839,37841,37846,37850
37839	6626,6599,10628,6493,23484,24498,37855,37871,6642,6654
37840	37851,6452,6574,37836,37842,6565,37831,37839,36014,37841
37841	37856,20045,37861,6626,37842,49635,7019,36256,37843,37885
37842	6986,37841,37849,49635,37840,37861,6565,6574,37832,37874
37843	37836,37852,6535,6609,37841,37866,37882,6626,37861,37868
37844	37832,37840,6535,6609,37843,37846,37851,37882,36014,37831
37845	37858,338,1001,1167,1382,1406,1891,2572,3895,4542
37846	37869,37888,7019,36014,6565,23484,37882,6577,6642,10792
37847	6452,6565,37851,6493,6574,6575,18024,6535,37834,37842
37848	6574,6452,6535,33299,37856,37860,6496,10701,24484,37838
37849	37852,37866,37842,6535,6599,6609,6626,20045,36014,37874
37850	37855,37890,37849,37851,37860,6654,6955,6986,12735,23755
37851	6574,6565,37840,37874,2400,18024,37871,6587,17746,37855
37852	37849,20045,6609,6626,37843,37861,49635,36014,6599,10792
37853	37882,37862,6452,6609,30962,37849,37881,37883,37888,37890
37854	37864,1406,6452,6535,6609,6614,6634,12738,15681,15702
37855	37874,37851,37839,6599,4527,6535,37842,37849,37850,37875
37856	37874,6452,37841,6654,37866,20045,37885,40548,18013,37871
37857	45602,12196,12784,37874,17556,10671,12714,13115,14454,17999
37858	37845,1406,6452,6535,6609,6614,6634,12738,15681,15702
37859	1406,6452,6535,6609,6614,6634,17584,20045,30962,31996
37860	37851,23484,37839,37874,39475,28725,37848,37850,37852,6452
37861	6626,37841,2400,37852,6535,10701,36256,37842,37888,6455
37862	37882,23484,37832,37840,37846,37849,37850,37853,37881,37883
37863	37856,6609,6614,23484,30962,37849,37853,37855,6534,6535
37864	3736,9950,17492,37854,44809,1406,1433,2204,2286,4764
37865	6609,37835,37838,37868,37884,1406,3377,6452,6469,6535
37866	37856,6609,6986,37849,37843,6587,10792,12735,23792,45398
37867	7029,23471,37839,37842,37849,37852,37883,37888,37890,40528
37868	37839,37843,37846,37836,37861,6535,6599,10701,37852,37869
37869	6452,37846,37836,37888,6970,37866,6455,6535,6574,37868
37870	6535,6565,6609,36014,37831,37834,37836,37839,37842,37846
37871	6452,37851,37856,37839,37836,37861,17748,37834,37852,45398
37872	6654,6653,37839,6452,29273,1356,6955,8180,10701,10920
37873	6493,6565,37851,17748,35996,36014,36042,37860,37861,37871
37874	37856,37855,37851,37849,6609,37839,6654,37842,6574,37857
37875	6611,37856,40548,40606,6616,18013,4527,6472,10628,23471
37876	37840,37855,6641,14454,19506,37839,37874,40606,4527,26905
37877	6609,17584,20045,37831,37838,37848,37855,37856,37860,37870
37878	1406,6452,6535,6609,6614,6634,17584,20045,30962,31996
37879	1406,6452,6535,6609,6614,6634,17584,20045,30962,31996
37880	37875,6654,36061,37839,37866,45481,6493,6542,35993,36017
37881	6452,37839,6535,10701,37836,37866,37888,6623,6642,7019
37882	37833,37843,37839,37846,37851,6535,37836,37840,6599,37842
37883	37849,7029,37851,37888,6523,6986,6990,7022,23484,23730
37884	6523,28820,37868,7022,10821,37861,37882,40562,1426,3377
37885	6452,37856,6626,37841,37849,37861,37888,6609,6574,6986
37886	6452,20045,23748,6966,7049,10701,23778,36015,37890,39576
37887	37856,37831,37860,37871,37890,6577,28820,35193,37832,37840
37888	6452,37846,23484,37861,37841,6609,7022,10701,37869,37885
37889	37856,10701,39627,6654,10797,17649,44761,1421,17193,18013
37890	23484,37850,6458,10701,28820,7022,10821,6452,6483,24487
37891	1406,6170,6304,6452,6535,6609,6614,6634,8070,8233
37892	1406,6535,37839,37874,1397,1772,4516,4521,6452,6599
37893	37894,36014,36042,37856,37860,37861,37873,37876,37884,40870
37894	36039,36061,36024,17748,35977,35989,36053,35996,36009,36011
37895	1665,1809,2257,2501,2647,2703,3612,4999,5809,7824
37896	27194,5438,14518,2504,2904,5307,7022,8104,10652,10783
37897	27220,27221,37907,37908,37911,37912,37915,5438,14518,27211
37898	27211,27220,27221,37895,37897,37899,37900,37901,37902,37903
37899	8180,32342,40095,48444,850,4527,5263,6468,6502,6623
37900	37910,37914,37916,27220,27211,27221,37903,37915,37895,37897
37901	37906,37907,37908,37909,37911,37912,27211,27220,27221,37895
37902	11218,11878,16282,22057,351,2802,5965,6935,7654,8150
37903	37900,37907,37908,37909,37912,27211,27220,27221,37895,37897
37904	27211,27220,27221,37895,37897,37898,37899,37900,37901,37902
37905	27211,27220,27221,37895,37897,37898,37899,37900,37901,37902
37906	37910,37914,27220,37916,27211,27221,37901,37911,37915,37895
37907	27220,27221,37911,37915,14518,27211,37897,37901,37903,5438
37908	27220,27221,37911,37915,37916,27211,37897,37901,37903,5438
37909	37912,37914,27194,37901,37903,37911,37916,27221,37895,37897
37910	37900,37906,37914,27220,37916,27211,27221,37915,37895,37897
37911	37907,37912,27221,37908,14518,27220,37897,37901,37906,37909
37912	37909,37911,5438,14518,27194,37897,37901,37903,27211,37895
37913	37914,27211,27220,27221,37895,37898,37899,37900,37901,37902
37914	37916,37900,37906,37909,37910,27194,37913,87,3520,3733
37915	27220,27221,37907,37908,37897,37900,37906,37910,37911,37916
37916	37914,37900,37906,37908,37910,27220,37909,37915,5681,6162
37917	16959,49402,16271,46689,556,8528,9872,12299,13443,18114
37918	37929,37944,37926,37932,37921,37928,37930,18511,239,385
37919	9921,37938,37943,49402,37931,37936,37924,37929,37939,37926
37920	2922,9921,12296,30660,37918,37919,37921,37922,37923,37924
37921	37930,37922,37923,37925,9921,37918,37919,37924,37938,16959
37922	37929,37934,37943,37944,37924,37939,37921,37932,37930,16271
37923	16959,37931,37941,37944,37934,37936,37938,37935,37942,37921
37924	37919,37922,9921,37925,37929,37931,37921,37926,37930,37932
37925	37927,37929,9921,37941,37935,37926,37943,49402,37921,37924
37926	37927,37925,37932,9921,37918,37919,37930,37924,37936,37938
37927	37925,37934,37926,37936,37942,37928,9553,46689,239,385
37928	37918,37923,37927,9921,37919,37925,37926,37931,37935,37936
37929	37922,37918,37925,37941,37919,37934,37924,37935,37943,37939
37930	37921,37932,37926,9921,37918,37919,37922,37923,37924,37925
37931	37923,37919,37938,9921,16959,37936,37924,37935,37941,37942
37932	37926,37930,37918,37919,37922,37923,37938,9921,16959,37924
37933	1680,17434,24561,28297,29018,32752,33898,48685,1196,1232
37934	37922,37927,37923,37938,37942,37929,37935,37939,37931,37944
37935	9921,37925,37938,37941,37923,37934,37942,37929,37931,37939
37936	16959,37927,37919,37923,37941,37931,49402,37942,37926,37932
37937	9921,37918,37919,37920,37921,37922,37923,37924,37925,37926
37938	9921,37919,37923,37931,37934,37935,49402,37939,37942,37943
37939	9921,37919,37922,37938,37943,37934,37935,49402,37923,37924
37940	9921,37918,37919,37920,37921,37922,37923,37924,37925,37926
37941	37923,37925,37929,37935,37936,37942,37931,37924,37944,16271
37942	37927,37934,37941,37923,37935,37938,9921,37931,37936,49402
37943	9921,37919,37922,37925,37938,37939,37923,37929,37935,37924
37944	37923,37918,37922,16959,37938,9921,37934,37935,37936,37941
37945	38036,38098,38037,38049,38056,38038,38041,38095,38055,38086
37946	37998,37948,38056,36091,37947,37980,37958,37970,37971,37995
37947	37979,37996,38037,38098,37970,38049,38055,28675,36069,37971
37948	37971,38047,31236,38034,38044,38060,28684,38000,38090,1381
37949	37982,37948,37974,37979,36069,36091,37971,38037,38038,38049
37950	49648,49581,49594,49606,49630,32435,5531,7011,23787,25300
37951	26164,9738,9740,15287,37954,37955,37968,37978,38007,38011
37952	26164,37954,38011,472,2006,2413,2675,7712,7717,9709
37953	37980,37996,0,223,472,1458,3400,6577,7850,9683
37954	37955,14424,34762,35224,37951,37952,37966,37969,37978,37987
37955	22940,22947,186,528,3880,3999,4439,4453,7970,8635
37956	472,987,1366,2086,2523,2864,5798,6299,6808,8685
37957	472,9730,13672,15287,18072,18326,24106,26164,27680,28679
37958	37996,37948,36091,37979,37998,38049,33210,37947,37970,37973
37959	204,3734,9730,37949,138,168,472,621,1186,1238
37960	36091,37948,37974,37982,37992,37993,38000,38010,501,1972
37961	37980,37982,36091,37946,37947,37967,37973,37979,37996,37998
37962	37982,37996,38037,37970,37979,38038,37974,37998,38036,37947
37963	37982,37948,37979,8273,8318,8336,8348,8362,8388,31231
37964	472,9730,13672,15287,18072,18326,24106,26164,27680,28679
37965	9730,18312,26164,32733,37966,37969,38011,472,956,1342
37966	9738,9740,35176,37954,37965,37978,38007,38013,246,248
37967	37948,38012,37947,37982,37998,42014,28662,38034,5955,8933
37968	26164,37949,37951,37974,37979,37982,38010,31,252,472
37969	9706,37950,37954,37965,37981,38001,38018,38045,343,390
37970	38036,37996,38038,38049,38063,36069,37993,37998,38041,37947
37971	37948,38038,38041,33210,38037,37947,37970,37974,38003,38047
37972	37997,37983,472,38002,38022,38027,38092,38093,1950,7264
37973	501,25387,37982,38049,8319,37979,38041,25391,25401,33210
37974	37982,36091,38037,33210,37979,37980,37998,38006,37971,37993
37975	37989,472,9730,13672,15287,18072,18326,24106,26164,27680
37976	38023,38078,38002,38046,38092,90,462,467,995,1100
37977	297,472,506,850,1976,2667,3943,4364,5171,5246
37978	2667,7852,1129,1688,3889,9731,11571,17235,18646,27736
37979	37982,38037,37996,37974,38049,33210,37947,37973,38086,36069
37980	36091,38036,37974,37998,38037,38038,33210,37993,38006,38056
37981	7343,1689,27595,33498,11860,24106,27086,46505,1617,2914
37982	37974,37979,37973,38068,28684,37962,31304,36088,38034,37949
37983	38022,37997,37972,38073,7264,22566,38002,38078,462,1797
37984	472,9730,13672,15287,18072,18326,24106,26164,27680,28679
37985	472,9730,13672,15287,18072,18326,24106,26164,27680,28679
37986	101,131,153,198,438,472,975,1113,1347,1393
37987	2644,8715,16508,27552,27556,27560,27571,27583,27585,27588
37988	4484,27586,33204,36973,38011,223,472,2644,7858,9730
37989	37975,472,9730,13672,15287,18072,18326,24106,26164,27680
37990	20199,20258,20240,20255,20205,20206,20211,20226,20250,20261
37991	36069,36091,37970,37982,37996,1366,10613,15234,36088,37947
37992	37982,38000,36091,37948,37979,37980,18326,28662,28684,37958
37993	33210,36091,37970,38036,37980,37998,38038,37974,38006,38010
37994	38067,4484,27586,33204,36973,38011,38064,147,223,472
37995	37946,37992,18326,37958,37980,37982,37996,37998,38000,38010
37996	37979,37970,37947,37962,38044,38056,38060,37958,38003,36088
37997	37983,472,37972,38027,38015,38080,1950,4958,7264,9730
37998	38098,33210,38086,36069,37980,37974,37970,38055,31236,37993
37999	36091,37948,37971,37979,37982,37996,38038,25372,25381,37974
38000	32740,32356,4398,32418,35186,4396,4397,35008,6958,32784
38001	9730,37969,472,9706,13672,15287,18072,18326,24106,26164
38002	37976,38022,38078,37972,37983,38023,472,6296,9730,13672
38003	33210,37996,38038,38041,38056,38098,37971,38006,36069,37947
38004	39479,40606,131,14861,17234,29399,1431,2145,6653,7466
38005	11715,11752,49652,452,1366,4679,5242,11790,23484,32433
38006	36091,38041,38036,38098,37974,37980,38049,37970,37993,38003
38007	797,2027,2920,2926,5481,5955,12561,21258,22068,34547
38008	9730,472,2036,5200,7717,7837,8135,9709,10478,11080
38009	472,9730,13672,15287,18072,18326,24106,26164,27680,28679
38010	37970,37947,37974,37979,37993,33210,36069,37996,37998,38000
38011	2413,2637,1689,2659,1100,2678,2689,29508,34278,1664
38012	37967,37996,33210,36069,37970,37973,37982,37998,38036,38038
38013	37954,37966,472,2193,2213,2240,2867,3606,5151,9730
38014	1,234,472,971,1137,1230,1814,2657,2659,3789
38015	37997,472,9730,13672,15287,18072,18326,24106,26164,27680
38016	472,9730,13672,15287,18072,18326,24106,26164,27680,28679
38017	15287,25381,25396,37973,37998,39753,280,305,312,472
38018	38054,38067,4484,9730,27586,33204,36973,37950,37969,37981
38019	5242,11752,49581,49630,5236,7011,7364,9453,23751,35186
38020	32822,49617,49630,1366,7661,11715,17664,23799,24106,25290
38021	472,9730,13672,15287,18072,18326,24106,26164,27680,28679
38022	37983,38002,38073,38078,38089,7264,37972,462,1950,4764
38023	37976,38027,38046,38002,38078,38089,38092,462,4764,4942
38024	24106,37948,37951,38011,472,1100,1394,2928,4484,9730
38025	472,1366,3237,4104,5776,6962,7638,8740,9730,9925
38026	36091,37948,37996,38006,38036,38041,1381,33210,37971,37973
38027	472,38023,37997,38093,37972,38089,1950,7264,8370,9730
38028	12186,38011,472,639,854,1381,1382,1397,1415,1680
38029	472,9730,13672,15287,18072,18326,21197,24106,25157,26164
38030	49652,13119,5242,35186,41069,49630,11752,25300,32804,37945
38031	109,5148,5177,5182,13368,15531,35452,40996
38032	501,25379,25372,37945,37973,43692,6475,8319,25370,25374
38033	38037,33210,36091,37945,37948,37996,38006,38038,38041,38061
38034	37948,37945,37982,38036,38056,8319,36069,37970,37996,38038
38035	27680,37945,37987,37988,37994,38030
38036	37945,37980,37970,38056,36069,38006,1381,37993,38044,38055
38037	37974,37945,37979,38086,37980,1381,37947,37962,37971,37973
38038	37945,36069,37970,37971,37980,38056,38068,37993,38003,38060
38039	26093,26148,26184,31236,37979,37982,38038,49624,0,343
38040	37948,38038,36091,37971,37973,37982,37996,38037,38068,38098
38041	33210,37945,38006,37971,38055,37970,37973,38056,1381,38003
38042	38018
38043	26164,37945
38044	36091,37948,37996,38036,38049,37945,37970,38056,31236,36069
38045	1263,9170,9706,15325,15338,21571,23083,23367,27542,37969
38046	37945,37976,38023,472,38093,8370,10814,13140,37997,38089
38047	33210,37948,36091,37998,38041,37971,37974,31236,37980,38044
38048	18313,26911,35770,48989,1,186,909,1378,1436,1581
38049	36091,37945,37979,37970,38086,37973,36069,38044,38055,37947
38050	9730,168,770,1242,1423,1670,1810,1849,1854,1976
38051	
38052	912,34208,34526,284,1212,1913,14424,15988,23688,32579
38053	37948,31236,37963,37970,37982,37993,37996,38012,38036,38037
38054	37945,38018,38067,4484,27586,33204,36973,38064,223,2644
38055	38041,38098,33210,37945,37998,38036,38049,38056,36069,37947
38056	37945,38036,38038,38098,33210,37996,38041,38055,37980,37998
38057	12132,87,161,433,807,1220,1324,1668,2027,2324
38058	
38059	
38060	37948,37996,38038,38098,36091,37945,38003,38041,38056,37947
38061	38037,36091,37996,38038,38049,38086,28675,37945,37970,37993
38062	18539,34589,46625,3575,6783,8677,16026,19431,23616,34201
38063	37970,38036,38038,38098,37945,37982,36069,37996,37998,38010
38064	27680,37945,37994,38018,38054,38067,223,4484,27586,27667
38065	37962,37982,37996,38037,33210,36091,37945,37974,37979,37998
38066	
38067	37945,37994,38018,38054,4484,27586,33204,36973,38064,223
38068	37982,38038,38098,36091,38055,31236,33210,36069,37945,37971
38069	523,882,883,886,890,4103,6171,7269,8233,10532
38070	38012,33210,37982,37996,37998,38036,38037,38038,38041,38056
38071	
38072	21197,25157,37945,38029
38073	37983,38022,37945,472,503,1943,4958,6201,6274,7322
38074	37982,36091,40749,1078,10052,28684,37948,37980,37996,38036
38075	9404,16864,16901,16983,35570,35633,49584,114,132,204
38076	37945,38056,37982,37996,37998,38038,38086,38098,17266,25372
38077	
38078	37976,38002,38022,37945,37983,38023,17088,19067,21258,24103
38079	15710,2036,3407,3450,15750,26058,26066,26075,48091,48142
38080	37997,38092,2223,2679,4058,5058,5075,5310,6462,7986
38081	1546,1602,6109,15140,15142,15386,22945,42268,42391,43202
38082	37945,52,127,133,204,351,1242,1245,1263,1987
38083	37982,37945,37996,4464,36091,37979,37980,37992,38000,38006
38084	
38085	
38086	38037,37998,38049,38098,37945,37979,33210,36069,31236,37947
38087	37945,37975,37989,38112
38088	12647,34010,3407,11749,36383,37945,162,168,1694,5114
38089	37945,38093,38022,472,38023,38027,1950,6296,7264,8370
38090	37948,36091,38037,37982,38041,33210,38036,38049,38099,1381
38091	14931,39171,534,562,605,606,615,3702,4182,5188
38092	37945,37976,38093,37972,38023,38080,472,14996,15654,21262
38093	37945,472,38089,38027,38092,37972,38046,1950,4958,7264
38094	37945,37947,37948,37949,37958,37970,37971,37979,37982,37996
38095	37945,37948,37971,38000,38036,38041,38049,38055,38098,4527
38096	
38097	161,453,522,555,595,621,2398,3304,3315,3322
38098	37945,37998,38006,38055,38056,38086,31236,37947,38068,38003
38099	38041,37948,37996,38037,1381,33210,38047,31236,36091,37971
38100	3394,3584,3609,3734,3890,7785,9664,9724,12146,12423
38101	
38102	
38103	37948,33210,36091,37945,37993,38000,38037,38086,28662,28673
38104	36091,37945,37958,37973,37979,37982,37996,37998,38049,38098
38105	
38106	
38107	36069,37948,37970,37973,37996,38036,38038,38041,38044,38049
38108	38012,38070,47804
38109	36091,37945,38037,38056,33210,37982,37974,37979,38003,38098
38110	18326,18330,38111,37945,36091,37974,38049,38083,4464,28662
38111	18326,18330,38110,37945,36091,37974,38049,38083,4464,28662
38112	1977,18326,18330,19547,26171,28675,32313,33268,35245,36070
38113	
38114	4464,27291,37948,37974,37982,38038,1381,4213,15269,28640
38115	6142,13400,17127,3831,5085,5143,5924,6121,9291,10621
38116	5972,17456,38117,38118,38119,38120,38121,38122
38117	1390,17456,31446,33775,38119,38120,38122,1500,1511,4397
38118	5972,38119,38121,17456,38116,38117,38122
38119	6142,5085,10510,11522,22041,22071,38117,38118,42240,557
38120	17456,38122,38117,5924,6142,13400,14274,14467,17127,22228
38121	5972,17456,38118,38122,13400,14274,14467,17127,22228,33716
38122	38120,3937,4841,6121,9925,9928,10500,10723,12828,13267
38123	1609,7723,13722,1535,3885,7329,7720,11729,17569,23718
38124	8217,23791,40550,6456,6461,6487,6542,6632,6652,6654
38125	7785,38173,6482,6893,7758,8685,8816,11767,19439,19550
38126	48,265,270,1384,1424,1445,1665,1794,1822,2122
38127	38124,38128,48,270,951,1384,1661,1825,2565,2641
38128	6019,16111,17595,22963,23685,30423,35621,40455,1378,2657
38129	33121,48,49,117,242,270,929,1036,1073,1230
38130	48,270,1384,15178,19439,38124,38125,38126,38127,38128
38131	9666,10606,11746,11714,11722,11728,33281,3885,6469,7950
38132	32513,4389,10236,12650,22921,23512,23685,32630,34196,48
38133	48,270,1384,1389,2762,5588,6630,6978,8862,9773
38134	12633,6,48,270,483,484,516,850,956,1366
38135	48,270,1384,15178,19439,38124,38125,38126,38127,38128
38136	7721,7723,12131,27595,27653,44258,48,114,270,351
38137	1114,3394,8127,10606,11094,16621,19296,23586,23593,27595
38138	48,270,1384,15178,19439,38124,38125,38126,38127,38128
38139	48,270,1383,1384,1489,2409,4402,4766,12618,15178
38140	7712,7828,7777,7790,27653,33194,38158,48399,1797,5263
38141	19034,39157,36062,6461,6484,6497,6450,6487,6542,6561
38142	49612,49645,48,270,569,1384,1416,1664,1860,3903
38143	19,1497,4983,5474,8688,8756,16884,18578,22773,24602
38144	48,270,1384,15178,19439,38124,38125,38126,38127,38128
38145	48,270,1384,15178,19439,38124,38125,38126,38127,38128
38146	114,11084,11087,1534,11086,15186,27595,27653,38137,38140
38147	48,270,1384,15178,19439,38124,38125,38126,38127,38128
38148	5263,32050,32412,48,168,238,270,285,499,1384
38149	4213,28684,40379,48,270,514,1384,1778,4327,4464
38150	48,270,1384,15178,19439,38124,38125,38126,38127,38128
38151	48,270,1384,15178,19439,38124,38125,38126,38127,38128
38152	48,270,1384,15178,19439,38124,38125,38126,38127,38128
38153	37830,48,265,270,343,385,680,687,696,726
38154	1814,16621,27550,29313,29329,26,48,74,270,439
38155	482,8749,25187,35252,35646,41457,48,270,485,497
38156	38140,38158,38166,48,270,1384,1535,2409,7712,7723
38157	48,270,1384,15178,19439,38124,38125,38126,38127,38128
38158	1535,11075,42263,8675,11084,25184,33194,35579,38140,7712
38159	48,270,1384,4407,11860,13101,15178,19439,20211,23688
38160	32212,32216,48,131,246,248,484,1129,1384,2041
38161	11800,38188,48,270,285,485,1135,1159,1348,1352
38162	48,270,1384,1387,9672,11092,11114,11116,11122,11134
38163	48,270,1384,15178,19439,38124,38125,38126,38127,38128
38164	48,168,270,433,973,1016,1106,1384,1538,1633
38165	48,270,1384,8697,15178,17436,19439,21253,38124,38125
38166	7777,38140,38156,48,114,270,1114,1384,1535,1609
38167	38181,38200,48,270,1384,3885,7018,11729,15178,17506
38168	15178,48,270,543,1384,1810,3298,3879,4364,7508
38169	48,270,1110,1384,7325,9673,9684,15178,19439,31146
38170	48,270,1384,15178,19439,38124,38125,38126,38127,38128
38171	114,1609,7723,11087,38146,48,270,1384,1534,4389
38172	48,96,98,174,270,1081,1319,1384,1923,2793
38173	38125,38179,5,48,114,223,242,270,1384,3669
38174	48,270,361,1384,15178,15359,16474,17304,17313,19439
38175	48,270,1384,1464,10678,10788,11345,15178,16478,16481
38176	48,270,1384,15178,19439,38124,38125,38126,38127,38128
38177	48,270,1384,15178,19439,38124,38125,38126,38127,38128
38178	48,270,1110,1384,4416,4725,8295,9220,10810,11075
38179	36019,35989,36061,17748,35986,35987,35994,36017,36024,36025
38180	27086,186,528,850,973,3879,3880,3999,4260,4389
38181	38167,38185,48,270,1384,1507,1520,1722,3885,4483
38182	48,270,1384,15178,19439,38124,38125,38126,38127,38128
38183	48,270,1384,15178,19439,38124,38125,38126,38127,38128
38184	6696,6719,48,161,270,1384,2806,2971,5955,6094
38185	7984,15122,28234,29845,30033,33416,38181,38188,48,101
38186	48,270,1384,15178,19439,38124,38125,38126,38127,38128
38187	48,270,656,1384,15178,19439,21739,36559,38124,38125
38188	5242,11756,1371,5236,5309,6543,10616,10778,13278,23749
38189	48,270,1384,15178,19439,38124,38125,38126,38127,38128
38190	35195,19,48,270,438,858,1384,1440,1673,1689
38191	48,270,1384,15178,19439,38124,38125,38126,38127,38128
38192	0,48,270,1384,15178,19083,19439,29251,32317,38124
38193	48,270,1384,15178,19439,38124,38125,38126,38127,38128
38194	48,270,1384,15178,19439,38124,38125,38126,38127,38128
38195	48,270,638,1384,2194,3573,6899,6920,6925,6929
38196	48,270,1384,15178,19439,38124,38125,38126,38127,38128
38197	48,270,1384,15178,19439,38124,38125,38126,38127,38128
38198	48,270,1384,15178,19439,38124,38125,38126,38127,38128
38199	48,270,1384,15178,19439,38124,38125,38126,38127,38128
38200	38167,48,270,1384,3245,3885,5654,7015,7018,7279
38201	6514,6458,10792,6497,7057,12272,12782,14823,30964,40664
38202	38228,6497,38235,6487,10792,45407,6461,6514,38206,6450
38203	42468,18118,20050,25500,42480,10514,12714,15799,18385,42421
38204	6982,39157,1366,6976,11722,49604,6654,9453,11790,32045
38205	38206,23791,29168,33299,6452,6455,14828,22239,24070,35991
38206	6496,6482,6542,10628,6450,6456,6495,6524,6533,6481
38207	10778,38206,7022,37861,45481,37851,6496,6574,23791,47874
38208	6654,29138,29150,29155,29160,29162,29175,29177,1356,5382
38209	14800,14821,14831,14835,10792,14801,14802,14813,14820,14822
38210	1356,38231,6483,23730,23792,40664,1431,6458,6543,6574
38211	6514,6626,30962,6976,7039,23816,33299,38207,39519,1356
38212	6483,6514,24664,6671,38210,6578,23816,38219,6461,6489
38213	38210,1356,9683,14845,30964,38204,38206,38216,38233,38236
38214	6458,11714,23789,38215,38228,38231,38235,6483,11722,11747
38215	6654,29273,1356,38206,6671,6648,8180,14446,40842,6482
38216	1356,38210,38231,5249,29168,38205,38206,38218,38235,40418
38217	7022,16486,1787,7019,6483,33299,45581,1356,6934,6976
38218	1356,38210,38214,38231,11142,11477,38215,38216,38235,1431
38219	3885,6997,39157,5242,6976,11722,23717,23779,23787,24664
38220	2249,38211,38222,38229,45801,147,467,812,1356,4498
38221	6988,15063,30962,35903,36419,39475,48464,1356,6514,6518
38222	24396,6523,22648,39516,6991,8773,10792,11100,30749,30962
38223	1356,6654,14818,14828,14845,33742,38204,38206,38207,38208
38224	6483,38210,1520,6458,6574,6611,6632,6671,7327,13115
38225	1356,6654,7930,14818,14828,14845,33742,36333,38204,38206
38226	6542,4494,6487,6654,7950,12735,14582,14818,38206,38241
38227	6600,6461,6497,7057,23816,38206,40664,6467,6482,6498
38228	38202,6483,38231,6458,6497,38214,38229,38235,49631,1247
38229	6483,6654,23722,38202,38210,38221,38228,38231,39169,39519
38230	7930,9892,6654,7036,13156,17556,25287,1356,1421,1426
38231	38210,6483,6458,38228,6452,6626,23730,38214,40664,1356
38232	1382,38216,147,913,1356,1530,5963,6483,6598,6632
38233	6665,17649,17193,37889,40830,40875,5407,6687,7043,7930
38234	23883,24428,24422,29707,40868,855,6483,7029,7930,11142
38235	38202,38206,45407,6497,38215,6600,6671,38214,6450,6482
38236	6455,30949,38211,38214,38245,147,1356,1382,1387,6483
38237	38210,38235,6483,38202,38212,38215,38680,1356,6450,6458
38238	9529,28343,2954,6654,7117,7122,7125,7132,7133,7137
38239	38214,147,1356,6483,6556,6574,6590,6632,6654,6671
38240	6671,3885,6542,24664,38210,38212,38219,38227,2187,6451
38241	38206,6542,6654,23792,37871,918,1356,6482,6483,6494
38242	6653,6654,12700,12853,11132,17556,33840,140,1680,3099
38243	147,1356,6483,6632,6654,6671,6682,6976,7930,14809
38244	1356,14845,38204,38241,1894,6018,6654,7930,9535,9547
38245	38211,38236,147,1356,6514,6626,14845,19509,24499,38202
38246	1356,6531,6542,6654,6976,7022,7029,20045,37861,38207
38247	7041,6976,7051,4516,5376,6483,6653,7047,10701,28725
38248	23476,1393,9659,14845,18309,24249,31270,38203,39479,40641
38249	147,1356,6483,6632,6654,6671,6682,6976,7930,14809
38250	1356,6654,14818,14828,14845,33742,38204,38206,38207,38208
38251	38263,7599,11667,11669,11672,13244,16426,16433,16435,16439
38252	16433,16439,49080,49085,13257,49086,11667,11669,16444,16445
38253	7599,11667,11669,11672,13244,16426,16433,16435,16439,16444
38254	11667,11672,15708,16433,342,7599,11665,11671,13244,15666
38255	16435,16439,7599,11667,11669,11672,13244,13257,16426,16433
38256	98,562,2554,2841,3819,3831,3943,4738,4839,5138
38257	38265,3819,7599,8514,11667,11669,11672,13244,16426,16433
38258	3347,4234,3878,3904,3926,3931,4204,4254,4315,13263
38259	7599,11667,11669,11672,13244,16426,16433,16435,16439,16444
38260	38269,16426,16444,33624,49364,11667,11669,11672,13244,13257
38261	11672,16435,16439,16444,26072,3819,11667,11668,11669,13257
38262	7599,11667,11669,11672,13244,16007,16426,16433,16435,16439
38263	38251,7599,11667,11669,11672,13244,16426,16433,16435,16439
38264	33624,16426,25938,25955,30835,38260,42810,42820,3819,4044
38265	16440,38255,38257,3819,7599,8514,11667,11669,11672,13244
38266	16433,33624,38258,38260,4182,7450,7599,11667,11669,11672
38267	13244,26072,38268,38270,3819,7599,11667,11669,11672,13257
38268	13244,16426,16423,38267,38270,4279,11667,11669,11672,13257
38269	38260,16426,38270,11667,11669,11672,13244,16435,16439,16444
38270	38271,13244,21942,26072,33624,38267,38268,38269,5990,7599
38271	16447,38270,16444,26072,11667,11669,11672,13244,13257,16435
38272	7599,11667,11669,11672,13244,16426,16433,16435,16439,16444
38273	38277,7599,222,4138,10456,11667,11669,11672,12219,13244
38274	16433,16426,33624,13244,38260,7599,11522,11667,11669,11672
38275	38255,38263,3819,7599,8514,11667,11669,11672,13244,16426
38276	3819,7599,8279,8514,11667,11669,11672,13244,16426,16433
38277	38273,222,4138,12219,161,1809,2580,3819,3844,3857
38278	24280,28652,32007,32579,36261,43154,39,62,147,238
38279	8268,8306,8315,8383,8273,8284,8286,8301,8318,8321
38280	24402,28639,38279,38281,38282,38283,38284,38285,38286,38287
38281	38284,38288,38303,484,10301,11117,12169,12409,12421,12425
38282	4398,36261,40038,1428,1706,2565,4420,4425,4426,4433
38283	1366,7024,4447,6962,23718,32387,5242,30749,5243,5249
38284	38285,24280,32579,38281,38283,38288,38303,43154,62,1027
38285	38284,29911,32579,38283,43154,62,624,975,1027,1648
38286	1356,5263,5274,5523,6472,6482,6508,6514,6637,6959
38287	10971,39479,6653,6660,6973,12710,14861,23476,10652,10778
38288	38281,38284,38303,24402,28391,28639,38279,38280,38282,38283
38289	24402,28639,38279,38280,38281,38282,38283,38284,38285,38286
38290	38294,7249,24402,24972,28385,28394,28404,28409,28413,28414
38291	24402,28639,38279,38280,38281,38282,38283,38284,38285,38286
38292	24402,28639,38279,38280,38281,38282,38283,38284,38285,38286
38293	24402,28639,38279,38280,38281,38282,38283,38284,38285,38286
38294	38282,38283,38290,38302,12418,24402,27277,28639,38279,38280
38295	24402,28639,38279,38280,38281,38282,38283,38284,38285,38286
38296	24402,28639,38279,38280,38281,38282,38283,38284,38285,38286
38297	24402,28639,38279,38280,38281,38282,38283,38284,38285,38286
38298	442,1100,1234,1664,1689,2956,4208,5279,8362,10027
38299	24402,28639,38279,38280,38281,38282,38283,38284,38285,38286
38300	21260,34902,1417,9770,12653,13654,14271,21231,24900,26114
38301	1554,3051,4450,5160,6620,9453,11777,15321,17111,17133
38302	38283,1455,5237,5249,7012,11756,32387,32740,38294,39025
38303	38281,38282,38284,38288,147,238,242,512,1083,1389
38304	38307,38308,38309,4213,12205,24402,28647,28648,28663,28668
38305	24402,28639,38279,38280,38281,38282,38283,38284,38285,38286
38306	24402,28639,38279,38280,38281,38282,38283,38284,38285,38286
38307	38304,4213,12205,24402,28647,28648,28663,28668,38279,38280
38308	38304,4213,12205,24402,28647,28648,28663,28668,38279,38280
38309	38304,4213,12205,24402,28647,28648,28663,28668,38279,38280
38310	15563,210,465,468,1361,2413,3890,4772,4835,7553
38311	38312,38322,13205,16584,23485,23502,38313,38315,38317,38318
38312	38311,38316,38322,38313,38315,38317,38318,38319,38320,38321
38313	15496,38311,38312,38314,38315,38316,38318,38319,38320,38321
38314	21601,23493,29003,38313,38315,38317,38318,38319,38320,38321
38315	11410,11395,24680,34466,8677,11384,11396,11401,11425,12330
38316	38312,38322,23493,38313,38315,38317,38318,38319,38320,38321
38317	15496,38311,38312,38314,38315,38316,38318,38319,38320,38321
38318	38311,38312,38313,38314,38315,38316,38317,38319,38320,38321
38319	462,474,463,1301,2496,2554,2869,3805,4925,4933
38320	807,815,838,1860,2659,4317,7242,7246,8507,9206
38321	38311,38312,38313,38314,38315,38316,38317,38318,38319,38320
38322	38311,38312,38316,544,662,2068,4118,4156,5231,7228
38323	38311,38312,38313,38314,38315,38316,38317,38318,38319,38320
38324	38311,38312,38313,38314,38315,38316,38317,38318,38319,38320
38325	3736,4102,13637,13638,13641,13648,13714,13717,16157,16284
38326	49002,48995,48999,49000,49005,8919,49007,49017,2370,4005
38327	48995,38336,479,4005,4280,8908,38335,49017,2370,3931
38328	38331,48995,38330,49005,479,25972,38335,38336,49007,49017
38329	38331,38332,38333,49002,38330,38340,48999,49000,8919,38335
38330	38328,38331,38332,38329,38337,38335,38336,38340,48995,48999
38331	38328,48995,38329,38330,38335,38340,48999,49000,49005,49007
38332	38337,49002,38329,38330,38336,38340,48999,49000,8919,38335
38333	38337,49002,38329,38336,38340,48999,49000,8919,38335,49005
38334	1135,1667,5025,7849,10077,12636,12649,13069,14782,15442
38335	38327,38328,38329,38330,38331,38332,38333,38336,38337,2370
38336	38327,38332,38333,38337,38328,38329,38330,38335,49002,2370
38337	38332,38333,38330,38336,38340,48999,49000,49005,8919,38335
38338	2825,3347,3960,4181,4223,4254,6195,6925,7446,8468
38339	79,82,551,748,3175,4032,4782,4841,5143,5776
38340	24966,38329,38332,38333,38337,8919,38330,38331,48999,49000
38341	624,667,1156,1673,1914,2413,3547,3932,4925,4933
38342	10549,10553,10551,10559,10562,10568,11689,38350,38353,38356
38343	10567,11689,38358,38364,10553,10559,10566,21902,21923,38350
38344	10567,10568,11689,21864,21888,21900,38350,38362,2499,7983
38345	38364,10553,10561,10566,10570,10573,38360,10549,10555,10559
38346	321,624,1424,1772,1791,2676,3896,4104,4738,5051
38347	10567,11689,21902,38357,38358,10553,10559,10566,10575,11249
38348	10549,10568,38350,10566,38353,10561,10570,10573,10575,38355
38349	10553,10549,10559,10561,10562,38353,38345,38351,38354,38355
38350	10549,10568,10566,10570,10573,10575,11689,38348,38355,38358
38351	10567,38345,38349,38356,10553,10559,10566,11693,21888,38343
38352	10553,10559,10566,10567,11689,38343,38345,38347,38350,38351
38353	10568,10562,10549,10575,10561,10555,10564,38355,7254,38348
38354	10553,10561,10562,10567,10549,10559,10566,38349,38355,38360
38355	10549,10562,10566,38358,38353,38350,38362,10559,10564,10569
38356	10553,10559,11689,38351,10549,10562,10567,10568,10570,10573
38357	38345,38347,10553,10559,10566,10567,11689,38350,38351,38352
38358	10549,10561,10562,10566,10568,38355,10564,11689,38350,38360
38359	10553,10559,10566,10567,38365,10549,10561,10562,10570,10573
38360	10549,10562,10566,10570,10573,38368,38370,38345,38350,38353
38361	16423,16433,38268,38353,566,3928,4279,9386,10309,13244
38362	10568,10567,10575,10549,10562,38353,38355,10570,10573,11689
38363	4910,6244,6250,6292,6251,6228,6241,6252,6253,5310
38364	38345,10553,10567,38358,10561,10566,10568,38343,38355,10549
38365	10553,38367,10559,10566,10567,38359,10549,10561,10562,10570
38366	10553,38353,10549,10559,10561,10562,10566,10567,26045,38349
38367	38365,10553,10568,10559,10566,10567,11689,21902,38343,38345
38368	10561,10567,38360,38370,10549,10562,10566,10570,10573,38354
38369	10553,10559,10566,10567,11689,38343,38345,38347,38350,38351
38370	10561,10567,38360,38368,10549,10562,10566,10570,10573,38354
38371	10568,38353,38362,38366,10549,10551,10553,10559,10561,10562
38372	12249,44358,28,95,185,1814,1917,1943,2591,2733
38373	495,2888,2904,3685,5429,5661,5684,6933,6947,8172
38374	38378,38382,38384,38390,38375,38376,38377,38379,38380,38383
38375	6899,6920,6929,9553,6928,3377,3931,5653,6882,6925
38376	38378,38380,38381,38382,38383,38385,38386,38388,38389,38402
38377	390,4779,23014,38374,38375,38376,38378,38379,38380,38381
38378	38382,38379,38388,38389,38396,38394,38374,38376,38385,38391
38379	38384,38378,38382,38389,38391,38402,38381,38386,38388,38398
38380	38402,38381,38393,38397,38386,38396,38376,38385,38388,38391
38381	38380,38383,38402,38386,38376,38379,38385,38388,38389,38375
38382	38378,38379,38389,38386,38388,38394,38396,38374,38376,38385
38383	38402,38381,38386,38389,38388,38398,38376,38385,38392,38399
38384	38379,38390,38374,38399,38375,38377,38387,38395,38400,495
38385	38376,38378,38380,38381,38382,38383,38386,38388,38389,38402
38386	38383,38380,38381,38382,38389,38390,38376,38379,38385,38391
38387	15818,15824,15819,15839,15855,15861,15862,7390,7408,15837
38388	38378,38382,38383,38389,38376,38379,38380,38381,38385,38390
38389	38378,38382,38383,38379,38386,38388,38390,38394,38396,38376
38390	38384,38386,38389,38394,38396,38374,38388,38393,38397,38375
38391	38379,38394,38397,38378,38380,38382,38386,38388,38389,38398
38392	38393,38380,38383,38397,38376,38378,38379,38381,38382,38385
38393	38380,38401,38392,38402,38378,38382,38386,38388,38390,38399
38394	38396,38401,38378,38382,38389,38390,38391,38400,25938,25977
38395	38383,38384,38393,38396,38374,38375,38376,38377,38378,38379
38396	38401,38378,38394,38397,38380,38382,38389,38390,38398,38376
38397	38380,38396,38391,38398,38401,38378,38382,38389,38390,38392
38398	38383,38397,38379,38380,38389,38391,38396,38376,38378,38381
38399	38379,38383,38384,38393,38380,38392,38398,25958,25994,38374
38400	38394,38379,38383,38384,38393,38374,38375,38376,38377,38378
38401	38396,38393,38394,38397,38391,38392,38398,2888,2904,3685
38402	38380,38383,38381,38379,38393,38376,38385,38391,38374,38375
38403	
38404	
38405	
38406	
38407	
38408	38444,38445,38446,38451,38455,38453,38452
38409	
38410	
38411	
38412	38452
38413	38453,38452
38414	38453,38452
38415	38459,38456,38458,38455,38453,38452
38416	38457,38456,38458,38455,38453,38452
38417	38457,38456,38458,38455,38453,38452
38418	38457,38456,38458,38455,38453,38452
38419	38457,38456,38458,38455,38453,38452
38420	38457,38456,38458,38455,38453,38452
38421	38457,38456,38458,38455,38453,38452
38422	38459,38457,38456,38458,38455,38453,38452
38423	38459,38457,38456,38458,38455,38453,38452
38424	38454,38459,38457,38456,38458,38455,38453,38452
38425	38454,38459,38457,38456,38458,38455,38453,38452
38426	38454,38459,38457,38456,38458,38455,38453,38452
38427	38454,38459,38457,38456,38458,38455,38453,38452
38428	38454,38459,38457,38456,38458,38455,38453,38452
38429	38454,38459,38457,38456,38458,38455,38453,38452
38430	38454,38459,38457,38456,38458,38455,38453,38452
38431	38454,38459,38457,38456,38458,38455,38453,38452
38432	38454,38459,38457,38456,38458,38455,38453,38452
38433	38454,38459,38457,38456,38458,38455,38453,38452
38434	38454,38459,38457,38456,38458,38455,38453,38452
38435	38454,38459,38457,38456,38458,38455,38453,38452
38436	38443,38444,38445,38446,38451,38454,38459,38457,38456,38458
38437	38466,38454,38459,38457,38456,38458,38455,38453,38452
38438	38466,38454,38459,38457,38456,38458,38455,38453,38452
38439	38466,38454,38459,38457,38456,38458,38455,38453,38452
38440	38466,38454,38459,38457,38456,38458,38455,38453,38452
38441	38454,38459,38457,38456,38458,38455,38453,38452
38442	38466,38454,38459,38457,38456,38458,38455,38453,38452
38443	38436,38462,38463,38460,38464,38461,38465,38467,38466,38454
38444	38408,38436,38462,38463,38468,38460,38461,38464,38465,38467
38445	38408,38436,38462,38463,38468,38460,38461,38464,38465,38467
38446	38408,38436,38462,38463,38468,38460,38461,38464,38465,38467
38447	38451,38468,38460,38461,38464,38465,38467,38466,38454,38459
38448	38468,38460,38461,38464,38465,38467,38466,38454,38459,38457
38449	38462,38463,38468,38460,38461,38464,38465,38467,38466,38454
38450	38468,38460,38461,38464,38465,38467,38466,38454,38459,38457
38451	38447,38408,38436,38462,38463,38468,38460,38461,38464,38465
38452	38412,38456,38458,38413,38414,38408,38415,38416,38417,38418
38453	38413,38414,38408,38415,38416,38417,38418,38419,38420,38421
38454	38424,38425,38426,38427,38428,38429,38430,38431,38432,38433
38455	38408,38415,38416,38417,38418,38419,38420,38421,38422,38423
38456	38415,38416,38417,38418,38419,38420,38421,38422,38423,38452
38457	38416,38417,38418,38419,38420,38421,38422,38423,38460,38467
38458	38415,38416,38417,38418,38419,38420,38421,38422,38423,38452
38459	38415,38422,38423,38460,38467,38424,38425,38426,38427,38428
38460	38447,38448,38450,38443,38449,38444,38445,38446,38451,38459
38461	38468,38447,38448,38450,38449,38443,38444,38445,38446,38451
38462	38443,38449,38444,38445,38446,38451,38454,38459,38457,38456
38463	38443,38449,38444,38445,38446,38451,38454,38459,38457,38456
38464	38447,38448,38450,38443,38449,38444,38445,38446,38451,38454
38465	38468,38447,38448,38450,38449,38443,38444,38445,38446,38451
38466	38437,38438,38439,38440,38442,38447,38448,38450,38443,38449
38467	38468,38447,38448,38450,38449,38443,38444,38445,38446,38451
38468	38461,38465,38467,38447,38448,38450,38449,38444,38445,38446
38469	31,522,545,576,606,614,615,4841,5682,6165
38470	573
38471	573
38472	10029,37001,37409,37461,37537,37814,39268,40395,41886,45446
38473	6542,601,679,897,1076,1077,1387,1436,1546,1667
38474	10029,39333,36674,39242,37476,39234,39239,40395,10127,23273
38475	38500,38513,38519,38492,38493,38514,38516,38525,38527,38486
38476	5818,10318,27608,35759,282,1084,1106,1317,1595,1600
38477	10058,36687,10055,10086,36676,36688,36818,36905,36909,37150
38478	6688,10001,17872,38484,38486,38487,38497,38504,38512,38521
38479	30220,19365,37356,39240,10055,18912,25186,36674,36894,37347
38480	995,1782,4333,17203,19016,24106,30021,34981,36091,38473
38481	38575,38576,38578,38573,37580,39362,38474,38568,38567,39268
38482	37580,36927,37339,37372,37380,37597,37719,37734,37735,39233
38483	17872,38486,38542,38545,38552,7702,9999,10008,10012,10013
38484	10013,10057,38478,38481,38497,38504,38512,38540,38541,6688
38485	38474,38504,38512,38513,38519,38525,38528,38545,38547,13980
38486	38516,38493,10043,38498,38500,38507,38515,38527,38537,38542
38487	36903,37448,37580,37597,37734,37735,10029,36674,37188,37675
38488	38486,6679,8816,10055,14001,23279,36950,37001,37172,37178
38489	38504,38551,38512,38519,38545,38486,38492,38498,38515,38528
38490	37469,37580,38509,38552,2948,10029,10037,10042,10110,10112
38491	38482,38492,38493,38497,38513,38516,10033,10091,10104,10117
38492	38516,38497,38498,38551,38500,38507,38537,38527,38475,38489
38493	38486,38519,38515,38525,38528,38500,38507,38537,38542,38475
38494	38486,38492,38497,38498,38500,38502,38503,38504,38507,38512
38495	8271,8281,8284,8286,8287,8291,8302,8315,8321,8322
38496	37579,38527,6679,10041,10049,10066,12877,12895,13804,13964
38497	38512,38492,38528,38498,38525,38500,38507,38537,38502,38527
38498	38492,38516,38504,38486,38497,38527,38528,38489,38545,38551
38499	23275,9995,36676,36862,36969,36988,37580,37597,37701,37822
38500	38475,38492,38516,38527,38486,38493,38497,38504,38514,38525
38501	30219,37296,10089,17309,17331,30232,36862,36870,36904,37018
38502	38486,38492,38497,38512,38513,38516,38525,38528,38493,38494
38503	38479,38486,38492,38494,38497,38498,38500,38502,38504,38507
38504	38545,38498,38489,38515,38500,38507,38527,38537,38485,38514
38505	36919,10041,36735,36903,36908,37135,37215,37374,37400,37453
38506	38489,38567,9999,10055,10058,17203,30232,36672,36732,36749
38507	38537,38492,38516,38486,38493,38497,38504,38514,38525,38527
38508	28708,28710,28715,38558,280,664,681,1432,1521,2201
38509	39268,10135,23273,39236,41369,44181,37469,39327,39333,10009
38510	17022,29260,37470,38524,2294,6109,7765,7809,8692,9649
38511	17203,38473,38474,38475,38476,38477,38478,38479,38480,38481
38512	38497,38551,38545,38489,38485,38502,38520,38534,38547,38478
38513	38515,38525,38475,38514,38542,38485,38502,38520,38547,10029
38514	38500,38507,38513,38525,38537,38475,38486,38492,38493,38504
38515	38513,38519,38493,38504,38525,38486,38528,38489,38514,38527
38516	38486,38492,38498,38500,38507,38537,38545,38527,38542,38475
38517	38487,10037,10064,10144,10145,17203,23254,23283,23284,34644
38518	4527,11757,19513,21760,22069,23906,24661,25487,26931,33840
38519	38515,38493,38551,38475,38545,38489,38542,38485,38523,38534
38520	38504,38512,38513,38545,38485,38486,38489,38497,38498,38515
38521	38478,38486,38487,38492,38493,38497,38513,38551,17203,35855
38522	38475,38486,38492,38493,38498,38500,38504,38507,38513,38514
38523	39268,6679,36674,37211,37481,37580,37753,38486,38519,39233
38524	36816,43018,10055,10058,36711,36735,36741,36808,36870,37506
38525	38513,38493,38497,38515,38500,38507,38514,38537,38551,38475
38526	38486,38492,38494,38497,38498,38500,38502,38503,38504,38507
38527	38498,38500,38486,38492,38504,38507,38516,38528,38475,38493
38528	38493,38497,38498,38551,38500,38507,38515,38527,38537,38545
38529	38486,38492,38494,38497,38498,38500,38502,38503,38504,38507
38530	10091,17203,18008,23273,25231,30232,33874,36674,36696,36703
38531	38486,38519,38523,38563,7936,10037,10097,10138,10623,12729
38532	17203,38473,38474,38475,38476,38477,38478,38479,38480,38481
38533	38536,17203,37145,37188,37537,37610,38473,38474,38475,38476
38534	38512,38519,38537,38486,38489,38492,38493,38497,38498,38500
38535	17203,38473,38474,38475,38476,38477,38478,38479,38480,38481
38536	37597,37675,37580,37701,37734,37735,30220,36835,36848,37215
38537	38507,38492,38516,38486,38493,38497,38504,38514,38525,38528
38538	38474,38486,38492,38494,38497,38498,38500,38502,38503,38504
38539	38486,38488,38523,38561,6679,8816,9995,10007,10009,10018
38540	38484,10013,10057,10144,17203,23273,36705,36820,38473,38474
38541	38479,38484,38503,44070,10002,10013,10041,10057,10127,17203
38542	37524,38486,38493,38513,38516,38519,23285,38492,38515,38525
38543	38518,239,1382,3885,4527,5314,6214,6558,6646,6995
38544	18964,10029,10127,23273,44111,10082,38474,38552,40748,41886
38545	38504,38512,38516,38519,38489,38528,38485,38498,38515,38520
38546	17203,38473,38474,38475,38476,38477,38478,38479,38480,38481
38547	38485,38504,38512,38513,38519,38525,38528,38545,36744,36888
38548	38475,38486,38492,38493,38498,38500,38504,38507,38513,38514
38549	10038,10086,10107,17203,34592,36866,37001,37227,37234,37293
38550	17203,38473,38474,38475,38476,38477,38478,38479,38480,38481
38551	38492,38512,38519,38489,38528,38525,38498,38515,38542,41367
38552	38544,38481,38486,38509,39310,44132,10002,10008,10012,10022
38553	10013,10150,13804,17203,23256,36727,36829,37448,38473,38474
38554	38578,37119,38481,38574,38575,39268,30232,37476,38567,38568
38555	38551,1671,8793,8795,10035,10091,17203,17877,25184,25276
38556	17203,38473,38474,38475,38476,38477,38478,38479,38480,38481
38557	38519,38486,38492,38493,38497,38512,38513,38516,38525,38528
38558	6623,10701,17746,6535,7019,7036,7051,10792,18008,23993
38559	38487,38571,10,10041,10055,10085,11399,17203,23360,34245
38560	1414,6483,6623,6685,12710,16501,17193,17203,24435,24573
38561	37247,37469,37481,37537,37580,37597,37701,37734,37735,37812
38562	17203,38473,38474,38475,38476,38477,38478,38479,38480,38481
38563	36870,37380,37457,37701,39237,41102,41898,41911,44173,44206
38564	38486,38492,38494,38497,38498,38500,38502,38503,38504,38507
38565	40870,1432,4527,39473,41294,5407,14454,17180,23999,33840
38566	38481,38568,36674,37812,38474,38573,38574,38575,38576,38578
38567	38576,38474,38481,38575,39362,39367,38573,38578,39363,39364
38568	38481,38575,38576,38578,37580,37597,38573,38574,39242,37476
38569	1081,1319,1458,7862,9576,10758,17203,18577,23593,24530
38570	1099,2565,13074,14692,19141,19149,19154,24860,24866,29869
38571	37125,38487,38509,38544,38559,40748,10,6541,6679,10041
38572	37580,37597,37538,37734,37735,37119,37247,37380,41252,44185
38573	38576,38474,38481,37476,30232,39268,36994,23295,38567,38568
38574	38576,39333,39268,39243,40748,38568,39362,10029,23295,37119
38575	38576,38578,38481,37580,37597,37822,39363,37119,37188,37734
38576	37580,38575,37597,38573,39242,37822,38574,37734,37735,38481
38577	18963,36665,36679,37247,37356,37461,37580,37597,41367,44055
38578	38575,38481,39268,23295,37580,39367,37469,38568,39242,39362
38579	2398,10798,30097,4104,6337,10350,566,1809,3506,6094
38580	38592,38593,38600,38594,38601,38584,38587,38590,38591,38595
38581	38582,38583,38585,38586,38587,38589,38590,38591,38593,38599
38582	38590,38600,38598,38594,38601,38611,2398,38584,38595,38606
38583	38610,38599,38590,38604,38606,38609,38611,38597,38596,38602
38584	38585,38592,38608,38600,38580,38582,38586,38605,38588,38591
38585	38584,38601,2398,38588,38596,38597,38604,38607,38602,38581
38586	38605,38587,38598,38591,38594,38595,38588,38603,38584,2398
38587	38586,38593,38595,38599,38594,38605,38610,38580,38601,38598
38588	38585,38586,38589,38608,38582,38584,38590,38591,38598,38605
38589	38603,38588,2398,38607,38602,10798,38581,4104,10350,1809
38590	38582,38583,38610,38591,38605,38580,38594,38598,38588,38606
38591	38599,38610,38586,38593,38590,38605,38580,38595,38603,38584
38592	38600,38580,38594,38584,38603,38595,38597,38596,38607,38602
38593	38580,38594,38587,38601,38591,38595,38596,38597,38603,2398
38594	38592,38593,38582,38586,38580,38587,38595,38598,38607,38590
38595	38586,38587,38593,38592,38594,38580,38582,38591,38599,38601
38596	38585,38592,38593,38601,38608,38580,38600,38583,38587,38604
38597	38592,38608,38585,38593,38580,38583,38600,38610,38587,38604
38598	38582,38608,38586,38594,38600,38590,38601,38606,38609,38611
38599	38583,38610,38591,38587,38611,38595,38603,38606,38609,38604
38600	38592,38582,38580,38601,38584,38598,38605,38611,38603,2398
38601	38582,38585,38593,38600,38580,38587,38594,38595,38596,38598
38602	38593,38583,38585,38589,38590,38592,38594,38608,38580,38582
38603	38589,38592,38586,38580,38591,38593,38599,38600,38587,38595
38604	38608,38583,38585,38610,38593,38599,38580,38587,38590,38591
38605	38586,38610,38587,38590,38591,38600,38584,38594,38601,38588
38606	38582,38583,38598,38599,38608,38586,38590,38609,38610,38611
38607	38594,38589,38582,38585,38592,38593,38600,2398,38580,38583
38608	38598,38584,38611,38588,38597,38604,38596,38606,38609,38602
38609	38583,38598,38599,38610,38582,38586,38590,38605,38606,38608
38610	38583,38599,38590,38591,38605,38587,38604,38609,38588,38597
38611	38608,38582,38599,38600,38583,38598,38601,38580,38587,38595
38612	24561,38785,4817,23690,34637,454,1790,2658,3534,3577
38613	8726,34356,14005,14026,14065,23690,454,13888,13901,13959
38614	38616,38617,38618,38619,38620,38621,38622,34316,38623,38785
38615	19444,24561,34316,38623,2287,14040,14117,14247,14868,19063
38616	38622,38614,24561,34316,38623,38785,195,638,1790,2658
38617	38622,38614,24561,34316,38623,38785,1790,2658,3534,4817
38618	38622,38614,24561,34316,38623,38785,951,1661,1790,1825
38619	38622,38614,24561,34316,38623,38785,1790,2658,3534,4817
38620	12351,40455,186,528,3880,3999,4439,4453,7970,8635
38621	38622,38614,24561,34316,38623,38785,1790,2658,3534,4817
38622	38616,38617,38618,38619,38621,38614,24561,34316,38623,38785
38623	38615,12465,34316,38614,38616,38617,38618,38619,38620,38621
38624	34316,38613,38614,38615,38616,38617,38618,38619,38620,38621
38625	19431,22357,34297,11383,11385,13616,13661,13863,13993,14106
38626	14231,14234,14237,23672,13891,13867,23660,44891,14140,14150
38627	18841,26954,34908,34917,34925,34930,1520,2915,9574,9580
38628	27363,28213,40091,15001,45288,13236,15435,17444,20425,21604
38629	38659,38633,38638,38641,38658,38661,38662,38674,27363,38635
38630	38670,38664,38638,38658,25475,38648,38661,38674,38635,38639
38631	38646,38665,38632,38634,38640,38655,38659,38670,25475,38662
38632	38669,38670,38650,38631,38638,38661,38662,27363,38633,38674
38633	38654,38675,38649,38641,38629,38645,38657,38659,38660,38669
38634	38644,38649,38666,38668,38673,38641,38647,38652,38671,38672
38635	38647,38675,38649,38636,38641,38660,38630,38645,38659,38629
38636	38670,38635,38673,38646,38649,38666,38634,38639,38640,38660
38637	38646,38654,38663,38666,38675,38633,38652,38664,38669,38672
38638	38630,38644,38629,38632,38634,38659,38648,38658,27363,38631
38639	38670,38666,38673,38630,38649,38652,38671,38672,38636,38641
38640	38665,38655,38668,38670,38644,38631,38648,38662,38663,38664
38641	38634,38673,38675,38633,38666,38674,38629,38635,38652,38671
38642	38646,38629,38633,38635,38647,38649,38654,38659,38663,38669
38643	25475,38630,38631,38632,38634,38640,38644,38646,38648,38650
38644	38634,38659,38638,38670,38640,38648,38664,38641,38658,38635
38645	38633,38674,38634,38635,38641,38647,38649,38639,38652,38654
38646	38664,38654,38655,38675,38631,38652,38672,25475,38636,38671
38647	38674,38635,38634,38660,38669,38645,38629,38639,38640,38642
38648	38630,38634,38644,38665,38640,38658,38659,38668,38638,20425
38649	38633,38634,38635,38652,38672,38636,38671,38639,38645,38664
38650	38665,38632,38634,38659,38668,38657,38633,38641,38655,38640
38651	38629,38644,38646,38659,38664,38630,38633,38635,38640,38642
38652	38666,38671,38672,38634,38646,38649,38641,38639,38637,38645
38653	25475,38636,38637,38642,38646,38647,38649,38654,38657,38663
38654	38633,38674,38646,38637,38660,38669,38629,38639,38642,38645
38655	38665,38646,38640,38668,25475,38662,38631,38650,38664,38669
38656	25475,38630,38632,38634,38640,38646,38655,38657,38658,38661
38657	38669,38670,25475,38633,38650,38664,38661,38674,28213,38635
38658	38630,38634,38629,38646,38644,38648,38668,38638,38661,38664
38659	38629,38644,38650,38669,38633,38638,38662,38631,38635,38641
38660	38633,38635,38647,38654,38674,38675,38663,38636,38673,38641
38661	38629,38630,38632,38646,38657,38664,38634,38658,38668,38669
38662	38663,38670,38665,38629,38632,38655,38659,38666,38668,38669
38663	38670,38662,38637,38640,38660,38669,38630,38642,38657,38659
38664	38646,38630,38668,38644,38657,25475,38633,38640,38649,38655
38665	38655,38640,38650,38670,38631,38662,25475,38648,38633,38674
38666	38652,38671,38672,38634,38636,38641,38639,38662,38637,38640
38667	38629,38632,38659,38665,38670,38630,38631,38634,38638,38644
38668	38634,38655,38669,38640,38650,38664,38662,25475,38633,38648
38669	38657,38632,38668,38659,38633,38647,38662,38674,25475,38640
38670	38663,38636,38630,38632,38662,38665,38639,38640,38644,38657
38671	38652,38672,38666,38673,38634,38646,38649,38641,38639,38645
38672	38652,38671,38666,38673,38634,38646,38649,38639,38637,38645
38673	38634,38671,38672,38636,38641,38639,38662,38640,38645,38659
38674	38647,38654,38675,38641,38630,38645,38660,38669,38629,38632
38675	38633,38674,38635,38646,38641,38660,38637,38629,38645,38659
38676	2332,6623,6637,6982,15510,30962,35193,45381,45552,136
38677	38678,6574,6623,6637,6982,11808,45381,45552,1000,1520
38678	38677,38687,6611,18803,45381,45552,1000,5402,6452,6459
38679	63,638,1404,4389,7463,13879,18589,22946,23511,23685
38680	6458,6483,37851,1356,6450,6461,6986,11477,40664,6535
38681	2330,2337,2356,2370,38677,38678,38679,38680,38683,38684
38682	2369,2330,2370,38677,38678,38679,38680,38683,38684,38685
38683	38677,38678,38679,38680,38681,38682,38684,38685,38686,38687
38684	12838,24863,38677,38678,38679,38680,38681,38682,38683,38685
38685	4339,5339,31362,7024,7248,8335,10631,11246,14992,16336
38686	38677,38678,38679,38680,38681,38682,38683,38684,38685,38687
38687	45481,6654,6653,42921,6455,6611,6660,7019,40606,41308
38688	45409,6479,6577,6623,6637,6982,15510,45481,45489,45494
38689	38677,38678,38679,38680,38681,38682,38683,38684,38685,38686
38690	38677,38678,38679,38680,38681,38682,38683,38684,38685,38686
38691	38687,15510,3,934,961,1661,2413,3889,4734,6016
38692	38677,38678,38679,38680,38681,38682,38683,38684,38685,38686
38693	95,6966,13834,16021,20154,23732,23738,23747,23750,23756
38694	10701,6575,10920,14458,17649,23883,24487,38696,45481,1426
38695	11645,15435,22979,26425,27363,38269,38628,38629,38630,38632
38696	4494,6574,6597,11743,31186,1382,6450,6565,6600,6962
38697	39654,168,570,979,1423,1670,1810,1823,1849,1854
38698	10240,23508,6359,6934,7242,8401,12344,16643,16650,26349
38699	11234,11245,48651
38700	38701,38702
38701	2773,11162,11202,11214,11218,12507,31463,48611,291,7475
38702	2773,8783,9391,9786,10801,11202,11214,11218,11234,11244
38703	561,2802,9882,12060,22564,29888,30719,45992,456,3937
38704	16532,4101,4118,4163,14585,20829,25912,27334,36583,93
38705	35560,5231,6171,10484,10537,10801,10814,12584,12605,12649
38706	2103,5050,9487,9853,15122,17689,18444,21167,38704,38705
38707	518,1445,1719,2103,8734,9487,9704,10664,12456,14447
38708	575,17441,21273,615,7549,14318,14941,25824,38719,45992
38709	239,1090,2103,3937,4231,4246,5061,5960,6214,6825
38710	12,910,2103,2928,4143,5588,6038,7858,8492,9487
38711	14621,14665,14623,14637,14655,14661,14680,5689,5700,5704
38712	503,35661,38801,1436,1571,1943,2103,6201,6274,6595
38713	30648,28,38,83,85,2103,2623,3563,3712,3743
38714	9487,38722,522,1895,2103,9401,15761,17108,17689,18444
38715	437,518,1693,2103,4494,5170,5796,6186,6200,6691
38716	562,5986,12060,30870,48654,338,594,606,2554,3003
38717	2103,9487,17689,18444,38704,38705,38706,38707,38708,38709
38718	2103,9487,17689,18444,38704,38705,38706,38707,38708,38709
38719	34825,4046,4254,22294,43064,615,1113,2554,4196,4253
38720	2802,33299,1382,2409,3377,4455,5376,5569,11261,14458
38721	437,518,1394,2103,3835,4494,4758,5170,5796,6142
38722	9487,38714,522,2103,17689,18444,28159,30693,36208,38704
38723	17689,14949,7639,12328,594,14426,28381,30870,31942,36383
38724	1520,1077,4527,38205,38216,39169,39523,79,918,1406
38725	1,95,146,339,351,1359,1394,1397,1404,1421
38726	366,375,454,569,616,617,2054,2557,3360,4153
38727	14301,20853,30325,38733
38728	10453,11881,28356,98,457,562,564,2554,2841,3831
38729	1301,7994,28381,522,577,2802,2841,4048,4839,5038
38730	2557,5060,8817,8818,8819,8821,8822,8823,8824,8825
38731	315,2238,2370,7085,7653,8154,9776,10661,15747,18535
38732	42192,42208,5956,6017,10498,47644,2565,4019,9886,10476
38733	14301,20853,30325,38727
38734	44892,15302,24900,35698,44895,9777,9780,9796,13871,27019
38735	973,8695,12650,13812,27536,186,528,850,3879,3880
38736	38750,9841,13654,15294,20280,38755,38798,38800,0,21
38737	27552,7785,27555,25256,21556,25224,27564,27570,27655,27583
38738	638,1181,1397,1404,1458,1577,4260,4294,5160,6204
38739	38773,44892,38737,38746,38756,38770,38771,38786,38801,38807
38740	38825,1417,5160,9798,12650,12680,13654,13812,13979,14128
38741	121,233,6935,12576,38737,38779,38781,38816,31,38
38742	33026,38744,38745,38747,38760,38761,38776,11,17,95
38743	35591,13654,35649,38737,38762,38781,38787,38794,38824,1417
38744	38747,44892,9462,12650,13812,15304,15326,29580,32203,35546
38745	1245,27666,38737,38743,38754,1242,1263,1845,2928,8677
38746	1458,18294,49564,170,528,2606,4364,6019,6081,7458
38747	38744,38787,38794,1417,2928,9462,9793,12632,12661,13871
38748	5160,38737,38745,1387,1393,1434,1799,2520,4493,4527
38749	127,7470,38760,38820,95,2505,5160,6160,6169,6207
38750	38736,12624,12650,13812,13871,17032,17893,23586,24838,32042
38751	3376,9573,11261,13654,14868,18301,18581,32763,38744,38799
38752	18634,19555,32203,34390,35591,38743,38762,1417,1428,1435
38753	43014,26114,31223,1954,1976,9793,12653,15267,23761,31225
38754	38737,38745,38787,38812,9770,32203,38743,38744,38747,38750
38755	38737,10971,40053,5160,5370,6515,9770,9845,12620,12649
38756	12650,35661,38739,38770,38773,38786,38807,108,484,534
38757	133,1918,2847,5160,6019,6978,8672,8859,9488,10476
38758	8783,30156,575,3937,10548,12650,13280,13678,13691,14391
38759	23517,23586,29438,34173,34418,38737,38797,1,97,117
38760	121,6143,9770,9826,12623,23586,38742,38744,38745,38747
38761	3734,21556,38992,956,2684,9194,13837,13870,15175,20556
38762	34190,34909,38743,40443,38737,38752,38787,38794,38824,1435
38763	5160,12650,12680,13654,13812,17893,20280,26954,29580,38735
38764	38794,12,116,134,956,1489,1923,2438,3271,5160
38765	12618,7699,10276,10303,15285,24510,27895,33995,43728,1404
38766	19541,38776,38812,40760,119,368,1489,3526,4443,4776
38767	8284,31223,38786,38801,5160,8268,8281,8287,8295,8317
38768	20280,32072,39,1513,1608,2118,2793,3039,4416,5160
38769	6574,5402,6173,6534,6542,6550,6654,11723,13654,17308
38770	12650,38739,38756,38771,38773,38786,38787,38788,38795,38805
38771	38739,38770,38773,38787,1595,1647,1782,2403,2989,3914
38772	344,5160,9582,9780,9838,12107,12650,12670,12680,13654
38773	38739,38756,38770,38771,38781,38787,38794,38801,38807,2281
38774	1347,1432,4527,6528,6641,6653,14454,14857,17999,19506
38775	38784,5160,12650,12680,13654,13812,17893,20280,26954,29580
38776	14455,29580,38742,38744,38745,38747,38760,38766,38780,38794
38777	29580,34909,35677,38737,38743,38752,38820,38838,478,1417
38778	433,547,926,966,1129,1142,1518,1688,1797,1943
38779	20599,38825,1243,6143,6163,6187,9172,12562,12572,13812
38780	12107,19881,9777,9780,18634,20216,22773,28820,29580,35738
38781	38743,38825,44892,12632,13654,13828,35649,35688,40443,45161
38782	38750,38754,38787,38805,38812,0,39,43,121,956
38783	29580,9780,12618,15285,35738,38743,38744,38754,38765,38780
38784	38775,372,1367,2432,3575,5091,5160,9998,10468,10546
38785	38612,6900,12466,32342,38614,38616,38617,38618,38619,38620
38786	12650,23791,38767,39625,40859,919,1397,6469,6542,6563
38787	34909,38743,38794,12107,18844,38737,38747,38754,38762,38824
38788	12650,38770,38795,38803,108,1860,4716,5040,5160,5223
38789	5160,19920,38743,38745,38801,503,1031,1342,1378,1571
38790	26559,11,39,101,593,638,1350,1371,1967,2633
38791	12650,38803,4725,5160,12680,13654,13812,16897,17893,20280
38792	38822,1129,13166,13654,24526,0,8,14,15,18
38793	35770,35782,38737,38743,38765,38767,38780,38783,38801,528
38794	1417,9793,35591,35649,35698,38743,38787,1489,18301,18576
38795	8136,12650,9777,12670,13654,13812,16621,17893,19106,19536
38796	186,1966,4389,4909,4995,5160,6015,6018,6257,7294
38797	3926,38737,38759,38806,40959,131,484,1129,1416,1538
38798	38799,12655,20280,29580,38736,38737,38743,38755,38779,38813
38799	38798,4,13654,15277,18312,29580,38737,38743,38750,38751
38800	7263,9847,12618,12636,13654,15283,18332,1428,4717,5040
38801	38767,38835,503,12649,14592,24661,33144,35594,35603,38712
38802	38814,13654,7704,13638,1433,2204,2286,6170,7280,7479
38803	12650,38788,38791,5160,12680,13654,13812,17893,20280,26954
38804	5160,12650,12680,13654,13812,17893,20280,26954,29580,38735
38805	38812,12650,18313,38750,38754,38770,38782,38786,38787,40509
38806	38737,38797,131,484,1129,2041,2667,2674,3926,4229
38807	38739,38756,38773,38801,5160,12650,12680,13654,13812,17893
38808	38737,908,1084,1956,1966,2642,4254,4875,5160,5933
38809	5160,12650,12680,13654,13812,17893,20280,26954,29580,38735
38810	6143,12562,30045,38779,125,146,1245,5160,6169,6181
38811	1840,3232,5160,12650,12680,13155,13654,13812,14740,17893
38812	38754,38805,38825,1417,1489,6783,12107,12625,17880,18634
38813	12107,38737,38743,38794,1388,9793,12620,13929,18287,24851
38814	38802,47822,2204,6121,13654,18844,1433,2286,4832,7492
38815	209,1140,1232,3883,3891,3987,4872,5160,8399,11860
38816	121,5160,38741,38779,170,221,1243,1250,5996,6145
38817	38744,38745,38747,38760,38776,128,313,1472,2573,3852
38818	131,5160,8715,12650,12680,13654,13812,17893,20280,26954
38819	13654,2136,4443,5160,5479,6450,6458,6461,6466,6467
38820	29580,38737,38749,38777,127,1489,5160,6143,6169,6181
38821	3234,5160,12650,12680,13654,13812,17893,20280,26954,29580
38822	38792,0,8,14,15,18,27,72,74,77
38823	5160,13959,13973,14013,14086,14242,23613,26519,34356,35730
38824	38743,16609,29580,35698,38762,38787,38794,38825,1435,2242
38825	12632,13812,13871,38781,1417,9798,35649,35677,38779,38794
38826	6935,13072,31442,1424,1445,2014,6302,7204,9533,11190
38827	19352,0,10,105,161,184,210,1080,1360,1390
38828	22773,38737,43121,6,44,316,478,1264,1342,1417
38829	
38830	23696,23697,23698,638,9778,40443,528,1404,8671,9770
38831	29576,32364,33192,36,58,72,934,1031,1110,1114
38832	2827,7651,9777,12622,15285,24851,24900,30209,38734,38737
38833	32203,1378,1913,5655,6622,7839,7930,9102,9471,9586
38834	3230,1100,1113,3887,5588,5956,6017,6925,11176,13792
38835	38734,38801,33144,194,528,575,638,1113,1397,1404
38836	9781,12650,13654,18296,24851,33288,34909,40425,44892,44895
38837	34553,8677,19428,34641,11404,22355,6804,9289,22356,34762
38838	34909,44892,32157,38734,38737,12618,14271,15283,15301,19555
38839	12667,13871,15277,24900,33540,35582,38781,38840,40443,6
38840	12632,34909,38779,38781,38825,38839,44892,478,952,1357
38841	42533,12655,12662,42168,52,1100,4575,5498,5639,5924
38842	
38843	38812,38825,44895,1357,1417,1435,2242,2246,2928,6169
38844	9796,93,3376,3796,5933,6684,9451,9463,9777,9793
38845	1535,1617,1797,5169,9770,9780,9800,10823,12624,12625
38846	19264,25057,29778,32643,33510,34365,34485,35556,35622,35685
38847	24900,6,44,316,1342,1417,5925,6005,6477,6978
38848	38734,44892,12620,24900,38755,2409,2901,5998,7594,8934
38849	34909,9773,9820,18539,34390,2928,6783,9777,12107,12577
38850	
38851	4104,1445,2597,5981,6691,6782,8817,8819,8820,8828
38852	1417,12632,15302,17870,18634,34909,35591,35649,35698,38734
38853	4521,38734,38744
38854	12107,18634,30209,34370,35591,35759,54,112,1417,1458
38855	
38856	
38857	
38858	
38859	19,10052,27736,41591,45049,242,283,394,439,447
38860	38884,38887,38862,38864,38866,38882,38885,9615,38861,38863
38861	38866,38865,9615,9640,9633,9637,9639,38870,38880,38886
38862	9649,38882,9638,9643,9650,38885,788,9608,9616,9633
38863	38862,38866,38887,9649,11595,38867,38871,38880,38882,9615
38864	38870,38886,9615,38860,38861,38862,38865,38867,38871,38880
38865	38867,9633,38861,38881,43242,43349,9608,9610,9615,9634
38866	38887,9637,9610,38861,9608,9633,9639,9616,9644,11595
38867	38865,11595,43242,9608,43349,9633,9634,38886,9610,9616
38868	25974,437,569,1357,3456,3523,3530,3819,3968,4074
38869	3968,9615,23367,23376,23400,23958,38859,38860,38861,38862
38870	38886,9615,38861,38864,38865,38867,14709,17302,38866,38880
38871	38866,38887,38861,38862,38863,38864,38865,38880,38882,9615
38872	3968,9615,23367,23376,23400,23958,38859,38860,38861,38862
38873	11002,38862,38866,38867,38881,38887,1664,3196,3968,4090
38874	2437,3968,4839,9615,21571,23019,23367,23376,23400,23958
38875	38862,38881,38887,3968,9615,11114,17288,23367,23376,23400
38876	38885,38861,38862,38866,38881,38887,38888,38890,38892,3968
38877	11002,38862,38866,38867,38881,38887,1664,3196,3968,4090
38878	3968,9615,11589,11595,23367,23376,23400,23958,38859,38860
38879	11002,38862,38866,38867,38881,38887,1664,3196,3968,4090
38880	38861,9615,38862,38863,38864,38865,38866,38867,38870,38871
38881	9640,9649,38865,38890,9633,9637,9638,9654,788,9635
38882	38862,9615,788,9649,38865,38885,9640,9643,11595,38860
38883	38889,15743,34086,38862,38866,38867,38881,38887,138,1664
38884	38860,38866,38870,38882,38885,38887,38890,9615,38861,38862
38885	38862,38887,43242,9615,9643,9649,38867,38882,38886,9608
38886	38867,38870,14709,9615,38861,38862,38864,38865,38885,38880
38887	38866,38885,38890,9649,38860,38863,38871,788,9637,9639
38888	38862,38863,38866,38867,38876,38885,38887,38890,3968,9615
38889	38883,15743,34086,38862,38866,38867,38881,38887,138,1664
38890	38881,38887,38862,38866,38882,38884,38885,9649,38863,38867
38891	38870,38871,38881,38886,38890,3403,3968,9615,23367,23376
38892	38862,38866,38887,9615,9635,9639,9640,9649,38861,38863
38893	49071,2711,2712,3888,14266,16623,16703,17065,17653,18158
38894	18372,18379,18384,18394,18408,18415,13893,18373,18375,18376
38895	38906,3888,14266,38894,38896,38898,38899,38900,38901,38903
38896	1360,1384,1390,1415,1437,1489,1513,1515,1521,16375
38897	38902,38905,38898,1113,2711,2712,3377,3873,3915,4521
38898	38897,2711,2712,16623,16703,17065,18158,18403,23966,26820
38899	38894,38895,38896,38897,38898,38900,38901,38902,38903,38904
38900	38894,38895,38896,38897,38898,38899,38901,38902,38903,38904
38901	338,3347,5670,5730,13280,13602,14039,14207,15464,16976
38902	38897,6935,9393,9398,12514,14264,14379,14383,17188,22586
38903	38894,38895,38896,38897,38898,38899,38900,38901,38902,38904
38904	38894,38895,38896,38897,38898,38899,38900,38901,38902,38903
38905	38897,93,3927,4254,6985,7444,8056,9892,11551,12316
38906	1860,16718,38909,1692,1736,2637,2687,18146,18159,23957
38907	38894,38895,38896,38897,38898,38899,38900,38901,38902,38903
38908	38894,38895,38896,38897,38898,38899,38900,38901,38902,38903
38909	38906,2637,168,1692,1736,1860,2662,2668,2687,2713
38910	14494,26669,522,576,7995,26683,14503,14549,560,570
38911	7995,26669,38917,7982,26683,26672,26682,26685,26693,27301
38912	2855,3155,3347,3904,4180,4231,6429,6662,6683,8184
38913	38917,26661,26672,26698,26657,26660,26662,26663,26677,26680
38914	26657,26662,38919,26663,26677,26681,38922,26685,26687,26691
38915	14494,14543,14551,31386,554,597,14546,14547,4048,4182
38916	26672,26661,38922,7982,26685,26698,3463,26657,26660,26662
38917	38913,26669,38911,7995,38919,38922,7982,26657,26661,26682
38918	3523,4025,4104,4590,12064,13426,13536,14474,15895,20563
38919	38914,38921,7995,38917,38922,26669,7982,26672,26683,38915
38920	559,572,14494,14540,14559,522,570,4104,8494,14503
38921	6265,26683,38919,7995,26672,7982,26657,26659,26661,26665
38922	38914,38916,6265,38919,26669,38917,7982,7995,26685,536
38923	14993,21982,22005,3230,4687,6221,6306,7582,7618,10287
38924	12190,14996,15004,15011,22010,24858,38925,38926,38927,38928
38925	14996,15004,15011,22010,38924,38927,38928
38926	14996,15004,15011,22010,38924,38927,38928
38927	981,1136,3305,3311,3926,4069,4281,6279,7154,7618
38928	2090,3126,3941,4246,4273,6298,7255,7640,8514,8619
38929	17022,132,242,338,951,1196,1354,1661,1825,1918
38930	5071,38939,38946,132,1186,2040,2060,2076,2181,2857
38931	2324,22268,25184,38940,43186,162,239,298,1347,1349
38932	105,161,184,210,3295,4262,4835,5011,5057,6141
38933	13722,38930,38931,38932,38934,38935,38936,38937,38938,38939
38934	9010,38937,38941,38948,3023,3685,7667,10764,13722,17296
38935	1002,1139,3011,12435,12445,14182,21866,22131,22624,23485
38936	13722,38930,38931,38932,38933,38934,38935,38937,38938,38939
38937	24585,24683,24686,24693,24738,35071,38941,7816,8457,9129
38938	13722,38930,38931,38932,38933,38934,38935,38936,38937,38939
38939	38930,38948,132,4285,4297,5071,7699,9572,13722,24678
38940	15706,26872,29260,43287,2659,2680,4935,9129,12171,15114
38941	38937,38934,38946,10764,13722,38931,38932,38933,38935,38936
38942	857,9799,17607,24411,29785,40714,37,147,348,381
38943	13722,38930,38931,38932,38933,38934,38935,38936,38937,38938
38944	13722,38930,38931,38932,38933,38934,38935,38936,38937,38938
38945	134,338,7994,8825,8827,8849,8853,10732,19422,30607
38946	1778,2946,23685,36460,38930,38937,38941,40193,41557,43959
38947	15750,3450,45927,439,2027,2069,2659,2686,2855,3770
38948	38934,38939,132,4285,4297,5071,7699,9572,10764,13101
38949	17479,7676,8783,14584,15731,17467,17473,18213,19565,19576
38950	38970,38962,38976,5237,17479,29894,33673,38958,38959,47805
38951	38952,38953,38957,38961,38964,38966,38971,38978,38983,17467
38952	38961,38971,38978,38951,38966,38983,38955,38956,38959,38963
38953	38959,38961,38966,38970,38971,38978,38979,38951,38958,38962
38954	38960,2273,2956,3011,8026,8063,21873,27808,38950,38951
38955	38962,38966,38977,38969,38972,38952,38956,38957,38960,38963
38956	38952,38955,38957,38959,38960,38970,38972,38976,38977,38982
38957	38960,38964,38983,15731,38951,38955,38956,38959,38963,38966
38958	38970,38959,38950,38953,38960,38962,38974,38976,38977,38982
38959	38970,38953,38958,38950,38952,38956,38957,38960,38961,38971
38960	38972,38977,6121,38957,38979,38954,38955,38956,38958,38959
38961	38952,38953,38964,38974,15731,38951,38959,38963,38966,38970
38962	19576,38955,578,17479,18613,20472,21253,38950,38966,38969
38963	38966,38952,38953,38955,38957,38961,38962,38969,38970,38971
38964	38957,38961,38951,38953,38960,38971,38973,38974,38977,38978
38965	38955,38966,38967,38972,38978,38981,754,2461,4745,5849
38966	38955,38952,38953,38962,38963,38969,38971,38972,1421,15637
38967	38955,38965,38966,38972,38981,38950,38951,38952,38953,38954
38968	5300,16004,33661,33684,38950,38951,38952,38953,38954,38955
38969	38955,38962,38966,38972,38977,38984,38963,38976,38982,38985
38970	38959,19576,38950,38958,578,17479,18613,20472,21253,38953
38971	38978,38952,38983,38953,38966,30712,38951,38959,38963,38964
38972	38984,38960,38985,6121,38955,38966,38969,18213,38956,38959
38973	38953,38961,38964,38966,38971,38979,10626,14577,19735,30712
38974	38979,38961,38977,19735,38957,38958,38959,38960,38964,38970
38975	4240,38962,19,1220,1228,2059,3873,3882,3883,3920
38976	38950,38985,17479,18213,38955,38956,38958,38959,38966,38969
38977	38979,38955,38960,38962,38969,38974,15731,38956,38958,38964
38978	38971,38952,38953,38983,38951,38959,38963,38964,38965,38966
38979	38977,38974,38953,38960,9920,14390,15731,19735,21926,38973
38980	38950,38951,38952,38953,38954,38955,38956,38957,38958,38959
38981	38953,38959,38965,38966,38967,38970,38972,38982,17614,23040
38982	38970,38953,38956,38958,38963,38966,38969,38972,38976,38977
38983	38971,30712,38952,38957,38978,38951,38966,38977,4935,6109
38984	38985,38972,18213,38969,41794,41801,15761,18359,18441,20604
38985	38984,18213,38972,18359,38976,41794,41801,8814,9986,12343
38986	10110,14075,27552,32,339,1000,5035,5114,6130,6136
38987	37580,37597,37675,37734,37735,34644,36687,37211,37276,37378
38988	10099,27671,37394,37580,37597,37734,37735,37822,40802,44070
38989	38997,39000,8715,8932,9472,11853,13936,13970,14117,14242
38990	198,374,1022,3033,3629,3654,3875,3880,4113,4332
38991	6100,5481,6104,7316,13588,18176,21111,24336,30790,34038
38992	1689,7785,27536,43052,9998,22935,25196,27586,34278,37149
38993	14075,39000,39003,1110,1617,2901,9436,9438,11853,13818
38994	39001,11853,34586,38987,38988,38989,38990,38991,38992,38993
38995	39000,39002,11853,34586,38987,38988,38989,38990,38991,38992
38996	452,7325,11853,18446,34586,36031,38987,38988,38989,38990
38997	38989,39001,9472,11853,34586,38987,38988,38990,38991,38992
38998	5114,6130,6136,6141,9793,11853,15278,17871,21126,21133
38999	39001,39002,11853,34586,38987,38988,38989,38990,38991,38992
39000	38995,38989,38993,39002,11853,14075,34586,38987,38988,38990
39001	38994,38997,38999,8715,8932,9472,11853,13936,13970,14117
39002	38995,38999,39000,11853,34586,38987,38988,38989,38990,38991
39003	38993,11853,34586,38987,38988,38989,38990,38991,38992,38994
39004	45987,49412,2805,2841,4782,10468,10498,22089,24665,30130
39005	3685,7181,10505,10522,14355,23043,39006,39007,39008,39009
39006	3685,7181,10505,10522,14355,23043,39005,39007,39008,39009
39007	11369,14562,39010,338,347,575,1528,2226,2782,2786
39008	3685,7181,10505,10522,14355,23043,39005,39006,39007,39009
39009	42444,42468,2841,5097,7181,10381,21273,22376,22743,25516
39010	4736,7248,9774,11884,39007,49412,336,338,342,457
39011	52,2971,4716,5033,9488,26428,338,351,364,457
39012	14346,9920,10468,7611,7651,11369,13400,30134,375,4717
39013	79,7651,39012,9928,9930,10468,14421,21273,557,569
39014	20521,41796,18587,20472,41788,41797,3305,3311,4069,4281
39015	387,762,16421,22115,22154,24203,27825,37168,46137
39016	4133,381,732,739,3971,4198,4202,4264,4296,7444
39017	4114,4219,13257,17594,23514,26144,36602,39016,42119,42120
39018	22579,13,2394,3692,3992,7255,7271,7641,8167,8518
39019	1113,1652,2203,2330,2337,2379,2389,2393,2403,2825
39020	22397,39019,39021,39022,39023
39021	22524,22580,39023,7255,9927,21647,22046,22376,39019,39020
39022	0,27,37,111,129,274,638,973,1110,1383
39023	6925,28112,45590,2328,9553,11807,12259,15831,20869,24486
39024	39082,39032,39060,13979,35621,39046,9779,13835,13863,13891
39025	39037,39041,39044,39054,14730,32364,1667,1763,1782,5235
39026	39087,39085,39062,39069,39076,39055,39028,39068,25187,39033
39027	39045,39058,1763,39048,5237,39054,1741,1759,1765,1769
39028	39026,39046,39069,5237,5929,39043,39050,39051,39062,39064
39029	1763,32364,39041,39042,39044,39045,39046,39024,39025,39027
39030	24280,39048,6101,39041,39042,39044,39054,1763,1800,3231
39031	24769,39024,39025,39026,39027,39028,39029,39030,39032,39033
39032	39024,39057,39058,39060,39082,35437,910,2041,5469,5471
39033	8685,32317,35621,15175,25200,27595,35606,35613,39048,39050
39034	32182,32505,39049,1490,1667,1754,1814,2041,2627,2729
39035	17634,910,1114,3577,7476,7713,12301,13793,13832,13863
39036	39046,5929,39043,39050,39051,39065,39066,39069,39075,39078
39037	24280,39025,39063,1778,14730,35608,39046,39052,39084,1741
39038	19254,9,88,1085,1347,1354,1384,1431,1495,2416
39039	39025,850,910,952,1114,1513,2643,2645,2701,2956
39040	39076,39068,39073,5237,25187,33231,39033,39047,39048,39049
39041	39045,32364,39025,39054,1763,39029,39030,39042,39058,1778
39042	32364,1763,39029,39030,39041,39044,39045,39048,24280,39024
39043	39091,39085,39069,39068,39036,39055,39073,25187,39028,39033
39044	39025,39048,39054,1763,14730,24280,32364,39029,39030,39042
39045	1763,32364,39027,39041,33800,39054,39058,39063,1778,39029
39046	39076,32364,39036,32532,35635,39024,39028,39029,39037,39056
39047	39089,39026,39040,39043,39046,39050,39051,39065,39066,39075
39048	5237,24280,39027,39030,39044,1800,33800,39033,39042,39054
39049	39026,39033,39034,39040,39043,39048,39050,39051,39055,39057
39050	39091,39085,39076,39055,39068,39033,39036,39073,23631,27595
39051	39062,39055,39036,39068,25187,39028,39033,39047,39048,39049
39052	39037,33800,39027,39042,39045,39058,39063,3621,4261,5237
39053	218,1022,1387,1661,1685,1695,1750,1776,1778,1797
39054	39025,39041,39044,39045,39058,1763,39027,39030,39048,32504
39055	39026,39050,39051,39043,39062,39065,39066,39075,39078,39083
39056	39046,32364,39029,39033,39037,39042,39044,39048,39063,171
39057	39032,39060,39033,39048,32364,39026,39029,39037,39040,39042
39058	39027,39082,5237,39032,39045,39054,39060,39041,39065,1800
39059	39046,32364,39029,39033,39037,39042,39044,39048,39063,171
39060	39024,39032,39057,39058,39082,626,9291,11387,11393,11402
39061	11404,22346,23567,23616,30325,34250,34274,34326,34514,45162
39062	39065,39026,39051,39066,39075,39078,39083,39087,39069,39055
39063	39037,32364,39045,39048,1757,1778,5237,33800,39024,39025
39064	39026,39028,39036,39043,39046,39050,39051,39055,39062,39065
39065	39091,39062,39069,25187,39036,39048,39055,39058,29456,32317
39066	39062,39069,39036,39055,39068,25187,39028,39033,39047,39048
39067	39026,39040,39043,39046,39050,39051,39065,39066,39072,39075
39068	39040,39043,39050,39026,39051,39066,39073,39075,39078,39083
39069	39026,39043,39065,39066,39075,39078,39083,39087,39062,39085
39070	35672,2041,6534,6536,17288,32057,35176,35182,35183,35200
39071	39026,39040,39043,39046,39050,39051,39065,39066,39078,39083
39072	39067,39083,17545,39024,39025,39026,39027,39028,39029,39030
39073	39040,39043,39050,39068,39026,39033,39048,39049,39051,39055
39074	1782,2603,2608,3620,4717,5807,7758,9565,9576,10318
39075	39062,39069,39076,39036,39055,39068,25187,39028,39033,39047
39076	39026,39040,39046,39050,39075,39078,39083,39087,39085,39091
39077	20561,23040,32505,34631,35466,49873,1,273,339,351
39078	39085,39062,39069,39076,39036,39055,39068,25187,39028,39033
39079	39024,39025,39026,39027,39028,39029,39030,39031,39032,39033
39080	39024,39025,39026,39027,39028,39029,39030,39031,39032,39033
39081	7281,7862,9453,32603,196,285,452,1350,1545,4463
39082	39024,39058,39032,39060,39046,171,7358,10616,11733,11736
39083	39085,39062,39069,39076,39036,39055,39068,25187,34211,39028
39084	11777,32398,3885,4450,25268,34958,39037,39046,39048,49581
39085	39026,39043,39050,39078,39083,39087,39091,39069,39076,39055
39086	560,4389,5924,6019,8671,9415,9978,10275,10498,12361
39087	39026,39085,39062,39069,39076,39055,39068,25187,39028,39033
39088	39024,39025,39026,39027,39028,39029,39030,39031,39032,39033
39089	39047,39026,39040,39043,39046,39050,39051,39065,39066,39075
39090	13901,13981,14044,2054,2588,13867,13891,13911,13961,13983
39091	39043,39050,39065,39085,39069,39036,39055,39062,39076,39028
39092	2588,7714,8726,12633,12634,13852,13867,13868,13876,13878
39093	87,318,1613,3133,10737,16804,20080
39094	1768,18228,34234
39095	13870,25224,35621,35630,35633,42054,129,2054,2919,13808
39096	9154,33460,39095,39097,39098,39099,39100,39101,39102,39103
39097	8674,9154,25187,33460,35767,39095,39096,39098,39099,39100
39098	6021,8685,18998,23513,23685,32532,34388,39099,10,11
39099	8685,987,7723,8816,23594,32046,32532,35453,39046,39098
39100	33460,12,1600,1708,1823,3789,4360,7299,7714,9154
39101	9154,33460,39095,39096,39097,39098,39099,39100,39102,39103
39102	21429,442,629,982,1031,1085,1088,1417,1879,2015
39103	4396,4424,4435,4436,9154,33460,39095,39096,39097,39098
39104	3248,21139,575,1110,1357,2101,2554,2793,2864,3935
39105	46668,22188,43695,46702,28301,28310,28330,30614,46675,46676
39106	9154,33460,39095,39096,39097,39098,39099,39100,39101,39102
39107	952,956,971,1011,1022,1078,1080,2036,2432,5170
39108	9154,33460,39095,39096,39097,39098,39099,39100,39101,39102
39109	2413,6902,25188,29457,34167,41012,19,667,910,1156
39110	2802,4171,5841,5854,5858,7473,7660,7670,7672,7680
39111	4177,4280,9154,33460,39095,39096,39097,39098,39099,39100
39112	10097,36764,36808,37506,44066,44077,9999,10016,10026,10050
39113	671,918,1270,1394,1655,2225,2542,2862,2894,3586
39114	2501,30066,146,439,547,995,1458,1694,1705,1862
39115	910,1084,2642,2655,2659,2666,2669,2670,2678,2687
39116	9154,33460,39095,39096,39097,39098,39099,39100,39101,39102
39117	9154,33460,39095,39096,39097,39098,39099,39100,39101,39102
39118	364,2993,3007,3094,3360,4163,5231,5294,5353,5373
39119	9154,33460,39095,39096,39097,39098,39099,39100,39101,39102
39120	1609,11086,11087,11088,95,1535,3445,7508,7723,7777
39121	11883,26880,43490,2576,2786,2826,2827,6165,8457,9154
39122	1397,1407,1787,2409,2527,2547,2574,2599,2602,2605
39123	1366,1412,1440,1500,2123,3394,4396,4400,4405,4408
39124	131,484,1129,2041,2667,2674,3926,4229,4261,7713
39125	448,3548,6020,9154,15068,18058,33316,33460,39095,39096
39126	9154,33460,39095,39096,39097,39098,39099,39100,39101,39102
39127	41703,351,546,8154,14880,44446,44717,468,1216,4296
39128	9154,33460,39095,39096,39097,39098,39099,39100,39101,39102
39129	39095,1135,1159,2165,2180,3945,4521,6145,7791,8675
39130	12,204,733,1099,1664,1667,1689,4125,6101,6107
39131	23696,23697,23698,1489,5236,6514,13427,15314,17634,38794
39132	9154,33460,35192,39095,39096,39097,39098,39099,39100,39101
39133	9154,33460,39095,39096,39097,39098,39099,39100,39101,39102
39134	37840,36021,37832,6535,36023,37841,37844,37851,6542,8141
39135	28779,28789,7183,23001,28792,32582,7205,7211,7214,7215
39136	37832,39143,39560,917,6535,30966,39142,39491,39522,39550
39137	37827,37846,6599,37855,6626,23484,31001,37836,37839,37866
39138	39136,39140,14832,36021,37832,37840,37841,39137,39139,39142
39139	37855,39136,39137,6535,31001,32051,36256,37827,37832,37833
39140	37827,37856,6452,37839,37866,45398,37836,37843,37849,37852
39141	6609,12491,31001,39135,39136,39137,39138,39139,39140,39142
39142	39136,39137,6609,36021,37832,6535,36014,36023,37827,37841
39143	6609,31001,39136,6535,37832,24484,36023,36062,37834,37843
39144	6609,12491,31001,39135,39136,39137,39138,39139,39140,39141
39145	42991,1778,20694
39146	39147,39149,39148,39152,39153,39155,42989,42992,42993,42994
39147	39146,39148,39155,1778,39152,42991
39148	39146,39147,39149,39150,39154,39155,39152,39153
39149	39146,39148,39155,493,1617,1685,1741,1763,1776,1780
39150	39153,39148,39155,42991,1778,39152
39151	39153,39152,42991,1778,20694
39152	39146,39151,39154,20694,39147,39148,39149,39150,39153,42989
39153	39150,39151,39146,1778,39148,39152,39155,42991
39154	39148,39152,39155,1778,42989,42992,42993,42994,42997
39155	39146,39147,39148,39149,39150,39154,20691,20695,20698,39153
39156	29151,16474,19494,24456,41135,47662,913,4524,10805,10815
39157	6497,6600,6450,6524,6536,6565,6456,6542,6458,6492
39158	1426,2036,2572,2914,2915,2928,2954,3409,3864,4498
39159	338,570,979,995,1823,2603,2608,2630,2972,3237
39160	1928,5148,5924,17512,18857,21335,33619,39174,48484,79
39161	14264,17489,5265,5429,8806,10381,11863,12599,13140,13618
39162	1491,5987,7704,9770,12392,13618,14394,14407,19501,24000
39163	22623,4099,22241,22303,3971,4074,4104,4163,4264,7599
39164	1113,4730,4770,5211,5234,5809,5928,5960,6331,8783
39165	35164,5960,35161,40059,40070,40071,40074,40077,40078,40082
39166	11808,1387,1973,1982,2535,4520,4521,5960,7211,7470
39167	4509,40185,1371,1382,1387,1388,1413,1414,1421,1426
39168	5960,9479,9892,11808,15761,18857,26054,26063,39156,39157
39169	918,1406,6653,6654,7019,9892,10792,11743,12196,14454
39170	39473,11757,17200,18309,24000,42921,1406,1426,1432,1436
39171	14264,21273,23381,6328,7242,7246,9928,12537,13411,14931
39172	4035,5960,6515,6689,7057,7337,8734,9479,9820,9892
39173	12319,14378,39171,1244,2694,4736,4832,5933,5960,7594
39174	41784,52,1245,1249,2204,20529,24166,30162,30269,39160
39175	30108,11018,30089,30110,10407,16009,30104,44353,339,6364
39176	39178,39194,39183,39188,39192,39200,39202,39205,39180,39190
39177	39192,39199,39186,39179,39183,39184,39187,30089,39180,39181
39178	39196,39200,39203,30108,39176,39181,39197,30089,30110,39182
39179	39196,39199,39183,39186,39200,39192,39177,30108,39182,39197
39180	39184,39187,39194,39189,39192,39203,39204,39176,39183,39186
39181	39187,39196,39178,39194,39199,39177,39183,39186,39188,39190
39182	39178,39179,39181,39183,39184,39192,39194,39196,39176,39177
39183	39199,39179,39196,39200,39203,39176,39177,39180,39181,39190
39184	39186,39192,39180,30108,39177,39189,39197,39205,39182,39191
39185	39200,39205,30089,30110,39201,11018,39195,16009,30090,30104
39186	39184,39192,39196,39179,39177,39189,39180,39188,39202,39181
39187	39194,39188,30108,39180,39192,39202,39204,39181,39190,39177
39188	39194,39187,39202,39203,39176,39190,39204,39186,39189,39200
39189	39193,39194,30084,39180,39186,39203,30088,39184,39187,39188
39190	39193,39194,39187,39188,39176,39180,39203,39181,39183,39186
39191	39193,39198,39177,39179,39180,39183,39184,39186,39187,39188
39192	39184,39186,39177,39187,39196,39176,39179,39180,39202,39205
39193	39189,39204,39190,11018,30090,30084,30107,39191,39195,39198
39194	39187,39203,39188,39176,39189,39204,39180,39190,39181,39177
39195	39185,39193,39178,39183,39194,39179,39181,39184,39188,39189
39196	39179,39178,39186,39183,39192,39181,30108,39177,39197,39205
39197	39178,39184,39186,39192,39196,30108,39176,39179,39180,39183
39198	39191,39193,39177,39179,39180,39183,39184,39186,39187,39188
39199	39179,39183,39200,39202,39177,39181,39205,11018,30089,30110
39200	39185,39199,39178,39179,39183,30108,39176,39188,39202,39177
39201	39185,39177,39179,39180,39183,39184,39186,39187,39188,39192
39202	39199,39187,39188,39176,39192,39203,39180,39186,39200,30108
39203	39194,39178,39183,39188,39180,39189,39202,39204,39190,6365
39204	39193,39194,39187,39180,39188,39203,39176,39181,39183,39186
39205	39176,39185,39192,39199,39183,39184,39194,39196,39177,39178
39206	8667,19406,19422,161,338,454,659,1378,1927,1937
39207	7266,10240,16067,19077,20844,45022,3931,4011,4143,4161
39208	39210,39211,39213,39221,6002,15122,19406,19422,24112,33624
39209	39213,39218,5638,8350,39222,43502,4448,6002,15122,19406
39210	39208,39217,39226,39227,5651,5652,6002,15122,19406,19422
39211	39214,39208,39217,39222,39226,39227,5651,5652,6002,15122
39212	1890,3927,15320,28712,29460,31975,41695,42709,49800,465
39213	39209,39208,39214,39222,6002,15122,19406,19422,24112,27307
39214	39211,39221,39213,39217,39218,39222,39226,39227,5651,5652
39215	3916,3958,4128,4228,10323,10471,10845,10848,10909,10921
39216	1394,1408,1417,1625,3320,3843,3844,3847,3852,4019
39217	39210,39211,39214,39221,39226,39227,1617,5005,5651,5652
39218	39209,39214,39222,48,454,6002,8715,8755,9730,9871
39219	4046,27808,1689,4133,10052,10240,22265,22845,1099,1100
39220	6002,15122,19406,19422,24112,33624,38607,39206,39207,39208
39221	39214,39208,39217,39222,39226,39227,5651,5652,6002,15122
39222	39209,39211,39213,39214,39218,39221,2036,2915,6002,6656
39223	4160,4171,4234,4325,8068,12333,16643,18090,22312,26413
39224	6002,15122,19406,19422,24112,33624,38607,39206,39207,39208
39225	6002,15122,19406,19422,24112,33624,38607,39206,39207,39208
39226	39210,39211,39214,39217,39221,39227,5651,5652,6002,15122
39227	39210,39211,39214,39217,39221,39226,4396,5651,5652,6002
39228	18275,1605,5869,11449,34371,48807,48866
39229	4185,9581,9570,9577,13179,48805,1382,1534,1606,3883
39230	3394,5243,5314,5803,7011,10613,10630,11449,12632,15379
39231	576,1674,2554,5869,11448,11810,15147,18260,19968,21266
39232	37580,37597,37734,37735,37481,37537,44173,37380,37753,37822
39233	39234,39247,39241,36821,37701,35179,36674,37469,39236,39237
39234	39233,39243,39247,39237,39241,39242,44070,41886,41367,36674
39235	36693,44189,36679,10114,10047,10055,10086,37314,44178,36672
39236	44057,10002,44063,44055,44079,39240,44089,44065,10029,18963
39237	10066,18912,36675,39242,44063,44049,39234,44075,10050,36674
39238	10029,10002,44055,9999,18963,36708,36727,39236,39239,44063
39239	39243,39242,10029,39236,39247,41886,39240,44055,41816,44070
39240	39236,10029,44089,44181,44055,44057,23273,39243,41816,44063
39241	39234,10029,39233,39240,41367,23273,39239,39268,23557,36821
39242	39243,39247,39237,39239,39234,10066,36674,41233,41816,41921
39243	10029,39242,39239,39234,23273,39240,39247,10127,23274,39333
39244	39242,41816,39234,39247,23274,37580,36821,37537,38474,38576
39245	39243,39244,10127,36676,36689,37211,39233,39234,39235,39237
39246	10127,39241,39261,1342,7811,8403,9789,10375,10484,14163
39247	23273,10029,39234,39242,39233,39243,39239,36821,10022,41921
39248	39282,39266,39281,39318,39259,39290,39302,39312,39252,39284
39249	44076,36764,44063,44126,37506,39310,37018,37197,44068,44069
39250	10127,37211,39233,39234,39235,39237,39238,39239,39240,39241
39251	39233,39268,17306,39240,39241,39273,39274,6679,8686,8816
39252	39266,39259,39284,39287,39299,39306,39300,39272,39294,39314
39253	36989,44193,36763,37150,41754,44066,44138,10058,36749,36808
39254	39237,44047,6688,9999,38477,39234,39239,39243,39267,6541
39255	39281,39276,39258,39302,39305,39287,39261,39272,39299,39306
39256	22381,30748,46678,522,560,972,2031,2331,2841,3067
39257	44132,44075,44189,9999,10047,41851,44068,44088,36675,37188
39258	39306,39272,39255,39308,39321,39278,39249,39314,39264,39322
39259	39302,39286,39307,39252,39299,39272,39294,39303,39248,39308
39260	39258,39261,39281,39287,39252,39255,39259,39264,39266,39276
39261	39287,39276,39302,39296,39286,39306,39318,39278,39294,39299
39262	23259,9995,10029,10148,13947,18964,19365,33374,36959,37188
39263	39300,39305,39259,39266,39276,39287,39307,39312,39326,37720
39264	39258,39287,39281,39261,39266,39276,24343,39252,39255,39278
39265	39235,39236,44178,18964,25186,36909,37188,37356,39239,39295
39266	39252,39248,39326,39275,39279,39285,39309,39325,37720,39243
39267	36679,10028,36765,36905,36909,44089,10114,36665,39240,36669
39268	37211,23273,39240,44181,6679,23279,23283,23557,37675,39241
39269	39252,39266,39276,39281,39282,39284,39287,39290,39296,39297
39270	37211,39268,39273,36847,37481,37572,37580,37597,39233,39234
39271	39329,36668,37448,38573,39261,39292,39333,30232,36994,37119
39272	39302,39258,39284,39259,39307,39252,39306,39312,39255,39296
39273	37580,37597,37734,37735,37822,37481,37211,37675,37701,38576
39274	39247,23274,39241,23273,39233,39234,39243,23287,39239,41816
39275	39266,39286,39305,39282,39287,39242,39290,39294,39296,39307
39276	39261,39255,39321,39294,39285,39324,39249,39277,39289,39326
39277	39276,39281,39286,39287,39303,39255,39259,39261,39284,39294
39278	39305,39258,39287,39296,39294,39299,39261,39306,39307,39312
39279	39266,39286,39290,39252,39287,39299,39303,39305,39258,39259
39280	39276,39281,39282,39286,39290,39296,39302,39305,39258,39259
39281	39255,39318,39321,39324,39248,39264,39326,37720,39277,39320
39282	39307,39318,39248,39321,39324,39289,39309,39322,39275,39285
39283	39295,10009,15202,18964,37448,39234,39239,39262,39265,39292
39284	39307,39272,39302,39252,39312,39300,39306,39318,39248,39314
39285	39276,39305,39261,39266,39282,39286,39290,39296,39299,39302
39286	39305,39259,39294,39261,39300,39312,39303,39308,39318,39322
39287	39261,39296,39299,39306,39252,39278,39314,36687,39255,39326
39288	39242,10047,10014,10066,39273,23278,36708,36927,10050,37218
39289	39282,39272,39276,39290,39255,39258,39286,39302,39305,39259
39290	39296,39299,39300,39314,39318,39324,39321,39248,39308,39279
39291	39248,39252,39258,39259,39266,39272,39275,39278,39279,39281
39292	30232,39329,37119,39261,39333,40395,36668,36994,37753,38474
39293	30232,37537,39243,44223,18964,24338,39268,39273,39329,39362
39294	39276,39286,39259,39278,39296,39307,39261,39303,39312,39252
39295	39369,39243,10029,10127,39247,39237,18964,39236,39347,37476
39296	39287,39290,39261,39318,39278,39314,39294,39272,39303,39321
39297	39236,10002,37197,44057,10114,36854,44065,44079,44102,10029
39298	39258,39272,39281,39282,39290,39300,39305,39307,39259,39278
39299	39287,39290,39252,39259,39300,39278,39312,39261,39255,39303
39300	39307,39290,39284,39286,39299,39252,39272,39294,39278,39308
39301	39266,39276,39282,39278,39284,39252,39259,39286,39290,39307
39302	39259,39272,39284,39261,39318,39255,39308,39322,39248,39303
39303	39286,39259,39294,39261,39287,39296,39299,39305,39252,39258
39304	39266,39272,39284,39290,39252,39255,39259,39279,39286,39296
39305	39286,39278,39255,39308,39322,39268,39275,39285,39303,37580
39306	39258,39287,39312,39252,39284,39261,39272,39278,39255,39294
39307	39282,39284,39259,39300,39312,39272,39294,39278,39314,39324
39308	39258,39286,39305,39302,39259,39290,39294,39306,39252,39272
39309	37018,37634,44063,36765,39282,39310,44078,44107,36955,37720
39310	36765,44063,44107,36675,36764,44075,44076,44069,44126,36688
39311	39271,39288,10022,10127,37078,37211,37563,37701,38554,39233
39312	39306,39307,39284,39286,39299,39321,39272,39278,39294,39248
39313	10127,37211,39233,39234,39235,39237,39238,39239,39240,39241
39314	39287,39296,39258,39290,39261,39307,39318,39252,39299,39278
39315	39252,39255,39258,39264,39266,39269,39272,39276,39278,39281
39316	39252,39259,39266,39284,39286,39258,39278,39281,39290,39299
39317	39242,39268,36972,37211,39233,39237,39239,39243,39266,39273
39318	39281,39282,39296,39302,39261,39290,39248,39286,39314,39284
39319	39258,39281,39290,39305,39312,39255,39266,39276,39278,39284
39320	39281,39266,39258,39259,39272,39276,39284,39287,39290,39305
39321	39276,39258,39281,39282,39312,39290,39296,39286,39299,39284
39322	39286,39302,39305,39258,39282,39290,39308,39259,39284,39300
39323	38576,39242,39244,44173,37537,37580,37597,37734,37735,37812
39324	39281,39282,39290,39276,39299,39307,39312,39284,39294,39300
39325	39266,39302,39259,39281,39282,39287,39296,39305,39307,39318
39326	39266,39287,39252,39259,39272,39276,39281,39300,39302,39284
39327	39368,38509,39333,39362,39268,39361,14008,30232,39243,39293
39328	39233,39268,37597,37734,37735,37822,39273,40395,41367,10029
39329	39333,36994,39261,37119,39273,39292,39368,37476,38573,39268
39330	39273,36674,36703,37018,37204,37211,37332,39233,39235,39237
39331	10127,37211,39233,39234,39235,39237,39238,39239,39240,39241
39332	44199,36693,44189,37188,39243,18912,23279,39268,41367,44201
39333	39243,38474,41367,10029,39233,44056,14008,30232,39234,41886
39334	39232,39282,39290,39259,39284,39286,39305,39307,39312,39266
39335	39232,39258,39281,39305,39312,39243,39276,39284,39287,39290
39336	39232,39304,39255,39266,39272,39276,39278,39282,39284,39289
39337	39365,37218,41851,44199,41903,44189,36734,39243,44132,44178
39338	10117,36919,37065,37344,37522,37524,37580,37597,37621,37734
39339	1342,1626,4981,10001,10085,18541,18548,18951,21201,23264
39340	10028,36735,1135,10099,18963,25186,30220,35252,36665,36695
39341	39364,30232,36668,37119,37753,38576,39268,39333,39350,39361
39342	10128,23284,36850,36929,36940,36995,37136,37332,37417,37481
39343	10,10041,11399,34245,34332,34511,34592,34604,34642,34644
39344	10127,39295,39369,6679,36674,18964,38576,39268,10029,10041
39345	18548,36972,37325,39290,39312,39339,44221
39346	36938,37538,10007,10048,10067,10117,23285,36919,37065,37071
39347	39295,39369,18964,39243,10029,10127,39239,39265,6541,6679
39348	39232,39252,39258,39259,39261,39266,39271,39276,39281,39282
39349	39369,39295,39237,6541,6688,10029,41921,10001,10127,14008
39350	36994,37753,36668,39261,39367,41371,17306,37119,37448,38474
39351	10007,10048,10067,10117,23285,36919,36938,37065,37071,37119
39352	39232,39252,39255,39258,39264,39266,39269,39272,39276,39278
39353	39362,39364,36994,38576,39261,39329,39350,39367,39368,10007
39354	10084,36733,36863,37078,37519,39271,39346
39355	39232,39317,44025
39356	
39357	38472,38513,39232,10022,10029,10030,14163,16714,23287,37359
39358	37119,37522,101,162,168,2680,3242,4207,4333,4356
39359	37247,37213,37344,37380,37409,37580,37597,37734,37735,38572
39360	39295,39369,44217
39361	39362,39368,30232,37580,37597,37675,38481,39261,39327,39333
39362	39364,39367,39368,38481,38576,39361,39268,37580,38567,38578
39363	37580,38576,39367,37597,37701,37537,38575,40395,37734,37735
39364	39362,40395,23286,37580,38575,38578,39268,39368,37537,38567
39365	39337,39366,37218,41851,44199,41903,44189,36734,10050,10059
39366	39365,10066,41851,36708,41903,44189,44199,10050,36734,39243
39367	39362,39363,37753,38575,38578,38567,39268,37461,37537,37580
39368	39362,39327,39333,39361,39329,39364,38509,39261,39293,10041
39369	39295,10029,10127,39243,39349,39236,39237,39247,39347,6679
39370	33874,39242,44149,10009,10127,10135,19365,23273,30220,37448
39371	
39372	39232,39252,39258,39266,39272,39278,39281,39282,39284,39287
39373	37563,37818,39265,6688,7855,10127,12171,17010,17309,17331
39374	15514,15495,9659,10849,15481,15486,29095,31064,37857,40831
39375	39383,39397,39400,39380,39385,39386,39402,39411,39378,39382
39376	39398,39382,39412,39401,39410,39425,39431,39377,20067,39406
39377	39376,39385,39389,39382,39384,39388,39412,1409,3431,3433
39378	39431,39384,39389,39388,39405,39411,39375,39380,39386,39387
39379	6574,4494,18024,35991,39627,251,339,1099,1356,1382
39380	39405,39386,39411,39375,39382,39384,39387,39393,39397,39378
39381	8846,10162,16623,18803,20094,20097,21304,21777,23738,23755
39382	39376,39385,39380,39389,39412,39375,39397,39401,39403,39411
39383	39385,39400,39386,39375,39393,39416,39384,39397,39402,39387
39384	39389,39393,39378,39397,39405,39431,39380,39383,39386,39392
39385	39383,39389,39393,39402,39382,39375,39403,39411,39377,39395
39386	39380,39383,39400,39405,39387,39375,39384,39397,39378,39392
39387	39386,39380,39388,39398,39400,39402,39375,39378,39383,39392
39388	39389,39412,39403,39411,39378,39387,39392,39393,39395,39398
39389	39385,39388,39384,39378,39395,39405,39411,39382,39392,39397
39390	1409,3431,3433,4845,12259,12784,13387,14460,14490,15492
39391	4527,6452,10821,11757,17238,17267,17649,17746,20045,23866
39392	39398,39384,39388,39389,39405,39411,39425,39431,39375,39380
39393	39384,39385,39383,39405,39410,39380,39388,39420,39386,39387
39394	10701,6574,6623,7022,10792,33299,39576,44761,11808,15063
39395	39389,39402,39405,39416,39384,39388,39375,39378,39385,39392
39396	14469,25491,25527,45467,24249,12714,15989,20060,22645,24064
39397	39402,39375,39384,39400,39380,39383,39386,39389,39411,39425
39398	39376,39392,39425,39387,39388,39410,39411,20067,39375,39380
39399	7654,22034,23306,23451,49165,466,471,590,856,1409
39400	39383,39386,39375,39397,39384,39387,39401,39403,39412,39378
39401	39376,39400,39405,39412,39382,39384,39386,39389,39395,39397
39402	39397,39385,39395,20067,39375,39383,39387,39380,39386,39388
39403	39388,39411,39420,39385,39389,39400,39412,39375,39382,39393
39404	17556,24249,918,12714,20060,2802,3422,10671,12784,13676
39405	39380,39386,39384,39389,39393,39395,39378,39392,39401,39420
39406	39388,39405,39376,39380,39386,39389,39395,39400,39401,39403
39407	39382,39383,1409,3431,3433,4845,12259,12784,13387,14460
39408	1409,3431,3433,3844,4845,5839,8231,8621,12080,12259
39409	1250,1382,6170,7012,7255,7290,7307,7457,10670,10701
39410	39393,39376,39398,39411,39425,15492,20060,25491,39378,39380
39411	39380,39388,39389,39403,39375,39378,39385,39392,39397,39398
39412	39376,39388,39382,39389,39400,39401,39403,39395,39397,39411
39413	35993,36001,36039,12160,27018,35977,35985,35996,35998,36013
39414	7467,15492,20060,25491,39384,39393,39396,39410,39431,39438
39415	1409,1797,3431,3433,3659,4845,6693,6935,7472,7477
39416	39383,39395,39384,39385,39388,39389,39393,39400,39402,39403
39417	25491,575,727,1409,1890,3347,3431,3433,3842,3927
39418	1409,3431,3433,4845,7263,9539,12259,12497,12770,12784
39419	9839,1043,3937,5809,6985,8790,12715,13280,13632,14324
39420	39403,39388,39389,39393,39405,39384,39385,39400,39401,39402
39421	11246,17468,23437,6142,7897,9490,10454,10723,12784,22046
39422	25491,800,1409,3431,3433,4616,4845,6397,6934,10413
39423	17556,918,1406,1407,1409,1657,1669,1671,1682,1693
39424	37827,6574,1426,6623,23993,37856,1414,7018,7204,9983
39425	39398,39376,39392,39397,39389,39410,39411,20067,39375,39384
39426	1409,3431,3433,4845,12259,12784,13387,14460,14490,15492
39427	22395,1421,4845,6397,7246,7280,7282,7290,7667,22376
39428	466,522,576,617,621,1409,3431,3433,4845,4849
39429	1409,3431,3433,4845,12259,12784,13387,14460,14490,15492
39430	23476,23484,7036,10821,12196,13115,14454,17198,18803,20060
39431	39378,39384,39376,39389,39392,39385,39395,39411,15492,20060
39432	23302,1409,3431,3433,4845,12259,12784,13387,14460,14490
39433	6168,629,1409,1441,2107,2876,3431,3433,3549,3575
39434	1378,3943,4313,4389,5479,5924,6961,22929,22963,23065
39435	6885,11246,23296,6165,12784,15127,17468,22046,22056,22381
39436	1409,3431,3433,4845,12259,12784,13387,14460,14490,15492
39437	1409,3431,3433,4845,12259,12784,13387,14460,14490,15492
39438	15492,20060,25491,39384,39393,39396,39410,39414,39431,503
39439	1409,3431,3433,4845,12259,12784,13387,14460,14490,15492
39440	7254,11234,858,1290,1409,2773,3246,3376,3431,3433
39441	1409,3431,3433,4845,12259,12784,13387,14460,14490,15492
39442	46020,46015,13530,46026,46019,44976,46012,46022,46021,46016
39443	39450,39452,14777,39448,39455,39456,39458,39460,39464,39470
39444	2566,14777,39450,39458,39460,1347,1349,1352,1354,1359
39445	39455,39448,39451,39452,39464,44976,46019,39465,46016,46018
39446	39458,46020,39460,39464,14777,39448,39451,39445,39457,39467
39447	39452,39455,39457,39458,39460,39467,2566,14777,39443,39444
39448	39470,46012,39445,46023,39462,46021,46022,46028,39446,39453
39449	39450,39452,39455,39456,39470,2566,13530,14777,39444,39445
39450	46015,14777,39452,39455,39464,46026,13530,39448,39451,39470
39451	14777,39467,44976,39445,39457,39465,39470,46028,46016,46022
39452	46012,39445,46021,46022,46028,39450,39453,39456,39469,46016
39453	14777,39448,39452,39455,39464,39470,39445,39451,39462,39467
39454	457,12715,21239,33365,42240,472,485,575,1637,2413
39455	39465,46018,39445,44976,46023,39450,39453,39456,39469,39468
39456	39452,39455,39445,39448,39457,39458,39450,39451,39464,39470
39457	39458,46015,39451,46019,39465,44976,46026,39445,39446,39456
39458	39457,39465,39446,39456,46024,46017,46025,39466,48540,2566
39459	2566,14777,39443,39444,39445,39446,39447,39448,39449,39450
39460	46020,46026,46012,39446,39465,46023,46018,46021,46022,46028
39461	39448,39452,39455,39464,14777,39445,39446,39451,39453,39458
39462	39467,14777,39448,39464,39470,39451,13530,39453,46019,46020
39463	14777,39448,39451,39452,39455,39457,39458,39460,39465,39467
39464	46023,46018,13530,39445,39446,39462,46016,39450,39453,39469
39465	39455,39458,46019,39451,39457,39460,44976,39445,39470,46018
39466	39452,39455,39457,39458,39460,14777,39448,39464,39465,39469
39467	46020,39451,39462,44976,46026,13530,46012,39445,39446,39453
39468	14777,39448,39452,39453,39455,39464,39469,39470,13530,39445
39469	14777,39448,39452,39455,39464,39470,39453,39468,13530,39445
39470	14777,39448,39451,46019,13530,39462,39453,39465,39469,44976
39471	14777,39448,39452,39453,39455,39460,39461,39462,39464,39467
39472	40556,49485,1426,3377,6574,7204,10792,10797,13160,15063
39473	6654,14454,23906,13115,24249,37830,40610,41106,41308,40182
39474	6654,6935,17999,23906,30995,39473,31,90,855,1347
39475	916,6574,17746,39394,6611,6623,7019,7022,10628,4494
39476	7690,11779,17180,23911,39473,39475,42921,4527,6452,6565
39477	855,39473,39474,39475,39476,39478,39479,39480
39478	855,6994,7018,7046,7953,9574,9580,12625,17559,18005
39479	6653,23476,6631,42921,39473,12196,41106,14455,14861,17234
39480	40548,6653,6654,23993,23484,23906,40562,4527,6542,6648
39481	24456,39567,31047,40560,919,30976,7466,918,20191,22759
39482	39556,6691,917,1426,11100,31001,39491,39501,22648,39519
39483	916,39504,39523,6482,7929,11094,11753,29141,30993,30995
39484	39485,39487,39492,39512,39519,916,917,1698,5654,6520
39485	33333,916,7010,39526,4820,6955,7066,27875,39489,39511
39486	6505,6653,7017,7950,17557,39483,39485,916,917,1356
39487	38207,39523,6543,6549,6631,6660,6960,6973,14824,16383
39488	39495,39523,39526,918,30984,30995,33333,39516,39540,39543
39489	39485,39526,916,11094,30984,30996,39495,39516,39523,39541
39490	39516,39550,916,917,22760,30966,31001,39136,39491,39496
39491	916,30966,33333,24456,30984,31001,39501,39526,39567,30995
39492	918,39527,40553,30966,35991,39533,40522,40536,40548,7915
39493	41345,23730,40910,6452,38201,2400,6455,6514,23721,23733
39494	39508,1698,30984,39518,39523,39526,39528,39540,39546,39564
39495	30995,11094,30984,39518,39543,4527,6641,30993,33333,37855
39496	916,10792,35374,30984,39508,39526,39565,11094,30993,30996
39497	27875,39508,39558,916,2914,3622,11477,14269,18845,22943
39498	5274,6462,12410,30966,31001,33333,33994,38202,38240,39489
39499	916,917,1698,7930,11094,26476,27875,30966,30984,30993
39500	916,8859,31001,33333,39489,39490,39496,39504,39516,39518
39501	39491,30966,39482,39531,917,31001,39550,39136,39503,39514
39502	15680,15686,26862,37827,916,917,1698,2249,3685,5085
39503	6691,30966,39522,39531,31001,35991,39501,39514,39523,39556
39504	39570,916,917,30993,30996,31005,31010,39538,918,919
39505	6542,6563,11114,12700,12839,19046,26910,916,3401,6592
39506	916,917,1698,7930,11094,26476,27875,30966,30984,30993
39507	916,917,1698,7930,11094,26476,27875,30966,30984,30993
39508	916,39496,39511,39523,30984,39483,39485,39494,39497,39514
39509	916,917,1698,7930,11094,26476,27875,30966,30984,30993
39510	4527,7930,11094,14857,31270,39524,41076,41294,916,917
39511	916,917,39523,30984,30993,30995,30996,30966,31001,39485
39512	41338,41355,41334,39561,39485,39519,39527,41335,41344,41352
39513	43014,3921,7930,17252,28673,28675,31236,37996,168,854
39514	917,39540,30966,31001,39491,39511,39546,33333,39136,39496
39515	6982,7034,23778,6977,49635,6568,6961,7029,7047,11094
39516	39541,24456,39543,919,39523,39525,916,30964,30995,38222
39517	39495,39516,39522,39523,39531,39550,39556,39560,6542,6591
39518	30993,31001,918,30996,917,7466,11094,31026,31056,39495
39519	40560,39527,916,917,10792,28820,30966,30984,39491,39525
39520	1698,33333,39525,39491,39516,39518,39526,39540,39541,39556
39521	916,23791,27875,30964,31001,31046,38205,39493,39519,39532
39522	917,31001,39136,39503,39532,39540,30993,39495,39514,39517
39523	30995,11094,918,24456,917,920,6654,30964,31010,39528
39524	913,8217,30995,35992,39540,40910,41342,916,919,4527
39525	30964,33333,39491,39516,39519,916,1698,30961,39504,39520
39526	33333,39567,918,24456,31047,39491,39543,30976,31048,39485
39527	916,30966,39519,16478,30984,39492,918,10792,16481,17354
39528	39523,30996,39541,918,24456,30984,31047,39518,39526,39543
39529	916,33333,39504,39518,30984,30993,30995,30996,39491,39495
39530	10792,7327,17218,27875,35176,39482,39488,39495,39516,39517
39531	39501,39540,39503,39536,40560,919,39495,39514,39517,39523
39532	39550,31019,37841,39522,39560,40550,8217,30966,39531,39556
39533	917,30984,918,30976,30993,30996,39556,916,919,39492
39534	30996,39523,11094,30984,30995,39495,39528,917,20191,24456
39535	916,6976,7930,27875,33333,39485,39488,39526,39547,39566
39536	39556,39543,919,39531,39560,24456,31001,31047,39482,39491
39537	916,920,6901,7930,30966,30993,30996,31057,39491,39505
39538	917,30996,39504,39541,30993,30995,39528,11094,30966,31001
39539	917,30984,30993,30995,31001,39495,39511,39541,39543,39545
39540	39546,40560,30995,31001,39567,30996,39491,39514,39519,39526
39541	24456,39516,916,39556,39523,39528,923,1698,30966,30993
39542	916,917,1698,7930,11094,26476,27875,30966,30984,30993
39543	917,24456,39516,39526,918,30993,31056,33333,39495,39523
39544	916,917,1698,7930,11094,26476,27875,30966,30984,30993
39545	39496,39526,39541,39543,916,917,6535,30966,30984,30993
39546	39540,39567,31001,40560,916,30995,919,1698,30966,30984
39547	10035,33333,37188,37215,37597,37701,10018,10060,10086,10135
39548	1982,11542,17198,18309,19444,30995,31270,37830,39584,41076
39549	916,917,7930,15594,30996,33333,39505,39518,39526,39533
39550	39560,39491,39532,917,31001,39136,39501,39540,39490,39495
39551	6654,14454,17238,40610,5250,6550,6611,6660,14582,23993
39552	39533,16474,19488,23791,30993,39541,39556,916,917,919
39553	916,917,1698,1860,2181,2802,3006,3374,3702,3733
39554	916,917,30993,31001,39528,39541,1698,1918,5479,7930
39555	30966,33313,39523,304,916,917,1371,1698,2542,7930
39556	39482,39541,39536,919,39533,39543,24456,39523,39525,40531
39557	917,30966,30984,31001,39136,39491,39501,39522,39531,39533
39558	39497,27875,39482,39483,39485,39488,39495,39508,39516,39517
39559	11094,30995,39538,39543,39562,917,7919,14824,17556,22761
39560	39550,39136,39540,39532,39536,40560,918,919,30993,39495
39561	39512,917,30984,39493,39523,39533,39557,39562,41337,41338
39562	30984,39523,11094,30995,39488,39495,39516,39559,917,918
39563	285,916,39495,39552,196,452,917,1410,1698,2206
39564	39526,39518,30984,33333,916,917,1698,7466,27875,30993
39565	33333,39496,916,30984,39495,39504,39508,39514,39523,39529
39566	916,1387,7930,27875,30993,33333,39485,39488,39512,39526
39567	39481,920,24456,31001,39526,39546,30995,30984,33333,39491
39568	916,39481,919,30984,30996,39489,39496,39523,39526,917
39569	39481,30984,30993,30995,30996,33333,39488,39495,39518,39523
39570	39504,39481,916,917,31047,40560,918,30993,30996,31010
39571	24263,6663,6665,8401,10821,11743,12825,13365,14857,16627
39572	7953,13138,24364,39573,39574,39575,39576,39577,39578,39579
39573	238,2542,2813,2830,3622,3885,4732,4750,5263,7703
39574	7953,13138,24364,39572,39573,39575,39576,39577,39578,39579
39575	7953,13138,24364,39572,39573,39574,39576,39577,39578,39579
39576	39394,33299,37827,6574,20045,7019,35193,37830,37856,6483
39577	7953,13138,24364,39572,39573,39574,39575,39576,39578,39579
39578	7953,13138,24364,39572,39573,39574,39575,39576,39577,39579
39579	533,578,1680,1725,1787,2409,3394,3622,4494,4755
39580	7953,13138,24364,39572,39573,39574,39575,39576,39577,39578
39581	11791,11714,11715,39523,6969,11795,30962,30984,37883,1382
39582	1441,23762,23854,23867,24447,19,168,204,286,311
39583	1382,1393,2914,1421,1431,1448,1772,1933,3394,5249
39584	31270,14454,19506,39473,40870,4527,18309,40585,1432,1982
39585	16643,24446,3702,12344,16650,15471,17649,18932,19077,39595
39586	8150,27917,7953,8401,8444,12056,13138,13177,13667,13672
39587	6487,19529,11100,23484,39627,39629,919,1356,6561,6626
39588	23993,24249,32,6465,18031,22633,23999,24066,24364,27685
39589	39591,1954,1982,4527,7953,10643,13138,14453,14857,17187
39590	7953,24422,24433,24444,24450,39585,39595,812,1973,2915
39591	8401,7204,11142,39589,39594,39637,40864,44767,1382,3304
39592	3401,6487,11160,12837,12838,12840,12841,12875,33666,33670
39593	1441,7029,9901,16632,16643,18013,23484,24263,24422,24450
39594	7953,39591,39595,3727,3770,6614,7013,7292,8217,8401
39595	6654,6660,7053,11779,11795,39585,6482,6486,6600,6611
39596	546,8635,14361,16340,22532,26448,48776
39597	366,4233,9284,9453,9892,21935,22551,38719,47809,343
39598	39609,39618,39607,39617,39597,39599
39599	39597,39598,39600,39601,39602,39603,39604,39605,39606,39607
39600	39602,39603,39605,39606,39608,39610,39612,39604,39607,39609
39601	39611,39613,39614,39615,39616,39604,39617,39618,39597,39599
39602	39600,39604,39606,39608,39607,39616,39597,39599
39603	39609,39610,39611,39613,39614,39600,39606,39608,39615,39604
39604	39602,39612,39613,39615,39600,39601,39603,39605,39606,39608
39605	39610,39611,39614,39615,39600,39606,39608,39604,39607,39616
39606	39600,39602,39603,39605,39608,39610,39612,39604,39607,39609
39607	39598,39600,39602,39603,39605,39606,39608,39609,39610,39612
39608	39600,39602,39603,39605,39606,39610,39612,39604,39607,39609
39609	39598,39603,39614,39600,39606,39607,39608,39617,39618,39597
39610	39605,39603,39611,39613,39614,39615,39600,39606,39608,39604
39611	39605,39614,39601,39610,39603,39600,39604,39606,39608,39616
39612	39613,39615,39600,39604,39606,39608,39618,39607,39616,39617
39613	39612,39601,39603,39610,39604,39618,39600,39606,39608,39616
39614	39611,39605,39609,39601,39603,39610,39600,39606,39608,39616
39615	39612,39605,39601,39610,39603,39604,39618,39600,39606,39608
39616	39601,39600,39602,39603,39604,39605,39608,39610,39611,39612
39617	39598,39601,39603,39605,39609,39610,39611,39612,39613,39614
39618	39598,39612,39613,39615,39601,39603,39604,39605,39609,39610
39619	39629,6487,24396,1356,4522,5314,6496,6508,6524,6600
39620	24396,6542,6654,7950,11100,23484,37866,39625,39629,44761
39621	918,6599,11748,23484,39481,39625,39629,6487,6579,6687
39622	5314,7549,7595,8380,16007,25747,25766,25784,25819,30081
39623	1393,5314,5402,6143,6146,6150,6900,6940,7051,7477
39624	6976,7022,7051,49485,5242,7019,7041,1356,1680,6452
39625	23791,6563,6611,6574,6653,6660,7019,39475,12272,17746
39626	1432,6616,17575,23866,37830,39627,39629,40661,45559,131
39627	7019,16486,6654,37856,7036,17649,20045,49635,10792,11723
39628	916,1347,1393,1419,1432,1449,1725,4498,4521,4527
39629	6487,18005,23484,6654,16486,17746,24364,30995,1387,4509
39630	11100,24396,39619,39620,39629,1356,4820,5314,5885,6487
39631	45511,3412,29498,40733,12613,24556,9976,12983,14982,16532
39632	39684,39633,39637,39690,39706,16645,25313,28762,30622,39643
39633	39698,39706,39716,39652,39661,39671,39699,25313,8401,28762
39634	39636,39637,39644,39697,39719,39669,39681,39706,39707,39720
39635	39645,39687,39668,39682,39703,39708,39723,39638,39639,39640
39636	39637,39684,39671,39652,39691,16624,16645,39661,39669,39699
39637	39636,16624,39652,39671,39699,16645,39686,39693,25313,28762
39638	39656,39660,39663,39674,39682,39687,39688,39696,39635,39639
39639	39635,39638,39640,39642,39645,39646,39647,39649,39651,39655
39640	39658,39660,39663,39687,39635,39638,39639,39642,39645,39646
39641	39637,39690,39633,39644,39678,39697,39707,39719,25313,28762
39642	39645,39649,39658,39666,39676,39695,25313,39635,39639,39640
39643	39690,39644,39697,39719,3412,39678,39706,39707,39709,39720
39644	39678,39686,39681,39709,39720,3412,39704,39673,39694,45511
39645	39659,39635,39666,39668,39670,39646,39655,39689,39642,39677
39646	39655,39645,39657,39682,39687,39638,39639,39640,39642,39647
39647	39633,39636,39637,3305,16624,35094,39681,39684,39691,39715
39648	39690,39719,39654,39681,39697,39709,39720,12983,14456,29498
39649	39642,39656,39658,39666,39676,39695,204,2637,2666,3931
39650	39636,39633,39637,39684,8401,16643,8514,16624,16650,39697
39651	2393,12315,12341,2334,2337,2370,42458,2330,2825,3901
39652	28762,39637,39636,39681,39684,39709,39633,30622,39694,39705
39653	39699,39678,39707,39637,39681,39709,39704,39720,39636,39694
39654	39697,39719,39720,16532,39644,39678,39691,39698,39706,39707
39655	39646,39645,39657,39682,39687,39638,39639,39640,39642,39647
39656	39638,39649,39658,39666,39676,39695,25313,39635,39639,39640
39657	39674,39682,39672,39662,39659,39646,39688,39655,39663,39666
39658	39640,39642,39649,39654,39656,39663,39687,3702,4197,4234
39659	39645,39670,39657,39674,39682,39664,39666,39667,39679,39672
39660	28762,39638,39640,39644,39652,39653,39661,39663,39671,39681
39661	39712,39709,39636,39681,39684,39633,39720,30622,39673,39685
39662	39664,39657,39708,39667,39672,39679,39703,39680,39677,39689
39663	39687,39708,39667,39679,39680,39668,39696,39703,39723,39638
39664	39672,39662,39659,39666,39689,39670,39677,39692,39696,39635
39665	16645,25313,39697,39698,39706,39716,39637,39725,39726,39633
39666	39645,39674,39682,39659,39664,39672,39676,39677,39695,39642
39667	39663,39662,39659,39668,39689,39666,39670,39692,39696,5387
39668	39645,39687,39663,39667,39679,39680,39682,39703,39708,39635
39669	39701,39686,39712,39707,39678,39709,39636,39637,39684,39694
39670	39659,39696,39645,39664,39667,39668,39687,39708,39638,39639
39671	39715,39637,39726,39636,39684,16645,39633,39681,39685,39704
39672	39664,39674,39657,39703,39662,39680,39666,39689,39659,39677
39673	39691,39719,39644,39661,39698,39671,39686,39712,25313,39669
39674	39657,39672,39659,39666,39723,39689,39696,39638,39677,39688
39675	439,1810,10052,13722,13818,16645,25195,25313,28224,28762
39676	39666,39695,39642,39649,39656,25313,39635,39638,39639,39640
39677	39666,39645,39662,39664,39672,39674,39682,39657,39659,39667
39678	39644,39653,39701,25313,39669,39707,39716,28762,39686,39720
39679	39723,39663,39662,39659,39668,39689,39666,39692,39696,5387
39680	39687,39708,39663,39672,39723,39662,39668,39696,39635,39638
39681	39644,39652,28762,39653,39661,39686,39693,39709,39671,39691
39682	39703,39657,39723,39659,39666,39668,39688,39635,39638,39646
39683	16645,25313,28762,39633,39636,39637,39644,39652,39653,39661
39684	39636,39691,39698,39652,12344,16624,16643,39661,39671,8401
39685	39661,39671,39698,39706,39719,39652,39693,39707,39716,25313
39686	39719,39644,39669,39699,39712,39637,39678,39681,39636,39694
39687	39708,39663,39680,39723,39668,39696,39635,39688,39638,39640
39688	39657,39682,39687,39638,39663,39674,39703,39708,39723,39639
39689	39645,39664,39667,39672,39674,39679,39657,39659,39662,39666
39690	39712,29498,45511,3412,39705,39710,39643,39648,40733,12613
39691	39716,39725,39684,39726,39636,39720,39673,39681,45511,39722
39692	39645,39657,39659,39662,39663,39664,39667,39672,39674,39679
39693	39725,39707,39637,39681,39636,16645,39633,39684,39694,39704
39694	39719,39652,39669,28762,39644,39653,39661,39686,39709,39671
39695	39666,39676,39642,39649,39656,25313,39635,39638,39639,39640
39696	39670,39687,39663,39674,39708,39638,39657,39664,39667,39672
39697	39726,29498,39710,39722,39654,39665,12613,39634,39643,39711
39698	39633,39684,16645,30622,39673,39685,39704,39710,29498,39665
39699	39706,39637,39653,39686,39725,39712,39715,39716,16645,39633
39700	39648,39652,39653,39654,39673,39684,39690,39691,39697,39704
39701	39669,39678,39715,39726,39709,39636,39684,39633,39681,39705
39702	16645,25313,28762,39633,39636,39637,39644,39652,39653,39661
39703	39682,39672,39723,39662,39663,39668,39635,39666,39688,39689
39704	39678,39644,39653,39637,39671,39698,25313,39693,39701,39707
39705	39690,39701,25313,28762,39652,39653,39678,39693,39706,39707
39706	39716,39725,39715,39699,39726,39633,39720,16645,39685,39705
39707	25313,39693,39653,39669,39716,39725,39678,39709,39715,39712
39708	39687,39680,39663,39662,39668,39696,39635,39670,39688,5387
39709	39644,39652,39661,39701,28762,39653,39669,39678,39681,39707
39710	39697,30622,39690,39652,39698,39699,39706,39719,39633,39671
39711	25313,39697,39698,39706,39716,16645,39633,39637,39684,39725
39712	39690,39661,28762,39669,39686,39699,39637,39636,39681,39707
39713	16645,39637,39652,39697,39699,39633,39653,39671,39678,39690
39714	351,1449,1660,2802,2825,4095,4171,4255,4325,7412
39715	39671,39706,39716,39701,39725,39726,39699,39707,16645,39637
39716	39706,39691,39726,39715,39699,39707,39678,39633,39720,16645
39717	25313,39698,39706,39715,39716,39725,28762,39633,39652,39653
39718	39637,16645,39649,39650,39665,39684,39698,39711,1842,1943
39719	39686,39720,39694,45511,39673,3412,29498,30622,39654,39685
39720	39644,39691,39719,39678,39661,39716,3412,39653,39706,39707
39721	622,3937,4738,5086,22589,45992,82,98,385,439
39722	39697,39691,30622,39661,39671,39693,39698,39719,16645,25313
39723	39679,39682,39687,39703,39674,39680,39663,39635,39662,39668
39724	16645,25313,28762,30622,35094,39632,39633,39634,39635,39636
39725	39706,39691,39693,39699,39715,39707,39637,39678,39709,16645
39726	39716,39697,39706,39671,39715,39691,39701,39699,39707,39678
39727	2090,2050,3126,3941,4246,4273,4845,6298,7255,8514
39728	2049,2017,2026,2103,2115,4916,6306,11552,576,2106
39729	39391,37,916,918,1432,1520,1661,1680,1982,2902
39730	42726,23471,39576,45528,45531,4516,6529,6634,8156,10176
39731	6982,20045,37861,2400,2409,4464,6452,6535,6600,6626
39732	9983,17971,39730,39731,39733,39734,39735,39736
39733	9983,17971,39730,39731,39732,39734,39735,39736
39734	1973,1982,3428,9983,14487,17971,18014,22615,22650,23476
39735	1973,1982,3428,9983,14487,17971,18014,22615,22650,23476
39736	1342,1626,9983,10001,10085,17971,18951,21201,23264,23862
39737	15144,18585,21126,21133,22668,26566,81,797,1413,1417
39738	1099,19149,24860,24866,30065,32475,34394,44815,337,343
39739	1110,1347,1448,2914,6989,11757,13189,13190,13199,13562
39740	10449,3879,10318,22927,32864,8671,10254,22946,186,973
39741	285,1455,1586,4483,6893,6993,6997,7950,8685,12699
39742	23077,39748,127,363,377,380,673,745,812,3407
39743	18176,39738,39739,39740,39741,39742,39744,39745,39746,39747
39744	800,4616,6397,6934,10413,15577,18176,22626,25491,27889
39745	6613,18176,39738,39739,39740,39741,39742,39743,39746,39747
39746	39747,1787,3406,6934,6991,7019,7022,7047,7096,8212
39747	24249,25184,26906,31269,39746,43249,43506,88,134,161
39748	21111,21112,21129,24249,39742,93,338,363,368,377
39749	1417,3789,16481,17038,17436,18176,18841,20480,20634,24211
39750	16067,29209,3376,3377,5376,6886,9012,11261,23760,29240
39751	13115,140,1680,3099,6452,6544,6654,6994,8283,9154
39752	4104,29189,90,590,918,1416,1444,1787,1927,3376
39753	39846,39899,39948,39984,1969,15233,17286,39892,9983,17157
39754	39832,10622,16410,17191,17198,17229,39762,39782,39786,39799
39755	5926,26825,39762,39764,39765,39771,39774,39775,39778,39786
39756	5926,9604,10620,14861,17191,17198,20700,23855,26825,36043
39757	17157,39782,17198,39781,39829,39835,40012,7950,10620,11743
39758	33557,37947,2904,23075,32298,32328,32332,32333,32339,33755
39759	15353,8270,15373,15391,18968,39763,39826,43590,184,559
39760	39846,39812,39815,501,9983,14861,17180,17183,17184,17198
39761	17022,210,2027,2059,2104,3450,4185,4295,8337,8492
39762	39829,8268,8319,39840,39876,8284,8295,8335,8336,12193
39763	39759,39826,1078,1397,1664,1666,1673,1680,1685,1692
39764	26825,39826,5926,9604,39755,39762,39765,39771,39774,39775
39765	39801,39805,39807,39817,39823,5926,12713,26825,31223,31232
39766	4527,25372,41294,1432,17180,17198,17999,23476,39786,40610
39767	1974,5926,9604,10620,14861,15232,15250,15264,15376,15398
39768	39846,39778,39838,501,1968,8319,10620,17204,25381,25387
39769	39780,39778,39781,39789,39791,134,2678,4261,5254,5926
39770	39899,39811,39816,39829,39846,39890,5926,9604,10620,14861
39771	39805,39861,39948,39991,39800,39875,39877,39984,39762,39828
39772	5926,6106,6140,8122,8125,8132,8135,8140,8141,8142
39773	6474,6456,6458,28727,6450,6461,6462,6463,6467,6482
39774	5926,26825,39755,39762,39764,39765,39771,39775,39778,39786
39775	5926,26825,39755,39762,39764,39765,39771,39774,39778,39786
39776	39762,39816,39828,501,5926,9604,9983,10620,12434,14861
39777	5926,9604,10620,14861,17191,17198,20700,23855,26825,36043
39778	39876,39894,39840,39899,39844,39785,39896,39974,39816,39826
39779	16350,39830,1974,5926,9604,10620,14861,15231,15232,15240
39780	39769,39778,39781,39789,39791,39866,40280,39,2565,4213
39781	17157,17180,17198,39783,17187,17189,17286,39757,39762,39801
39782	17157,39819,17180,39757,39835,17187,39762,39801,1421,10620
39783	39781,17198,17268,39762,39784,1406,6653,11190,13402,15274
39784	17155,39828,15233,17175,1432,1973,17180,17187,17191,17237
39785	39778,39846,39805,39826,39844,39861,39877,14861,39786,39876
39786	39831,39785,39799,39805,39818,39864,39876,39877,39984,1982
39787	5926,7930,9604,10620,12273,14861,17191,17198,17604,20700
39788	40633,6993,11127,31366,32589,33132,40038,49581,147,238
39789	39769,39778,39780,39781,39791,39798,5254,5926,9604,10620
39790	5926,9604,10620,14861,17191,17198,20700,23855,26825,36043
39791	39769,39778,39780,39781,39789,39798,5254,5926,9604,10620
39792	4793,338,349,367,368,378,380,381,385,594
39793	39820,39830,1982,5059,5926,7704,9604,10620,14861,15395
39794	5588,5926,9604,10620,14861,17039,17191,17198,18093,18614
39795	11190,43293,90,131,186,528,638,857,973,1378
39796	39801,39809,39824,39837,39840,5926,9604,10620,12193,14861
39797	6642,8289,23471,25267,25391,502,4624,6493,6534,7511
39798	28650,39758,39778,39781,39789,39791,39824,39837,506,507
39799	39786,17191,17198,17227,39754,39766,39778,39782,39784,39801
39800	39801,39861,39771,39828,39876,39880,39914,39984,39805,39823
39801	39899,39894,39831,40021,39800,17188,39816,39834,39856,39986
39802	17180,17191,17198,39923,14861,17187,17229,17267,17268,17278
39803	1388,10620,14861,17154,17155,17157,39757,39768,39782,39819
39804	39805,39826,5926,14861,39778,39785,39786,39818,39828,39831
39805	39948,39838,39861,39984,39771,39856,39877,39880,39785,39844
39806	39786,39814,39823,39832,39975,482,1704,1976,4219,4240
39807	39765,39778,5926,26825,39755,39762,39764,39771,39774,39775
39808	4213,5926,6483,6532,7029,7044,9604,10611,10620,12198
39809	36190,39801,49609,13278,23717,23779,23781,23787,40002,1366
39810	39826,39899,39829,5926,39762,39778,39801,39828,39876,39894
39811	39816,39829,39762,39778,39801,39846,39840,8328,10620,17155
39812	14861,39760,39786,39818,39864,5926,17204,39766,39778,39785
39813	39771,39778,39784,39800,39801,39805,39819,39828,39838,39840
39814	25385,25370,25372,25374,25376,25381,25382,25383,25387,25396
39815	17180,17184,17187,17189,17191,17201,17227,17229,17255,17268
39816	39846,39811,39778,39801,39829,8328,10620,10622,17155,39805
39817	31223,32366,39765,5926,15239,26825,31277,39755,39762,39764
39818	39778,39786,39801,39829,39838,39894,39984,5926,39800,39804
39819	39782,17154,17155,39778,39781,39801,39821,39828,39835,39840
39820	17198,15231,39784,17155,17180,17227,17251,17286,35505,39757
39821	17198,9983,39835,1973,17163,25391,39786,39819,39829,501
39822	9604,13899,14861,16513,26825,27319,29438,39764,39774,39826
39823	39831,39856,39984,39800,39801,39829,39861,39899,39914,40021
39824	39778,39801,39805,39823,39837,39840,39975,5926,17207,26825
39825	39835,4520,4871,7242,7246,7694,7697,7700,8565,9337
39826	39861,39778,39785,39810,39894,39801,39804,39805,39831,39840
39827	501,1043,1694,2698,4196,5926,9604,10620,14324,14746
39828	39784,1982,9983,39800,39840,39861,39877,1973,39771,39778
39829	39894,39899,39762,39974,40021,39831,39844,17188,17204,39811
39830	14861,5926,7820,13115,18008,20927,23755,26825,31023,33667
39831	39801,39829,39984,39786,39823,39856,39861,17188,39800,39826
39832	1976,25381,39754,39786,1967,1969,15257,17478,25370,25372
39833	4320,14861,39812,39835,501,502,1661,1676,5926,7012
39834	39801,39846,39805,39831,41210,5926,14861,17157,17188,17198
39835	17267,39782,40776,10620,17180,39821,39948,40240,14861,15257
39836	39778,39801,5926,39786,39804,39805,39818,39826,39828,39831
39837	17180,39824,14861,17216,18653,39758,39760,39796,39798,39801
39838	39805,39880,39894,39914,39948,39984,39899,39974,39762,39818
39839	5926,9604,10620,14861,17191,17198,20700,23855,26825,36043
39840	39778,39861,39876,39762,39828,39875,39877,17188,39800,39826
39841	39835,14861,39760,39812,39825,39837,1387,1954,4521,5926
39842	15249,17234,39835,101,501,506,852,1077,1347,1356
39843	5926,9604,10620,14861,17191,17198,20700,23855,26825,36043
39844	39894,39778,39829,39877,39753,39785,39805,39876,39880,39980
39845	39934,40583,40837,855,1447,1969,2067,2249,2606,4518
39846	39753,40021,39909,17204,39816,39785,39986,9983,39768,39847
39847	39753,39846,17188,40021,12713,31253,39861,39899,501,17180
39848	1969,17175,39801,39948,41531,10622,12713,17154,17159,17173
39849	503,1943,2637,2647,2659,2666,2667,2668,2674,2678
39850	4398,7347,11772,13119,15557,17188,17570,17648,23831,24189
39851	1110,1045,1136,3407,6222,10003,19254,19284,19285,19286
39852	
39853	1982,15247,15371,39778,39836,39861,39876,39939,501,1421
39854	1982,5926,15371,17188,17237,17666,26825,39755,39762,39764
39855	39844,39846,39856,39894,39909,39912,39923,40024
39856	39984,39805,39877,39801,39823,39831,39880,39905,39914,39948
39857	5090,9983,13336,13499,15400,17158,17266,17267,25372,28089
39858	39778,39876,39877,39880,39914,39984,39829,39838,39844,39856
39859	15267,1976,12193,12221,15237,15248,15251,15256,15258,15265
39860	6653,40610,123,237,299,348,1388,1393,1397,1491
39861	39805,39840,39991,39771,39800,39826,39875,39909,39956,39986
39862	39846,39984,39753,39838,39861,39899,39956,39986,39771,39778
39863	25372,25376,25394,37999,40002,12187,15240,15250,25370,25381
39864	39753,39762,39786,39805,39984,39812,39818,39844,39856,39861
39865	17180,39846,39856,39899,12193,17184,17188,17210,17232,17281
39866	39753,39780,5254,7867,8323,11950,15244,17161,18968,22973
39867	39838,39846,39753,39771,39801,39805,39861,39877,39948,39977
39868	39856,39877,39889,39980,39984,39786,39818,39828,39831,39844
39869	39778,39801,39829,39861,39875,39877,39894,1982,5926,15371
39870	17188,39762,39771,39800,39801,39805,39823,39829,39831,39838
39871	1982,5926,15371,17188,17237,17666,26825,39755,39762,39764
39872	9983,1969,17157,17198,1982,10622,11757,17155,39753,39762
39873	7049,9984,17188,17272,19046,39829,39831,39844,39876,39880
39874	39778,39801,39818,39829,39838,39844,39856,39858,39868,39876
39875	39861,39877,39753,39771,39840,39876,39991,39762,39800,39896
39876	39778,39877,39899,39840,39880,39753,39762,39914,39800,39844
39877	39876,39805,39753,39844,39856,39875,39771,39785,39828,39840
39878	31223,31225,1976,1967,2667,4398,15262,25381,25387,25391
39879	15384,17183,17207,39773,39778,39785,39805,39824,39856,39975
39880	39914,39805,39838,39876,39948,39984,39899,39753,39800,39844
39881	40240,17180,14861,17252,17267,23075,25733,39835,39939,40262
39882	17180,4320,15233,15252,15395,17161,17183,18518,39757,39793
39883	5236,17155,17175,17180,17188,17225,39816,39829,39846,39861
39884	1982,5926,15371,17188,17237,17666,26825,39755,39762,39764
39885	39846,39753,39801,39805,39948,39771,39778,39816,39838,39896
39886	39861,39753,39805,39880,39909,39948,39984,39786,39801,39826
39887	39899,39831,39861,17188,39823,39826,39876,39880,39889,39980
39888	
39889	39785,39844,39868,39877,39980,39984,39778,39786,39818,39826
39890	39846,1982,17155,39753,39762,39835,39861,40240,14861,15233
39891	39778,39801,39818,39829,39838,39844,39856,39858,39868,39874
39892	39753,17188,39861,39800,39801,17191,17237,39762,39765,39771
39893	23767,11562,12766,4046,4527,5250,6642,6877,10613,11536
39894	39829,39778,39844,39801,39838,39753,39909,39805,39826,39974
39895	39899,15353,39774,39838,39844,39850,39894,39925,39939,39975
39896	39778,39753,39840,39875,39876,39948,39984,39771,39838,39844
39897	39778,39801,39818,39829,39838,39880,39894,39899,39914,39974
39898	1982,5926,15371,17188,17237,17666,26825,39755,39762,39764
39899	39753,40021,39829,39801,39778,39876,39838,39880,39887,39988
39900	15231,1967,15246,15247,31307,26114,501,1973,1982,9983
39901	
39902	
39903	39778,39846,2711,12739,39785,39856,39858,39948,39975,40584
39904	
39905	39856,39826,39877,39894,39945,39984,39778,39801,39804,39805
39906	39819,40520,501,1969,4892,4927,5236,6178,6201,8308
39907	10622,12722,513,1397,1966,1973,1976,1982,5236,5242
39908	1376,1382,1455,1778,3734,6055,7784,8268,8278,8283
39909	39846,39861,39894,39805,39778,39801,39856,39886,39984,39877
39910	9983,10622,17180
39911	
39912	501,1421,13633,15384,17154,17155,17157,17180,17204,17214
39913	196,452,1390,1453,1754,5236,5254,5531,6959,6979
39914	39880,39838,39984,39876,39800,39805,39856,39948,39753,39771
39915	
39916	17175,5257,11791,15233,17180,17190,17242,17287,23729,32024
39917	
39918	39846,39753,1968,5254,7018,8401,11950,12739,15244,15246
39919	17198,17275,39753,39861,39877,39899,39945,39948,508,1432
39920	43052,1689,13847,1673,3205,3231,3734,6101,29438,36687
39921	
39922	
39923	17180,17187,1969,17183,17198,17226,17251,39802,4509,17196
39924	
39925	39975,1976,1982,17180,17237,25387,25391,37998,39786,39831
39926	39861,39801,39823,39826,39828,39829,39831,39840,39856,39876
39927	
39928	39846,39899,17155,17204,17245,17257,33442,39584,39762,39784
39929	39828,39876,39877,39880,39899,39914,39984,39778,39800,39801
39930	5254,11950,15244,17161,18968,24406,39753,39769,39778,39780
39931	39762,39778,39786,39801,39810,39826,39829,39844,39861,39876
39932	1388,18355,20140,20175,20192
39933	39800,39838,39877,1982,5926,15371,17188,17237,17666,26825
39934	17155,17180,17278,39837,39845,39890,39925,39928,39982,1397
39935	186,501,1670,1750,3038,5260,8319,8331,11860,12187
39936	39762,39771,39778,39805,39829,39838,39840,39844,39858,39861
39937	
39938	
39939	17234,39762,40240,41025,1959,17180,31270,33872,40262,1406
39940	
39941	13147,45,131,238,478,484,1129,1347,1445,1664
39942	6653,17198,17255,45461,45689,1077,1406,2606,4493,6460
39943	
39944	39753,39948,10622,39786,39801,39805,39835,39872,39880,39886
39945	39844,39856,39877,39894,39905,17180,39778,39804,39805,39818
39946	17188,39801,1982,5926,10001,10082,15231,15257,15361,15371
39947	1982,5926,14861,17204,39785,39786,39804,39805,39812,39818
39948	39805,26386,39753,49581,39838,39880,39984,49630,3885,13119
39949	8306,501,1661,1676,5376,8268,8270,8273,8276,8284
39950	6696,6742,6784,966,1778,6697,6698,6699,6700,6702
39951	15233,17183,501,502,1969,3921,4213,8289,9612,9983
39952	211,956,1045,1078,1080,1136,1170,1212,1666,1914
39953	37580,37822,10143,10144,37176,37181,37211,37332,37378,37453
39954	39778,39801,39818,39829,39838,39844,39846,39856,39858,39868
39955	
39956	39861,39877,39801,39805,39828,39987,39771,39778,39785,39786
39957	37215,37378,37580,37597,37675,37734,37735,39240,8686,8816
39958	40002,1772,1982,4498,5926,6140,6554,6597,9983,12186
39959	
39960	41231,8686,8816,10015,10035,10060,10099,10120,17310,25269
39961	909,1436,2400,6031,6085,6328,6336,7204,7263,8721
39962	
39963	39753,17175,17212,17155,15232,15233,17176,17191,17198,17229
39964	20140,20141,20189,9461,20146,20166,20188,1418,1432,1441
39965	1982,40601,12713,17196,17198,17255,17267,39757,1797,1969
39966	508,4647,6531,10605,10613,13003,16127,16380,17155,17176
39967	39771,39801,39805,39829,39838,39861,39948,39984,39989,39991
39968	25370,25372,25374,25376,25381,25382,25383,25385,25386,25387
39969	
39970	19,242,3994,13810,16404,16532,24700,25224,27347,27736
39971	5254,11950,15244,17161,18968,24406,39753,39769,39778,39780
39972	
39973	16718,23951,1356,1692,1694,1736,2687,2698,2711,3659
39974	39829,39778,39838,39894,39899,39762,39844,39880,39914,39948
39975	17207,1982,17278,39925,1969,17163,17196,17237,39778,39786
39976	39801,39840,39880,40010,39771,39778,39800,39805,39824,39828
39977	39753,39784,39828,39838,39846,39867,39877,4527,9983,13115
39978	39805,39753,39801,39864,39896,39948,39984,8328,17188,39771
39979	39771,39800,39801,39805,39838,39861,39875,39877,39880,39914
39980	39844,39829,39831,39856,39868,39876,39877,39880,39889,39984
39981	39769,39798,39892
39982	25370,25374,25376,25387,25392,40002,25382,25383,25385,25388
39983	39840,39846,39926,40002,40010,40520,41396,1969,1982,5926
39984	39753,39805,39856,40021,39838,39880,39914,39948,39831,39771
39985	39778,39829,39753,39801,39861,39894,39914,25391,39765,39771
39986	39846,39861,39801,39778,39800,39984,39753,39771,39828,39862
39987	39826,39861,39894,39956,39801,39805,39829,39844,39877,39948
39988	39899,39801,39880,39778,39829,39876,39914,39974,39800,39818
39989	39771,39801,39805,39829,39838,39861,39948,39967,39984,39991
39990	
39991	39861,39771,39805,39875,39877,39948,39984,39753,39800,39840
39992	39786,39828,39831,39856,39861,39868,39877,39889,39956,39980
39993	39801,39829,39861,39899,39753,39762,39771,39805,39826,39831
39994	501,1661,1676,8306,12213,12772,14861,15395,17180,17235
39995	1982,5926,15371,17188,17237,17666,26825,39755,39762,39764
39996	17180,17226,17267,17278,39753,39828,39846,39894,39945,39956
39997	1388,4419,4509,8271,8273,8301,8315,8319,8328,8362
39998	39771,39801,39805,39829,39838,39861,39894,39948,39956,39967
39999	39778,39801,39829,39838,39846,39876,39818,39844,39856,39858
40000	13003,17176,17197,39966,41531
40001	
40002	25372,25376,39982,25370,25374,25385,25391,25392,25394,17266
40003	39975,1447,1982,2067,2249,2606,5926,6570,6595,6600
40004	39846,39894,39899,39984,9983,39753,39801,39816,39829,39838
40005	2700,3305,3412,4118,4139,4264,4939,6382,7281,7697
40006	39786,39800,39823,39828,39831,39856,39858,39861,39868,39876
40007	37,300,1772,1841,2276,2501,3295,6662,6683,7204
40008	
40009	8217,23870,1954,6528,6691,11774,17227,17267,17278,17557
40010	39861,39894,39805,39840,39877,39880,39778,39786,39801,39804
40011	39846,17155,39753,15233,17159,17204,25372,39778,39805,39828
40012	17175,17212,39753,39757,39781,17155,17176,17198,39821,39829
40013	
40014	39818,39844,39856,39868,39877,39889,39894,39905,39945,39980
40015	
40016	
40017	5165,15817,38125,40944
40018	39826,39828,39831,39856,39861,39984,39823,39868,39877,39886
40019	
40020	40520,910,9983,10622,12193,15267,17162,17175,17180,17189
40021	39846,39899,39984,39801,39829,39753,17188,39823,39831,39847
40022	39846,492,1642,1772,1797,1969,5257,10971,11714,11791
40023	1969,17237,35088,38017,39753,39831,39923,39925,39975,41396
40024	39786,39844,39846,39856,39894,39909,40520,1384,1389,1405
40025	39785,39786,39800,39823,39828,39831,39846,39856,39858,39861
40026	501,15233,17273,17278,17286,25379,39753,1447,1982,2067
40027	
40028	1982,5926,14861,17204,39785,39786,39804,39805,39812,39818
40029	
40030	17180,17184,17187,17189,17229,17272,39753,12193,15234,16410
40031	
40032	
40033	242,3305,9794,9854,16380,29478,29840,30269,35564,147
40034	40039,1045,1360,1431,1702,3377,5460,7698,10051,11192
40035	40036,5996,9504,9770,18287,18299,194,548,637,1347
40036	40035,20569,1758,2820,2827,6405,6882,9504,9770,18299
40037	95,105,140,1036,1702,1741,1772,3796,6079,6925
40038	32356,10616,36198,49577,1366,4425,33231,35186,5242,6962
40039	1431,1673,2648,29379,35683,37035,40034,40040,43231,168
40040	40039,223,1366,1413,1702,2648,3651,5263,6519,6610
40041	15353,184,1702,1790,8270,17175,17180,17225,22982,31113
40042	1702,22982,40034,40035,40036,40037,40038,40039,40040,40041
40043	1670,29513,40046,1664,1673,1679,1688,1694,3231,17235
40044	456,1700,1702,1772,2601,4396,6531,9951,10605,10855
40045	1670,1695,27653,29478,37981,40048,101,162,168,934
40046	40043,64,1022,1661,1702,2169,2669,2672,2689,2720
40047	3305,9794,9854,29840,30269,52,102,171,503,1433
40048	40045,1677,1702,14746,22982,24334,29478,40034,40035,40036
40049	3232,40050,40051,40052
40050	3232,4206,40049
40051	3232,3958,3971,4048,4053,4153,4179,4196,4198,4203
40052	3232,4206,40049
40053	10971,5307,7930,13160,17200,35157,38287,38755,1387,1388
40054	17766,32342,35160,35161,35164,37899,39165,39475,40055,40056
40055	5249,8319,10971,33256,37899,40067,40078,40080,40085,40143
40056	23743,32568,49609,3025,3437,5263,6660,6966,6976,9701
40057	40090,6502,6543,6970,6973,12719,14294,14861,17499,17766
40058	170,1393,14434,16619,19009,19513,24568,33754,38746,1
40059	40078,35161,35164,39165,40070,40071,40074,40077,40082,40084
40060	1959,40067,284,292,1388,1975,6474,7390,8273,8281
40061	40062,40076,40083,310,1954,1959,1962,2904,3852,9028
40062	12700,15761,6961,6986,11863,13618,19046,33666,40119,40840
40063	1500,2400,4443,6452,6578,6962,6966,6977,6980,6989
40064	17766,32342,35160,35161,35164,37899,39165,39475,40054,40055
40065	87,952,1078,1085,1088,1094,1102,1382,1409,1790
40066	17766,32342,35160,35161,35164,37899,39165,39475,40054,40055
40067	5307,1787,1680,35374,48472,4494,6452,6626,7051,10792
40068	33,40,2924,3852,4419,6598,8295,9869,10653,10663
40069	17766,32342,35160,35161,35164,37899,39165,39475,40054,40055
40070	40086,1388,4278,5314,6935,11868,12835,13072,19978,29909
40071	5307,40098,11142,35161,35164,40078,326,327,329,330
40072	40080,1085,1111,1393,1668,1676,1913,2770,2930,4441
40073	19038,32373,2754,3734,17039,17235,22504,25152,29911,30208
40074	5314,17743,1382,1387,5262,5375,5401,7029,7789,11146
40075	17766,32342,35160,35161,35164,37899,39165,39475,40054,40055
40076	10971,40061,40062,40080,40082,40083,40085,310,2904,3852
40077	11714,11795,33332,35161,1432,6531,7243,11715,11723,11755
40078	17999,4527,6653,41308,14454,19506,23476,40675,40891,4516
40079	7872,10671,13357,17089,17581,17766,20769,20927,21785,24376
40080	1431,6561,6616,6654,6660,7018,10778,10971,11094,14582
40081	11435,17766,20966,20970,20985,21016,21023,21039,21044,21045
40082	1388,1432,6611,6654,17746,23866,39475,40074,40090,40868
40083	40061,40062,40076,310,2904,3852,9028,10847,10971,13109
40084	35161,35164,39165,40059,40070,40071,40074,40077,40078,40082
40085	1432,4527,6523,6534,6653,7019,10971,16486,17200,24396
40086	40070,40090,40098,4456,5307,7003,7930,35161,35164,39165
40087	6202,6653,14454,16836,18309,25391,40606,45689,1347,1356
40088	8056,2802,5080,12054,13400,15987,26577,36383,366,468
40089	49648,1976,25372,25376,25381,25396,38086,40002,15240,15250
40090	40098,5307,7018,7466,24303,40082,40086,854,916,1077
40091	38628,38634,38665,38629,38630,38640,38657,38668,38670,38674
40092	35161,35164,39165,40059,40070,40071,40074,40077,40078,40082
40093	7274,40418,48444,79,472,642,643,644,646,647
40094	4527,23993,23999,41106,1432,1797,4522,5093,5098,6496
40095	22934,22943,22947,37899,49873,638,3880,3999,4364,4389
40096	40087,916,1404,1409,1421,1897,3655,4494,5314,5377
40097	1352,1354,1355,1359,1371,1379,1380,1381,1384,1385
40098	4527,39473,14454,31270,40071,40090,40413,40606,1387,1397
40099	7022,35161,35164,39165,40059,40070,40071,40074,40077,40078
40100	35161,35164,39165,40059,40070,40071,40074,40077,40078,40082
40101	17766,32342,35160,35161,35164,37899,39165,39475,40054,40055
40102	503,1388,1734,1787,3232,3248,5314,7279,7475,10623
40103	17766,32342,35160,35161,35164,37899,39165,39475,40054,40055
40104	17766,32342,35160,35161,35164,37899,39165,39475,40054,40055
40105	503,576,1099,1823,1957,1967,2785,3926,4222,4265
40106	146,325,342,995,1741,2216,2923,3134,3574,3867
40107	5384,6959,6960,6968,6993,7042,7044,40111,40144,40148
40108	6955,11477,23738,42420,6961,6977,10628,12735,20154,6522
40109	1405,15234,23718,15231,17252,23717,23726,23730,23737,23763
40110	6453,6955,6976,11477,12272,12735,40138,282,1421,1445
40111	7105,7108,7109,7110,7113,40152,6955,40154,40115,33144
40112	40128,35091,40161,40137,40153,40162,40172,27601,36342,6964
40113	19108,3377,5314,5453,5460,12808,37899,39424,321,850
40114	5384,6959,6960,6968,6993,7042,7044,40111,40116,40117
40115	6959,7042,6955,40111,6960,11477,6452,6968,7930,23792
40116	40152,40125,40154,6955,7053,7106,7111,7112,40115,40150
40117	6959,6960,6968,6993,7044,40111,40116,40148,40152,40155
40118	21873,40814,19,242,437,926,975,1085,1113,1421
40119	12735,7029,6955,6452,6977,6963,6966,23730,23778,36015
40120	6653,39479,2145,23476,38287,40143,45461,1390,5274,6473
40121	40134,23165,35091,40126,40131,40153,40161,40172,4527,40162
40122	40126,40128,40161,40172,40162,196,452,1350,1428,1545
40123	35091,40126,40161,40172,40131,40137,40162,36342,40167,4527
40124	6959,6993,40155,6968,5384,7044,40148,7053,40111,40116
40125	40154,6968,6993,40116,40144,7001,40157,40150,6955,7053
40126	40151,40122,40123,40128,30701,36194,40121,40140,40147,40173
40127	1421,7036,23726,274,708,918,1406,1787,4516,5384
40128	40112,40151,40122,40134,40126,27601,40140,40147,40161,40173
40129	40172,40173,40140,36194,23165,30701,40131,40137,40153,6964
40130	7036,10701,23737,40634,46031,2,300,1356,1405,1421
40131	40121,40123,40167,40129,40168,44446,25187,27673,27682,40122
40132	23726,23789,4451,6577,6959,6976,6984,7029,7044,8156
40133	6982,7029,6955,23753,6977,12735,23792,23859,40138,2400
40134	40121,40128,40173,36194,40140,40147,30701,40153,6955,6959
40135	6977,6452,6982,23730,23893,46031,2400,7039,11477,40872
40136	4482,32356,32740,35182,32352,4408,4431,32394,32418,32729
40137	40112,40123,40129,40167,40168,44446,25187,27542,27590,40122
40138	23730,12735,11477,23717,6955,6977,7039,23737,23749,32763
40139	6968,7042,5384,6955,6993,7001,40111,40148,40154,40155
40140	40151,40129,40134,40147,40128,40126,4527,23165,40131,40137
40141	7044,6993,10408,12735,23737,23866,1432,1433,1448,2400
40142	6984,7044,23737,6514,6977,12735,23729,23748,23792,40115
40143	14455,1382,1393,1431,5384,6543,6631,6976,7017,16810
40144	40154,7001,40125,7053,6955,40115,40150,7106,7111,7112
40145	5384,6959,6960,6968,6993,7042,7044,40111,40144,40148
40146	1421,5384,6955,6959,6960,6963,6968,6984,6993,7029
40147	40151,40168,40134,40140,40173,40128,40126,40153,23165,35091
40148	7044,40152,7106,7111,7104,7105,7107,7109,7110,7113
40149	7042,40111,40115,40152,6959,6960,6993,40116,40144,40148
40150	5384,40154,40111,40116,40125,40144,40157,6955,6968,7001
40151	40126,40128,40140,40147,40162,36342,30701,36194,40153,4527
40152	6960,40111,40148,40116,6955,7053,40165,40150,7105,7106
40153	40112,40121,40168,40173,40129,40134,40147,40151,40128,1421
40154	40144,40157,40111,40125,7001,40116,40150,6955,23859,7105
40155	6993,7044,7053,40124,7100,7112,6955,7104,7106,7107
40156	7036,40179,40182,40548,1393,1432,4527,6596,6959,7292
40157	5384,6960,40154,7001,40125,40150,5242,6955,49652,5531
40158	40610,1432,39473,6654,18013,41294,17218,18024,24000,37830
40159	6959,6960,6968,6993,7042,7044,40111,40115,40116,40117
40160	37861,40872,7044,12735,23726,23755,23792,23862,23881,33350
40161	40112,40122,40123,40168,40128,40121,1428,6964,7029,7044
40162	35091,40151,40112,40123,40168,40122,40128,6964,32600,40121
40163	40112,40121,40122,40123,40129,40134,40161,40168,40172,40173
40164	6959,6960,40111,40148,40152,40154,6968,7044,40116,40144
40165	6959,40152,6960,40148,6968,6993,7044,40111,40144,40115
40166	40179,40182,1413,1421,1432,5250,5384,6955,6959,6960
40167	40131,40123,40137,25187,40121,40122,40126,40128,40129,40134
40168	35091,40147,40161,40172,40153,40162,4527,23165,36342,40131
40169	18309,40675,1432,4527,5384,6202,6653,14454,15594,17189
40170	1421,5384,6955,6959,6960,6963,6968,6984,6993,7029
40171	7044,7053,917,1077,1406,1421,1432,1864,5384,5681
40172	40129,40123,40168,40112,40122,7280,40121,41782,1421,1428
40173	40129,40134,40147,40128,40153,17200,40126,40182,6574,7019
40174	1421,5384,6955,6959,6960,6963,6968,6984,6993,7029
40175	40176,40177,1421,5384,6955,6959,6960,6963,6968,6984
40176	40175,1421,5384,6955,6959,6960,6963,6968,6984,6993
40177	40175,1421,5384,6955,6959,6960,6963,6968,6984,6993
40178	36735,13847,25224,36708,36763,37006,37011,37215,41754,19
40179	1432,6596,24000,39473,7036,10821,18013,24249,40156,40413
40180	40144,1404,1421,1428,1453,3402,5307,5384,6955,6959
40181	7036,17565,37860,32,286,311,916,1077,1403,1421
40182	39473,14454,1432,40870,10821,40610,40830,6596,6654,18013
40183	7053,14454,23484,40185,288,293,518,920,1382,1421
40184	40115,499,1421,2282,3358,3412,3844,3896,3931,5384
40185	1432,18031,45662,1421,5407,12272,13177,40610,40869,40891
40186	9143,14808,25527,28722,34390,35560,35592,35793,45467,45528
40187	22663,265,1794,2122,4810,4838,4959,5038,8847,10319
40188	22663,10319,12388
40189	10319,12388,22603,22607,22613,22618,22619,22622,22625,22644
40190	22663,10319,12388
40191	3844,10311,10316,10336,12005,12388,22603,22607,22613,22618
40192	10319,12388,22603,22607,22613,22618,22619,22622,22625,22644
40193	38946,17207,30208,33231,46505
40194	40195,40196,40197,40198
40195	40194,40196,40197,40198
40196	40197,501,1661,1676,8306,12213,12772,13101,14861,15395
40197	7847,40196,44849,114,147,966,1048,1059,1114,1595
40198	40194,40195,40196,40197
40199	9912,7,313,667,1080,1135,1159,1602,1634,2165
40200	87,1051,7837,9850,10164,11083,12297,15277,17369,18861
40201	40202,40203,7,12343,17369,20495,25048,31300,32505,35446
40202	40201,40203,7,313,1080,1546,1667,1847,2847,3205
40203	40201,40202,7,12343,17369,20495,25048,31300,32505,35446
40204	35613,27679,19365,27552,35678,45022,10018,10027,27656,35621
40205	1534,1543,1550,1559,1562,1569,1570,1575,1586,1591
40206	17369,31300,40200,40201,40202,40203,40204,40205,40207,40208
40207	807,1702,3734,4934,13203,17369,21254,25166,26617,26869
40208	168,433,632,973,1016,1106,1348,1384,1538,1633
40209	17369,31300,40200,40201,40202,40203,40204,40205,40206,40207
40210	40218,17369,31300,40200,40201,40202,40204,40205,40206,40207
40211	40204,87,2659,9872,10483,10537,11716,11749,12065,12633
40212	17369,31300,40200,40201,40202,40203,40204,40205,40206,40207
40213	23746,171,660,19554,21171,48226,1,242,339,351
40214	3931,10287,43256,438,3001,3333,3702,4053,4080,4135
40215	17369,31300,40200,40201,40202,40203,40204,40205,40206,40207
40216	17369,31300,40200,40201,40202,40203,40204,40205,40206,40207
40217	17369,31300,40200,40201,40202,40203,40204,40205,40206,40207
40218	1357,31300,40210,0,501,506,622,852,1100,1230
40219	40224,1657,1673,2678,3205,3231,4261,6101,8700,9638
40220	40226,40225,1664,1667,2496,2869,8564,13204,14736,16624
40221	3931,49806,929,1073,1241,1704,1854,1943,1989,2085
40222	40219,40224,40228,4036,7240,15156,16624,23685,28391,40220
40223	40228,40219,40226,8609,14736,16624,40221,40222,40225,40227
40224	40219,40222,40225,1382,2869,7863,7864,7876,7878,7881
40225	40219,40220,40224,40226,499,2282,2686,2869,3358,3412
40226	40220,40223,40225,1664,1667,2496,2869,7249,14736,16624
40227	16624,40219,40220,40221,40222,40223,40224,40225,40226,40228
40228	40223,40222,552,1664,1667,2496,2843,3010,3906,4103
40229	16624,17890,17916,17930,40219,40220,40221,40222,40223,40224
40230	16333,27711
40231	9386,338,744,5456,6158,6175,7248,7474,8635,8652
40232	7204,36157,3702,4498,4527,6535,6537,6545,6641,7930
40233	284,287,289,290,292,294,298,299,7204,7279
40234	18024,1426,4509,6450,6503,6604,6617,37830,39481,49635
40235	16624,3702,8401,12975,12990,12998,13043,16470,16643,16650
40236	7242,14982,16644,24264,29552,46319,12344,13016,15843,16532
40237	2179,2206,2254,2944,4741,6173,6452,6455,6490,6508
40238	5250,23906,1432,4527,6653,17556,17999,18309,23476,35995
40239	36157,390,788,3702,6487,6542,6851,7204,8220,8763
40240	17234,28674,12193,39835,39881,39939,6186,6200,23075,31304
40241	10622,40244,40252,1969,17207,40242,40243,40245,40246,40247
40242	40255,40270,1969,3702,4197,4234,4244,6117,6545,7242
40243	20003,1969,8692,10622,17207,32198,32582,32584,40241,40242
40244	10622,1969,40241,40284,17185,17207,18008,40242,40243,40245
40245	40270,40246,40247,40273,5799,18065,34286,40251,40252,40255
40246	40276,40266,40270,40245,40255,40254,40259,40264,40275,40296
40247	40273,40245,40252,40255,40266,40270,40254,40259,40264,40275
40248	10622,40251,40257,40280,1388,1969,2904,4419,4509,5257
40249	40263,40282,40293,1969,10622,17207,40241,40242,40243,40244
40250	17266,40256,1973,8319,9983,10622,12722,17199,17268,23870
40251	10622,1388,40280,2914,4509,17207,23899,40245,40252,40270
40252	40247,40269,40273,40241,40245,40251,40254,40255,40259,40264
40253	10622,1959,1975,17180,17192,17207,17248,17286,23900,39816
40254	40246,40247,40252,40255,40259,40264,40266,40269,40273,40276
40255	40270,40246,40247,40269,40273,40242,40245,40252,40254,40259
40256	17286,14454,40250,40262,40269,1966,1973,4213,10622,12193
40257	8301,8319,10622,12190,23900,31304,40248,40251,40253,40274
40258	26386,49581,49630,13119,5235,6962,9453,23755,23766,25276
40259	40246,40247,40252,40254,40255,40264,40266,40269,40273,40276
40260	1969,17207,10622,39872,40241,40242,40243,40244,40245,40246
40261	1969,10622,17207,40241,40242,40243,40244,40245,40246,40247
40262	40295,17286,28674,40291,6186,6200,17234,23075,39835,39939
40263	40249,40282,40293,1969,10622,17207,40241,40242,40243,40244
40264	40246,40247,40252,40254,40255,40259,40266,40269,40273,40276
40265	1969,10622,17207,40241,40242,40243,40244,40245,40246,40247
40266	40246,40276,40247,40295,40245,40252,40254,40255,40259,40264
40267	29380,1969,10622,17207,29396,40241,40242,40243,40244,40245
40268	40280,1969,10622,17199,17207,28640,40241,40242,40243,40244
40269	40252,40255,40291,6186,6200,17286,40254,40256,40259,40264
40270	40245,40273,40246,40255,40275,40247,40282,18065,40242,40251
40271	10916,15541,17489,18826,25054,38734,41697,47804,1969,7429
40272	1969,10622,40241,40242,40243,40244,40245,40246,40247,40249
40273	40247,40270,40245,40252,40255,40254,40259,40264,40275,40296
40274	10622,31304,39872,40257,501,513,1220,1347,1388,1445
40275	40270,40246,40247,40266,40273,40276,40280,40282,40295,1969
40276	40246,40266,40295,40245,40252,40254,40255,40259,40264,40270
40277	1484,4213,28649,186,4389,8286,8295,8326,8335,8671
40278	2572,31,33,280,362,1797,1810,1817,1870,1969
40279	1969,10622,17207,40241,40242,40243,40244,40245,40246,40247
40280	4213,28675,28681,28684,10622,28659,28661,28662,32313,8268
40281	1969,10622,17207,40241,40242,40243,40244,40245,40246,40247
40282	40295,40270,40245,40249,40263,40275,40291,40293,1969,6691
40283	1969,10622,17207,40241,40242,40243,40244,40245,40246,40247
40284	10622,1969,40244,15400,17180,17185,17207,18008,39846,40241
40285	17207,1969,2678,10622,15231,15264,15353,17180,26114,39753
40286	1969,10622,17207,40241,40242,40243,40244,40245,40246,40247
40287	1969,10622,17207,17286,39872,40241,40242,40243,40244,40245
40288	1969,10622,17207,40241,40242,40243,40244,40245,40246,40247
40289	40255,40270,40295,1388,1969,10622,17198,17207,17286,28651
40290	1388,1436,1969,10622,17207,17286,39872,39892,40241,40242
40291	40295,40262,40269,40266,40282,6200,17286,40247,40252,40256
40292	17286,1969,9983,10622,15364,17207,39753,39762,39872,40241
40293	40249,40263,40282,1969,10622,17207,40241,40242,40243,40244
40294	1969,10622,17207,17286,39872,40241,40242,40243,40244,40245
40295	40262,40282,40291,40266,40276,6200,40275,1426,1976,6186
40296	40246,40247,40252,40254,40255,40259,40264,40266,40269,40273
40297	1969,10622,17207,17286,39872,40241,40242,40243,40244,40245
40298	5933,9467,11865,13632,13681,17468,18845,11743,12828,13616
40299	11092,11122,11093,11098,11109,33857,6487,11104,11107,11114
40300	13889,14043,23615,34356,45167,340,4139,5038,13846,13937
40301	6193,9841,40330,40333,40336,6,1772,1913,2149,2242
40302	6654,1431,6574,6626,6653,11723,11779,6481,6508,6523
40303	37945,134,750,1260,1465,1754,1772,2830,3410,3573
40304	2648,12835,14333,17252,17312,23778,35991,40302,40305,40333
40305	6654,6516,45481,6450,6491,6463,6496,6524,6611,6459
40306	8685,16881,16896,17021,19920,29728,32491,43435,1,20
40307	35176,12,134,161,686,1393,1772,1823,2193,2213
40308	351,17180,19485,20451,20506,23075,39782,39835,39881,40321
40309	48256,1772,3023,6328,7466,7989,11795,12227,13631,13656
40310	1772,7466,7989,11795,12227,13631,13656,13683,13973,14271
40311	1772,7466,7753,7989,9805,11100,11105,11109,11114,11119
40312	7599,48920,338,1148,1433,1832,3937,4011,6161,7509
40313	8321,8286,8295,8301,8399,8284,8292,8315,8328,8348
40314	24154,35752,5996,6193,13618,14271,18095,18614,18628,18829
40315	1418,1441,1448,1772,3395,6588,7293,7466,7907,7989
40316	9839,15297,22697,24140,24187,549,7661,7704,10484,11863
40317	1772,7466,7989,11795,12227,13378,13631,13656,13683,14271
40318	20539,41697,1433,2286,6191,7661,10494,11777,11798,11863
40319	8501,9170,664,14271,15761,16991,26872,36573,43331,134
40320	20514,13618,18342,20525,21185,24147,575,3010,15297,17059
40321	14271,5188,5957,9770,9832,12618,13632,13654,18581,20506
40322	40330,7704,40337,578,3937,4782,5809,7989,13280,13670
40323	4995,1772,2437,2784,6114,7466,7989,8667,8673,8679
40324	2786,40322,40330,40337,40725,246,248,250,252,266
40325	5894,13761,21095,2680,4053,5876,6172,8897,13764,27069
40326	10670,11863,5479,7704,7989,9950,10722,10724,10754,13631
40327	12227,40335,40336,20514,21262,22544,36659,40314,40725,47835
40328	2523,18626,20512,40320,40332,40346,82,1435,1520,1673
40329	809,1772,4032,7342,7466,7989,11560,11795,12227,12309
40330	40322,17489,7704,11863,3937,7783,9839,13280,13632,14271
40331	1772,7466,7989,11795,12227,13631,13656,13683,14271,17064
40332	14271,18445,18612,18626,23366,24147,25168,36659,40320,40321
40333	40336,40725,6193,8783,8814,13656,14271,17059,17064,17343
40334	23441,47503,47504,13638,13714,40313,41697,336,386,578
40335	40725,17059,18862,28885,40327,40337,7882,7989,9839,10532
40336	7882,18844,24140,40327,40333,1433,8790,12227,14391,17064
40337	40322,40335,47852,7704,9839,13280,13632,13681,17064,17489
40338	1428,1366,1410,1489,1505,4425,6639,6958,7004,7266
40339	9467,13618,13691,14271,14518,15761,17490,18608,18628,23366
40340	7989,13995,14271,18887,24140,40320,52,549,575,579
40341	7989,13995,14271,134,351,571,579,656,785,834
40342	13835,13930,13934,26290,2017,2054,2496,3231,3625,6487
40343	1445,1772,2572,2915,3931,5265,5766,6450,6963,7211
40344	14232,13246,15731,17497,26872,26887,30144,2554,3937,4738
40345	20505,9872,10532,14411,16284,615,4782,5085,5960,7678
40346	5809,14324,3937,17059,22589,24249,82,93,367,660
40347	562,5995,12195,12227,12326,14271,15297,23882,28612,40349
40348	627,634,1772,2238,2775,6684,7466,7989,8734,9770
40349	14271,40347,534,858,1772,2623,3023,4193,4782,5085
40350	8319,36064,36081,36077,36080,36082,36088,40280,40339,270
40351	9940,13656,15297,17059,22697,40322,40330,548,551,573
40352	11795,1263,1418,1431,1772,6117,6486,6515,6543,6563
40353	13656,17064,1772,2161,3560,3937,4206,5085,5809,7466
40354	27635,21429,25224,627,1135,1614,2413,6978,7850,12584
40355	12,177,210,858,929,1196,1617,1660,1823,1842
40356	40373,223,490,638,1354,1534,2229,3377,4058,7884
40357	13870,20561,24661,33442,35176,40375,40377,498,499,503
40358	4389,8671,18916,20561,23685,23697,23698,27670,40392,628
40359	34340,9154,9812,18277,19077,4133,10536,13661,16737,39740
40360	3377,13870,27543,37978,40355,40356,40357,40358,40359,40361
40361	1135,40367,186,973,1110,2446,2638,2830,3377,3394
40362	1078,1238,1637,1842,3377,3931,5373,7852,13870,14289
40363	7785,9998,19110,30220,37448,40383,40390,1135,2141,7850
40364	21,3377,5956,6017,9794,9807,12625,12627,13870,15285
40365	443,1135,1680,2915,3377,6804,7455,7850,8786,8862
40366	8154,27585,87,101,186,638,947,1347,1950,2059
40367	453,2703,2850,4185,8501,12881,14316,19077,28733,29783
40368	956,1031,2684,12633,13166,13870,30141,32532,33192,33749
40369	171,627,989,1032,1100,2162,2507,3377,3932,4187
40370	23696,23697,23698,27610,40378,183,937,989,1129,1155
40371	70,3377,13870,18118,27543,37978,40355,40356,40357,40358
40372	32790,6958,32789,32805,40383,40395,186,576,597,600
40373	638,4364,6016,6019,8399,14797,19550,23696,25187,27536
40374	3377,13870,27543,37978,40355,40356,40357,40358,40359,40360
40375	25215,6038,7785,9998,18916,25195,25256,27679,30220,40357
40376	3377,13827,13870,14728,23615,23728,27543,29250,33540,33674
40377	10532,13681,13689,14315,17059,22599,40357,40359,2,527
40378	4389,10236,22946,49873,186,528,850,3879,3880,3999
40379	23728,32368,38149,41456,44665,114,129,514,1392,1455
40380	25175,27538,40375,1135,2557,3377,6038,6159,7716,7796
40381	4364,8671,23685,23697,23698,638,973,1002,1110,1404
40382	1100,3518,25195,40367,19,242,439,450,713,1085
40383	25256,18916,22265,25195,25215,27655,27808,30220,34200,40363
40384	19,1689,13795,17235,25195,1135,1778,3231,3714,3931
40385	41412,1477,1923,2121,2558,2561,3377,4364,5231,6782
40386	33183,40358,40392,438,1135,1810,1860,2048,2650,2657
40387	940,3377,3844,5839,8231,8621,12080,13128,13211,13310
40388	40395,3377,8816,10014,10029,10038,13870,16714,18507,23273
40389	3377,13870,27543,37978,40355,40356,40357,40358,40359,40360
40390	40363,40383,27671,30220,40204,40373,40392,439,1085,1100
40391	30148,2370,3466,3536,15869,26101,27285,39657,40373,48941
40392	40358,10077,12636,12649,18916,26230,27287,27670,30220,40204
40393	3377,13870,27543,37978,40355,40356,40357,40358,40359,40360
40394	3377,13870,27543,37978,40355,40356,40357,40358,40359,40360
40395	38474,37597,37537,37580,23286,37409,37701,37734,37735,41367
40396	3377,13870,27543,37978,40355,40356,40357,40358,40359,40360
40397	4527,40610,6653,17999,41294,41308,42921,1432,3377,4431
40398	33772,49581,1347,5249,5250,6654,23755,26386,30907,42213
40399	1436,6523,7509,10701,13629,13686,17199,17746,24027,29840
40400	6514,6653,23862,23881,40610,6648,6654,6671,7029,23792
40401	4527,14456,17266,17278,23791,25372,25392,31270,31304,41076
40402	17200,23893,7036,7051,30837,39394,40610,1414,1421,11757
40403	1387,11757,6565,10782,11808,15063,17199,17746,4498,4516
40404	6523,6514,12885,21344,916,1436,4741,6452,6455,6518
40405	6452,37846,37856,6587,7019,7022,18024,37827,37841,37843
40406	6523,6452,6514,10920,17199,23506,30964,37861,39828,40403
40407	7882,13616,18809,20518,24156,11863,15265,15715,18432,18437
40408	1436,6523,10701,10794,10800,17199,17746,18006,27607,29180
40409	40418,1436,4741,6473,6523,7057,8416,10701,12719,14458
40410	1436,6523,10701,17199,17746,33346,40398,40399,40400,40401
40411	6542,6550,6654,11791,13115,17746,40413,196,1201,1436
40412	19576,18613,578,13638,14324,20472,20542,38962,38970,42022
40413	1432,6654,13115,39473,41106,41990,7292,24000,33840,40606
40414	6,2281,8812,9825,13280,17489,18320,19485,32667,40437
40415	12862,12837,1436,2249,6523,7989,8187,10701,11120,11125
40416	7882,1436,4841,4981,5404,5681,6161,6523,7499,8797
40417	1418,1436,2252,2286,6523,8783,8813,8935,10701,12352
40418	1520,6986,6450,6626,12808,23906,6587,6654,10701,37856
40419	1357,1918,3403,12781,14920,16538,20562,32085,32574,34977
40420	40423,503,1357,1918,3403,5960,11192,12637,12781,14920
40421	3394,4717,9453,16518,18578,32042,33760,34174,34536,41007
40422	34201,1417,9659,12781,18539,19909,25200,26567,34267,34423
40423	21171,3400,40472,42980,6785,8671,9793,16536,23014,23585
40424	503,1357,2901,25184,34909,34977,40443,40472,575,934
40425	23696,23697,23698,44892,186,638,6016,21178,23517,23542
40426	1357,1918,3403,12781,14920,16538,20562,32085,32574,34977
40427	5588,9705,9925,10477,10723,11208,12195,15310,16272,22846
40428	34909,125,503,1357,1918,2009,3403,5960,6170,9788
40429	1357,1918,3403,12781,14920,16538,20562,32085,32574,34977
40430	1357,34909,40435,40478,44892,1918,3403,10498,12781,14920
40431	52,351,1357,4717,9487,9788,9841,33257,38750,40437
40432	1357,1918,3403,12781,14920,16538,20562,32085,32574,34977
40433	1357,1918,3403,12781,14920,16538,20562,32085,32574,34977
40434	1357,1918,1976,3403,12220,12781,14920,16538,20562,31225
40435	40430,40478,1357,1918,3403,12781,14920,16538,20562,32085
40436	1357,1918,3403,12781,14920,16538,20562,32085,32574,34977
40437	5933,2864,20567,39740,40470,52,351,1417,2576,2802
40438	4198,4202,4254,4289,4296,8817,8820,8828,8830,8842
40439	40455,40469,351,1357,1918,3403,12781,14920,16538,20562
40440	22827,22844,22857,1357,1918,3403,12781,14920,16538,20562
40441	1357,1918,3403,12781,14920,16538,20562,32085,32574,34977
40442	1357,1918,3403,12781,14920,16538,20562,32085,32574,34977
40443	43121,40455,9820,15302,22927,22940,186,973,1357,2242
40444	503,1357,1918,3403,5960,12637,12781,14920,16536,16538
40445	1357,1918,3403,12781,14920,16538,20562,32085,32574,34977
40446	8156,28613,30147,38746,87,131,161,503,1357,1918
40447	909,7473,7590,3250,1698,1703,3232,4210,5040,5507
40448	35612,40443,40462,1357,1417,1918,3403,9777,12781,14920
40449	14425,35628,338,1196,1235,1357,2204,4832,7499,7527
40450	19,503,998,1174,1357,1918,3360,3403,3883,3895
40451	40455,186,1357,1918,3403,12781,14920,16538,20562,23694
40452	1357,1918,3403,12781,14920,16538,20562,32085,32574,34977
40453	40466,1357,1918,3403,12781,14920,16538,20562,32085,32574
40454	12781,17634,27600,27662,32072,34267,40422,40423,40486,11
40455	40513,23685,22927,22934,22963,23065,528,33634,10236,8892
40456	18372,18373,18378,18386,18391,18375,18394,18395,18400,18408
40457	503,569,579,605,613,1357,1918,3403,5960,10500
40458	1357,1918,3403,12781,14920,16538,20562,32085,32574,34977
40459	1357,1918,3403,12781,14920,16538,20562,32085,32574,34977
40460	17743,503,1347,1357,1403,1405,1415,1446,1918,2914
40461	1357,1918,3403,12781,14920,16538,20562,32085,32574,34977
40462	35612,40443,40448,1357,1918,3403,12781,14920,16538,20562
40463	0,503,1129,1357,1918,2905,3403,4717,5960,9774
40464	1357,1918,3403,12781,14920,16538,20562,32085,32574,34977
40465	3230,1357,6140,10709,14327,26567,27434,27877,34233,34595
40466	40453,1357,1918,3403,5928,12781,14920,16538,20562,32085
40467	6598,6654,10971,14455,14819,19494,23476,39479,39533,913
40468	9672,33772,38283,40423,49581,196,238,452,503,1350
40469	40439,1357,1918,3403,12781,14920,16538,20562,32085,32574
40470	14920,40437,1918,9774,10536,18351,18586,20486,20567,24733
40471	35612,40478,116,1357,1918,3403,5086,12781,13089,14920
40472	40423,40443,1357,15285,18841,20567,22491,25218,34977,35612
40473	40506,1357,1918,3403,12781,14920,16538,20562,32085,32574
40474	1357,1918,3403,12781,14920,16538,20562,32085,32574,34977
40475	1357,1918,3403,12781,14920,16538,20562,32085,32574,34977
40476	1357,1918,3403,12781,14920,16538,20562,32085,32574,34977
40477	168,242,503,1357,1688,1918,2118,2166,2637,2647
40478	40430,40435,40471,1357,1918,3403,12781,14920,16538,20562
40479	5960,2070,4738,5086,5933,9957,10484,11214,13621,14295
40480	6920,40490,343,356,370,503,522,658,672,680
40481	503,861,1357,1918,2032,2876,3403,3831,5340,5776
40482	1357,1918,3403,12781,14920,16538,20562,32085,32574,34977
40483	1357,1918,3403,12781,14920,16538,20562,32085,32574,34977
40484	14920,38737,40492,40496,578,1357,1918,3403,5960,9483
40485	1357,1918,3403,12781,14920,16538,20562,32085,32574,34977
40486	12781,1357,1918,3403,6969,7029,10701,12728,14920,16538
40487	1357,1918,3403,12781,14920,16538,20562,32085,32574,34977
40488	1357,1918,3403,12781,14920,16538,20562,32085,32574,34977
40489	14920,40443,40470,40496,42571,1357,1918,2864,3403,5265
40490	140,1357,1680,3099,6452,6544,6994,8283,9154,9955
40491	1357,1918,3403,12781,14920,16538,20562,32085,32574,34977
40492	1357,14920,40484,40496,1918,3403,12781,16538,18586,20562
40493	1357,1918,3403,12781,14920,16538,20562,32085,32574,34977
40494	1357,1918,3403,12781,13616,14920,16538,20562,32085,32574
40495	1357,1918,3403,12781,14920,16538,20562,32085,32574,34977
40496	14867,40443,40470,40484,40489,40492,1357,1918,3403,4506
40497	1357,1918,3403,12781,14920,16538,20562,32085,32574,34977
40498	1357,1918,3403,12781,14920,16538,20562,32085,32574,34977
40499	1357,1918,3403,12781,14920,16538,20562,32085,32574,34977
40500	18502,38201,12782,17772,19547,30944,38206,38227,38236,40679
40501	340,1357,1918,2769,2948,3403,4007,4158,4285,6310
40502	
40503	40474,40504,1113,1357,1502,1751,1918,3403,4568,6696
40504	16539,19217,40503,95,110,213,240,245,1113,1357
40505	1357,1918,3403,12781,13616,14920,16537,16538,16539,20562
40506	40473,562,9471,12060,14366,17911,18086,30747,30865,40511
40507	1357,1918,3403,12781,13616,14920,16537,16538,16539,20562
40508	9774,9793,9825,22338,33503,34297,38719,43064,45870,45882
40509	9770,18313,1918,32231,198,6978,7511,9874,10797,11860
40510	38088,1019,1034,1052,3684,4056,4525,4858,5234,5294
40511	12060,562,2802,7473,9882,13035,14303,14385,14880,17687
40512	1357,1918,3403,12781,13616,14920,16537,16538,16539,20562
40513	40455,23685,23696,33636,3879,22927,22947,24595,33635,33637
40514	16539,1357,1918,3403,12781,13616,14920,16537,16538,20562
40515	1357,1918,3403,12781,13616,14920,16537,16538,16539,20562
40516	35549,36750
40517	1664,1667,1680,1692,1860,2667,3205,3376,3377,3734
40518	40517
40519	30964,39475,6531,23816,30966,35991,40661,916,6523,6621
40520	6514,39492,39753,39846,39984,40668,5236,6173,6508,6517
40521	387,680,690,1061,2190,2773,3003,4787,5085,5429
40522	6654,30966,37875,39492,40536,40553,40555,40559,1387,1772
40523	7029,39480,39492,39533,40418,40520,40521,40522,40524,40525
40524	40533,40534,4527,39480,39533,40528,40536,40541,40553,40560
40525	6654,44761,11100,45481,6574,6621,6653,7019,7029,17746
40526	283,1415,1513,2204,3937,5933,7029,8811,9950,13640
40527	918,6611,35193,10778,10920,30964,40418,40528,45481,1520
40528	23755,7036,18013,23484,40562,1356,6623,6654,23730,23862
40529	23792,39480,40536,40542,40548,503,1388,1406,1412,1414
40530	909,1250,5783,6438,7029,14690,14708,14897,17651,19125
40531	39481,7466,35244,23816,24456,35991,39491,39516,39523,39556
40532	37856,40548,40610,6654,7029,18013,6542,6600,6653,7036
40533	40562,7022,916,30964,40528,40550,1426,6626,7029,10701
40534	40524,40528,40536,17618,30964,39492,40535,40541,40562,40566
40535	40528,40540,23881,23883,39492,40522,40534,40548,40553,40555
40536	6611,6654,40606,23866,40610,37875,1432,4527,23906,14454
40537	40548,6654,4527,8217,18026,37875,40532,40550,40610,40659
40538	40531,40546,40559,6655,39480,40418,40548,40554,40556,40661
40539	39480,40531,40559,6629,14823,31030,35994,39475,39492,40520
40540	37856,37861,37836,37888,6452,6514,12735,23893,37846,37851
40541	39480,40524,40528,40533,40534,40546,40548,40553,40555,40568
40542	40536,10701,40659,7022,7029,7930,10920,12729,17200,19218
40543	40571,18501,23875,24422,24444,27959,40524,40531,40535,40547
40544	40532,40548,40562,6599,6624,6986,7019,7029,9638,10792
40545	40536,40539,40541,40552,3664,6629,7029,10143,11542,12060
40546	40538,40541,5402,17200,39480,40418,40531,40548,40556,40559
40547	28776,10701,22633,15063,40540,40559,40868,41382,44761,45565
40548	6654,37856,39480,37875,7036,4527,18013,40532,40610,45481
40549	40540,40562,1414,1419,7930,10778,23484,39533,40522,40531
40550	8217,37841,40528,40533,6626,7034,39532,40532,40559,40859
40551	24431,40555,40559,27929,39492,39525,39533,40522,40528,40533
40552	40536,40539,40541,40545,6629,7029,39480,39492,39533,40418
40553	39492,40548,40555,23791,37836,40522,40536,40562,6523,6531
40554	40536,40418,40538,40541,40556,7029,13044,37834,39480,39492
40555	40553,40522,40548,30966,39492,40528,40535,40536,40541,40550
40556	40536,40548,40659,1356,24453,39472,40418,40559,40661,45662
40557	6473,7029,12719,14458,19072,23816,23883,23906,30943,30949
40558	7029,7044,7046,19633,23730,40115,40533,93,300,551
40559	40548,40522,40540,40547,40550,1432,5402,12728,18031,30966
40560	39481,39519,39540,39523,39546,30966,39570,911,918,16485
40561	40524,40531,40543,40571,7029,23871,38558,39480,39492,39533
40562	10628,44761,7022,23484,37856,6497,7019,16486,18013,6654
40563	37836,6452,6587,6626,23862,40418,6621,6986,7044,23755
40564	7029,39480,39492,39533,40418,40520,40521,40522,40523,40524
40565	6654,23484,6563,11779,37856,37875,40532,40663,4527,6486
40566	40891,919,5407,10821,39480,40522,40531,40533,40534,40661
40567	7029,17200,23993,40522,40533,40542,40562,1414,1426,1432
40568	40524,40528,40533,40534,40536,40541,40553,40555,12719,39480
40569	855,24450,40542,6611,7029,7929,8168,10797,14823,28776
40570	7029,39480,39492,39533,40418,40520,40521,40522,40523,40524
40571	40543,18501,40524,40531,40561,40852,3931,7029,7936,13667
40572	7029,7506,9607,10052,13478,14204,18655,23672,24510,24538
40573	19350,26821,29139,32073,32342
40574	40577,153,1348,1545,2662,3037,3376,3377,4420,4679
40575	40576,19350,26821,29139,32073,32342
40576	40575,40578,40574
40577	40574
40578	40576,19350,26821,29139,32073,32342
40579	17278,1426,15238,40870,1436,17267,18004,1432,1982,4527
40580	17198,9983,1969,1973,17180,17267,17270,40586,40587,40590
40581	28725,6934,8509,13115,18008,30951,1397,1787,1969,4509
40582	1973,3760,9983,11723,14823,15241,17198,18005,19506,30837
40583	17200,7018,7036,18024,4509,6623,9983,10797,14823,17649
40584	17180,17198,39584,39753,39778,39781,39846,40583,40585,40586
40585	39584,4527,14454,40610,1432,1982,19506,31270,39473,40870
40586	1973,1982,9983,17198,39584,40584,40585,40601,42687,1797
40587	9983,17267,17278,40592,19506,40610,1973,6642,17180,17187
40588	1973,2412,3760,9983,14823,15241,17184,17198,17269,17278
40589	6611,6653,14823,23866,26910,40587,40591,40598,40610,467
40590	9983,17198,1973,1982,4509,17199,18035,1388,1426,42687
40591	40587,17267,17278,19506,39584,40589,40592,1973,3760,6632
40592	17278,40587,4527,17198,17267,31270,41294,14454,17187,17264
40593	18499,7018,12853,14823,17200,19506,40756,4494,6623,6653
40594	9983,17198,18005,18499,24364,39629,40590,40593,40623,1077
40595	11808,19529,30837,40550,40859,44761,1421,1445,1787,4509
40596	6515,12723,17198,40597,1387,1973,6623,7018,9983,11120
40597	12729,17649,23484,40596,40756,40891,913,1406,1445,6515
40598	1973,9983,14823,40581,40583,40584,40585,40586,40587,40589
40599	1426,17556,28776,40606,40897,6648,6939,7043,10821,14818
40600	10701,18024,7019,7022,6458,7018,7327,28820,37851,39394
40601	17198,1973,1982,9983,15231,17180,17267,39965,40586,40602
40602	40601,1969,1973,9983,14823,15233,17183,17198,23885,39753
40603	40584,40585,1347,1973,4213,9983,15241,17198,19506,31270
40604	40586,40590,40605,1973,3760,9983,14823,15241,17198,19506
40605	1387,1414,4498,14823,23866,23993,24364,37830,40610,41393
40606	6654,45481,4527,6653,40610,1432,16810,23755,23866,45689
40607	40586,40590,40605,1973,3760,9983,14823,15241,17198,19506
40608	9983,17198,40581,40583,40605,855,1432,1969,1973,3760
40609	40610,918,1973,3306,3760,6645,6654,7493,9983,10821
40610	4527,6653,14454,6654,1432,23866,17999,40606,41294,6642
40611	40610,1387,3377,9983,123,237,299,348,1397,1405
40612	6450,6466,6483,6492,6494,6504,6553,3714,6456,6461
40613	1787,198,916,3731,4826,5242,5307,5780,6458,6463
40614	5531,49581,49606,49652,452,1390,11790,13119,23755,32435
40615	2802,7649,7690,12060,23911,321,5854,7216,7696,9912
40616	6653,7862,12196,21843,37857,38004,131,310,561,973
40617	38004,40612,40614,40615,40616,40618,40619,40620
40618	1413,1432,2648,4400,4431,4521,4527,5250,6642,6653
40619	168,285,499,1413,2982,4461,4499,5263,6463,6519
40620	198,1787,4826,5307,5780,7279,7547,7660,8145,8515
40621	7354,11756,6962,10616,16380,23779,32050,32343,33194,49609
40622	14800,14809,12782,14818,14834,14836,14838,14850,38201,40625
40623	5402,12729,18005,7930,11808,18024,39475,1077,1387,1426
40624	1377,3937,13700,14800,14802,14817,14818,14833,14836,14837
40625	14800,14836,14809,14820,14838,14842,17588,14824,14833,14837
40626	14837,14838,17588,14800,14802,14809,14840,17555,40627,40630
40627	14800,14809,14838,14840,14821,14801,14820,14833,17555,17588
40628	14834,14818,40625,40629,14833,14836,14838,14845,25287,40623
40629	14818,14836,14834,14800,1077,14801,14810,14840,14842,17195
40630	14800,14821,1077,14815,14842,14822,14824,14837,17588,14802
40631	14802,14833,14836,14840,40627,40641,14800,14817,14821,14837
40632	14818,14802,14833,14836,14840,40627,40641,14800,14817,14821
40633	49621,49606,5531,9453,13119,41069,49652,49691,49693,49698
40634	5242,1446,11756,23787,25276,25300,32045,36198,38283,49577
40635	6193,14800,14802,14817,14818,14833,14836,14837,14838,14840
40636	14455,40757,4527,28672,33306,40641,40642,1387,1397,1448
40637	1421,1772,12735,16486,40185,40402,40606,1356,1382,1400
40638	45514,45569,45592,3842,14800,18803,25527,27907,45383,45441
40639	23762,911,1448,14823,14857,17554,20154,23717,23738,23830
40640	17554,295,1347,1377,1382,1383,1390,1393,1408,1433
40641	14809,17588,14800,14836,14837,1421,4509,11100,14801,14817
40642	7051,12729,40636,1387,1445,1772,4509,6477,6691,6976
40643	10628,11100,18013,40528,6563,6611,6621,6652,6691,7022
40644	9462,15304,40528,38734,38744,38747,4,223,934,1245
40645	1393,2520,8217,17554,19046,40830,1347,1367,1377,1382
40646	1432,1448,5249,14454,23755,23762,23784,26386,40648,40649
40647	1377,6614,7013,7292,7953,8217,11779,14800,14802,14809
40648	23762,5249,23787,32755,40646,41069,49617,1400,1507,5242
40649	40646,1438,14837,23854,23880,24447,40413,40648,45689,280
40650	19211,21231,30631,38300,549,5186,5498,5986,7989,8783
40651	1377,14800,14802,14809,14817,14818,14823,14833,14834,14836
40652	7325,7348,7356,23799,32456,168,285,499,1377,1413
40653	127,7,44,316,975,1255,1342,1347,2409,2438
40654	7758,25246,35444,2645,4381,4401,6085,8685,10058,13847
40655	1357,2929,12937,19877,29235,32042,40654,40656,40657,40658
40656	1357,9082,10764,16809,28972,30808,32042,40449,40654,40655
40657	1357,32042,40654,40655,40656,40658
40658	1357,2622,12576,1,95,121,131,142,164,214
40659	40610,14454,39394,40891,9983,23993,6611,6642,14857,17278
40660	5407,8217,14455,15063,33331,40566,40661,40669,40678,41393
40661	6623,44761,1421,4527,6641,23866,37830,40606,1432,4518
40662	1388,3760,4518,7057,8217,10643,14824,15063,15238,17193
40663	6654,6563,6611,7053,11779,6542,6592,7018,8217,11723
40664	6654,6982,6466,6482,6653,11723,14446,6450,6452,6481
40665	4509,4522,10701,15063,15238,18813,19506,37830,39473,40548
40666	17104,17119,17138,17140,15238,15284,17125,23731,39480,40548
40667	40664,6514,23484,23881,37827,40668,40671,918,6556,6577
40668	11791,30992,47874,3394,6517,6591,6600,7015,7029,9453
40669	14823,6452,17746,6587,6483,7022,17198,23862,37830,40563
40670	1390,33143,36049,49577,49594,452,1388,1392,1408,1411
40671	17198,6496,10701,1426,4527,6565,6574,10797,18024,19506
40672	33321,140,198,1076,1077,1388,1397,1409,1421,1680
40673	1388,6565,15238,30962,30966,32057,40548,40689,40694,465
40674	40661,12735,15238,23993,39424,39480,40536,41733,916,1414
40675	4527,14454,6653,17556,18309,31270,40078,41308,42921,1347
40676	7057,40679,1387,17556,23506,23906,24364,25295,30962,35193
40677	6623,17193,37861,1387,1388,6642,7057,10643,10797,11757
40678	40687,6524,6542,6609,6642,18309,23794,25391,30953,31270
40679	17748,40676,4498,6493,6565,6605,8509,17199,18502,33140
40680	1448,14823,6934,14454,40669,1347,1382,9983,11794,14833
40681	1426,6563,6622,7036,17200,18024,23993,40548,1387,1388
40682	6623,15238,44761,14823,17649,18024,39394,7022,11723,17198
40683	11792,40663,6600,11743,11767,11772,17576,17958,23729,24498
40684	15238,39480,40548,40666,40669,40681,40682,1388,1406,3760
40685	14454,24365,40610,1388,1973,4527,6611,6642,7211,7327
40686	31996,40661,40678,916,4527,6642,7930,14454,14823,17193
40687	18309,40678,14454,19506,25391,30990,31270,39584,40610,40870
40688	22633,24435,22603,22645,9553,17218,22649,23214,29707,30197
40689	40693,40661,1388,9983,15238,23993,30966,31996,39394,39424
40690	24450,39475,40548,40693,40698,6654,15238,18309,39472,39476
40691	4516,7327,8217,14857,17198,18006,19492,22713,23866,24364
40692	17193,1387,1973,1982,9983,17199,18035,37830,1388,1406
40693	40548,40689,39480,40690,1388,14823,40537,40661,40698,855
40694	40664,40673,40678,1356,1388,2206,3760,3885,4518,5263
40695	17198,4518,15063,17195,18008,22633,23993,23999,24364,40858
40696	39480,40556,40674,40679,40682,40686,855,1388,1431,3760
40697	4527,15238,18013,24364,1388,1421,7019,17193,17195,18014
40698	40519,855,35244,40542,40661,40682,40690,41382,1421,6202
40699	17198,30962,40663,1388,3760,4397,4518,4669,6515,6611
40700	43218,43242,1673,9170,11863,12226,15249,15369,16306,18432
40701	9950,10801,18433,22034,28850,40703,45428,1433,2286,2694
40702	28850,5067,5760,10709,10732,11878,22707,40706,40708,40716
40703	47852,6121,14391,17490,18809,40701,40710,42900,1433,2286
40704	4181,4494,6450,6475,6482,7509,10633,10652,13124,18458
40705	40715,2196,3831,10709,10732,22075,25272,25286,25289,42155
40706	22707,28850,40701,40702,40708,40716,40717,154,223,1846
40707	20776,351,503,575,576,909,1076,1077,1250,1397
40708	40717,22707,28850,40701,40702,40706,46319,4086,6545,7198
40709	4527,18004,1432,6654,7018,14454,40606,40661,1426,2249
40710	7240,7292,7327,13618,16265,22085,24135,40703,42890,1445
40711	6452,6455,6490,6508,10633,14560,19080,28854,38205,39394
40712	24156,40722,13632,16689,18318,18432,30251,40723,41786,87
40713	1382,11142,28820,87,857,916,1387,1388,4498,4509
40714	24147,40724,575,5265,8813,20539,22528,24135,40725,527
40715	40705,19904,46309,4481,6939,6989,7477,7509,10632,10633
40716	6545,22542,24434,24444,30709,4234,7242,13510,13520,14982
40717	40708,7509,22707,28850,40701,40702,40706,49494,1797,2137
40718	7279,31,1787,5307,17315,19125,19343,32810,40623,40711
40719	6574,6624,10652,11100,12729,17199,17577,18005,37837,37875
40720	6654,10792,23743,23755,23862,23906,37850,37851,37856,37866
40721	9847,12624,12667,13661,15294,38737,0,52,79,522
40722	40712,40723,41786,47825,4161,7677,9839,13704,15624,15757
40723	18458,11863,13632,13636,15751,18626,21255,22528,23366,24147
40724	30881,5265,9839,22294,24156,40714,45992,2281,7509,10461
40725	13708,24147,13618,13280,15757,18829,21262,24156,9839,11863
40726	7509,7729,9151,9451,10477,10633,18342,18449,18458,18460
40727	24220,24235,93,337,343,670,695,710,726,742
40728	17218,1448,6452,6490,6574,7029,7036,10797,12719,14446
40729	9983,15364,17286,39753,39762,40292
40730	27736,1137,1228,2658,7852,14955,18916,20290,20473,20512
40731	39633,39684,1090,1609,2703,4133,11645,12388,19077,21144
40732	3931,3463,4264,8199,9242,9743,10380,15032,19196,19358
40733	39631,39690,3412,39643,39644,39697,39719,9976,16532,24556
40734	40733,3412,7697,9976,14982,16532,16631,24556,25342,30688
40735	14774,19130,27247,2104,7392,7970,9147,9779,11707,11848
40736	34394,43433,223,457,629,638,1137,1230,1664,1823
40737	40736,40738,40739,40740
40738	9147,40740,43433,32,90,134,198,1250,2176,6175
40739	18023,43158,6109,11504,11508,15113,15114,15706,15736,16630
40740	40738,5005,9147,43237,48533,101,162,168,2017,2036
40741	9612,10613,17206,27552,37848,41400,48463,49128
40742	3,134,207,1762,1979,2437,3033,4728,4741,6490
40743	40744,134,1405,1797,3921,4451,5243,5392,5400,5869
40744	40743,40742
40745	9612,10613,17206,40742,48463
40746	6015,10001,10041,10066,10106,10134,10148,11797,18163,23290
40747	37233,37448,37701,87,1378,4313,4389,5479,5924,6016
40748	10002,36909,37356,18963,36765,36665,44082,39236,44102,44132
40749	25224,38074,40814,1078,6038,10052,10114,12649,24700,25170
40750	1085,1100,1129,11562,18914,20473,25175,25186,25221,27671
40751	1432,7022,10628,17295,39627,40891,6611,6616,18013,37875
40752	33691,3482,4782,9828,13636,13708,14293,14335,16624,23367
40753	13412,26905,28212,40600,40756,1045,1378,1388,1734,1787
40754	40767,1787,5307,5402,15063,18005,28725,37889,39394,40755
40755	37889,40754,40763,40767,40769,40771,40772,40775,4481,5402
40756	4527,6515,33840,6623,6654,12853,19506,37874,44761,1356
40757	7036,6623,12728,10701,14823,17200,28672,35406,40548,1432
40758	44761,7036,7022,7019,14823,18013,40830,10701,37856,1356
40759	7051,1397,10628,16486,23792,31975,40562,40758,44761,1431
40760	38734,38766,1244,2694,4443,4832,5402,5933,6459,6597
40761	11757,1421,1426,6623,17198,17649,40868,7051,14823,16486
40762	37889,40754,40763,40767,40769,40771,40772,40775,5402,6623
40763	6563,6611,6654,39627,6483,6986,7019,7036,12272,37856
40764	14454,23866,1432,6654,39473,4527,6611,40536,6616,14456
40765	6611,40536,40764,40830,5402,6616,6623,6641,6648,6654
40766	1390,1434,1446,1448,1464,2627,2632,2830,3618,3622
40767	37889,40754,5402,11139,11142,14857,17200,24509,40755,40762
40768	6623,37889,40758,40770,5402,6487,6677,10628,17282,35406
40769	40771,40772,37889,40754,40755,40762,40763,40775,5402,6173
40770	6623,40758,5402,40546,40768,40776,41733,1247,6173,6487
40771	37889,40536,40769,131,6654,6939,7831,8773,13044,15510
40772	40763,40769,5402,6611,6623,40546,40754,40755,40758,40762
40773	1387,4527,14454,18309,1347,4493,6202,7930,13034,13044
40774	8292,8295,8318,8381,8399,4364,4438,4462,5236,5402
40775	37889,40754,40755,40762,40763,40767,40769,40771,40772,5402
40776	4527,17180,17267,41294,14454,17278,25372,40870,40610,6653
40777	5402,9943,82,371,693,728,783,804,833,1397
40778	18589,13160,1186,1520,1969,6935,8934,9529,9545,9847
40779	39890,39939,40240,40262,1406,1954,2648,6653,8307,8891
40780	13109,20726,26981,30310,40779,40781,40782,40783,40784,40785
40781	13109,26981,40779,40780,40782,40783,40784,40785,40786,40787
40782	6517,9453,12568,12637,12885,18440,40520,40784,41030,6
40783	22239,367,447,603,1088,1100,1156,1180,1184,1222
40784	18589,13109,40782,442,1382,1664,1950,4264,4527,5231
40785	40789,13109,26981,40779,40780,40781,40782,40783,40784,40786
40786	17612,28722,578,1530,2543,2601,4339,4400,4425,4431
40787	1394,2928,4484,11190,11860,12597,13109,23685,24106,26981
40788	1431,13109,17150,18841,26981,35374,40779,40780,40781,40782
40789	40785,13109,26981,40779,40780,40781,40782,40783,40784,40786
40790	13109,26981,40779,40780,40781,40782,40783,40784,40785,40786
40791	40793,7804,13109,13160,15277,18332,18572,18576,18597,20504
40792	40793,7804,13109,13160,15344,18332,18572,18576,18597,20504
40793	40791,40792,26981,1520,7804,9847,13109,13160,13166,18332
40794	13109,26981,40779,40780,40781,40782,40783,40784,40786,40787
40795	168,368,1856,1864,1870,6218,8930,8933,8935,12661
40796	40799,13109,26981,40779,40781,40782,40783,40784,40785,40786
40797	13109,26981,40779,40780,40781,40782,40783,40784,40785,40786
40798	1435,2523,5090,5996,7511,8233,8786,10477,11385,12097
40799	40796,2971,3702,3858,5234,9967,12537,13109,14931,15761
40800	9774,25224,41751,93,1100,1135,1428,1446,1615,3927
40801	1085,13847,27736,1688,8685,8860,13795,13800,14746,15285
40802	7785,25186,25224,27585,27679,18916,27656,25256,27574,10002
40803	13621,15310,23165,41697,2554,2982,4859,7459,9737,9804
40804	439,10018,10119,117,158,223,1100,1135,1382,1428
40805	15376,17255,39783,39820,39942,1406,2648,5869,6653,8270
40806	40803,40807,40809,40810,16350,17156,17255,25264,34299,40383
40807	15353,8276,40803,40806,40809,40810,184,1388,1670,1695
40808	7852,19077,24208,1100,4046,20841,25195,47445,19,1220
40809	40803,40806,40807,40810,1485,8692,10644,14857,15386,16350
40810	1390,33772,49581,9453,13119,37838,41076,45689,49577,49652
40811	25197,12647,27617,1085,25186,27584,35613,36753,40204,42381
40812	25195,25197,1100,25224,12649,23305,38737,40823,40824,439
40813	40824,40819,40812,40814,40816,40820,1397,1664,3307,3931
40814	13847,25421,27736,19,21873,8685,13795,25224,25405,975
40815	42291,42320,42247,42248,42249,42264,42277,42296,42298,42303
40816	40820,12647,40814,40824,25197,27584,27617,40813,40823,45022
40817	42363,6117,14802,29755,33327,33733,42245,42319,42374,43251
40818	42354,2703,25099,33327,42316,42363,1609,2846,3593,3967
40819	40823,25186,27736,40813,40814,6304,6985,7342,7785,10077
40820	12647,40816,25197,40814,40823,49535,12971,13808,18338,20444
40821	367,918,1270,1359,1394,1655,1873,2225,2527,2542
40822	27617,27736,40204,45022,1085,6985,7342,10027,10077,10240
40823	40819,40812,40820,6038,24700,25170,25256,27571,27679,36753
40824	12647,40812,40813,10027,40816,1135,1689,10240,13298,18913
40825	40812,40813,40814,40815,40816,40817,40818,40819,40820,40821
40826	14204,33559,7506,7699,24698,29786,7639,13478,24691,9572
40827	25224,1135,8685,9912,13870,15186,21804,23305,25222,25228
40828	40812,40813,40814,40815,40816,40817,40818,40819,40820,40821
40829	87,17088,19067,21258,24103,24104,24108,24113,27328,27441
40830	10821,17649,40610,11757,1426,1432,40758,40911,6611,7036
40831	15495,15480,15481,15514,38565,39374,40870,41106,123,1387
40832	6561,7329,6481,6493,6496,6508,6516,6519,6524,6536
40833	4527,6542,1387,2145,4493,5250,6460,6487,6505,6563
40834	32,1387,3760,4498,4527,6556,6563,6623,10623,11723
40835	6563,6631,18024,23993,40891,40905,45481,32,321,557
40836	4498,32,1387,3760,4521,4527,6469,6556,6563,6623
40837	28820,6653,23993,33299,45461,4527,6623,11723,14582,17755
40838	6563,32,300,1356,1387,2601,3760,4399,4400,4498
40839	5307,6623,10701,39394,1772,4509,6483,6934,6982,6994
40840	1356,6611,39475,6654,6961,12272,23484,2249,4494,4498
40841	18024,6452,6587,6629,11808,19116,19218,37827,37861,37866
40842	6654,14446,6600,6462,6623,7019,38215,6461,6482,6536
40843	6496,6554,6497,6671,38206,6542,6450,6481,6483,6484
40844	1787,4498,6565,11723,17746,6574,1387,4494,5307,6487
40845	8284,8318,5242,7053,8268,8295,13177,26386,33406,35759
40846	32,1387,3760,4498,4527,6556,6563,6623,10623,11723
40847	1387,18031,23717,40878,40884,32,909,1181,1400,1441
40848	4527,23993,385,1426,1797,6648,19218,23866,23906,23967
40849	4527,24364,40833,40850,40863,40870,40891,40898,32,1356
40850	24450,4527,10821,24249,28776,40610,24422,24441,39473,1432
40851	37597,37701,10000,10112,18912,36698,36854,36893,36909,36923
40852	18501,1520,6622,7022,8217,40185,40543,40571,40840,40853
40853	44761,6623,7019,28820,6574,6654,7022,10701,11723,18024
40854	33760,1356,1393,4527,6654,6976,7022,12700,12975,13006
40855	32447,49617,1448,6966,12735,17664,18031,23719,23730,23738
40856	1387,8401,9901,16643,24364,24433,40869,32,93,788
40857	23883,28736,1426,24364,6623,10701,10797,14467,22633,23993
40858	11791,24364,11757,12729,17198,23993,6623,11723,17193,17195
40859	44761,23791,5402,6623,6654,11757,12729,17200,40853,1426
40860	28776,40870,4527,10821,23958,23993,24219,24454,28722,40868
40861	1414,1432,1387,1421,1426,4509,6611,6623,6648,6654
40862	32,1387,3760,4498,4527,6556,6563,6623,7049,10623
40863	4527,17193,17198,17195,23993,40878,40891,6623,17649,17999
40864	23993,24433,855,4527,7204,24450,40236,40850,40878,40881
40865	40855,32,1387,1418,1441,1448,3395,3760,4498,4527
40866	6623,17746,40897,4527,23906,24364,37856,1387,1426,6535
40867	4527,14454,40610,40891,1432,4498,5384,5407,6202,6611
