40868	23993,17200,4527,23883,7036,16067,44761,49485,17649,1426
40869	24364,6623,10821,17193,1387,1426,14454,1421,6654,10797
40870	10821,4527,14454,1432,40610,39473,40891,19506,23484,38565
40871	10797,11757,17193,37889,38565,40185,40845,40863,40870,40875
40872	40890,23893,14823,23792,6976,6977,7051,17746,23881,37861
40873	14857,17999,40610,40853,40891,1432,4527,6641,6939,33321
40874	24364,40878,17195,18031,23993,40857,40859,40875,32,4527
40875	40857,23993,24435,40859,40863,1426,11757,17193,17195,17649
40876	4527,40853,40867,40873,40878,40891,40895,40898,32,1347
40877	19529,1426,6563,6623,6654,7019,20045,24364,37856,39627
40878	24364,4527,17999,18031,23993,24249,40857,40863,40868,11757
40879	32,1387,3760,4498,4527,6556,6563,6623,10623,11723
40880	32,1387,3760,4498,4527,6556,6563,6623,10623,11723
40881	10821,28776,37856,40870,12714,23484,40850,40897,24364,24447
40882	32,1387,1388,1409,1969,3760,4498,4527,6556,6563
40883	24364,40418,6577,6654,10920,11743,12782,23993,33299,37848
40884	40868,6623,7019,14823,17755,7051,11142,11757,17200,32740
40885	6623,39584,40185,40870,6563,6665,10623,17200,17649,18024
40886	6543,6563,6598,6623,7327,17746,18031,24456,30962,39481
40887	6654,6623,6653,17746,40842,6563,6648,1421,5250,6483
40888	40857,9538,13042,13365,22633,23883,24364,28706,28777,35176
40889	40870,4527,6563,8773,11100,13177,18031,24364,24396,40185
40890	40872,6977,23792,40540,1356,6452,6984,7044,37861,40135
40891	40610,6654,14454,41294,4527,40870,1432,6653,17999,19506
40892	32,1387,3760,4498,4527,6556,6563,6623,10623,11723
40893	32,285,964,1083,1387,1776,1782,2645,3760,4498
40894	49581,49630,5242,5531,9453,25268,32357,49569,452,5241
40895	40891,1347,4527,31270,4213,6202,14454,14857,15594,17999
40896	14454,31270,40870,4527,5407,14818,17999,23906,37857,39473
40897	4527,23906,6654,40610,18013,39473,40866,40870,40891,6623
40898	40891,4527,1432,4381,4521,5250,6563,6623,6653,7758
40899	32,1387,3760,4498,4527,6556,6563,6623,10623,11723
40900	7936,10623,11723,14447,14454,14823,18031,24364,38565,40863
40901	38565,1387,1406,4527,6563,9673,11779,11795,17746,18024
40902	4527,23993,40870,1982,10623,14454,19506,29399,31270,33321
40903	6556,11723,11779,23993,40840,40853,40870,32,1387,1520
40904	1387,17195,40848,40890,32,1347,1377,1382,1404,1428
40905	1432,14454,40891,4527,6654,14857,17195,24364,39473,40536
40906	40870,40891,4527,14454,17278,38565,39584,40776,41294,1982
40907	
40908	24219,28776,40857,1426,6497,6648,6939,6991,7466,10701
40909	9983,14857,40889,41076,468,575,615,910,1388,2802
40910	39493,39524,16485,30979,35192,39527,49618,913,6684,30986
40911	1432,6654,39473,40830,40870,13115,14454,40548,40610,41308
40912	7019,7036,10821,17746,18013,20045,28776,40758,40830,40891
40913	7274,10644,11723,17193,17198,29260,31028,33880,37889,39430
40914	40870,4527,41294,1432,17187,17267,25372,40776,40911,45461
40915	29446,913,919,1488,1491,2807,3306,3835,5407,6173
40916	
40917	31035,31049,31022,31050,916,920,30982,30984,30996,31005
40918	442,2869,5353,5682,7248,34275,19,105,319,394
40919	13832,13891,14014,23608,45131,8726,13793,13828,13898,14015
40920	16534,22639,38234,40921,40929,45436,45571,48477,208,3760
40921	40920,40928,40934,2410,3456,3760,5387,6166,6982,7425
40922	40930,40923,61,66,106,242,716,1100,2071,2425
40923	40929,40922,40928,40934,3760,6166,7425,7590,13076,14976
40924	3347,4086,4246,7246,8068,16240,19213,22147,22265,24819
40925	161,11045,18163,2036,2680,3736,4841,6109,8532,9284
40926	1617,1667,3760,3920,3994,4129,4143,4160,4239,4254
40927	3760,6166,7425,7590,13076,14976,18814,20803,24158,33175
40928	40921,40923,40929,40934,3760,6166,7425,7590,13076,14976
40929	40923,40920,40928,40934,1356,1366,1382,1680,3760,4336
40930	40922,3760,6166,6982,7425,7590,13076,14976,18814,19661
40931	3760,6166,7425,7590,13076,14976,18814,20803,24158,33175
40932	3760,6166,7425,7590,13076,14976,18814,20803,24158,33175
40933	3760,6166,7425,7590,13076,14976,18814,20803,24158,33175
40934	40921,40923,40928,40929,3760,6166,7425,7590,13076,14976
40935	3760,6166,7425,7590,13076,14976,18814,20803,24158,33175
40936	3760,6166,7425,7590,13076,14976,18814,20803,24158,33175
40937	771,2033,3760,5008,5588,6166,7327,7425,7427,7590
40938	1673,10052,14746,25199,42332,2413,2678,16878,16881,17022
40939	204,919,1100,1667,5200,10023,14204,15141,17740,21149
40940	1433,1860,1973,1982,7598,7710,8752,10605,11689,12350
40941	32671,47809,79,168,351,544,573,1244,1301,1347
40942	10643,40941,40943
40943	2252,2281,5412,9504,10643,14271,15715,18458,19137,20518
40944	23542,23586,24106,33192,41517,49226,37,204,223,242
40945	11721,43108,1092,5654,10236,15285,15314,18841,19984,23553
40946	2572,2954,10849,12298,13867,13938,13951,14015,14138,23525
40947	40961,40973,40974,2572,2954,12298,29315,34191,40945,40946
40948	2572,2954,12298,29315,34191,40945,40946,40947,40949,40950
40949	35570,1,1031,1084,13616,25199,34191,35605,35613,35621
40950	1809,1847,2572,2954,9471,11093,11717,11756,11792,11795
40951	1397,1617,1661,1670,1695,2572,2637,2655,2659,2663
40952	27549,17,19,50,2019,2324,2572,2644,2954,3734
40953	33192,1031,1392,12633,27595,27597,27653,32532,35560,35678
40954	32513,23551,7521,11417,13811,13896,13917,13959,13967,14005
40955	40977,2572,2954,12298,29315,34191,40945,40946,40948,40949
40956	33194,1114,3394,8686,9471,9589,9604,9771,12633,16621
40957	12,116,134,186,234,454,562,980,989,1113
40958	8932,32317,1359,1366,1394,2572,4400,4426,4483,8667
40959	1392,3394,5263,7713,9604,12633,12660,19388,19535,23586
40960	2572,2954,12298,29315,34191,40945,40946,40947,40948,40949
40961	40947,40974,2572,2954,12298,29315,34191,40945,40946,40948
40962	634,995,2572,2793,2954,5809,6606,6624,7814,9705
40963	227,1404,2572,2954,3937,6152,8154,10536,12298,15330
40964	1035,2324,2572,2954,6021,6024,8135,12298,15336,19470
40965	9171,43527,2572,2954,9153,9170,12298,12645,17998,29315
40966	40976,37,300,1772,1841,2118,2276,2501,2954,3295
40967	2572,2954,12298,29315,29572,34191,40945,40946,40947,40948
40968	2572,2954,12298,29315,34191,40945,40946,40947,40948,40949
40969	9451,18586,366,1264,1417,1976,2572,2928,2954,4717
40970	1220,1434,1879,2409,2572,2954,4402,4460,5148,6643
40971	7012,8318,8379,16416,168,910,1347,1664,1666,1692
40972	5839,9453,18587,23368,918,1270,1356,1394,1655,2225
40973	40947,40974,2572,2954,12298,29315,34191,40945,40946,40948
40974	40947,40961,40973,2572,2954,12298,29315,34191,40945,40946
40975	43,913,1414,1438,1441,1582,2572,2601,2634,2902
40976	49969,1797,6782,12052,29869,40966,46165,37,300,934
40977	40955,2572,2954,12298,29315,34191,40945,40946,40947,40948
40978	13280,13623,22773,19,1497,4934,4983,5474,5933,8688
40979	8859,18146,18221,40978,40980,40981,40982,40983,40984,40985
40980	48321,48424,48355,48357,48390,48397,48407,48411,48413,48333
40981	442,1230,3714,5490,13847,17450,18162,18539,18916,22265
40982	1382,1534,1606,4185,7816,9570,9577,9581,12713,13179
40983	18221,40978,40979,40980,40981,40982,40984,40985,40986,40987
40984	1347,1528,1776,2409,2915,4727,5274,6979,7789,8278
40985	18221,40978,40979,40980,40981,40982,40983,40984,40986,40987
40986	18221,40978,40979,40980,40981,40982,40983,40984,40985,40987
40987	4765,7758,18576,40654,101,162,168,2645,2680,3242
40988	1447,1605,2067,2249,2606,6570,6595,6600,6610,6631
40989	368,1114,1489,4484,4776,9144,10027,11839,12585,12586
40990	18221,40978,40979,40980,40981,40982,40983,40984,40985,40986
40991	18221,40978,40979,40980,40981,40982,40983,40984,40985,40986
40992	18221,40978,40979,40980,40981,40982,40983,40984,40985,40986
40993	40995
40994	82,1021,2770,7797,14154,20335,29801,30283,30474,35636
40995	638,2043,2496,14240,23696,32169,33374,34307,35554,35569
40996	32751,1664,1688,1772,1856,2667,2681,2687,9943,13847
40997	12466,7511,10652,13160,16067,23993,48472,1790,4766,7279
40998	13160,18309,32751,33714,33804,41131,49247,4521,5641,9998
40999	13616,17675,23014,23508,33256,33777,34390,40610,41005,41044
41000	16861,12,1667,7773,9407,16868,16883,16891,17001,18963
41001	1605,2750,2752,3760,9943,16271,17562,17675,18447,20409
41002	8295,8301,8315,8268,8273,8284,8318,8379,8291,8336
41003	3885,6469,6542,6956,16621,34207,168,293,484,629
41004	1923,9845,23512,35551,40998,19,105,1067,1073,1378
41005	23476,33330,40999,282,1605,2650,2750,2752,3760,4454
41006	2667,29445,41007,41030,131,168,484,1129,1150,1605
41007	24661,19032,21760,27086,1111,1393,2645,3577,3999,5537
41008	1605,2750,2752,3760,9943,16271,17562,17675,18447,20409
41009	1605,2750,2752,3760,6077,6778,9943,12649,12962,12964
41010	1605,2750,2752,3760,9943,16271,17562,17675,18447,20409
41011	41025,1954,41106,9182,14455,20452,41076,4527,5262,11779
41012	31023,1393,1943,6171,7820,7862,12584,12592,12616,16271
41013	1092,5654,11721,15285,18841,19984,24514,25174,29443,29451
41014	9696,37631,13,75,437,821,1317,1324,1605,1664
41015	41069,1347,1349,1352,1354,1355,1356,1359,1360,1362
41016	12625,12636,22773,29335,41019,1605,2442,2750,2752,3760
41017	41025,1605,1672,2750,2752,3622,3760,7511,8172,9199
41018	44892,9793,12107,12632,12655,14277,15302,15327,19877,24900
41019	12977,1642,6961,11092,41016,1534,1605,2165,2750,2752
41020	8712,3412,3894,7697,9976,14982,16532,16631,20824,24345
41021	12465,5588,12107,12670,19877,26905,30182,33629,33774,35677
41022	12645,17880,22920,30648,41475,48510,1605,2623,2750,2752
41023	468,660,1564,1605,1676,2750,2752,2971,3305,3760
41024	41007,1431,1605,1790,1889,2667,2750,2752,3376,3611
41025	41011,1959,8509,13109,39479,39939,41076,41106,45389,857
41026	41011,41025,628,1081,1319,1360,1605,1652,1755,2750
41027	41007,41012,284,701,760,918,1393,1605,1943,2275
41028	4527,23906,39473,41011,41025,41076,45689,343,1077,1382
41029	850,952,1376,1382,1455,1513,1605,2643,2645,2701
41030	23542,29490,39473,195,311,638,918,1387,1436,4516
41031	26905,40998,41002,41041,1387,1605,1973,1982,2179,2206
41032	1605,2750,2752,3760,9943,16271,17562,17675,18447,20409
41033	31023,41012,918,1605,1680,2750,2752,3760,6634,7078
41034	5664,5679,5653,5655,5668,450,965,1605,1719,2750
41035	1605,2750,2752,3760,9943,16271,17562,17675,18447,20409
41036	9943,29898,29902,41038,41040,467,537,812,1390,1392
41037	328,332,1605,2750,2752,3760,4734,5370,6553,9943
41038	9799,9943,41011,41025,41036,41040,37,467,478,812
41039	10773,5402,10784,10810,10811,10785,10813,10816,11142,18013
41040	9943,26905,28234,30182,39479,41021,41025,41036,41038,41056
41041	17199,26905,40998,41002,41031,37,300,1387,1605,1772
41042	1397,6976,16271,17795,31023,41012,101,857,1077,1347
41043	1605,2750,2752,3760,9943,16271,17562,17675,18447,20409
41044	11723,32751,6472,6482,6486,6496,6600,6654,8180,10778
41045	1605,2750,2752,3530,3760,4198,4296,9943,10236,10382
41046	10,19,242,439,450,713,1088,1100,1605,1673
41047	1605,2750,2752,2929,2951,2959,3760,6934,6971,9123
41048	1605,2750,2752,3760,9943,16271,17562,17675,18447,20409
41049	638,1605,2750,2752,2830,3760,3873,7350,9943,16271
41050	6654,9943,41058,975,1001,1100,1605,1860,2284,2287
41051	37215,19365,43018,9995,10028,10099,10149,18912,36735,36847
41052	1605,2750,2752,3760,9943,14284,16271,17562,17675,18447
41053	1605,2750,2752,3760,9943,16271,17562,17675,18447,20409
41054	1605,2750,2752,3760,9943,16271,17562,17675,18447,20409
41055	41020,45022,46144,202,1605,1665,2750,2752,3760,4095
41056	26905,30182,41021,41025,41040,131,857,1605,2632,2750
41057	12196,1382,1393,5249,9182,11779,14455,14861,16836,17234
41058	9943,4516,12883,32751,41030,41050,590,918,1078,1444
41059	12107,29869,35851,6,1605,1642,2054,2588,2603,2750
41060	1605,2750,2752,3760,9943,16271,17562,17675,18447,20409
41061	1605,2750,2752,3760,9943,16271,17562,17675,18447,20409
41062	12715,41025,14271,18447,26520,28234,40606,40998,41011,41076
41063	41000,41007,12,1605,1809,2645,2750,2752,3760,4451
41064	1605,2750,2752,3760,9943,16271,17562,17675,18447,20409
41065	1605,2750,2752,3760,9943,16271,17562,17675,18447,20409
41066	1605,2750,2752,3760,9943,16271,17562,17675,18447,20409
41067	31023,1390,1605,2750,2752,3760,4410,5277,5910,6671
41068	1394,29485,35724,433,456,918,944,1270,1349,1352
41069	5243,23745,5236,35186,49569,13119,32357,5249,5531,23769
41070	2684,41051,41071,956,1020,1031,1447,1605,1642,2418
41071	41051,41070,1447,1605,2418,2572,2750,2752,3582,3760
41072	41007,1139,1186,1605,2681,2687,2750,2752,3760,3925
41073	12512,12555,27249,27299,39219,41057,134,168,169,243
41074	1605,2750,2752,3760,9943,16271,17562,17675,18447,20409
41075	1605,2750,2752,3760,9943,16271,17562,17675,18447,20409
41076	4527,41294,31270,33256,33331,41106,1432,17198,19125,26520
41077	1263,1418,1431,1605,2750,2752,3760,6486,6515,6543
41078	1605,2750,2752,3760,9943,16271,17562,17675,18447,20409
41079	31,29688,29696,29693,29697,29704,671,24425,28722,29692
41080	304,1371,1423,1839,2406,2542,2812,3023,5538,5575
41081	
41082	7012,9891,30630,30677
41083	
41084	601,2269,2547,3523,3971,4009,6090,7714,10331,13498
41085	16067,18916,23993,1689,4527,18080,40606,41106,42213,1135
41086	24661,168,433,973,1016,1106,1111,1538,1633,1657
41087	2,95,112,3233,11165,12628,13801,13832,19032,19091
41088	916,5179,6452,6459,6491,6498,6514,6611,6623,6626
41089	12229,23447,25788,25823,30165,30862,564,602,3094,3523
41090	17616,28533,47663
41091	42793,42794,42797,42806,42808
41092	16625,853,2678,5307,6995,7667,10971,12805,13282,13926
41093	1685,16379,25269,168,1657,1666,1677,1679,1688,1692
41094	168,2687,15285,18621,29483,35494,43207,19,1220,1657
41095	
41096	
41097	
41098	3253,6,74,2063,2281,3232,5102,5521,6783,7644
41099	433,456,944,1734,1854,1923,2249,2855,4074,4148
41100	
41101	
41102	39237,10014,10066,36693,41898,36927,37132,39242,41244,10047
41103	
41104	
41105	131,934,1009,1510,1741,2068,2145,2601,3937,4716
41106	39473,40606,24249,4527,23755,1432,6654,10821,23906,39479
41107	918,1680,6634,7078,23906,32496,40612,40997,45607,47762
41108	12625,5490,9770,12662,13948,23690,32203,32505,32806,34464
41109	
41110	114,1417,1442,1615,3669,4425,4426,4447,5479,5929
41111	5376,6653,33667,35282,39473,311,934,961,1242,1397
41112	20927,131,857,9154,14455,16810,17576,18841,24226,24411
41113	6932,12307,16345,18299,29399,30275,34905,38004,40998,43050
41114	1415,5270,5489,6668,6998,7034,7346,7359,11141,11747
41115	4484,1,339,351,601,1359,1394,1913,1943,2207
41116	4518,4525,10821,12056,12326,14927,15063,21713,22639,27877
41117	
41118	87,447,9639,10018,10027,10135,17288,19365,20488,23180
41119	1347,1431,6515,7012,8217,11135,11142,12697,14835,16378
41120	12983,24264,24433,42927,311,1077,1387,1406,1426,1432
41121	43190,29749,161,8136,8501,9796,12466,13501,14231,16680
41122	
41123	
41124	311,1077,1380,1384,1387,1406,1415,1426,1428,1432
41125	1538,2715,6224,8675,8750,12689,16897,19269,19388,20332
41126	1077,1797,4527,20927,40413,41990,131,190,1393,1397
41127	39975,41291
41128	10971,18010,19115,20097,40053
41129	3412,6574,13016,24428,39631,39637,39644,39678,39691,39704
41130	
41131	6654,23906,37856,40998,920,6542,6561,6563,6939,6959
41132	52,2442,5933,6528,6587,6634,6669,8154,9774,9796
41133	6579,13893,18372,18373,18374,18375,18376,18380,18382,18386
41134	1347,1382,1387,1393,1405,1414,1421,1426,1772,4494
41135	17200,3731,10821,16067,39156,40606,3684,6654,10797,12463
41136	168,2666,3205,3231,11577,27249,27286,27299,27319,27379
41137	
41138	1664,2662,13818,15438,23958,41085,713,800,1078,1114
41139	41990,1393,1449,3099,6623,7831,10623,10643,10971,11107
41140	
41141	15247,501,9983,10870,12713,15371,15376,17183,17204,17267
41142	
41143	2284,2287,2418,4509,4516,7294,7327,7862,8217,9943
41144	
41145	19506,20140,20162,20178,20188,23484,40078,40610,45689,918
41146	508,4647,10605,17180,17198,17273,17275,21760,25391,33872
41147	
41148	454,995,1347,1403,4364,6015,6016,6018,6019,6106
41149	14860,19444,32045,41076,41964,45423,93,368,727,750
41150	
41151	1495,5469,6015,6016,6018,6019,7704,8859,9945,12636
41152	10723,30165,45462
41153	23613,3736,8726,11417,13973,13999,14101,16871,16894,23360
41154	9943,18297,18604,467,812,2284,2287,2418,2928,4509
41155	4590,13693,13709,17721,26079,29078,38881,42614,47670
41156	
41157	9976,10881,19,546,1183,1220,1359,1382,1393,1421
41158	
41159	
41160	8217,17557,31019,35991,37841,39503,39532,40009,40550,40868
41161	25527,28722,45569,20058,45514,45537,45573,14808,18113,20067
41162	366,660,1394,1489,3702,4234,4244,4247,5569,5839
41163	
41164	
41165	7511,9871,10727,26349,26352,26355,26359,26374,26383,26385
41166	3889,7242,13795,24467,29485,29514,29552,47445,19,204
41167	11110,920,1406,1445,6183,6202,6513,6515,6558,6675
41168	3009,5182,6611,6653,6654,6692,6939,7261,7862,7915
41169	29813,35640,64,134,336,343,352,381,387,858
41170	
41171	917,4527,5407,6600,7466,14447,17999,22759,24464,26373
41172	19077,27808,2413,4206,8068,8492,10052,17061,19664,20290
41173	
41174	
41175	
41176	
41177	1077,7244,7702,9816,11410,12561,13849,14053,14139,14153
41178	39243
41179	8686,8816,10013,10143,13964,13980,15202,23283,23557,34592
41180	7024,7551,7660,10797,15983,20569,29003,41182,49353
41181	15990,28651,33210
41182	28684,514,1388,1706,4213,4379,5236,5246,5260,8334
41183	7764,19439,30691,35861,39104
41184	1,20,52,492,549,1027,1357,1822,1885,2411
41185	6592,5243,492,7057,7329,17308,28820,488,916,1387
41186	41197,41200,41188,41193,41194,41198,41199,41204,41205,41206
41187	41198,5236,6979,26386,40810,41189,41195,41201,41207,41219
41188	5242,9453,13119,41193,41195,41204,49637,196,452,1350
41189	41196,5243,41187,41191,41192,41197,41198,41199,41200,41201
41190	6592,41195,41196,41201,41205,41208,41217,1263,1418,1431
41191	41192,41205,41206,41189,41196,41197,41199,41201,41203,41209
41192	41191,41201,6592,41189,41196,41197,41206,41208,41209,41215
41193	41188,1455,5235,5242,9453,13119,23766,25281,25379,26386
41194	5243,41186,41188,41198,41207,5236,41189,41190,41191,41192
41195	41188,41190,41199,41201,9453,28820,37861,41187,41193,41200
41196	37856,6508,6600,41199,1520,6482,6486,7029,11723,11743
41197	41186,482,485,6592,7018,41189,41191,41192,41196,41198
41198	41187,41186,41189,41193,41194,41197,41199,41200,41205,41206
41199	41196,41195,41200,41205,5782,6472,6482,6485,6486,6508
41200	41186,41199,41189,41195,41196,41197,41198,41205,41206,41208
41201	41217,41192,41195,41212,41215,492,6976,41187,41188,41189
41202	41186,41187,41188,41189,41190,41191,41192,41193,41194,41195
41203	41191,41195,41196,41201,41205,2601,4354,4679,5782,6482
41204	41188,5243,41186,41201,41211,5236,41189,41190,41191,41192
41205	41191,41199,41212,11094,15594,17556,41186,41190,41195,41197
41206	41209,41191,41215,41186,41192,41197,41198,41199,41200,41211
41207	41187,41188,41193,41194,41201,41211,41186,41189,41190,41191
41208	41215,40540,41186,41190,41192,41195,41197,41198,41199,41200
41209	41206,41217,41186,41191,41192,41197,41198,41199,41200,41211
41210	39834,39836,39980,1982,15353,17157,39801,39846,39848,39861
41211	41186,41188,41197,41199,41200,41204,41205,41206,41207,41208
41212	41201,41205,41217,41191,41209,41213,40533,40585,41186,41187
41213	41201,41205,41208,41212,41217,41186,41187,41188,41189,41190
41214	11723,5242,6469,6534,6565,6574,6600,7329,11717,11733
41215	41208,41201,41206,41191,41192,916,1387,41186,41187,41188
41216	6168,8501,11101,18950,41186,41197,41198,41199,41200,41205
41217	41201,41209,41212,41190,41192,41195,41213,916,1387,40533
41218	41186,41197,41198,41199,41200,41205,41206,41208,41209,41211
41219	6592,41187,41197,41198,41199,41205,41206,41208,41209,41211
41220	6487,9650,11100,12729,17700,41214,1608,1664,1667,2902
41221	17324,41201,41222,1772,1797,3885,6486,6542,6590,9638
41222	41201,41221,937,989,1129,1155,1661,1670,3885,4791
41223	41186,41197,41198,41199,41200,41205,41206,41208,41209,41211
41224	9853,9867,11389,11391,11401,12519,14026,14032,14106,22346
41225	1113,3882,4204,4206,4212,4279,6038,6405,7956,11570
41226	13896,14040,35731,454,13976,14130,14190,14205,23682,34319
41227	41225,41226,41228
41228	10007,10048,10067,10117,23285,36919,36938,37065,37071,37119
41229	39247,6688,23273,23279,6541,10022,14008,23274,23286,23288
41230	36718,10072,36786,36843,37649,10066,10097,36717,36785,36954
41231	37580,9995,10035,10116,34644,35179,36749,36763,37359,37378
41232	41233,41234,41244,87,6688,9995,10001,10018,10022,10028
41233	10029,39242,39243,37675,37734,37735,39239,39240,41367,10043
41234	41233,41240,41249,23273,37397,39243,41232,41242,41244,6541
41235	41230,41231,41232,41233,41234,41236,41237,41238,41239,41240
41236	23279,37701,39237,39332,39337,39365,39366,41238,41252,41253
41237	37071,39234,10029,10037,34442,36966,36978,37234,37328,37461
41238	10014,10045,10066,36693,39242,39247,10022,10082,10086,23288
41239	37188,37300,37597,37675,34644,36689,37073,37199,37336,37356
41240	10072,36908,36936,37079,39236,10002,10012,10018,10037,10096
41241	41230,41231,41232,41233,41234,41235,41236,41237,41238,41239
41242	41234,41240,41249,41252,6541,6679,10002,10029,10068,17309
41243	36940,5957,16505,16529,17306,23263,23284,23285,23286,23295
41244	41102,10014,13616,37380,37580,37701,44173,10047,18618,23278
41245	41259,10110,23254,23276,23283,23295,36833,37119,37244,37320
41246	41230,41231,41232,41233,41234,41235,41236,41237,41238,41239
41247	10062,10065,10092,10131,18921,35701,37079,37115,37282,37439
41248	41230,41231,41232,41233,41234,41235,41236,41237,41238,41239
41249	41234,41240,23273,37397,39234,39243,41233,41242,41369,41886
41250	36821,38576,39273,10041,23274,23286,37119,37580,37597,37753
41251	41233,23254,41816,44056,44111,10029,10038,10043,10045,10071
41252	37580,37597,37734,37735,37481,39268,39273,37211,37276,37675
41253	37580,37597,37701,44173,37822,39268,37481,41816,34644,36847
41254	41236,41238,41252,41253,10001,10022,10110,14008,16714,23273
41255	13616,13722,1109,1923,3403,6497,6782,7815,11100,12692
41256	41230,41231,41232,41233,41234,41235,41236,41237,41238,41239
41257	41233,41244,41253,910,10105,10144,23262,23276,36669,36695
41258	41230,41231,41232,41233,41234,41235,41236,41237,41238,41239
41259	39268,37119,37469,37580,41367,23254,23276,23283,36745,36929
41260	9995,18912,36680,37291,37720,39249,8686,9999,10035,10058
41261	41230,41231,41232,41233,41234,41235,41236,41237,41238,41239
41262	14234,14242,23551,23611,116,209,273,454,575,1140
41263	41230,41231,41232,41233,41234,41235,41236,41237,41238,41239
41264	18566,4765,9451,18629,18630,18631,18879,20531,27759,33135
41265	41270,41271,41272,6015,9456,9586,10502,13797,15757,17343
41266	41272,18566,41265,41267,41268,41269,41270
41267	31366,42010,49646,7740,15244,18576,23768,32589,33123,33124
41268	9451,18631,4765,9151,10477,18342,18449,18566,18581,18586
41269	4765,9451,18631,18879,20531,33135,33149,40987,41265,41266
41270	41265,41271,41272,9586,13797,15757,18555,18936,20521,26853
41271	41265,41270,9586,13797,15757,18555,18630,18936,20521,29719
41272	41265,41266,41270,4389,9586,11863,13797,15757,18288,18555
41273	850,1763,1778,3395,5249,6468,6542,6543,9659,10855
41274	1388,11139,11723,12191,16163,17218,17743,18499,23807,39741
41275	1388,5933,11139,11723,12191,16163,17218,17743,17880,18499
41276	6473,6515,11743,23733,28722,37876,1366,1406,1445,3931
41277	41279,41289,1388,2611,2627,3593,3915,4360,5382,6481
41278	14454,24365,41283,1387,1388,1414,1973,1982,2535,4520
41279	41277,1388,7035,11139,11723,12191,16163,17218,17743,18499
41280	41393,1413,1432,5984,6989,9530,11723,14857,17218,17999
41281	1388,11139,11723,12191,16163,17218,17743,18499,23807,39741
41282	16163,284,745,1250,1388,1489,1809,1841,3246,4107
41283	10623,17557,36198,41278,41286,101,1077,1347,1356,1371
41284	9983,1387,1445,1973,4527,6523,6623,7036,7044,7930
41285	1388,11139,11723,12191,16163,17218,17743,18499,23807,39741
41286	41283,1388,2915,7049,9799,11139,11723,11860,12191,12650
41287	16163,17743,17758,24327,39140,285,1371,1377,1387,1388
41288	39741,1388,11139,11723,12191,16163,17218,17743,18499,23807
41289	41277,41296,1388,11139,11723,12191,16163,17218,17743,18499
41290	1388,11139,11723,12191,15247,16163,17204,17218,17743,18499
41291	855,8217,12193,15246,15267,17193,17649,23999,24000,38233
41292	1388,11139,11723,12191,16163,17218,17743,18499,23807,39741
41293	33143,49594,49610,49657,1390,5242,6979,33126,35186,49470
41294	4527,40610,6653,40891,17999,31270,40776,40870,1432,6642
41295	7019,40870,41294,8509,18013,24456,35148,37866,40891,5407
41296	39741,41289,1388,11139,11723,12191,16163,17218,17743,18499
41297	40905,1432,1772,3422,6081,6458,6468,6472,6483,6550
41298	1414,6623,7034,17557,17762,18013,23993,24364,24435,40830
41299	4361,6021,6623,8563,11153,16836,17290,17893,24933,30064
41300	1397,1431,11094,38201,40080,1356,1387,1389,1390,1393
41301	31270,492,1388,7041,10622,17200,17238,39584,40098,44876
41302	41305,41311,41313,23900,10971,31270,41306,41308,41310,41315
41303	41313,23900,41321,1388,41306,41308,41310,41315,41317,41318
41304	1485,1685,1763,1778,1782,5249,8235,8819,10613,10812
41305	41302,23900,41317,41306,41308,41310,41315,41318,1388,8290
41306	41321,23900,41302,41303,41305,41307,41309,41311,41312,41313
41307	41312,41313,41311,41321,23900,41306,41315,41317,41318,1388
41308	6653,6654,4527,17999,23906,39473,40610,7019,14454,42921
41309	41311,23900,41321,41306,41308,41310,41315,41317,1388,8290
41310	23900,1388,1426,10622,1387,1436,4498,7204,9983,15063
41311	41309,41316,41302,41307,41308,12193,17268,31270,39584,39762
41312	41307,41313,1388,1973,1982,41321,43692,6623,10622,10797
41313	41303,41312,41307,41302,41321,23900,41306,41315,41317,41318
41314	41308,41312,1387,1388,1431,4498,4509,4522,4527,5402
41315	41311,41312,1973,1982,17180,17198,17226,17238,17270,23993
41316	41311,23900,41321,41306,41308,41310,41315,41317,41318,1388
41317	41305,41311,23900,41302,41303,41307,41309,41312,41313,41315
41318	41302,41303,41305,41307,41312,41313,41316,41319,23900,41304
41319	41308,1388,31270,41310,41318,41323,492,6497,6563,7036
41320	482,485,23900,41197,41308,7764,11745,17249,25275,37992
41321	41303,41312,41313,23900,41306,41307,41309,41316,41302,41315
41322	41310,1413,1432,5250,6969,7034,7907,10636,12728,14454
41323	4527,17187,17198,17277,23900,40853,41295,41319,916,918
41324	22097
41325	528,638,2946,4163,4198,4202,4254,4289,4296,8008
41326	106,3412,7697,8401,8837,9336,9976,13016,14982,15690
41327	41329,39633,41328,41331,41332,41333
41328	499,909,2282,3237,3281,3358,3412,3896,3931,5766
41329	41327,39633,41328,41331,41332,41333
41330	39633,41328,41331,41332,41333
41331	24745,24765,39633,40878,41327,41328,41329,41330,41333
41332	3702,7204,7700,1387,1426,3429,8401,10640,10821,12825
41333	39633,41327,41328,41329,41330,41331,41332
41334	39512,41336,41346,41338,41342,16485,30979,41349,11100,39524
41335	38206,6452,37841,37851,6493,7019,37866,6461,6496,6516
41336	41346,41334,16485,41344,39481,39524,39527,41339,41349,49618
41337	41362,41341,41342,41347,41346,41355,41344,13456,16383,16485
41338	39512,41347,39493,41334,41346,30979,41343,41349,16485,39524
41339	41336,20045,39481,41337,41341,41342,41345,41346,41347,41348
41340	39512,39561,41334,41335,41336,41337,41338,41339,41341,41342
41341	41345,41342,41337,41347,41362,913,16485,39481,39524,41350
41342	41341,41337,41362,39493,39524,41334,41344,41349,41350,16485
41343	41335,41345,41347,41338,41346,41356,16485,30979,39512,41336
41344	41355,41336,41342,39512,41337,41350,41352,41362,41335,41341
41345	39493,41341,39481,41352,41343,41350,913,17218,19552,24396
41346	41336,41334,41347,41355,16485,39527,41337,41338,41362,6508
41347	41338,41337,41341,41346,41362,41343,16485,30979,39524,41348
41348	41345,41347,41350,41335,41336,41337,41339,41341,41342,41343
41349	41334,41336,41338,41342,41347,16485,30979,39512,39524,41337
41350	41345,41341,41342,41344,41347,41348,41355,913,6684,6986
41351	916,40519,41334,41336,41337,41339,41341,41342,41345,41346
41352	41345,41355,911,919,24456,30996,31001,37875,39481,39512
41353	41344,39512,39561,41334,41335,41336,41337,41338,41339,41340
41354	41341,918,1110,7466,12598,12782,19533,24364,26977,30966
41355	39512,41344,41346,39493,41337,41352,41362,39527,41350,6684
41356	41343,41345,41347,41335,41336,41338,41341,41342,41344,41348
41357	41334,41338,41343,41345,41347,30979,39512,39561,41335,41336
41358	41336,41337,41339,41341,41342,41345,41346,41347,41348,41350
41359	39512,39561,41334,41335,41336,41337,41338,41339,41340,41341
41360	41334,41335,41343,41346,41350,913,915,916,16485,30953
41361	41334,41344,41350,41352,41355,39512,39561,41335,41336,41337
41362	41337,41341,41342,41347,41346,41355,41344,13456,16383,16485
41363	39512,39561,41334,41335,41336,41337,41338,41339,41340,41341
41364	41343,39512,39561,41334,41335,41336,41337,41338,41339,41340
41365	39273,23283,36929,37359,37580,37597,37675,37734,37735,37822
41366	10029,23274,39243,36821,41369,23557,38474,39234,39241,41816
41367	10029,36674,39234,39240,44056,39241,39333,18963,37469,41816
41368	3409,6679,10006,10021,10075,10091,10151,23809,29379,36680
41369	23273,23274,41366,39243,38474,39233,39242,39247,41816,39234
41370	10043,23283,38486,39243,39268,41366,44070,44124,10008,10022
41371	38576,39363,17306,30232,36994,37448,37580,37119,37469,37597
41372	1432,40870,1426,4527,10797,10821,17200,17762,18031,23484
41373	23476,5274,6473,6609,6653,10606,10849,16147,16477,18504
41374	12924,15445,15697,17736,5661,8156,12979,16122,17731,17735
41375	342,609,616,1406,2694,3023,3760,4104,4122,5555
41376	284,11198,46791,1406,3394,3420,3760,6140,6631,7204
41377	8726,1432,5407,6939,7044,7501,9807,12268,13882,14026
41378	7930,15063,24454,40078,41381,1347,1388,1393,1406,1419
41379	41380,41383,41392,41394,1387,1406,3760,16067,16172,17755
41380	1387,4527,5250,14454,17556,18013,23476,23906,40238,41294
41381	1387,6934,9983,1388,1426,7211,17198,17199,17649,1421
41382	17746,40610,6654,14824,17649,6623,7036,14446,18006,18024
41383	22633,23883,36163,1387,1445,5402,6609,14454,15063,16067
41384	13667,23862,23866,23870,23893,1414,7034,14454,17755,17762
41385	1406,3760,16067,16172,17755,22553,23999,39588,40777,41373
41386	10701,17649,39394,18005,24364,6574,6623,7022,7036,11757
41387	23886,13667,41390,45662,17649,23862,23866,23867,23999,24449
41388	1406,3760,6523,7204,16067,16172,17755,18290,19555,22553
41389	1406,3760,4527,7051,7509,10737,11569,16067,16172,17099
41390	41387,23874,23892,41384,1406,13667,17649,17755,23860,23862
41391	4527,6654,39473,40870,1432,13115,14454,23999,30952,39584
41392	26413,29707,41379,41380,41394,1387,1388,1406,2249,3760
41393	14454,40610,40891,5407,23866,1432,4527,6611,6642,17999
41394	41379,41380,41383,41392,1387,1406,3760,16067,16172,17755
41395	6654,17999,38206,45689,1421,6600,14446,16067,22239,29446
41396	39753,39846,39831,39982,40002,1969,9983,17286,39816,39828
41397	1,8677,13828,14075,23360,32534,34229,34304,34476,34553
41398	29180,45,134,238,478,1347,1445,1959,1966,1967
41399	1388,6490,6574,6626,10773,10784,10788,10803,10805,10807
41400	20480,17,138,166,168,339,2031,12226,13205,13501
41401	11808,1431,1772,1823,6452,6523,6531,6544,6584,6607
41402	549,1027,1823,2793,5971,6019,6587,7717,7799,8802
41403	438,1140,1502,1810,1836,2084,2294,3131,6587,8640
41404	35861,41401,41403
41405	41406,41409,41414,7522,10253,13808,19138,25139,26519,27655
41406	19138,7717,10253,15278,26519,33121,41405,41407,41409,41412
41407	23718,27536,27736,1667,13899,29444,30305,32365,34751,1
41408	41417,41449,41467,4,12669,13810,18312,26268,38734,38799
41409	23523,23512,13948,13983,14005,14040,14234,19138,23511,23520
41410	41417,41407,41408,41415,41422,41430,41431,41433,41438,41441
41411	6451,38128,41405,41406,41409,41413,41414,41433,41458,339
41412	13800,13829,17636,19138,41457,3034,19063,23515,23519,23520
41413	19138,41409,951,41405,41406,41411,41412,41414,41415,41439
41414	41405,41406,41409,352,12466,19138,26519,32203,35551,41407
41415	29516,1031,13847,28263,29425,12929,16380,32222,38011,41407
41416	41425,41406,41426,41437,41440,41446,96,174,339,937
41417	5179,17026,41407,41408,41410,48142,1550,1578,1630,7521
41418	23515,35633,1031,11420,13800,13939,14048,14123,14150,14231
41419	41447,41450,10,339,961,1022,1080,1129,1157,1538
41420	339,7511,9839,10671,11863,13557,13810,14315,14686,15751
41421	230,339,7511,9839,10671,11863,12321,13557,13810,14315
41422	2608,2501,2574,35464,41407,41431,1754,2507,2528,2534
41423	23512,23519,23553,32502,41412,1,1052,1923,2640,9573
41424	41472,41406,41425,41426,41437,41440,41446,41476,96,174
41425	41416,41424,49743,339,937,1754,1814,7511,7714,8809
41426	17881,41406,41416,41424,41437,41440,41446,49,96,174
41427	32505,28,38,83,85,339,753,1092,1155,3586
41428	41406,41408,41409,41444,41449,41451,41467,117,135,273
41429	339,7511,9839,10671,11863,13557,13810,14315,14686,15751
41430	8563,41407,41408,41410,41415,41417,41422,41431,41433,41438
41431	16865,35570,35633,41422,43447,10175,15356,16863,16872,16874
41432	30145,25487,41405,41422,41440,41454,41455,41475,0,39
41433	21556,25228,27536,35630,38737,1031,14064,15175,17740,19365
41434	339,7511,9839,10671,11863,13557,13810,14315,14686,15751
41435	15356,18276,35633,41438,42051,1,2657,7521,8685,13870
41436	13183,41417,3,11,339,952,963,1741,1755,2413
41437	41440,33955,41406,41416,41424,41426,41446,43376,46144,19
41438	35621,21556,23550,35605,23690,35630,35633,13962,16862,25256
41439	13800,13829,16380,19550,35685,41412,41413,41441,41457,42073
41440	41406,41437,2,95,112,3233,11165,13801,13832,19032
41441	42692,42717,5456,11246,12333,13034,13810,14284,19113,31337
41442	49546,1923,19138,23511,23512,23523,41409,41457,1,2043
41443	339,439,622,1457,2662,6782,7458,7511,8672,8786
41444	27555,7785,27583,27585,27590,27679,38737,1489,9144,12633
41445	41412,41457,13814,23512,23523,41406,41440,41442,41475,339
41446	2036,2680,3450,5005,7830,9839,16914,17881,22939,33063
41447	18298,41419,41430,41450,10,339,1080,1220,1620,2416
41448	41407,41468,339,966,1421,1617,1823,3394,4330,5051
41449	8399,8270,8286,8293,8294,8295,8300,8305,8331,8340
41450	41407,41419,41447,10,95,150,339,454,1080,2416
41451	41408,41409,41428,41444,41449,41467,123,339,434,659
41452	16862,49909,49985,239,2646,2659,2678,2805,8675,13661
41453	35176,35184,35186,35191,35198,35200,35201,35209,35211,35214
41454	16880,49546,7521,7717,13870,15175,16861,16862,19920,25228
41455	41432,41440,339,959,3358,3875,7511,7680,9839,10671
41456	7246,576,1135,1220,1685,1688,2646,2881,3889,7012
41457	17636,32513,34140,13800,41412,13076,23507,23593,34319,34388
41458	41405,41406,41409,41411,41413,41414,339,807,815,838
41459	339,7511,9839,10671,11863,13557,13810,14315,14686,15751
41460	16508,22981,35635,41407,41435,41456,41474,41573,45837,112
41461	41438,223,242,339,995,1100,1490,1563,1936,2502
41462	8685,41474,47740,147,211,238,242,339,512,956
41463	1,109,339,1196,1602,2641,2714,4935,5025,5179
41464	2554,2982,4859,9804,10494,11166,11207,11621,12715,13246
41465	339,7511,9839,10671,11863,13557,13810,14315,14686,15751
41466	24655,339,1000,1361,1500,1571,2694,2919,4056,4187
41467	5026,8683,8688,8706,9740,13906,41408,41438,41449,43152
41468	41448,339,7511,9839,10671,11863,13557,13722,13810,13819
41469	339,3875,7511,9839,10671,11863,13557,13810,14315,14686
41470	3999,8671,22946,3037,3879,12650,22927,23508,23564,23569
41471	339,7511,7713,9658,9667,9839,10671,11095,11863,12639
41472	41424,35535,41476,339,937,1754,1814,7511,8712,8809
41473	18917,41406,41412,1,339,1814,1923,2438,5588,6782
41474	8685,25170,8816,10236,20561,1080,1155,7814,15233,15383
41475	12645,17636,17880,19138,22920,23511,30648,34161,41022,41405
41476	910,7731,32512,35559,41417,41424,41444,41472,41821,41831
41477	16906,27653,1031,1129,1661,1673,2645,4791,7714,8671
41478	
41479	7816,10652,18451,33370,33375,33377,33382,33435,33450
41480	13795,23202,19,135,168,442,1113,1220,1230,2281
41481	208,961,2473,3875,7476,10723,10801,10849,13834,13846
41482	35565,23513,23568,35605,35613,35692,49546,1351,2041,7713
41483	13870,15175,35570,35621,44887,1388,1814,1860,1939,1969
41484	52,1156,1176,1220,1689,2069,2684,3038,4210,5178
41485	9825,52,233,503,1404,5451,5588,5944,6092,9770
41486	26817,861,1026,1095,1357,1937,8667,12442,12444,12445
41487	342,850,1455,1741,1959,2894,4339,4360,5236,5263
41488	10,2691,8680,12097,12124,14723,15362,16936,18074,19528
41489	1129,32626,33432
41490	242,32072,284,701,760,918,1083,1094,1393,1925
41491	7862,9850,14434,19138,24661,26519,28751,32072,41405,41406
41492	41405,951,1661,1825,2641,2781,4252,4483,4981,6101
41493	
41494	1822,2411,5188,5944,7008,9605,10318,12562,12979,17646
41495	186,454,638,660,939,951,1079,1099,1230,1274
41496	
41497	2689,3879,10652,10701,22633,23885,29425,33056,40602,42940
41498	1489,1510,9656,9709,22357,25139,26870,34421,34886,43482
41499	15362,29722,44305,3034,44276,44293,44299,8680,16862,29728
41500	7458,11840,13801,22242,24693,24951
41501	13800,24550,439,1078,1129,2646,6038,10052,10240,13810
41502	
41503	23747,1181,6514,6959,7011,9683,10611,15234,19446,20154
41504	9605,19032,41519,1,107,1540,1822,2411,2930,5090
41505	21867,25914,27632,32831,42219
41506	166,19130,43136,43333,161,218,29838,138,168,2680
41507	0,689,714,2412,2430,3450,3842,3872,3947,4059
41508	1,107,959,1540,2930,3358,3875,5090,7680,8802
41509	959,3358,3466,3875,7680,12143,12164,13789,13978,19023
41510	
41511	
41512	13808,22829,23586,24789,25137,35565,43052,87,112,439
41513	21429,45834,450,631,1156,1158,1170,1198,1217,1233
41514	439,23305,25195,35621,38737,40812,1,234,971,1001
41515	211,490,546,956,1078,1080,1170,1212,1914,1930
41516	
41517	1664,1667,1689,13722,41646,1099,5179,5237,6038,6107
41518	29513,43607,1673,1692,3231,11577,15369,17235,27249,27286
41519	9605,19032,41504,1,105,107,161,543,1421,1540
41520	2084,4205,352,3931,4069,10987,16425,21618,21872,23400
41521	1,107,1540,2930,5090,7852,8760,8802,9605,10284
41522	19,1156,5225,5226,7678,10307,13818,13899,13951,16811
41523	2689,8685,10842,19406,19422,26872,34751,42070,19,134
41524	1661,8685,218,1022,1367,1390,1434,1455,1678,1685
41525	
41526	18389,27319,131,484,975,1113,1129,2041,2043,2378
41527	1,107,1540,2930,5090,8633,8648,8650,8802,9605
41528	12388,30693,47372,5956,6017,8688,8712,14105,15310,19009
41529	19093,29447,33269,39647,52,95,439,468,552,557
41530	2891,13616,18118,18279,18389,24526,38792,38822,39170,41526
41531	17173,17175,25370,25372,25376,25379,25383,25385,25387,25390
41532	1230,1433,2220,2252,2284,2554,2785,5682,5956,6017
41533	12744,14140,20050,30168,30602,1,19,61,66,106
41534	1,146,223,503,934,951,999,1034,1433,1680
41535	2914,6469,6487,6543,10606,11093,11783,23718,293,484
41536	910,1084,2642,4006,4875,9995,12972,13818,13906,14694
41537	1,107,249,815,1137,1186,1540,2059,2802,2930
41538	347,528,987,1829,2513,4389,5038,5040,5168,6807
41539	7242,7897,9927,11246,16532,16644,23170,23296,23437,24264
41540	
41541	
41542	9301,9310,9318,9325,2557,2558,2985,3150,9311,9316
41543	1,107,1099,1540,1689,1876,2481,2588,2678,2930
41544	29452,919,23730,34105,38201,38210,42726,45458,90,92
41545	8511,15856,15872,30077
41546	11536
41547	2637,2669,10289,23550,35661,40135,1365,1370,1695,2036
41548	186,973,1110,1135,2830,3394,4430,7698,10063,12565
41549	606,622,1156,1660,1708,2231,4717,5444,7651,9919
41550	
41551	1088,1139,2410,2637,2658,2679,2695,2701,2706,5933
41552	6487,12837,12838,12841,12875,33666,3394,3401,6543,11160
41553	35630,35613,42051,9194,19920,35692,14181,16894,23550,25228
41554	35179,36683,36909,37597,37701,10000,36687,37207,37675,44047
41555	1,634,1001,1230,2017,2554,2637,2652,2992,3043
41556	32858,32888,32898,32867,32869,32870,32877,32884,32889,32897
41557	2946,3230,6920,19664,27344,38946,47423,439,1196,1814
41558	1,107,1540,2930,5090,8802,9605,13654,13801,15018
41559	457,4819,5937,6156,6194,6783,8790,9771,9829,9839
41560	
41561	44700,232,3702,3727,4443,5307,5320,5854,6642,6646
41562	8321,8315,8318,8268,8284,8292,8301,8396,8399,33370
41563	
41564	9533,11092,11137,11542,16623,24362,24499,25040,28547,35184
41565	25215,41051,214,951,1064,1069,1076,1397,1414,1421
41566	927,1769,3428,12409,12425,12428,12459,12645,17113,17880
41567	34185,35633,42054,2646,2657,16863,16865,16872,16874,16878
41568	1137,1230,1664,1823,5051,7376,7398,8609,8666,9124
41569	6450,6474,6482,6496,6497,6508,6554,39157,74,788
41570	6882,9969,10350,19028,19075,20506,20846,23170,24628,32682
41571	254,1012,1841,8859,12623,15277,15286,15339,15346,16619
41572	32050,1413,6519,7907,22660,22666,23720,24046,32224,32582
41573	16621,21873,1085,6038,8685,13858,19057,19,1113,2142
41574	1814,3618,5537,12647,15314,16470,17234,19009,20561,24543
41575	21429,25264,35613,40118,40814
41576	
41577	10758,24565,29197,47335,47340
41578	98,2917,5229,10175,12574,13793,13800,13801,13843,13858
41579	8674,49860,49875,49880,49884,591,618,1915,11842,16903
41580	934,987,1048,4917,4930,7521,8674,13800,13870,13934
41581	49793,49794,49803,49795,49812,49784,49781,758,4254,6995
41582	7062,24209,25200,29456,98,108,1094,1196,1534,1585
41583	15389,17154,17162,18524,39812,39833,39858,39892,43334,43538
41584	
41585	
41586	33749,33764,33778,33779,33758,33763,33777,44849,48342
41587	79,1741,8712,9784,15545,18929,19255,22954,27628,33014
41588	
41589	
41590	10002,18963,39240,41367,10004,10009,10014,10018,10035,10059
41591	19,1085,45022,439,16621,24700,25224,25405,25421,29461
41592	
41593	41408
41594	36806,10104,36908,37030,37707,8686,10096,10114,10135,32777
41595	3134,3153,3184,3212,3213,4835,5226,5229,7269,15353
41596	2417,2787,3993,6298,6450,6461,6474,6489,6611,6666
41597	
41598	204,2060,3685,3762,4003,7216,7606,9730,9912,10264
41599	9659,10778,11198,35900,39479,45585,123,133,237,299
41600	8270,8307,8348,8362,46516,48866,1010,4736,8268,8269
41601	
41602	
41603	6495,6496,6556,6561,6450,6466,6474,6483,6533,6627
41604	40240,40262,40282
41605	37600,38472,44181,6679,10012,10016,10028,10029,10035,10036
41606	10035,18964,37276,39240,44181,10012,10016,10028,10078,10112
41607	1100,13832,1230,2640,2644,2689,7527,7850,8932,10240
41608	342,543,7494,13805,13863,13865,13880,13886,13889,13896
41609	32858,32916,6966,23747,32402,32787,32862,32863,32864,32865
41610	
41611	
41612	
41613	196,238,452,1350,1366,1392,1428,1453,1545,1657
41614	12024,694,696,704,744,758,762,783,1625,2331
41615	33370,33379,34278,116,168,973,1129,1657,1670,1679
41616	1038,1585,2141,7751,7785,9714,13169,14005,21429,25186
41617	39243,39244,2603,10038,10043,10045,10058,10066,10086,13804
41618	
41619	49546,12,116,134,1135,1159,1489,1923,2165,2180
41620	25195,35678,16,19,89,242,439,450,713,1088
41621	19444,45572,45585,1388,1657,1661,1672,1706,1725,1780
41622	35179,37254,37448,37591,10022,10043,10090,10099,18912,25186
41623	3750,3751,4534,15113,15706,15710,20396,25084,32471
41624	439,933,956,1031,1099,1536,1605,1838,3618,3734
41625	11772,452,482,988,1366,1388,1393,1394,1545,1590
41626	282,32356,32360,32394,32408,32730,32734,32738,32782,32784
41627	975,1001,1100,2655,8292,8536,15358,35585,35613,35678
41628	30459,1694,2667,20567,0,168,204,2687,10469,12640
41629	
41630	
41631	1,20,951,1052,1661,1825,2641,4252,4483,6101
41632	439,49774,2054,13793,13911,13998,14015,14131,1904,13800
41633	8423,30705,49788,1000,1894,1895,1899,1904,2084,6598
41634	
41635	1446,4227,6158,6574,6580,6966,7354,7862,10454,10635
41636	
41637	
41638	7242,3332,3333,3347,3362,3368,3702,3931,4234,13520
41639	
41640	1113,1220,2281,2802,3931,4871,4879,4880,4882,4890
41641	6962,6966,11756,23747,25278,5242,7364,23779,23795,25276
41642	44132,36862,36903,41903,44201,10053,36734,37132,37356,37812
41643	
41644	10012,13830,17872,18964,36764,36831,37011,37178,37203,39259
41645	27653,8685,12633,7723,8816,32050,32532,956,5263,10027
41646	19920,21556,35633,25195,42054,1689,2684,13837,23586,25224
41647	
41648	10099,27671,35179,37063,37178,37210,37580,37597,37701,37734
41649	170,221,343,453,570,575,728,1497,1581,2324
41650	26259,45602,689,714,1111,2430,3842,3872,3947,4225
41651	1657,17235,82,168,438,1183,1664,1667,1670,1679
41652	2795,3875,9471,9553,11164,14366,20440,22511,22574,22577
41653	41233,18964,23273,23274,37181,37580,37753,39247,39268,39273
41654	4075,10407,11018,13616,14621,15367,20854,22143,24762,25766
41655	
41656	2972,3685,8776,10619,12439,12443,13871,17207,21903,22346
41657	13243,22282,22852,26069,5283,5289,5351,5371,5389,6260
41658	
41659	1392,1617,2830,2956,3894,7718,7801,7828,12666,13478
41660	11190,242,543,581,703,1045,2118,2166,2838,3685
41661	2699,6168,8532,13280,13600,13834,13915,14534,16643,16650
41662	37211,37580,39332,39366,41253,10014,36693,36870,37701,39233
41663	31898,1617,1692,1694,1918,3878,3943,4194,4313,6587
41664	25200,1085,1689,13818,38737,1100,13847,23305,27552,27736
41665	3307,8511,10498,10579,12025,13621,14335,15277,15303,16032
41666	44767,44770,44792
41667	
41668	171,627,989,2162,2507,3932,4187,7728,7850,7852
41669	9996,10020,10043,13993,14203,14230,14241,14244,15367,18399
41670	9194,13837,19920,32071,35621,35633,35678,1,161,934
41671	35977,36039,37834,6534,6565,6580,17748,35987,35992,35993
41672	18372,3230,3927,6675,6691,6864,6866,6875,7665,7930
41673	20546,24101
41674	566,609,628,1234,3347,3893,3948,4114,4219,4240
41675	
41676	33524,52,541,596,622,1069,1357,1361,1613,1719
41677	10240,10408,20290,40808,45022,1129,2644,3734,4133,4143
41678	1245,2144,2204,6167,6200,7259,13557,14278,14397,14485
41679	147,966,1048,1059,1595,1625,1633,1647,1695,1778
41680	35633,35678,23690,35630,35692,1664,14181,21556,35606,13870
41681	7242,30881,2281,8514,9839,11863,12344,13656,13684,15343
41682	3466,6063,11892,13840,44903,242,1678,2557,2561,2565
41683	18351,351,371,377,677,682,778,809,1230,1977
41684	1841,0,6,117,135,273,573,951,987,1039
41685	20078,21515,29602,101,265,336,384,385,394,656
41686	1615,4795,13298,13882,18163,19443,20801,23202,25224,27635
41687	2169,3282,3286,3290,3296,8726,11045,13837,23568,29260
41688	3237,6161,10407,18425,21266,22163,22312,24147,24154,36336
41689	7989,18614,20927,35546,549,575,578,5186,5498,5670
41690	3937,546,6142,7994,9097,9925,12308,12328,12339,14309
41691	548,8536,13280,13430,13681,13689,14982,15297,15757,17363
41692	36919,36938,37001,37692,910,4981,10007,10009,10038,10041
41693	1100,1220,3882,3931,10240,20473,22158,27736,546,1137
41694	
41695	49800,975,1890,2043,3625,3927,15320,28712,29460,31975
41696	202,3491,3497,3508,3518,3469,3492,3509,3525,3536
41697	14318,8233,11863,20531,2786,9950,12554,15757,19485,575
41698	1137,934,34536,19,87,951,975,1031,1156,1184
41699	25764,7681,14303,18829,20793,23381,23447,25747,25837,579
41700	27584,27585,27610,27652,27682,14782,19443,24693,27542,27570
41701	608,3937,17468,18445,5986,14324,15761,22749,32671,40725
41702	1432,6515,33840,40606,40830,6623,6654,9983,14454,17198
41703	44446,2204,39127,5046,7527,8813,11208,11325,14264,21180
41704	3702,4074,4320,8400,8407,8425,8448,8450,16622,16634
41705	
41706	37247,37378,37580,37597,37734,37735,10007,10048,10067,10117
41707	22532,366,20567,21273,22551,351,482,522,560,576
41708	
41709	13280,17842,20518,24140,578,6161,7698,7989,8790,9942
41710	18372,18408,18413,18451,22596
41711	
41712	544,18449,18614,18646,24147,29870,34931,235,254,542
41713	11863,18463,609,615,617,621,1185,1433,4314,4527
41714	30881,7882,9905,11863,13618,18848,22528,42817,557,6161
41715	19904,22268,29556,30275,40705,40715,40716,43250,49075
41716	
41717	13309,22241,4102,4240,4253,8531,15757,549,1228,3878
41718	541,9391,15008,21626,21815,27809,36336,48603,48635,48654
41719	6840,22241,394,534,621,909,1698,2869,2876,3010
41720	18810,2286,6161,7882,11863,13616,14456,15253,17360,18353
41721	24243,29630,522,708,752,772,6121,6142,6172,6208
41722	
41723	
41724	237,284,298,1887,1918,4670,4693,4858,5974,7204
41725	18014,24364,37893,40878,44005,32,503,1404,1492,1973
41726	49226,19,1031,10033,10041,11860,13805,13882,14181,14242
41727	
41728	
41729	6193,9847,15715,18288,18432,18437,18458,18463,18599,18811
41730	
41731	3412,25342,39697,39720,39725,7697,9976,13016,14982,16532
41732	36847,37188,37211,37597,37675,39240,39268,41233,6679,8816
41733	6654,40606,14454,42921,1432,4527,6631,10821,23866,24249
41734	12,87,6038,9847,10350,13273,13315,13326,16655,16674
41735	10529,22077,4736,20521,3390,3422,4525,9737,9839,9882
41736	
41737	2161,6161,11865,20567,24147,41697,42900,338,366,549
41738	17059,23366,24155,36662,1433,2161,2281,9847,13280,14271
41739	1084,18338,87,498,499,910,1110,2642,2714,2722
41740	87,627,657,1230,7521,8768,12330,13792,13962,13991
41741	
41742	42908,11863,13280,18646,18848,3238,5265,15751,15757,16369
41743	20525,21266,24155,41688,11863,13669,15757,18845,18848,22697
41744	
41745	9874,18447,26835,527,556,557,772,1230,1433,2204
41746	1688,1694,2647,2687,6109,24334,40425,43282,19,62
41747	14982,16532,16631,24432,24446,29498,39654,660,3412,3702
41748	42897,2286,7882,13280,13616,20518,20521,21267,42855,7691
41749	
41750	24258,16643,23943,23944,24446,39585,39720,762,1423,3702
41751	22312,13829,1100,4160,13800,13818,14171,14203,24761,29854
41752	44063,44107,39310,44088,44126,44168,23675,36989,37150,37326
41753	6493,6565,1404,1431,4494,4521,6455,6575,11142,39394
41754	36808,37181,37018,37248,44069,36763,44047,44193,10058,37225
41755	36989,9999,37145,37199,37506,39249,41754,41756,10058,36764
41756	10058,37248,36808,44066,44196,36679,37150,44125,10000,36669
41757	44107,44069,44088,44066,44074,44126,9999,36764,44068,44082
41758	36808,37180,37573,41754,41764,44193,44209,3760,36685,36735
41759	37215,8686,36835,37001,37018,37212,37380,39232,39233,39235
41760	37387,41756,3760,36808,36894,37150,37183,37238,37261,37275
41761	3760,37387,40178,41753,41754,41755,41756,41757,41758,41759
41762	3760,37387,40178,41753,41754,41755,41756,41757,41758,41759
41763	3760,37387,40178,41753,41754,41755,41756,41757,41758,41759
41764	41758,44074,3760,10035,10045,10091,10096,15383,19049,23273
41765	37136,13638,18334,18613,19576,20539,20542,20544,21267,42013
41766	33460,8685,9561,23517,24642,30213,31179,35453,42033,42034
41767	18654,20525,12343,12667,15283,18818,20497,27536,27653,41628
41768	8766,13700,15793,18100,18441,18560,18818,19578,21231,41771
41769	24550,34278,41779,42569,98,168,433,458,973,1016
41770	13632,41801,41802,5996,20542,42858,7699,8800,17059,18318
41771	18298,41792,4981,6477,8766,18818,22773,34950,41768,41778
41772	42920,98,134,147,242,468,484,1347,1369,1380
41773	8800,37136,41784,41803,18613,35752,41782,41783,41800,41801
41774	41776,98,1534,1643,1644,2243,2798,5818,9773,14332
41775	615,18614,575,3937,8783,12060,12107,13654,14271,20567
41776	1581,41774,98,5818,6304,18100,18344,18560,18818,20497
41777	1854,2709,11572,23179,98,168,1423,1581,1670,1810
41778	13411,4782,10267,18344,18561,550,578,3937,5086,5948
41779	41769,98,1534,1643,1644,2243,2798,5818,9773,14332
41780	41787,98,1244,1581,2286,3736,5818,6180,7292,7425
41781	98,1581,5818,18100,18344,18560,18818,20497,27881,30336
41782	41791,125,9463,9770,18306,18320,18886,20456,40172,41801
41783	15265,35852,41786,41801,5358,7882,10548,13638,13648,15715
41784	18806,41788,41803,52,2204,5933,8783,8800,11863,13618
41785	3004,4159,4246,4254,22102,22291,3937,4206,4231,16689
41786	13618,13648,2286,9467,13280,13654,17490,18432,18447,18626
41787	41804,18294,20506,20529,29566,30245,41780,41783,41789,43107
41788	20539,41800,20542,41784,18100,18614,20521,35822,39014,41803
41789	18298,41771,41787,98,1220,1581,3025,3875,4819,5682
41790	5818,18100,18560,98,250,548,622,638,1045,1100
41791	5682,13280,20525,21260,41782,41794,5456,5933,6477,13623
41792	41771,41795,98,1581,5818,8815,17880,18100,18344,18560
41793	98,1581,5818,18100,18344,18560,18818,20497,27881,30336
41794	41801,18213,2864,8790,41791,15343,18456,20521,20525,38984
41795	1230,18818,41771,41791,41792,41797,98,351,575,1581
41796	20521,39014,41794,15343,18103,18818,20472,22517,27881,41775
41797	18100,21261,39014,5682,13176,18558,18818,21193,41748,41768
41798	41778,41794,41797,41805,98,1581,4102,5818,10898,14318
41799	11066,18343,4161,5933,7472,17463,18576,18844,18848,18858
41800	41788,18613,41784,41802,42858,5996,13632,13714,14232,18100
41801	41794,18213,3010,41770,41802,41805,8800,11865,17059,18306
41802	18886,41770,41801,13632,20472,41800,2204,9839,9880,9885
41803	37136,41784,18432,26974,41773,41788,5933,7882,8800,9796
41804	41787,98,1581,5818,8806,8815,18100,18344,18559,18560
41805	30568,41801,18613,20544,41794,1186,3010,3505,3684,3729
41806	7459,12750,40803,47462,2095,3231,3926,6782,7429,7455
41807	41810,7615,12877,12884,12906,14289,11561,12743,12803,27479
41808	10096,18912,36811,36903,37135,44092,1099,1664,10021,10023
41809	11324,11325,12778,41810,134,2031,2095,2249,2442,6939
41810	41807,7479,11181,18626,134,338,1797,2857,3231,4234
41811	24661,26519,1923,27536,29485,31325,38823,41406,96,174
41812	41664,364,679,908,1085,1100,1129,1220,1497,1871
41813	9780,12618,12649,44619,3,41,908,1342,1913,2598
41814	211,908,956,1078,1080,1170,1212,1914,1930,3233
41815	3999,22946,3880,4364,4389,23697,23698,186,638,6019
41816	39240,39239,23274,41886,39242,10029,44124,36821,39243,41367
41817	7723,5472,7712,7739,7777,7828,13661,18313,32488,32505
41818	908,18917,18964,22505,22512,25170,27001,27655,29858,36697
41819	908,1181,18917,18964,22505,22512,27001,27655,29858,33510
41820	6,908,2793,2948,5928,5951,7785,15280,18917,18964
41821	41831,7731,23510,32512,35563,41476,41879,908,2409,2627
41822	908,18917,18964,22505,22512,27001,27655,29858,36697,36894
41823	908,18917,18964,22505,22512,27001,27655,29858,36697,36894
41824	13808,23510,24689,27655,30220,32534,34909,35646,37178,87
41825	908,18917,18964,22505,22512,27001,27655,29858,36697,36894
41826	41842,41862,908,18917,18964,22505,22512,27001,27655,29858
41827	35071,24693,9129,9607,10276,22940,22954,24585,24650,24686
41828	23685,27551,1378,4389,4454,5263,5924,10236,17595,20561
41829	40204,908,1615,4795,13298,13882,18163,18917,18964,19443
41830	25186,10022,37356,10135,19365,30220,27552,37448,37597,39240
41831	41821,2409,7731,23510,32512,33188,35563,41476,41879,908
41832	908,18917,18964,22505,22512,27001,27655,29858,36697,36894
41833	10135,18912,18964,27655,36847,36864,36894,37215,37254,39247
41834	36707,36827,36894,37022,37176,37247,37303,37430,37467,41051
41835	908,18917,18964,22505,22512,27001,27655,29858,36697,36894
41836	34644,39268,44173,23557,37211,37481,37537,37580,37597,37734
41837	40318,284,850,908,1433,1489,1841,1920,2894,4339
41838	1356,3023,6955,6976,6982,7044,7046,12735,28689,5250
41839	908,7785,8123,8127,8130,9656,12725,16831,18917,18964
41840	908,18917,18964,22505,22512,27001,27655,29858,33898,33900
41841	48,220,908,1864,2011,2413,2606,3409,3796,4679
41842	41826,41862,908,18917,18964,22505,22512,27001,27655,29858
41843	908,18917,18964,22505,22512,27001,27655,29858,36697,36894
41844	35591,38743,454,2242,9718,9796,9820,12107,12632,13654
41845	23285,41233,87,908,6679,8816,9995,10018,10022,10025
41846	204,908,2682,3200,6018,6100,6101,7796,12260,12951
41847	9724,3394,3669,6893,7785,17152,17504,27542,27563,27625
41848	7785,18917,19365,25200,25215,41664,49226,1,528,638
41849	27655,30351,87,576,908,1136,2541,3931,3994,4262
41850	39233,41253,41367,41836,44189,10014,10029,10038,23273,23557
41851	36936,10086,37188,36669,36811,44189,10053,36679,10047,36908
41852	39247,41851,908,18917,18964,22505,22512,27001,27655,29858
41853	908,1043,1110,16530,18917,18964,19550,22505,22512,23819
41854	908,18917,18964,22505,22512,27001,27655,29858,36697,36894
41855	17748,1432,5266,5314,17743,1413,1445,5275,5401,6958
41856	44914,908,4640,5498,5507,6121,6214,8501,13572,17476
41857	908,7950,9666,9684,11118,11714,11715,11717,11722,11723
41858	22505,40981,41867,41874,41880,352,439,788,908,1078
41859	908,18917,18964,22505,22512,27001,27655,29858,36697,36894
41860	41817,908,7720,13616,18917,18964,22505,22512,27001,27655
41861	908,18917,18964,22505,22512,27001,27655,29858,36697,36894
41862	41826,41842,908,18917,18964,22505,22512,27001,27655,29858
41863	908,18917,18964,22505,22512,27001,27655,29858,36697,36894
41864	908,4454,6513,6608,11092,11095,11097,11105,11108,11110
41865	908,18917,18964,22505,22512,27001,27655,29858,36697,36894
41866	908,916,1404,1409,1421,1897,3655,4494,5314,5377
41867	22505,2504,10469,25194,29435,41858,41880,48849,48924,168
41868	908,4354,9706,12598,13854,14154,18917,18964,22505,22512
41869	908,11542,12060,18917,18964,22505,22512,24275,24365,27001
41870	30713,908,2018,7444,10368,18917,18964,20572,22505,22512
41871	39295,908,8686,9995,10002,10029,10035,13980,18917,18964
41872	37215,37011,41893,41900,10018,18916,37035,37416,30220,36735
41873	908,6541,6679,18917,18964,22505,22512,27001,27655,29858
41874	2956,3011,22505,23130,23134,23140,41858,41880,47450,338
41875	908,18917,18964,22505,22512,27001,27536,27655,29858,36697
41876	36735,36669,36672,36708,36742,36952,37002,41851,41893,41900
41877	908,18917,18964,22505,22512,27001,27655,29858,36697,36894
41878	10792,17974,26349,0,117,135,908,1220,1387,2755
41879	41821,41831,908,7720,7731,7751,9734,18917,18964,22505
41880	22505,41858,41867,41874,101,439,566,621,908,1077
41881	93,676,821,908,4787,13557,15050,18917,18964,22505
41882	18917,41848,560,616,760,908,1129,1136,2644,2689
41883	41830,12,908,1431,1680,1692,1694,1776,1787,1797
41884	36339,36341,36344,36347,36406,36414,366,384,660,908
41885	26872,10842,15113,138,8501,11504,11508,15706,15843,16621
41886	10029,39239,39234,10127,39240,39247,41816,10013,23273,18912
41887	41851,23259,36799,36888,36922,37511,908,6679,10009,10038
41888	18912,36870,39237,10066,36742,44173,10014,36777,37457,39332
41889	908,18917,18964,22505,22512,27001,27655,29858,36697,36894
41890	41816,908,10043,18917,18964,22505,22512,23254,23275,23279
41891	908,18917,18964,22505,22512,27001,27655,29858,36697,36894
41892	44178,41851,44049,10055,44189,10028,30220,36674,36903,36908
41893	37011,37030,37215,41903,41851,36817,37035,41900,10099,36735
41894	39247,41816,908,10006,10030,18917,18964,22505,22512,23288
41895	908,11860,18917,18964,22505,22512,23718,27001,27655,29858
41896	908,4990,4993,9995,10006,10014,10019,10024,10026,10036
41897	34442,36966,36978,37071,37234,37328,37461,37538,37580,39310
41898	37380,37701,39237,39242,41102,36693,36870,41911,44206,23288
41899	
41900	37035,37030,10021,37085,37385,36735,36784,37006,37011,37017
41901	4454,10047,10079,18963,23254,23276,23281,36674,36745,36910
41902	34957,35005,18841,24002,34932,34937,34977,1348,1392,4995
41903	36936,37188,44132,10114,36908,36903,44075,10053,36669,36693
41904	21266,27849,47804,134,338,384,438,439,1382,1409
41905	2773,9774,11192,14767,15552,21465,25166,29888,42414,43290
41906	27635,339,1230,2193,2213,2240,2603,2689,2867,3606
41907	
41908	
41909	
41910	
41911	36870,37457,44206,39237,41898,36693,37380,37701,38563,39242
41912	10014,10109,36903,37132,37172,39242,39247,43114,44049,44132
41913	910,1431,11107,17150,18841,29144,35374,40788
41914	10040,10053,10072,36691,36720,36742,36811,36900,36903,36988
41915	3931,14469,18126,22282,22603,22615,24449,28112,29305,29707
41916	1131,1559,2123,2680,5295,5537,6955,8454,8542,9030
41917	87,9995,10014,10022,10038,10053,10055,10059,10072,10086
41918	37448,910,1135,10043,10135,22505,25186,37068,41893,45042
41919	910,30220,37416,439,6710,8270,8273,8284,8293,8859
41920	39247,39243,10029,39240,41233,23273,39233,39239,39242,41886
41921	39247,39242,39237,39233,41367,37132,39240,10022,10066,36821
41922	
41923	
41924	6114,8706,16914,19388,29379,29800,74,134,161,239
41925	
41926	36847,37481,37580,37597,39273,41051,41816,44095,44252,10149
41927	1131,1559,2123,2680,5295,5537,6955,6982,8319,8454
41928	36820,37753,44223,910,36972,36994,37211,37247,37580,37814
41929	37374,44198,87,8816,9995,10025,10041,10062,10066,10106
41930	19,528,546,575,638,1113,1183,1220,1382,1404
41931	36947,36952,9996,10095,10114,14794,18916,27656,36683,36706
41932	10000,10008,10017,10079,23273,23276,23295,37226,38525,39242
41933	6679,9996,9999,10016,10022,10033,10147,13174,19110,30220
41934	1342,1626,10001,10085,18951,21201,23264,23862,24209,30232
41935	37448,10114,18912,37254,44178,10028,10043,10135,18963,19365
41936	41826,41842,41862
41937	
41938	23288,23289,36693,36870,36927,37457,39237,39242,39288,39332
41939	242,3895,13911,22312,27736,30228,30483,36754,19,439
41940	37211,39268,23279,37580,10022,10135,23273,23285,37453,37597
41941	12,882,885,896,897,910,2027,2036,2142,2410
41942	910,37484,10105,10144,23262,23276,24338,24343,30360,36665
41943	1,1923,19138,27555,38737,49546,910,1034,1814,2407
41944	32169,37981,27086,27595,27653,32005,32022,32033,32035,32046
41945	910
41946	38737,16508,17898,25186,27552,27556,27560,27571,27583,27585
41947	12,910,4143,6038,7858,8492,10077,13616,14694,16166
41948	
41949	
41950	
41951	
41952	910,3743,4935,6114,8217,8683,8706,9404,9696,10642
41953	
41954	910,27643,40383
41955	
41956	15715,21193,28731,35383,41797,41906
41957	910,10082,37226,37266,37688,38542,39242,39273,41642,44141
41958	910,4981,10007,10048,10067,10117,10125,14097,18547,18642
41959	6030,7805,7834,10082,10149,12298,20291,27608,32031,32092
41960	
41961	10144,23287,37469,37580,37597,37675,37734,37735,39234,10064
41962	17288,18889,24338,36689,36850,36966,36993,37047,37072,37258
41963	4527,11094,18841,19444,39766,41985,45423,37,478,857
41964	41076,42000,32045,41106,41990,1250,1928,2646,6543,7262
41965	41997,3099,6623,9999,10002,10014,10028,10623,10643,11107
41966	5264,6438,7715,12714,13143,23476,40581,48472,73,343
41967	6691,28672,29177,31019,35991,39482,39503,40622,47848,285
41968	8220,10788,42510,42921,48499,1406,1414,1426,1432,2491
41969	23484,12307,41984,44756,44765,32,1393,1628,2201,2286
41970	18614,1245,2204,2238,5960,6161,9784,12598,12667,13280
41971	10055,10012,10018,10022,10103,10623,13830,37011,38576,1982
41972	6589,6623,11743,35193,37866,37871,45381,45552,918,1441
41973	24364,6561,40883,41131,1247,3099,4397,4509,6611,6623
41974	3099,3888,6623,10623,10643,11107,11542,13143,18841,19125
41975	0,343,696,728,758,783,795,1317,2187,3099
41976	37172,37226,37242,37469,37580,37701,37719,37822,38576,39268
41977	313,1080,1642,1741,1742,1748,1751,1752,1753,1754
41978	28704,6881,13306,18120,24226,28572,34943,64,143,161
41979	3099,6623,10623,10643,11107,11542,13143,18841,19125,20528
41980	3099,6623,10623,10643,11107,11542,13143,18841,19125,20528
41981	3099,6623,10623,10643,11107,11542,13143,18841,19125,20528
41982	910,3099,6623,8816,10078,10623,10643,11107,11542,13143
41983	1414,1438,1441,2902,3099,6623,6668,7049,7907,10623
41984	7415,20995,23883,28722,29130,30197,36575,39394,40691,41969
41985	6486,6611,6653,11081,19506,29141,39487,40532,40843,41963
41986	3099,6623,10623,10643,11107,11542,13143,18841,19125,20528
41987	3099,6623,10623,10643,11107,11542,13143,18841,19125,20528
41988	41990,42000,131,1077,1393,1397,1432,1797,3099,3714
41989	2919,3099,6623,10623,10643,10681,11107,11542,12574,13143
41990	39473,40413,24000,40158,41106,13115,18309,32751,41702,1432
41991	2830,3099,6623,7458,7463,10623,10643,11107,11542,12595
41992	23667,38743,45,659,3099,5996,6623,7261,7263,8391
41993	3099,6623,10623,10643,11107,11542,13143,18841,19125,20528
41994	3099,6623,10623,10643,11107,11542,13143,18841,19125,20528
41995	3099,6623,10623,10643,11107,11542,13143,18841,19125,20528
41996	30142,11865,17461,17466,18614,18646,18844,18886,19576,20514
41997	44101,36741,36806,36919,37765,44049,44178,44199,910,10014
41998	105,2438,3099,3403,4364,6015,6016,6623,6782,7789
41999	3099,6623,10623,10643,11107,11542,13143,18841,19125,20528
42000	41964,18841,24226,131,13115,20927,26520,28234,32045,33840
42001	0,39,43,194,956,3099,5534,6623,7323,8804
42002	559,3099,4493,6229,6623,6641,6648,6654,7036,7242
42003	35621,8726,13973,14178,16946,18841,23512,23611,34160,34319
42004	3099,6623,10623,10643,11107,11542,13143,18841,19125,20528
42005	3099,6623,10623,10643,11107,11542,13143,18841,19125,20528
42006	3099,6623,10623,10643,11107,11542,13143,18841,19125,20528
42007	24189,18119,18880,24933,9874,18456,18613,18872,18881,20542
42008	42009,42014,42016,42023,42027,1505,4396,4441,4463,15817
42009	42014,18119,18499,42008,42016,11107,11732,24012,24189,29935
42010	18576,20521,30209,41267,1433,4765,7639,9847,12667,13632
42011	18878,18886,24386,42008,42009,42010,42012,42013,42014,42015
42012	7327,1772,6487,6623,7029,23484,33306,39475,40840,42029
42013	18294,41765,8800,3010,3400,9874,13632,14271,14291,18334
42014	37948,37967,38012,42009,42023,18119,24189,42008,42016,42027
42015	18878,637,4765,9151,9451,10477,16606,18342,18449,18566
42016	42008,42009,42014,42023,42027,18119,24189,29935,42012,42017
42017	42008,42009,42012,42014,42016,42023,42024,42027,42029,17616
42018	42010,42026,2901,12887,16616,18613,18872,18880,18881,18886
42019	42025,42027,3010,9874,18886,20456,41801,42008,42016,42029
42020	18878,18886,24386,42008,42009,42010,42011,42012,42013,42014
42021	638,1459,4923,6778,8615,9680,18294,18878,18880,18886
42022	20542,40412,41765,578,9885,18613,19576,20472,20521,20553
42023	42014,42027,18119,24933,42008,42016,24189,29935,42012,42017
42024	42008,42009,42012,42014,42016,42017,42023,42027,42029,6224
42025	42030,42019,1366,9983,17198,17346,24933,39781,49577,49606
42026	18872,18886,7882,15757,18881,42018,2901,2917,4252,5937
42027	42023,42008,42014,42016,42019,18119,24189,24933,29935,42012
42028	18878,18886,24386,42008,42009,42010,42011,42012,42013,42014
42029	42012,42030,33767,42008,42009,42016,42017,42019,42023,42024
42030	42025,42029,42012,617,1366,1704,3347,3843,4219,4240
42031	3684,13661,20080,40579,40659,40830,40918,40997,41372,41752
42032	9996,10020,10043,23259,23261,23283,23286,30232,36680,36697
42033	2641,941,956,3734,8816,10055,13166,19388,22244,23508
42034	19032,23165,39234,966,1113,1689,1943,2915,3734,4330
42035	3684,13661,20080,40579,40659,40830,40918,40997,41372,41752
42036	4527,6659,7019,11142,23997,35193,37875,47762,371,394
42037	15063,16067,49485,5376,7204,7511,10792,13160,23993,39472
42038	5589,5595,5603,24226,40751,41372,42036,42037,42039,42040
42039	1382,7512,18841,23993,34923,34925,34930,34942,40997,4509
42040	1076,1077,3247,4416,5407,6542,6549,6563,6570,6574
42041	1371,1413,1428,5236,5242,5309,11756,13278,17498,20512
42042	6565,35758,36001,443,1250,1382,1421,1431,1680,3246
42043	35030,1485,7354,12694,14026,33132,33361,33613,35759,35834
42044	32403,36190,42045,117,300,626,1342,1349,2249,3394
42045	1349,7354,42044,1352,1354,1355,1359,1371,1379,1380
42047	35633,15356,35570,40204,1754,2641,2762,8675,13796,16863
42048	42057,42067,6101,15356,35633,42051,42052,42055,42066,42068
42049	9404,43191,16864,16868,16876,16878,16884,16931,16966,35633
42050	42054,2641,16862,23512,33555,40204,42059,42070,42074,49926
42051	15356,16861,17740,35605,35630,16878,16894,23550,25228,49226
42052	42057,42048,42055,42060,42062,42066,42067,42068,42069,912
42053	42048,42049,42052,42055,42057,42058,42060,42062,42065,42066
42054	35621,34185,35613,35678,1,2657,14005,14181,23512,25199
42055	42048,42052,42057,42060,42062,42066,42067,42068,42069,2762
42056	5,33,95,107,109,118,140,189,223,233
42057	42048,42052,42060,42062,15356,19920,34485,35633,42054,42055
42058	42062,42073,42057,42067,16862,40204,42052,42053,42054,42055
42059	42048,42050,42052,42054,42055,42057,42060,42062,42066,42067
42060	42069,42054,42057,42066,42068,42052,42055,2762,16862,42049
42061	16868,16878,27653,29574,1031,16861,16862,16865,16891,16901
42062	42058,42057,42067,42069,16862,35685,42052,42055,42066,42068
42063	15362,19388,35621,35682,351,452,956,1114,1617,3734
42064	16862,42048,42049,42050,42051,42052,42053,42054,42055,42056
42065	42048,42052,42053,42055,42057,42058,42060,42062,42066,42067
42066	42060,42048,42052,42055,42057,42062,42069,2762,42053,42054
42067	42048,42062,42077,42052,42055,42057,42058,42069,42071,42072
42068	42060,42048,42052,42055,42057,42062,42069,2762,42053,42054
42069	42060,42062,42071,42072,42052,42054,42055,42057,42066,42067
42070	2565,8671,17434,23685,23697,23698,638,2558,8685,9891
42071	42073,42069,42054,42067,16862,40204,42052,42053,42055,42065
42072	42073,42069,42054,42057,42067,16862,40204,42052,42053,42055
42073	42071,42058,42072,34174,42077,16862,34331,34406,35614,42070
42074	20561,13858,25196,952,1099,6101,6304,8685,9891,12444
42075	16862,49985,16865,29724,33051,35570,35585,35613,35678,42061
42076	1754,8671,33559,186,638,2715,3880,3999,4364,4389
42077	42067,42073,42048,42052,42053,42055,42057,42058,42060,42062
42078	21687,30742,30785,11603,15064,20563,23182,23194,2019,2036
42079	20004,42086,42088,42089,42092,42094,42096,42098,42101,42107
42080	20046,42108,42140,42086,42090,42096,4036,13898,21677,31100
42081	21677,42092,42108,42114,42140,42090,42101,42107,42111,15064
42082	3134,3141,3191,4835,12346,48691,3143,3145,3152,3163
42083	21677,42081,42088,42089,42096,42108,20004,20046,42090,42110
42084	42085,42124,7186,20563,42115,42130,42139,43709,6810,16811
42085	42084,42124,20563,42115,42130,42139,6810,7186,17371,20829
42086	42101,42080,42107,24143,42092,42098,21687,42079,42094,42118
42087	4069,4264,4163,4296,5071,11018,12067,20046,20844,21078
42088	42092,42101,4036,31100,42098,42138,10939,21676,24143,31763
42089	42092,42107,42124,42110,42138,23182,23194,28446,28486,30742
42090	20046,42140,21677,42080,42081,42096,42108,42114,10939,23194
42091	42099,42120,19077,20596,12401,1137,2019,2036,2972,4069
42092	42089,42088,42081,42096,20004,42086,15064,42079,42094,42098
42093	1809,3171,5429,6934,7325,10652,20004,20046,21677,21698
42094	20004,42079,42081,42086,42088,42089,42092,42096,42098,42101
42095	1809,3171,20004,20046,21677,24143,42079,42080,42081,42082
42096	20004,42108,42080,42090,42092,42114,42098,42107,21672,21692
42097	7272,202,4045,19057,43776,660,1904,3493,3519,3542
42098	42088,20004,42086,42096,42101,24143,42079,42081,42092,42094
42099	42091,42120,19077,20820,32979,1137,3530,4118,8492,10699
42100	1137,4206,4212,4279,21958,24143,27334,42101,42107,229
42101	42088,42086,20004,42107,24143,42081,42098,42122,42127,42134
42102	20004,42081,42088,42089,42092,42101,42107,912,1212,1913
42103	42088,42081,42089,3171,15064,20046,21677,22379,24940,42086
42104	1809,3171,20004,20046,21677,24143,42079,42080,42081,42082
42105	1809,3171,7338,20004,20046,21677,24143,42079,42080,42081
42106	3171,20004,42081,42088,42089,42092,42101,42102,42103,42107
42107	42089,42101,20004,42081,42086,42096,24143,30742,30785,42079
42108	42080,42081,42096,20046,42090,42140,42083,42092,42101,42107
42109	42129,34100,34104,34114,34123,34124,34126,34129,34131,34137
42110	20004,42088,42089,20046,21677,42096,42111,42114,23182,42080
42111	20004,20046,42081,42114,42140,42090,21687,23182,24143,42080
42112	29364,3971,4046,4206,4279,22163,22866,31122,31125,31131
42113	1809,3171,20004,20046,21677,24143,42079,42080,42081,42082
42114	20046,42140,20004,42081,21677,42090,42096,42111,42122,42127
42115	42130,42084,42085,42124,6810,7186,17371,20563,42087,42112
42116	134,467,1754,1809,2063,2996,3171,3503,4035,4841
42117	28482,28385,28409,20046,28401,28407,28413,28421,28441,28445
42118	20046,21677,42080,42081,42086,42088,42090,42108,42122,42140
42119	2017,42139,2027,2040,2069,3474,3770,4591,7402,13430
42120	42091,42099,42122,14941,19077,20596,22110,30585,30818,42087
42121	47034,47047,47059,47152,47040,47060,47077,47087,47088,47129
42122	42127,20004,42088,42101,42114,21677,42081,42086,42111,42118
42123	42084,42087,42112,42115,42118,42120,42122,1809,1906,1910
42124	42089,42080,42084,42085,20563,42092,42108,42115,42125,42130
42125	42089,42124,20004,42080,42084,42085,42091,42094,42108,42133
42126	21672,21698,21713,21681,21683,8433,21717,28446,42089,42096
42127	42122,20004,42088,42101,42114,21677,42081,42086,42111,42128
42128	42114,20004,20046,21677,24143,42080,42086,42088,42101,42111
42129	34100,42109,34104,34114,34123,34124,34126,34129,34131,34137
42130	42115,20563,20829,42084,42085,42124,42139,7186,8034,10390
42131	1809,3171,20004,20046,21677,24143,42079,42080,42081,42082
42132	42086,20004,20046,21677,42080,42088,42089,42096,42110,42111
42133	3171,20004,21677,42089,42125,42126,1809,3146,3147,3174
42134	42101,20046,24143,42080,42108,42114,42122,42127,42140,20004
42135	9490,21738,26645,23224,26617,26623,26636,26637,26641,26643
42136	580,354,385,622,1668,1809,2786,3171,3896,4516
42137	1809,3171,20004,20046,21677,24143,42079,42080,42081,42082
42138	42088,20046,42089,42101,20004,30742,30785,42086,42140,3171
42139	42119,4841,20829,42084,42085,42124,42130,336,352,382
42140	20046,42080,42114,21677,42081,42090,42108,42111,24143,42118
42141	20004,42081,42082,42083,42086,42088,42089,42096,42108,42111
42142	1809,3171,20004,20046,21677,24143,42079,42080,42081,42082
42143	23203,235,362,438,541,1043,2238,2334,3733,4104
42144	33843,28972,32597,33816,1376,2409,10651,10658,13412,28968
42145	42160,42167,42170,42172,42177,42178,42179,42161,42186,40633
42146	1099,1689,1876,2238,2547,2678,3205,3231,3400,6021
42147	937,989,1129,1155,1661,1670,2238,4791,5524,6425
42148	143,171,1421,1772,2238,4053,4074,4246,4509,5049
42149	25818,2238,4730,5211,5234,5809,5928,6331,7653,8154
42150	22505,24510,24851,33955,33988,0,1,195,1085,1095
42151	15285,12444,42163,42168,42218,368,1600,2956,3039,5498
42152	4839,5934,6304,7651,10468,10546,12344,12640,15106,16624
42153	12315,12744,26267,31100,39651,1135,1704,1960,2238,2437
42154	42183,42192,4019,12196,15747,42157,42165,42169,42191,42193
42155	4840,12067,12195,13995,39012,79,161,562,566,3937
42156	3230,14065,18302,34651,38079,45076,351,385,543,807
42157	15747,42154,42169,2238,7653,7697,8154,9776,9920,10301
42158	42145,42152,42160,42161,42167,42170,42171,42172,42173,42176
42159	2238,7653,8154,9776,10661,15747,18868,21858,22334,22505
42160	42170,42178,42186,42145,42177,42183,42192,42208,4019,12196
42161	42176,42178,42186,42145,42177,42183,42192,4019,7651,8508
42162	10302,26268,19,143,150,222,503,689,714,960
42163	8710,42151,42168,3050,4736,5498,5924,8455,8667,9105
42164	626,8682,21238,31435,34413,34624,34634,42184,351,534
42165	42152,42154,42160,42167,42170,42171,42172,42179,2238,5179
42166	2238,7653,8154,9776,10661,15747,18868,21858,22334,22505
42167	42177,42145,42208,4019,12196,42152,42158,42165,42173,42181
42168	38841,42151,42163,5498,5924,8710,15285,30695,42523,42533
42169	15747,42534,46941,5037,7166,7171,8959,8965,8968,8973
42170	42160,42179,42178,42145,42177,42186,42192,42208,42183,4019
42171	42183,42186,1772,3786,7211,11139,12442,12444,12491,13160
42172	42183,42186,42145,42177,1772,6397,39627,42152,42158,42165
42173	42145,42152,42158,42160,42161,42167,42170,42171,42172,42176
42174	186,4389,5924,8671,10236,10305,14264,22505,22946,28381
42175	2238,4766,6621,7653,8154,9776,10661,12706,12708,14264
42176	42161,42208,4019,12196,42152,42158,42173,42181,42182,42189
42177	42167,42178,42179,42145,42160,42170,42172,42161,42186,42192
42178	42160,42161,42170,42177,42186,42145,42208,4019,12196,42152
42179	42170,42192,42177,42145,42208,4019,12196,17351,42152,42158
42180	2238,7653,8154,9776,10661,15747,18868,21858,22334,22505
42181	42145,42152,42158,42160,42161,42167,42170,42171,42172,42176
42182	42145,42152,42160,42161,42167,42170,42171,42172,42173,42176
42183	42171,42154,42172,42160,42186,42161,42170,42145,42193,2238
42184	5265,11192,19904,22536,615,621,4516,4875,5283,5960
42185	2238,7653,7714,7763,7818,7844,7849,8154,9709,9776
42186	42160,42171,42172,42178,42161,42170,42183,42145,42177,42152
42187	37378,37537,37580,37597,37701,37734,37735,44124,44192,37215
42188	2238,3403,7653,7853,7884,8154,9776,10661,12466,12568
42189	42145,42152,42158,42160,42161,42167,42170,42171,42172,42173
42190	17617,28109,38732,42154,42160,42161,42170,42171,42172,42176
42191	38732,42154,42160,42161,42170,42172,42176,42178,42179,42192
42192	38732,42179,42154,42160,42170,42161,42177,4019,12196,42145
42193	6021,38732,42154,42160,42170,42171,42172,42178,42179,42183
42194	17617,38732,42154,42160,42161,42170,42171,42172,42176,42178
42195	11583,12714,19594,27272,27334,4019,4070,12196,12743,15035
42196	7280,24066,6194,7240,7254,7479,7480,8239,467,4019
42197	4019,12196,38732,42154,42160,42161,42167,42170,42176,42178
42198	533,4019,4122,6397,6882,8274,9659,10671,10732,10851
42199	5033,7611,16176,27913,6287,8056,12315,15996,25806,27364
42200	5249,10613,25281,32423,1367,1384,1390,1434,1455,1485
42201	4019,12196,22786,38732,42154,42160,42161,42167,42170,42176
42202	4019,7509,8783,9839,11865,12196,13678,14391,15297,18432
42203	455,8685,2034,4135,4782,5668,6328,10985,12618,20853
42204	4019,12196,38732,42154,42160,42161,42167,42170,42176,42178
42205	42206,1415,1860,2802,3374,3446,3622,4019,4095,4955
42206	21672,28381,6920,8433,11228,19358,21683,21684,21687,21689
42207	14621,14642,14665,14630,14633,14640,14646,14648,14671,14684
42208	38732,42160,42167,42170,42179,42176,42178,4019,12196,42145
42209	2014,4019,6397,10797,10851,11246,11563,12196,13124,14324
42210	4019,6397,10851,12196,12774,31881,35899,38732,42145,42154
42211	4527,6893,6979,10611,11725,32773,40606,147,242,1389
42212	12196,64,84,368,4104,12784,13115,14514,16350,20510
42213	40606,4527,6653,6654,23866,40610,1432,23755,23776,5250
42214	12445,2956,8681,12409,12420,19388,30267,35732,42151,12
42215	79,522,560,1113,2574,4019,6397,6893,7357,10851
42216	4019,12196,38732,42154,42160,42161,42167,42170,42176,42178
42217	2674,4019,6397,10851,12196,13837,17010,19916,19921,20082
42218	2956,8681,12409,19388,30267,35732,42151,1600,3039,8686
42219	4717,15277,204,9882,12624,15304,30209,30423,1216,5038
42220	961,13107,13280,13898,14101,14221,18229,22312,23555,30607
42221	15277,2928,9774,27666,9737,15285,37945,37954,42223,42240
42222	27478,27535,43776,43795,43840,2375,2942,3217,3702,3721
42223	2928,42221,127,133,362,1242,1245,1263,1357,2585
42224	4389,8671,20561,22946,5924,12650,16621,22927,22934,22963
42225	2554,562,2188,4736,7651,22043,22089,22338,22638,83
42226	9105,21171,42224,546,575,622,2523,5444,6328,9691
42227	42224,6,9691,12667,15316,17478,21094,21171,30409,34234
42228	7651,351,2786,5033,6477,9691,10469,10817,14274,15283
42229	25790,43969,222,223,2841,2928,5051,5320,5438,5462
42230	3,41,457,1342,2598,2864,2915,2917,2928,3394
42231	4981,5231,5924,9105,9504,14943,20525,20615,21185,30261
42232	31531,31549,31650,31675,31679,31682,31684,31687,31688,42234
42233	15277,9483,12062,12195,79,154,546,1913,2196,2238
42234	31531,31549,31503,31513,31650,31670,31528,31534,31537,31643
42235	2928,7651,9691,9775,11621,14265,15285,15316,15347,19885
42236	2928,7651,9691,9775,11621,14265,15285,15316,15347,19885
42237	2928,7651,9691,9775,11621,14265,15285,15316,15347,19885
42238	557,1113,1220,1397,2928,3434,3575,4173,4738,5038
42239	143,439,454,1001,2027,2928,3895,4679,4736,5957
42240	575,3937,20567,4717,8783,17880,21239,10498,12326,21273
42241	975,1113,2043,2496,2646,2686,2928,3231,3625,3879
42242	42240,98,366,2523,2928,5038,5069,6196,6477,7473
42243	351,2928,4717,7651,9494,9691,9775,11621,14265,14892
42244	2928,7651,9691,9775,11621,14265,15285,15316,15347,19885
42245	42340,42337,42403,42342,42350,42390,42343,42348,42396,42341
42246	42296,42340,42298,42302,42260,42274,42278,42330,42396,42403
42247	42270,42274,42249,42252,42288,42343,42336,42273,42281,42300
42248	42290,42298,42340,42342,42246,42255,42270,42277,42302,42312
42249	42312,42260,42342,42290,42247,42350,42255,42273,42348,42310
42250	42277,42270,42249,42260,42296,42247,42273,42274,42290,42298
42251	15225,42252,42257,42273,42300,42314,42330,42391,114,158
42252	42277,42270,42260,42264,42247,42257,42312,42403,42288,42343
42253	12647,26195,7343,22159,24713,32613,33327,42273,42319,42331
42254	158,12835,14802,16271,17434,32830,33327,33416,40815,42246
42255	42290,42342,42260,42249,42298,42264,42302,42312,42366,42265
42256	44256,13671,29724,44299,44310,3034,3035,8680,12922,29719
42257	42260,42252,42269,42264,42273,42403,42249,42310,42337,42348
42258	42299,42252,42255,42264,42269,42289,158,161,165,239
42259	42274,42312,42298,42260,42273,42398,42281,42288,42336,42255
42260	42249,42252,42273,42343,42330,42255,42257,42336,42287,42293
42261	158,8613,12835,14802,16271,17434,18266,20491,22618,22625
42262	29753,43145,43175,43190,4935,15356,16914,17740,21168,26872
42263	1535,35579,38158,11075,8675,11088,25184,42255,95,140
42264	42302,42267,42252,42273,42330,42343,42310,42335,42255,42257
42265	42290,42255,42298,42340,42289,42403,42247,42274,42396,42302
42266	42290,42270,42255,42264,42289,42298,42340,42390,42396,42246
42267	42264,42288,42290,42310,42273,42281,42330,42335,42252,42255
42268	1546,1602,6109,15140,15142,15386,22945,38081,42299,42391
42269	42273,42281,42390,42257,42300,42305,42278,42307,42314,42349
42270	42247,42252,42343,42398,42310,42336,42300,42335,42314,42407
42271	158,1550,1553,1554,1559,1562,1565,1567,1575,1584
42272	158,223,12835,14802,15201,16271,17434,20675,23647,24561
42273	42269,42260,42264,42249,42312,42267,42274,42247,42257,42310
42274	42298,42247,42398,42259,42336,42273,42300,42348,42289,42286
42275	1534,1555,1564,1569,1579,1545,1573,1580,1543,1561
42276	42277,42302,42264,42290,42312,42337,42249,42267,42288,42296
42277	42252,42288,42286,42330,42281,42336,42305,42293,42300,42341
42278	42269,42296,42264,42270,42273,42340,42247,42302,42310,42246
42279	158,12835,14802,16271,17434,32830,33327,33416,40815,42246
42280	1950,3037,6529,14802,17434,33051,33416,33469,42246,42248
42281	42269,42277,42302,42342,42267,42290,42337,42247,42350,42259
42282	42252,42270,42277,42265,42269,42290,42296,42336,42348,42365
42283	158,1689,1860,2048,2855,4571,5241,5243,7325,7369
42284	4934,29719,23623,42247,42252,42269,42270,42277,43242,433
42285	158,12835,14802,16271,17434,32830,33327,33416,40815,42246
42286	42277,42298,42274,42252,42288,42302,42312,42337,42398,42249
42287	42260,42277,42340,42302,42267,42312,42337,42249,42281,42296
42288	42277,42267,42290,42247,42398,42310,42330,42252,42300,42341
42289	42290,42340,42298,42274,42247,42288,42312,42255,42265,42267
42290	42312,42342,42288,42249,42255,42267,42289,42348,42265,42281
42291	40815,42324,42329,42314,42326,158,1617,4992,7803,8671
42292	19,1085,8685,242,667,3971,6038,13810,16621,25224
42293	42403,42260,42277,42342,42264,42288,42343,42330,42336,42247
42294	158,12835,14802,16271,17434,32830,33327,33416,40815,42246
42295	158,850,1754,3390,3426,3449,12835,14802,16271,17434
42296	42298,42403,42337,42302,42274,42278,42350,42246,42312,42342
42297	42275,42284,158,161,433,1534,1536,1543,1550,1556
42298	42274,42342,42350,42343,42296,42398,42255,42330,42259,42286
42299	168,1685,1688,1694,1864,2637,2708,29558,32751,34278
42300	42269,42270,42274,42277,42247,42252,42264,42288,42403,42298
42301	42247,42252,42269,42270,42277,21785,42246,42250,42273,42278
42302	42337,42264,42330,42281,42341,42255,42296,42307,42390,42286
42303	42330,42277,42298,42264,42302,42267,42269,42288,42290,42305
42304	42252,42270,42269,42281,42249,42257,42260,42273,42277,42293
42305	42269,42277,42264,42330,42267,42298,42335,42403,42247,42273
42306	158,12835,14802,16271,17434,32830,33327,33416,40815,42246
42307	42269,42302,42340,42277,42267,42288,42342,42403,42264,42300
42308	42269,42270,42296,42247,42290,42390,42403,42249,42265,42267
42309	42260,42270,42298,42257,42264,42274,42340,42247,42249,42398
42310	42340,42270,42264,42267,42288,42403,42273,42249,42398,42257
42311	42275,26,158,439,667,1100,1389,1534,1537,1540
42312	42249,42290,42252,42259,42273,42341,42348,42255,42317,42352
42313	158,273,956,973,1020,1031,1353,2684,3295,4725
42314	42270,42340,42260,42269,42274,42247,42267,42252,42281,42288
42315	42250,1648,1649,15146,15362,42262,114,158,821,1534
42316	42354,42319,20080,40818,42280,42284,134,158,368,384
42317	42290,42298,42312,42340,42342,42337,42350,42403,42249,42335
42318	24602,5026,6114,8679,8683,16961,19,158,576,910
42319	42316,42354,6304,6985,10077,14802,17694,20286,29435,30789
42320	40815,42324,42314,42327,42344,158,1540,12835,14802,16271
42321	42249,42260,42312,42317,42335,42264,42270,42281,42287,42290
42322	33,39,40,158,498,1431,1706,1938,2922,3376
42323	158,12835,14802,16271,17434,32830,33327,33416,40815,42246
42324	42314,42291,42320,42347,158,453,522,1617,1633,4992
42325	16861,16883,16906,16914,16970,42262,43342,158,165,239
42326	42291,42328,42329,158,1534,1550,12835,14802,16271,17434
42327	42320,158,1534,1550,12835,14802,16271,17434,19217,19978
42328	42334,42347,42410,42248,42249,42264,42277,42296,42298,42303
42329	42291,42314,42334,42344,42326,42410,158,549,1633,12835
42330	42277,42260,42302,42403,42264,42288,42298,42267,42305,42273
42331	42253,46039,102,158,168,433,973,1016,1106,1110
42332	3926,16878,16896,40938,43145,43447,6108,16865,16906,17434
42333	42280,158,439,966,1121,2644,8614,12835,14802,16271
42334	42328,42329,42314,42344,42410,158,549,1633,12835,14802
42335	42340,42264,42270,42403,42267,42343,42298,42249,42305,42330
42336	42277,42270,42260,42274,42403,42247,42290,42249,42330,42348
42337	42245,42302,42342,42398,42281,42296,42348,42390,42317,42255
42338	3593,3967,4157,40815,42314,29,114,490,957,1111
42339	1795,2249,4328,4509,5370,7028,10821,10949,12556,12697
42340	42245,42310,42335,42289,42314,42317,42396,42287,42307,42246
42341	42245,42302,42312,42277,42267,42274,42288,42343,42260,42264
42342	42337,42350,42245,42249,42298,42290,42255,42281,42317,42293
42343	42270,42260,42245,42298,42247,42264,42252,42335,42341,42255
42344	42245,22940,42314,42329,42410,186,850,1113,8685,12650
42345	42269,42273,42255,42257,42260,42277,42298,42403,42245,42249
42346	1113,439,1100,2431,2646,2830,3685,8728,13166,22506
42347	42324,42328,42245,1617,1633,4992,7803,8671,9122,11087
42348	42245,42290,42249,42274,42312,42337,42350,42247,42336,42341
42349	42269,42312,42360,42274,42342,42245,42298,42302,42337,42343
42350	42342,42245,42298,42403,42249,42348,42281,42296,42317,42255
42351	
42352	42264,42312,42267,42274,42298,42245,42290,42337,42342,42343
42353	42342,42249,42255,42269,42403,42273,42281,42293,42302,42312
42354	33327,42316,42319,40818,43583,2647,12647,23741,27334,42284
42355	42269,42245,42264,42273,42302,42340,42259,42260,42267,42296
42356	
42357	352,4418,12639,17612,19973,19975,21129,24249,29807,42247
42358	7334,7385,42245
42359	42245,42269,42342,42343,42252,42270,42274,42302,42337,42350
42360	42367,42349,42249,42312,42342,42247,42274,42290,42245,42255
42361	19263
42362	
42363	14802,40817,42245,42374,343,352,16791,17894,19973,23297
42364	6045,6061,18176,381,385,552,2403,4418,4813,5138
42365	42340,42245,42298,42302,42296,42396,42403,42265,42274,42330
42366	42255,42342,42245,42298,42302,42403,42249,42260,42267,42290
42367	42360,42249,42274,42312,42342,42349,42255,42264,42290,42298
42368	
42369	42378,12600,368,28717,13112,17880,24217,33766,728,762
42370	
42371	42277,42270,42409,42403,42247,42252,42296,42330,42341,42348
42372	42245,42246,42269,42273,42274,42278,42296,42298,42302,42310
42373	4093,6222,7343,13814,19254,19259,19266,19269,19271,19272
42374	14802,42363,42381,40817,42245,42385,134,384,679,1979
42375	8706,24712,25166,29858,42245,43048,43429
42376	
42377	42270,42245,42269,42249,42252,42298,42302,42312,42398,42403
42378	42369,12600,28717,368,13112,17880,24235,33766,343,728
42379	42247,42269,42249,42255,42270,42348,42367,42252,42257,42259
42380	
42381	14802,33733,42245,42374,8673,30786,40730,40811,42280,42385
42382	5148,9471,13836,13929,14230,18604,18617,34160,34762,35481
42383	1342,1790,16893,21785,31762,32778,42245,42246,42247,42250
42384	
42385	638,1648,8685,14802,35009,42280,42363,42374,42381,105
42386	42245,42277,42252,42264,42286,42290,42340,42273,42348,42403
42387	45489,2689,4153,5455,9389,10407,11004,14746,16009,21906
42388	33327,42245,2557,4285,4875,6087,8154,12730,14797,14862
42389	29260,8670,16941,16963,23004,35048,43262,43608,29,239
42390	42245,42269,42312,42337,42274,42302,42249,42255,42273,42267
42391	1546,1602,6109,15140,15142,15386,22945,38081,42245,42251
42392	368,343,5114,7438,7447,12581,13112,13572,19916,19974
42393	32830,15146,15148,35456,42245,42251,42252,42257,42273,42300
42394	8,338,995,2603,2608,2972,3237,3333,4059,4070
42395	87,934,990,1032,1078,1085,1088,1094,1102,1114
42396	42245,42340,42270,42247,42302,42337,42403,42274,42336,42350
42397	42245,42296,42269,42302,42337,42403,42260,42264,42298,42340
42398	42270,42274,42288,42298,42407,42245,42337,42259,42290,42310
42399	2948,7785,27616,27663,28934,30681,40368,41820,42245,42247
42400	1113,2646,27285,19,242,437,926,975,1085,1100
42401	42245
42402	16680,43560,169,3736,4525,5481,6100,6109,6117,6120
42403	42245,42350,42330,42252,42296,42335,42336,42293,42310,42257
42404	33075,42245,42388
42405	
42406	385,622,726,2196,4805,9553,13124,13572,16265,35193
42407	42398,42270,42260,42288,42264,42267,42274,42259,42298,42337
42408	4995,5803,5806,5870,7242,9195,9198,9204,9226,17801
42409	42277,42270,42398,42407,42260,42264,42330,42267,42274,42288
42410	42245,42328,42344,42329,42334,549,1633,11087,12647,14581
42411	10022,10038,23285,10001,10018,10056,23279,37481,37572,37580
42412	12846,12600,12605,12781,27778,30357,339,549,1431,1879
42413	3842,7651,362,562,12744,18118,25748,42500,45545,48061
42414	2773,23188,2617,9786,42704,17,6170,7475,11214,13081
42415	6513,9659,11799,29160,36465,45369,45373,45382,45391,45397
42416	42418,20050,25506,42425,42434,22743,25516,42422,42423,42436
42417	22743,42433,42485,42489,15541,21141,42463,42496,591,5097
42418	42434,42416,42425,42439,15541,21141,42422,42423,42436,42442
42419	20050,42430,42434,42463,42417,42422,42425,42442,42465,42490
42420	38206,1356,6626,6977,7029,6955,11477,23730,6623,10628
42421	10514,18118,42443,42480,20917,20928,38203,38698,42444,42855
42422	25506,25516,42424,42436,42442,42418,42429,42439,538,5097
42423	42433,25506,25516,42424,42436,42442,42489,42418,42429,42439
42424	25516,20050,22743,42422,42423,42490,42433,42436,42442,42485
42425	20050,42418,525,25516,42416,42429,42436,42442,10274,15541
42426	2084,49774,352,660,1085,3931,4069,4205,4673,10987
42427	87,575,1234,1405,1797,2025,2831,2946,3500,3921
42428	20050,42417,42433,42434,42442,42499,5097,7171,7558,7612
42429	25506,25516,42434,42439,42422,42423,42425,42436,42442,618
42430	20050,42419,42417,42434,42442,5097,6802,7171,7558,7612
42431	310,2904,3852,5097,7171,7558,7612,9028,9105,9553
42432	32193,42468,3842,8004,25495,27995,27997,28000,28001,42504
42433	42417,42423,42436,42489,42490,25506,25516,42424,42442,48330
42434	42418,22743,42429,42489,15541,21141,42416,42419,42439,42463
42435	20050,5097,7171,7558,7612,9105,9553,10381,11186,13621
42436	25516,42422,42423,42433,42465,42490,25506,42418,42424,42425
42437	5097,7171,10381,22743,25516,25558,39009,42417,42418,42420
42438	4295,4707,6604,21958,4101,6576,6602,6614,22158,25791
42439	25516,42418,42429,25506,42422,42423,42434,42436,42442,5097
42440	7983,8052,25968,35915,1113,1181,1823,2017,2678,3559
42441	5097,7171,10381,22743,25516,25558,39009,42417,42418,42420
42442	25516,42422,42423,25506,42418,42424,42425,42429,42433,42439
42443	25495,42480,29223,32193,42421,8004,13810,16339,25840,27995
42444	9553,10709,37857,39009,42421,42474,42477,45482,45602,5097
42445	42458,45467,79,82,727,1244,2159,2699,3992,5097
42446	13810,22154,42443,42481,2686,3549,3714,3842,5097,6568
42447	5097,7171,10381,18913,22743,25516,25558,27641,39009,42417
42448	2181,532,1605,3873,3882,3903,3906,3920,3923,3926
42449	11246,22065,22386,47522,7630,22085,22376,27904,35892,37857
42450	18163,27808,13818,23202,35622,44943,439,1135,6038,10027
42451	10701,23778,36008,42420,46031,6961,6982,22239,36004,3842
42452	13166,25516,30693,304,591,1366,1787,2191,2865,2902
42453	4991,8233,12438,15330,20050,23913,25506,30169,30736,42451
42454	42458,42473,27904,42467,10579,16369,18118,22377,23306,25516
42455	42766,31982,42706,42727,42982,21077,29886,31978,42700,42709
42456	42458,472,2394,12315,12341,20050,25558,39651,42449,42460
42457	21743,26252,26258,26259,26260,26292,5097,7171,9553,10381
42458	42454,2394,26136,31989,39651,42456,42473,2699,5284,5329
42459	20050,42418,7612,16343,25506,42414,42417,42429,42434,42439
42460	20050,42508,48061,1244,7248,8156,25558,42449,42456,42464
42461	5097,7171,10381,22743,25516,25558,39009,42417,42418,42420
42462	5097,7171,10381,22743,25516,25558,39009,42417,42418,42420
42463	42417,42419,42434,42442,5097,7171,10381,22743,25516,25558
42464	362,13810,20050,25558,28415,42449,42456,42460,42486,49905
42465	42436,20050,42419,5097,7171,7558,7612,9105,9553,10381
42466	13107,13223,13810,338,575,3150,3328,3937,3947,4059
42467	42454,42645,42649,42650,42651,42652,42653,42654,42862,42865
42468	18118,38203,42432,42497,45545,4289,10514,10709,12333,12714
42469	18358,3947,4059,7612,10381,12562,18113,18343,18365,20050
42470	2876,21077,42726,42730,48026,3946,4208,7425,7430,13082
42471	618,7612,20050,4841,5143,9985,22743,26267,42414,42417
42472	18354,18358,18365,29592,29594,29606,39009,42468,42725,377
42473	42454,3842,20058,29223,42458,42477,727,5097,7171,10381
42474	42444,5097,7171,9553,10381,22743,25495,25516,25558,26267
42475	20050,7612,9105,10670,12744,13810,25558,39009,42479,42480
42476	5097,7171,10381,22743,25516,25558,39009,42417,42418,42420
42477	42444,42454,42473,727,3842,5097,7171,9553,10381,18118
42478	5097,7171,7558,7612,9105,9553,10381,11186,13621,13810
42479	9553,13238,26267,26716,26718,26723,26732,42444,42473,42474
42480	42443,38203,42421,20050,9553,10514,12714,14590,14997,16811
42481	14318,10469,14390,20500,28613,522,4201,4841,6328,7612
42482	6899,9553,15989,25840,34526,42454,42455,42458,45290,45467
42483	5097,7171,10381,22743,25516,25558,39009,42417,42418,42420
42484	42520,566,5353,7248,9553,11315,11427,13621,15429,20042
42485	22743,42417,20050,42424,42434,7612,15541,21141,25487,35306
42486	11186,20050,25558,42449,42456,42460,42464,362,1244,2603
42487	5097,7171,7558,7612,9105,9553,10381,11186,13621,13810
42488	46763,46771,46772,1329,1331,7612,9553,27913,41807,42446
42489	42417,42423,42433,42434,10274,522,20050,25506,42424,48330
42490	20050,25506,42424,42433,42436,25516,42442,525,33815,42416
42491	556,685,691,697,725,754,757,811,812,4789
42492	20050,42517,42655,1244,7248,15652,42643,42644,42645,42648
42493	13810,21618,42446,19,201,546,672,966,1183,1220
42494	23476,1041,1220,1489,1689,1927,1937,2684,2894,3038
42495	31092,6152,11142,18803,93,136,265,278,368,549
42496	42417,42436,42442,25516,42413,42422,42423,42433,591,618
42497	8154,42468,22049,38203,2786,3842,7611,8457,10709,10732
42498	42468,12714,14463,18385,23118,25495,25500,38203,42432,126
42499	42413,42417,42428,42434,2285,20050,42422,42423,42425,42430
42500	20050,42413,25506,25516,42418,42422,42423,42424,42425,42490
42501	2773,3798,7668,9106,9786,10413,10424,10753,10801,11162
42502	3842,11192,12387,12957,13898,20788,22011,23109,23111,23112
42503	
42504	42413,42432,3842,6326,9553,10390,11598,12438,14969,15144
42505	35306,202,362,546,11357,14304,21215,22335,25560,26410
42506	42413,20050,42418,45896,362,558,591,1809,5143,7612
42507	3842,29223,25495,42413,42443,362,3872,6920,9553,13153
42508	48061,42413,42460,44495,1244,2330,2393,4687,4737,5089
42509	2070,2820,2823,2917,5231,8101,8452,8456,8457,8458
42510	294,299,12744,24494,46791,46794,287,289,290,298
42511	411,4379,6696,8319,8321,8377,9676,10232,11577,11844
42512	28050,142,338,995,2603,2608,2972,3237,3333,4059
42513	13276,31966,47447,47663,47674
42514	362,3796,4764,5670,6106,6802,6917,9927,10350,10424
42515	3521,5097,6925,8191,9919,12009,12016,12021,12023,16269
42516	22090,4264,4289,4033,22115,22164,3906,3971,4296,22177
42517	42492,42640,1244,7248,15652,42413,42855,45423,573,591
42518	12342,14746,14924,16718,23118,23966,36116,39127,43179
42519	1987,1988,1990,1994,2003,2008,2016,7462,7480,42505
42520	42484,566,5353,7248,7654,11427,21082,22617,26449,1244
42521	42413,591,618,3842,5097,7171,10381,16339,16369,16534
42522	45161,13911,14162,14191,32513,454,3937,8726,9487,10315
42523	42533,5498,5924,8710,15285,19358,20567,23014,30695,33010
42524	578,8233,14318,18560,41697,338,575,1230,2786,3937
42525	42529,42546,42550,42557,42566,222,232,5051,5110,7473
42526	929,1073,1137,1230,1241,1664,1823,1943,1989,2127
42527	12067,4062,7651,8154,14297,21294,351,562,622,2678
42528	3400,42533,1383,1820,2901,4161,4717,4742,5148,5955
42529	42525,42546,42550,42557,42566,222,232,1378,4398,5051
42530	1617,3684,3733,32656,35187,131,384,857,973,1349
42531	7473,11254,12069,12388,21294,22067,22517,24351,25744,26807
42532	621,22517,42527,42570,347,351,2541,2554,2795,2802
42533	38841,15285,42523,5498,5924,8710,12655,13082,16163,25168
42534	42569,21920,24661,26883,42169,433,541,1633,1695,1778
42535	351,2413,2786,4530,21171,21294,22037,27666,42534,52
42536	202,338,349,367,378,380,385,405,594,668
42537	2554,9082,21294,42545,42571,42962,233,351,2118,2188
42538	12069,351,2074,2099,4590,6320,7473,8805,9483,9950
42539	7611,5033,16176,21171,27913,33371,42199,45428,125,372
42540	5262,12064,14498,21867,30852,42543,49412,138,223,229
42541	1036,6165,7473,7630,9339,11254,12069,12388,15234,17871
42542	26891,134,6304,17058,17070,17883,30737,37981,42152,43288
42543	14432,42540,161,2971,5103,6094,7473,7902,8319,8362
42544	7473,11254,12069,12388,12649,20283,20299,20302,20312,20313
42545	10519,13623,42537,351,1012,2554,3950,4965,5090,5234
42546	42557,42525,42529,42566,222,232,5051,5110,7473,11254
42547	42548,14319,12715,6935,10680,14264,35875,2554,2827,3950
42548	42547,14319,35875,3950,4687,4736,5049,5089,5811,6778
42549	52,154,204,1301,1694,2667,2687,2806,5955,5956
42550	35776,42525,42529,42566,79,222,232,351,2242,2513
42551	7473,3937,5085,11660,12388,14286,14310,14880,20899,27312
42552	7473,11254,12069,12388,21294,22067,22517,24351,25744,26807
42553	22517,7279,10532,20512,30151,30749,33495,42551,42556,351
42554	23173,3937,7473,10723,12069,44028,79,286,339,454
42555	522,5986,42833,44031,14324,14354,14411,17356,47809,602
42556	575,3880,3937,8671,9778,12650,17489,19576,21260,27881
42557	42546,42525,42529,42566,222,232,5051,5110,7473,11254
42558	2864,4114,7473,11254,12069,12388,13072,14550,21294,22067
42559	13976,35731,7494,8726,13973,13982,13998,14043,14090,14134
42560	26807,633,803,3646,7473,7639,9216,9228,9986,11254
42561	7473,11254,12069,12388,21294,22067,22517,24351,25744,26807
42562	2554,2793,5670,5682,7473,8935,9504,9822,9841,11254
42563	14237,17636,18338,20504,20541,23682,34446,34553,34558,34641
42564	8783,9854,13655,18298,18327,468,523,549,575,1414
42565	125,2287,2496,3291,3920,4160,7473,7672,8402,10536
42566	42525,42529,42546,42550,42557,222,232,5051,5093,5130
42567	15757,18654,20522,20531,43001,549,1043,1418,1438,2204
42568	168,1423,1810,1849,1860,2686,2709,2956,4316,7473
42569	42534,1633,1856,21920,24550,26883,34278,41769,44257,44361
42570	12067,12071,42527,42532,351,354,358,373,405,2827
42571	40489,2074,2554,2864,5265,5960,6328,7569,9955,20567
42572	6981,6992,7000,7027,7067,7070,7084,7473,11254,12069
42573	17751,25465,42429,347,534,3167,3896,5429,6505,6512
42574	6450,6508,6518,6496,6516,8180,25075,27792,47350,6397
42575	42577,42584,42585,42588,42608,25433,27512,42580,42583,42586
42576	42597,42599,42607,42608,42609,1196,2455,2922,3565,3934
42577	42584,42585,42575,42588,42597,42580,42583,42586,42604,42610
42578	22976,42574,42575,42576,42577,42579,42580,42581,42582,42583
42579	42581,42604,42607,42609,17751,22976,25441,25465,42429,42574
42580	42610,42575,42577,42583,42584,42585,42588,42591,42592,42597
42581	42579,42604,42607,42609,17751,22976,25441,25465,42429,42574
42582	42586,42607,3134,3194,3215,4642,4835,5106,7380,7390
42583	42575,42577,42580,42584,42585,42586,42588,42597,42604,42608
42584	42577,42585,42575,42587,42588,42597,42580,42583,42586,42604
42585	42577,42584,42575,42587,42588,42580,42583,42586,42604,42610
42586	42575,42577,42582,42583,42584,42585,42588,42594,42595,42597
42587	42584,42585,42607,42575,42588,42597,9534,22976,32486,42574
42588	42575,42577,42584,42585,42608,42580,42583,42586,42587,42597
42589	22976,42574,42575,42576,42577,42578,42579,42580,42581,42582
42590	17444,18287,19089,19894,22976,26738,28213,28712,29004,33460
42591	42607,42580,42592,4120,4240,7296,7457,7467,7471,7472
42592	42580,42591,42600,42607,42610,659,1181,1212,1403,2194
42593	3129,3407,7369,7373,7375,7396,22947,22976,42119,42429
42594	42586,42610,3481,3518,3560,4506,6280,7483,7611,8004
42595	42586,22976,27913,42574,42575,42576,42577,42578,42579,42580
42596	22976,42574,42575,42576,42577,42578,42579,42580,42581,42582
42597	42577,42584,42609,42575,42576,42580,42583,42586,42587,42588
42598	22976,42574,42575,42576,42577,42578,42579,42580,42581,42582
42599	42576,42597,42607,42608,42609,22976,42574,42575,42577,42578
42600	42592,22976,42574,42575,42576,42577,42578,42579,42580,42581
42601	42603,42608,42609,42607,9534,22976,32486,42574,42575,42576
42602	22976,42574,42575,42576,42577,42578,42579,42580,42581,42582
42603	42601,42608,42609,42607,9534,22976,32486,42574,42575,42576
42604	25441,42577,42579,42580,42581,42583,42584,42585,42586,42588
42605	22976,42574,42575,42576,42577,42578,42579,42580,42581,42582
42606	42580,3167,22976,42574,42575,42576,42577,42578,42579,42581
42607	42609,42587,42591,17751,25465,42429,42576,42579,42581,42582
42608	42575,42588,42601,42603,42576,42580,42583,42586,42599,42604
42609	42607,42597,42601,42603,42576,42579,42581,42599,42604,9534
42610	42580,42575,42577,42583,42584,42585,42588,42592,42594,42597
42611	23013,30803,236,338,2915,2986,5236,6978,8523,10239
42612	42613,42614,42615,42616,42617,42618,42619,42620
42613	2990,5089,20864,25752,25866,223,336,347,350,362
42614	12064,23441,25759,25769,25779,25909,47501,47502,47504,47506
42615	5243,17252,33666,966,1405,1455,1797,2461,3397,3885
42616	42612,42613,42614,42615,42617,42618,42619,42620
42617	22128,11570,188,531,2331,2855,2915,3006,3931,4045
42618	42612,42613,42614,42615,42616,42617,42619,42620
42619	22165,8454,9326,11570,12636,14567,16518,22677,35176,531
42620	42612,42613,42614,42615,42616,42617,42618,42619
42621	33621,19,2430,2825,3131,3993,4173,4222,7266,7457
42622	42632,42637,42628,33621,7463,42627,13,19,127,134
42623	42636,42625,42628,42634,33621,42630,42632,42638,7463,42627
42624	42629,42628,42632,42634,42637,42630,42638,7463,42627,42635
42625	42623,42633,42636,42629,42634,42628,42630,42632,42638,33621
42626	42637,42628,42632,42634,33621,42630,42638,7463,42627,42635
42627	22964,42628,42634,42636,42622,42623,42624,42625,42626,42629
42628	42629,42633,42622,42623,42624,42626,42634,42625,42627,42630
42629	42633,42624,42625,42628,42632,42634,42630,42638,42627,42635
42630	22964,42623,42624,42625,42626,42629,42633,42634,42636,42638
42631	42637,33621,7463,42635,2430,3131,9891,10842,11382,13207
42632	42622,42624,42626,42629,42633,42623,42625,42637,42630,42638
42633	42629,42625,42628,42632,42634,42630,42638,8685,23863,24521
42634	42636,42623,42624,42625,42626,42628,42629,42633,42627,42630
42635	22964,42623,42624,42625,42626,42629,42630,42631,42633,42634
42636	42623,42625,42634,42637,33621,42627,42630,42638,7463,42635
42637	42631,42622,42626,42636,42624,42632,7463,33621,42625,42634
42638	22964,42623,42624,42625,42626,42629,42630,42633,42634,42636
42639	7463,22964,42622,42623,42624,42625,42626,42627,42628,42629
42640	16369,42517,42413,45608,1244,6933,7248,10652,10705,14305
42641	8234,20577,44629,47350,1329,15852,42643,42649,45579,45602
42642	42655,42646,42647,42656,16369,40115,42413,42658,1244,1918
42643	42648,42645,42650,42651,42652,42653,42467,42492,42641,42654
42644	42650,42653,42654,42649,42655,42467,42492,42656,525,10274
42645	42649,42467,42643,42492,42646,42647,42658,45608,14305,15561
42646	20050,42642,1244,7248,15652,42413,42645,42649,42650,42651
42647	42642,42645,42648,42649,42651,42652,42656,42433,42467,42492
42648	42643,42650,42651,42652,42653,42654,42655,42467,42492,42647
42649	42645,42651,42652,42654,42644,42467,558,42492,42641,42646
42650	42644,42648,42467,42643,42492,42646,42656,45608,14305,15561
42651	42649,42648,42467,42643,42492,42646,42647,42658,45608,14305
42652	42649,42648,42467,42643,42492,42646,42647,42658,45608,14305
42653	42644,42648,42467,42643,42492,42646,42656,42658,45608,14305
42654	42644,42649,42467,42648,42492,42643,42646,42658,45608,14305
42655	42642,42644,16369,42492,42648,15496,20050,42643,42656,42658
42656	42642,42644,42647,42648,42650,42653,42655,570,979,1823
42657	42467,42492,42641,42642,42643,42644,42645,42646,42647,42648
42658	42642,42645,42649,42651,42652,42653,42654,42655,42467,42492
42659	661,7550,9489,7204,284,16179,24363,26476,34526,43730
42660	46772,284,9533,299,15583,46801,289,292,12884,23869
42661	42666,42670,42668,42677,42683,2084,3992,7550,8468,9386
42662	42665,42666,42672,42673,42675,42683,661,9436,16179,42670
42663	17096,42679,1778,1780,2930,3409,3752,6287,6294,7566
42664	18229,16875,33487,24362,24846,27913,42660,134,152,159
42665	42672,661,42662,42666,42668,42670,42680,42683,16179,16724
42666	42661,42675,16724,42671,42662,42665,42677,656,1301,5071
42667	45194,143,454,11417,13898,13959,13973,14015,14117,18539
42668	42661,42669,42672,42665,42670,42680,42683,16724,42671,42677
42669	42673,42672,42680,9489,42668,16724,42677,656,1301,9397
42670	42661,42671,42675,661,42665,42668,9489,42662,42677,1301
42671	42675,42666,42670,661,42680,42683,9489,16179,16724,42668
42672	42669,42665,42680,661,42668,42683,16724,42662,42677,7550
42673	42669,7550,9489,42662,656,3466,8022,9397,14764,15063
42674	107,9153,9170,14764,15063,16724,17048,24336,24362,42660
42675	42666,42671,42670,42662,42677,42680,42683,16179,16724,656
42676	912,1212,1913,15988,18803,32579,34208,34409,34526,38052
42677	42661,42669,42672,42675,16724,42662,42666,42668,42670,42680
42678	4431,9527,9529,9534,14764,15063,16032,16724,24362,32294
42679	42663,2027,2798,2930,3520,3540,3752,4101,4139,4206
42680	42669,42672,42683,661,16724,42665,42668,42671,42675,9489
42681	17498,1437,1488,1513,6985,7289,8737,16375,17504,17641
42682	1787,3928,6928,10240,11555,11569,12714,12755,14764,15063
42683	42661,42672,42680,661,7550,42662,42665,42668,42671,42675
42684	14764,15063,16724,24362,42660,42661,42662,42663,42664,42665
42685	6100,14764,15063,16724,17999,20210,23623,23869,23906,24362
42686	12729,1445,7012,18004,19506,33378,33840,37876,5242,6513
42687	9983,1973,4509,17155,17180,17198,15233,17163,17199,17238
42688	14764,15063,16724,24362,42660,42661,42662,42663,42664,42665
42689	285,24362,26476,95,121,142,164,214,233,284
42690	14764,15063,16724,24362,42660,42661,42662,42663,42664,42665
42691	14764,15063,16724,24362,42660,42661,42662,42663,42664,42665
42692	48026,7254,5456,46792,12333,7268,27383,19117,4059,13117
42693	13117,42713,1841,2188,22707,25726,42697,42715,42739,44452
42694	1181,13600,42702,42703,42717,42725,439,1001,3230,7426
42695	21077,42727,7254,42712,42766,42700,42720,5456,31982,42704
42696	455,1857,2196,2445,2686,3518,3549,3901,4188,5550
42697	27383,31989,42699,42703,1857,19009,42693,42695,42702,42706
42698	42717,42725,42741,2196,5456,13081,23207,33051,42705,42727
42699	31989,7254,31978,42704,44452,48026,2188,2196,42715,42724
42700	7254,42766,5456,21077,42720,42725,19113,46792,42695,42724
42701	21077,31978,31989,42713,42725,42730,42768,48026,31982,42695
42702	42748,29622,42697,42717,42725,42757,42782,13810,14284,14359
42703	29622,42738,23207,42697,21077,29886,31978,42720,42727,42761
42704	95,42699,42726,22638,31978,31989,48026,146,7254,19113
42705	42697,42698,42717,42741,2196,3005,14284,23207,29884,42694
42706	42725,7254,42455,42720,42766,21077,29886,31978,31989,42697
42707	22638,1857,6143,6170,9969,12562,13306,13834,14007,19113
42708	242,1129,1689,1857,2196,2956,3454,3901,4003,4188
42709	42766,31989,7254,31978,42720,42727,19113,29886,31982,42695
42710	11246,22085,23207,23439,23441,26267,29886,42455,42698,42703
42711	31982,31989,48026,7254,7430,19113,31978,42713,42725,42730
42712	7254,42766,25527,31982,42695,42720,47538,12714,19113,21078
42713	2188,7254,42727,42766,31978,6152,42712,42739,42754,44452
42714	14469,31989,42724,3901,6928,12009,45467,46002,48026,1404
42715	13117,22707,31989,42699,1857,19113,23359,42704,42713,90
42716	42725,19113,21077,31978,31989,142,338,4188,6157,20599
42717	42725,42748,42771,14284,23207,31982,42698,42702,42718,42746
42718	42717,42702,42719,42748,45927,1810,2196,9928,12333,13280
42719	16205,11064,16196,16204,16214,10287,4281,7957,16198,16212
42720	7254,42724,42727,21078,19113,21077,42700,42766,42712,42695
42721	131,207,1817,1841,1857,2196,3901,4188,8347,9969
42722	42697,16809,23207,42703,42732,3901,12329,14265,18557,29594
42723	22103,3948,3958,4046,4101,4707,18511,20844,20966,20969
42724	21078,31982,42727,42720,42730,42731,7268,19117,5456,42699
42725	5456,21077,31978,31989,46792,42700,42768,19113,42764,7268
42726	48026,21077,42727,5456,42704,42730,42731,42768,4208,7430
42727	21077,31989,42724,42720,42726,42695,42713,42764,42769,4059
42728	19113,21077,42724,42727,21078,31982,31989,42700,42720,42754
42729	1244,22603,34875,42726,42750,90,92,93,338,667
42730	21078,31982,31978,31989,42768,21077,42724,42731,42726,19117
42731	21078,42724,42730,42768,5456,31978,31989,42726,19113,42754
42732	42722,19113,23207,42713,42717,42718,42719,42736,42742,42748
42733	9170,43189,134,43171,159,2680,6108,6109,15122,17070
42734	31978,31982,42768,31989,42725,42726,42730,42731,42766,48026
42735	3901,18113,19113,21078,23359,29886,31978,31982,42699,42700
42736	23207,42717,42750,42760,4,14,2202,2825,11214,19032
42737	42716,42724,142,2196,16809,19269,20533,20590,20599,21077
42738	42703,42720,42749,12333,21077,21078,29622,29886,31978,31982
42739	42713,2196,31989,13117,21078,31982,42693,42715,42724,42766
42740	41697,2204,3230,4188,7462,8370,9196,11176,13678,21077
42741	42725,14284,42698,29884,42697,42702,42704,42705,42717,42748
42742	42752,42760,4,14,19032,19058,19113,21077,23207,42699
42743	12326,24628,42714,350,457,575,577,580,615,689
42744	31982,4188,5456,19113,21077,21078,23958,42695,42700,42712
42745	1857,2196,3901,4188,9969,13107,16809,19113,21077,21078
42746	12333,42717,42768,12801,21078,29886,31978,31989,42698,42731
42747	29886,19113,31978,42695,42704,42706,42711,42712,42725,42731
42748	42702,29622,42717,12308,13600,23297,42724,46792,10849,12339
42749	12333,14284,42697,42702,42738,42769,42771,12801,14359,21077
42750	30709,29884,31989,42725,42736,42748,45528,6902,6929,8768
42751	7254,13082,31982,31989,42725,42727,42766,42768,19117,31978
42752	42697,42742,2162,2825,3901,8788,15018,19079,21077,23359
42753	42727,134,1839,1857,1918,2196,2337,2389,2410,2552
42754	5456,21078,42766,19113,19117,42700,42713,42724,42725,42726
42755	3525,9969,21077,42694,42700,42702,42703,42749,577,591
42756	31978,31989,42725,42768,19113,21077,31982,42726,42730,42754
42757	42702,3901,16809,21078,42748,2389,2786,2802,4264,11350
42758	1857,2196,3901,4188,9969,13107,16809,19113,21077,21078
42759	16809,20955,21077,31978,31982,31989,42455,42695,42700,42704
42760	21077,31997,42699,42713,42717,42736,42742,6902,19113,22617
42761	31978,21078,31982,31989,48026,42703,42730,2876,7254,29886
42762	1857,2773,11162,20422,44488,748,2101,2196,3901,4188
42763	31978,31989,42754,5456,21078,29886,42699,42704,42725,42726
42764	31978,42727,42766,31989,42725,46792,5456,19113,31982,42695
42765	9393,22049,31978,42455,42766,42768,366,1196,1857,2034
42766	31978,42700,4279,5456,7268,42709,42712,42713,42720,42764
42767	23207,29886,42455,42698,42703,42710,42746,1857,2196,2294
42768	31978,31989,42730,31982,42725,42731,5456,42726,19117,42754
42769	42727,21077,21078,42700,42720,42724,7254,42699,42754,42766
42770	546,1857,2196,3175,3901,4104,4188,5469,9138,9969
42771	5456,21078,42700,42717,42769,7254,19113,31982,42725,42754
42772	42725,338,350,441,576,1857,2196,3901,4163,4188
42773	6928,42692,42697,6925,18803,25531,26096,26279,42720,42726
42774	42692,5456,31982,31989,48026,1841,4036,5284,7254,13082
42775	2841,10473,10498,10510,12195,14361,14371,15000,21935,22089
42776	6935,6653,20199,20869,26535,27383,42697,45480,7479,8319
42777	
42778	18358,4059,12308,12339,13600,29622,42469,42748,46792,53
42779	42692,42703,12333,29622,42697,42702,42748,2162,2194,2825
42780	562,615,8065,16240,20500,20853,28573,30818,33624,42481
42781	2905,2940,3005,8287,8402,12333,12714,12801,14284,26413
42782	42702,29622,42692,42725,1855,18358,20576,29884,33051,42703
42783	10709,13280,18800,22300,24526
42784	4617,4622,4625,42785,42786,42787,42788,42789,42790,4620
42785	4617,16820,4622,4630,42786,42790,4621,16818,891,899
42786	42790,4617,42785,4620,16818,4621,4623,4626,4630,4631
42787	4617,4640,4633,4641,42789,889,891,4629,4636,4648
42788	4617,4622,4625,42784,42785,42786,42787,42789,42790,4620
42789	4622,42787,4625,4617,42784,42785,42786,42788,4620,4648
42790	42786,4617,42785,4620,4621,4623,4626,4630,4631,4634
42791	4617,4622,4625,9553,16817,16818,16819,25693,42784,42785
42792	146,325,342,995,1741,2216,2923,3134,3574,3867
42793	41091,24105,680,2331,2915,5121,5550,6573,6650,10502
42794	42798,42795,42808,15061,41091,42796,42799,42800,42801,42802
42795	42794,42798,42803,42806,3023,4724,5538,5542,5547,5548
42796	20042,20078,2699,13112,15144,352,686,708,728,4090
42797	42805,42808,5550,15061,24105,41091,42796,42799,42800,42801
42798	42794,42803,42795,15061,42796,42799,42800,42801,42802,42804
42799	15061,42794,42795,42796,42797,42798,42800,42801,42802,42803
42800	15061,42794,42795,42796,42797,42798,42799,42801,42802,42803
42801	15061,42794,42795,42796,42797,42798,42799,42800,42802,42803
42802	42803,42804,15061,42794,42795,42796,42797,42798,42799,42800
42803	42798,42795,42802,42804,2915,15061,42796,42799,42800,42801
42804	42802,42803,15061,42794,42795,42796,42797,42798,42799,42800
42805	42797,3196,5550,15061,16668,17088,17852,21258,24104,30827
42806	42795,42808,15061,41091,42796,42799,42800,42801,42802,42804
42807	15061,42794,42795,42796,42797,42798,42799,42800,42801,42802
42808	42794,42797,42806,918,1270,1394,1655,2225,2542,2894
42809	5995,6339,6885,9927,11208,11249,12392,12537,14271,14390
42810	42811,42821,46003,10287,10715,16196,16197,16205,16214,22158
42811	22158,4159,4295,10987,42810,3525,10287,10408,14365,15865
42812	16215,25993,42820,4069,6279,11018,46013,4044,4182,16240
42813	13606,15799,16240,18803,25491,28722,42817,367,385,744
42814	42824,16215,4069,6279,25955,25993,31122,42481,42811,42821
42815	18013,19080,28112,2249,11536,12743,12749,12765,12766,12783
42816	42811,4069,42824,10287,11064,16196,16197,16205,16213,16214
42817	7677,5809,14324,15297,16284,22697,41714,5681,5960,6161
42818	12401,2644,27442,576,1085,3882,4112,4159,7956,16240
42819	25938,4182,16215,16240,25962,42812,42825,42834,444,1077
42820	25955,42812,4044,38264,42810,2802,4182,4198,4289,6935
42821	42810,42828,22162,30835,4044,4103,4707,8520,21958,25938
42822	42481,319,1520,2142,2143,2148,2243,2244,2245,2249
42823	11452,11470,11474,2523,2802,3305,4182,5928,5960,7242
42824	4295,4279,22198,4296,4046,4048,4069,4198,4206,3904
42825	4182,26306,3754,3920,4046,4048,4295,6252,8508,15865
42826	4295,3882,3904,4048,20845,22247,22866,28563,3920,4159
42827	546,4182,4270,13486,16689,22277,22283,42831,42832,44644
42828	42821,42810,21958,25955,25993,30835,42481,42811,42814,42816
42829	579,18868,527,586,602,627,1230,2802,2939,3429
42830	2802,4182,5960,15799,16215,16240,16284,20584,22586,42481
42831	4279,4302,22247,4204,4211,21958,22846,22866,35004,36552
42832	4302,21958,22247,22846,3903,4035,4196,4206,4211,4231
42833	522,5986,42555,9861,22583,551,3831,3937,5960,10502
42834	4182,16240,3006,4069,4206,22247,2855,3004,3347,3904
42835	2802,575,578,2092,2249,2576,4120,4182,4849,5924
42836	15894,15885,15888,15889,15890,15895,42841,42846,42854,15886
42837	15885,15890,15888,42841,42846,42847,15886,42838,7252,20563
42838	15891,42837,42847,15885,15888,15890,15894,42839,42841,42842
42839	15885,15888,15890,15891,15894,42836,42837,42838,42841,42842
42840	219,3721,4201,4231,4302,5364,6224,8199,11557,14328
42841	15885,15890,42846,42837,15889,42836,42842,42847,42849,42854
42842	15891,42841,15885,15888,15890,15894,42836,42837,42838,42839
42843	15885,15886,15887,15888,15891,15894,42836,42837,42838,42839
42844	1137,2855,4234,4254,45867,2059,2104,3347,3903,4206
42845	15887,15891,42837,42838,42847,7252,15885,15886,15888,15890
42846	42841,15885,15890,42837,15888,42836,42847,42849,42854,15886
42847	42837,15885,15888,15890,15894,42838,42841,42846,42849,42852
42848	15885,15886,15887,15888,15890,15891,15894,42836,42837,42838
42849	15891,42841,42846,42847,15885,15888,15890,15894,42836,42837
42850	15887,42836,15885,15886,15888,15890,15891,15894,42837,42839
42851	15885,15886,15887,15888,15890,15891,15894,42836,42837,42838
42852	15887,15894,15888,42847,15885,15886,15890,21536,42836,42837
42853	223,544,5078,6265,7983,8003,8004,8008,12331,13773
42854	15891,42836,42841,42846,15885,15888,15890,15894,42837,42838
42855	22319,5682,7248,13306,13309,22617,43061,1433,18117,18119
42856	20899,42467,42857,42859,42860,42861,42862,42865,42866,42867
42857	42860,7425,16369,20899,42467,42856,42859,42861,42862,42865
42858	20539,41765,41770,41788,41800,5996,12060,13632,18288,24147
42859	13795,20899,42467,42856,42857,42861,42862,42865,42866,42867
42860	42857,3023,16369,20899,25855,42467,42856,42861,42862,42865
42861	42866,6298,20899,42467,42856,42857,42859,42860,42862,42865
42862	42467,42865,42868,20899,22169,42856,42857,42859,42860,42861
42863	2793,19554,20518,30435,43021,363,377,380,438,439
42864	42894,42902,1244,2785,5995,10532,14335,16369,16645,17304
42865	42467,42862,42868,20899,28582,28586,42856,42857,42859,42860
42866	25747,25823,29887,20899,25817,7549,7566,7611,7637,7656
42867	3541,6920,14462,16811,17288,20565,20820,20899,30334,40490
42868	42467,42862,42865,20899,42856,42857,42859,42860,42861,42866
42869	20899,42467,42856,42857,42859,42860,42861,42862,42865,42866
42870	13306,12805,22312,43061,8468,13287,24385,4219,5682,13305
42871	39631,39648,39690,39719,42873,7670,12983,16707,20899,39652
42872	3525,202,26427,660,3451,3456,3505,3519,4101,4118
42873	42871,42886,20899,29498,39631,39652,39673,39690,39697,39704
42874	42908,52,198,457,503,1244,1357,1680,1918,2281
42875	3313,3321,3326,3334,3346,3365,3368,10399,12555,13486
42876	7639,15297,17489,546,2812,3736,3937,4171,10459,10473
42877	42880,42879,1244,16369,20899,42856,42857,42859,42860,42861
42878	4101,10982,22158,24127,3530,3948,3958,4011,4035,4046
42879	12060,20899,42877,46591,338,608,5085,5933,9692,10548
42880	42877,20899,42467,42856,42857,42859,42860,42861,42862,42865
42881	19211,19554,20899,24147,25748,42467,42856,42857,42859,42860
42882	1244,2286,3736,6180,7292,7425,7883,9659,11863,12805
42883	30862,535,7681,11863,14271,15297,15757,22697,23447,23879
42884	22312,42864,42877,42879,1244,1416,2286,2862,3736,3878
42885	18845,40298,2286,3736,7783,10494,11863,14372,18616,18809
42886	42873,20899,42467,42856,42857,42859,42860,42861,42862,42865
42887	42872,20899,42467,42856,42857,42859,42860,42861,42862,42865
42888	4590,13426,13536,14398,15895,16007,20563,20569,20899,21855
42889	42864,42877,42880,42894,1244,2286,3150,3736,6180,7292
42890	17348,36659,47834,6161,12602,17489,17490,18454,24140,24155
42891	15761,11863,13280,13430,13618,13639,17359,17486,17489,20505
42892	4202,4246,24127,616,3920,5085,7266,8221,11570,13495
42893	1433,15297,17439,124,254,1078,1244,1637,1666,1692
42894	42864,16369,42467,42857,42860,42862,42865,42889,42895,1244
42895	42907,578,2286,2786,7698,12554,13520,15751,17059,22697
42896	42868,42877,42880,42902,534,1244,2286,3023,3736,4193
42897	47804,18612,7882,8783,17059,20512,20518,24135,9467,18614
42898	42873,42886,1244,2286,3736,3842,6180,7292,7425,7883
42899	15761,1113,13632,18614,21262,35792,42897,79,98,168
42900	42897,21266,2161,13280,1433,7704,8935,9467,13618,13654
42901	3736,6174,13269,18608,134,161,343,368,686,1235
42902	42864,42897,1244,2286,7292,22697,24178,41748,42467,42859
42903	3937,16369,17059,18613,20472,20514,29320,41996,42897,52
42904	1244,2286,3736,6180,7292,7425,7883,9659,11863,12805
42905	24178,13306,1704,18418,22617,4321,7883,13277,22241,22303
42906	812,1244,1245,2286,3736,5114,5996,6180,7292,7425
42907	42895,2286,42908,578,15751,17489,338,1230,1244,1433
42908	11863,5265,18454,18848,20539,22528,22697,41742,42907,47846
42909	17288,20899,42467,42856,42857,42859,42860,42861,42862,42865
42910	5809,17478,28612,5085,7509,7989,14271,15297,16659,22593
42911	6962,11756,30694,6979,5242,5243,49606,23717,30749,35186
42912	6900,10652,19069,32682,36383,90,102,251,338,339
42913	13034,15987,42911,42920,1356,1376,3407,4498,5242,5303
42914	3407,5780,15987,17203,17607,36383,42911,42912,42913,42915
42915	1368,3407,3573,5780,7018,7506,12713,14204,14223,15236
42916	3407,5780,15987,17203,17607,36383,42911,42912,42913,42914
42917	1390,5242,23787,41069,42911,1159,3885,6979,10611,11756
42918	3407,5780,15987,17203,17607,36383,42911,42912,42913,42914
42919	1797,3407,5780,7599,12356,14444,15297,15987,17203,17607
42920	23753,23787,6976,23763,15234,23717,23745,23748,23762,33267
42921	6653,6654,23906,37856,4527,23484,39479,45481,17999,23476
42922	16470,16624,3407,7667,12647,15843,15987,16643,16650,36383
42923	14455,17607,23484,33723,45594,37,478,857,1445,3009
42924	3407,5780,15987,17203,17607,36383,42911,42912,42913,42914
42925	2501,2534,3407,5780,8302,15987,17203,17607,28638,36383
42926	3407,5780,15987,17203,17607,36383,42911,42912,42913,42914
42927	16639,16643,16650,16625,16631,24251,24275,3727,7700,12983
42928	1388,15987,23914,24446,28820,1387,1397,1436,1973,4498
42929	12344,3407,3702,4925,4933,4936,4939,5780,7216,7221
42930	482,3407,5780,5799,10927,13123,15411,15987,17203,17607
42931	3407,5780,15987,17203,17607,36383,42911,42912,42913,42914
42932	42928,3407,5780,8401,15987,17203,17607,20775,23429,36383
42933	3407,5780,15987,17203,17607,36383,42911,42912,42913,42914
42934	3407,5780,15987,17203,17607,36383,42911,42912,42913,42914
42935	42936,28065,28069,28072,28079,28081,28090,28088,28096,27443
42936	28065,42935,28072,28079,28081,28088,28090,28096,28067,28071
42937	544,17821
42938	13430,161,522,612,838,1783,3968,4114,7488,7524
42939	695,784,797,13613,20068,24205,24236,29434,29602
42940	677,686,705,807,1324,2689,3879,10652,10701,16791
42941	42940,42942,42943,42944
42942	695,13613,29602,42940,42941,42944
42943	367,379,656,708,728,750,770,786,795,1346
42944	23297,339,387,677,686,694,728,771,778,797
42945	18372,909,1698,1703,3237,18135,22312,22320,24141,24178
42946	1664,1809,18418,18420,18425,18539,23430,42947,43354
42947	1664,1809,18418,18420,18425,18539,42946
42948	1698,1703,3237,26903,909,1245,3736,5682,7458,10407
42949	6450,6461,6495,6600,6456,6462,6482,6533,6536,14446
42950	2294,9394,42969,42979,79,154,3025,5079,9436,9455
42951	2294,9436,9455,11217,14415,17352,42537,42949,42950,42952
42952	42984,2294,42985,1870,2563,2576,4982,5928,7927,8806
42953	566,1685,2996,5467,6166,10352,15464,16067,19077,25815
42954	2694,6106,13373,14916,22239,23367,23372,23377,23378,23379
42955	27904,42954,457,542,624,1237,1754,2294,2588,4755
42956	2294,6933,9436,9455,9879,11217,14415,17352,19210,42537
42957	3230,9289,9919,14318,16122,21141,21215,42971,42974,69
42958	351,9950,10500,11881,14274,21215,21273,22075,3541,3547
42959	4981,9436,18599,20852,21203,42974,42982,73,154,561
42960	223,6965,20199,20205,20211,20238,20241,20245,20248,20251
42961	468,660,1564,1676,2044,2104,2294,2971,3305,4092
42962	42537,2252,2294,2694,2949,3547,4793,6106,7898,8682
42963	10720,43189,134,243,566,571,617,897,1250,2172
42964	4231,42988,2855,3347,3904,4180,4302,6429,8184,10361
42965	919,2294,4114,9436,9455,11217,13131,13158,14415,17352
42966	15424,44358,44417,4783,9105,10709,12067,12071,14867,14872
42967	9436,18576,18601,4981,12598,6328,9455,10368,13818,21171
42968	575,578,2092,2249,2294,2576,2802,5924,5967,8755
42969	2294,204,12062,21205,25952,33493,41628,42950,42971,42975
42970	595,1137,2666,3004,4113,6224,6785,8461,9924,10390
42971	562,2782,10500,13408,20893,22034,25952,30152,45428,47366
42972	10670,10730,32478,5960,10674,10736,10749,11162,12062,14415
42973	1680,2294,6449,42982,52,351,575,622,854,973
42974	22049,42957,42959,49048,464,2092,2097,2149,2294,2540
42975	42954,42969,42971,42980,2238,2294,2802,2826,2929,2957
42976	2294,42971,154,615,1301,2426,2496,2782,2825,5069
42977	362,2294,9436,9455,10701,11217,12287,12527,14415,16174
42978	575,995,1301,1489,2294,2413,3400,4161,4717,5038
42979	2294,1680,12652,42950,42969,52,79,154,351,575
42980	16539,40423,42982,438,8670,9436,9774,12210,14875,21171
42981	2294,2802,2827,4717,4835,9436,9455,9920,9962,11217
42982	42455,2864,12067,4717,15285,21078,41697,42980,547,575
42983	2294,9436,9455,11217,14415,16175,17352,42537,42949,42950
42984	42952,2294,42985,1870,2563,2576,4982,5928,7927,8806
42985	2294,42952,42984,1870,2563,2576,4982,5928,7927,8806
42986	42958,2294,7630,9436,9455,11217,14415,17352,21674,25878
42987	11948,11951,11955,46685,8507,10441,11954,11958,11967,15058
42988	42964,3931,10987,11562,13206,16806,20844,20956,22105,25754
42989	2608,5086,6966,7612,9553,10664,12805,14478,20692,20717
42990	42991,42992,42993,42997,42998,42999,43000,6966,20692,31176
42991	39145,42998,39150,39151,42990,42999,43000,2608,5086,6966
42992	42998,42990,42999,43000,2608,5086,6966,10664,20692,27274
42993	10732,42990,42999,43000,24,457,622,993,1857,2032
42994	42996,909,1181,2608,2869,3805,4412,4925,4933,5086
42995	24487,10709,14460,15968,23477,24494,34888,35923,42413,284
42996	42994,42991,42992,42993,42995,42997,42998,42999,43000
42997	42998,42990,42999,43000,223,995,1111,1950,2223,2505
42998	42991,42992,42997,42990,42999,43000,5086,6966,10664,20692
42999	42990,42991,42992,42993,42997,42998,43000,6966,20692,31176
43000	42990,42991,42992,42993,42997,42998,42999,6966,20692,31176
43001	43063,15761,10494,13619,15757,17478,26983,548,637,4765
43002	43028,7509,7590,9467,17468,17478,17481,19565,30274,43010
43003	36167,43026,7704,43011,43012,43016,43017,43021,43023,597
43004	13257,18110,2084,13265,612,1416,4240,5644,8468,8583
43005	11860,339,612,1110,2118,2129,2135,2140,2143,2148
43006	518,1445,1719,7704,8734,8954,9704,10664,12456,14447
43007	4053,7444,7704,93,250,367,368,385,522,694
43008	43021,8813,16284,23508,24202,43010,43020,43032,102,527
43009	43065,7704,25319,30749,43011,43012,43016,43017,43021,43023
43010	575,5479,5809,7509,9467,15761,17351,17478,21259,43014
43011	7651,43016,43021,626,7704,12341,12714,13280,13638,14264
43012	7704,43003,43009,43011,43016,43017,43021,43023,43026,597
43013	43026,43063,43101,5243,7704,8954,24135,25319,25440,30749
43014	31223,15246,26114,31236,1954,1960,5809,28648,31264,31302
43015	7704,8954,24135,36167,40316,43002,43003,43004,43005,43006
43016	11863,13638,42897,47804,47810,5681,7704,8536,9467,10408
43017	7704,43003,43009,43011,43012,43016,43021,43023,43026,43064
43018	10055,36909,36735,37150,44079,10114,36808,37215,36870,36908
43019	43063,22506,30274,4782,9872,11863,13280,14324,15761,17468
43020	43021,7704,24202,9839,9944,10494,13267,13400,13430,14271
43021	43020,7704,24135,43008,43011,43023,535,579,595,3937
43022	36039,36061,6493,6565,17748,35977,35999,36009,36024,37834
43023	43021,7704,18631,30269,30460,40316,42007,43003,43009,43011
43024	13618,30881,615,634,7704,11863,12554,12715,13638,13665
43025	36167,43009,7049,7704,8954,9799,16379,24135,25319,30749
43026	23762,43003,43013,1448,1685,1778,3896,5249,7704,7805
43027	7704,8954,24135,36167,40316,43002,43003,43004,43005,43006
43028	43002,2786,7509,9467,15761,17478,18100,19565,24135,43010
43029	246,248,250,252,266,276,279,3950,7704,8930
43030	439,7476,14064,14207,18163,29688,1689,2017,4160,5670
43031	13,95,220,2786,5588,7704,8954,9773,9839,10502
43032	7704,13618,15757,17478,18270,24135,24801,43008,43019,43034
43033	29320,351,575,1230,1428,1453,1809,1820,1821,2041
43034	43032,6605,7704,8954,24135,36001,36042,36063,36167,40316
43035	329,7666,15249,22593,25936,35900,36534,43981,45290,154
43036	624,5896,5902,5905,6928,10454,14752,15635,15860,16539
43037	11557,15989,25527,26267,45609,362,439,1137,2249,2865
43038	13400,25974,30155,46787,338,369,562,2786,3024,4839
43039	5905,10454,14752,15635,17194,17281,17359,20506,40093,43036
43040	43042,22943,326,327,328,330,331,332,333,1387
43041	5905,10454,14752,15635,17194,17281,17359,20506,40093,43036
43042	22943,43040,7204,9553,18803,20064,33299,253,326,327
43043	12828,13140,534,606,615,831,2238,5588,5960,7989
43044	595,3842,10709,15635,20050,25527,28722,29223,30197,43046
43045	5905,147,1113,1220,1854,2036,2324,2637,2674,2684
43046	14752,4755,7509,11246,19818,22593,23451,43038,43044,595
43047	10454,17194,17359,43038,43063,283,578,1617,2915,5896
43048	4995,5026,8683,8688,8706,48735,4990,8756,9738,9740
43049	5905,10454,14752,15635,17194,17281,17359,20506,40093,43036
43050	45446,1393,7261,7915,9659,10454,12307,13357,17281,20995
43051	7806,25205,1099,1664,1667,1689,1879,1915,2660,5010
43052	36687,13847,37031,44050,44089,10072,25186,36679,36854,36905
43053	1099,1664,1689,29379,713,1667,1879,1913,1915,2641
43054	7049,9799,16379,25319,30749,32243,34087,36167,36198,37981
43055	34087,43026
43056	7485,164,7457,7860,12566,17,95,117,125,134
43057	3541,6397,7246,21078,27775,27782,27799,27861,42468,42480
43058	26144,36130,8468,11897,13158,16456,22646,576,4223,22603
43059	4114,9376,13223,16104,18109,18110,20585,22603,26101,338
43060	26551,26553,26568,4590,15886,26562,26571,549,582,608
43061	26100,12805,13287,8468,18120,4223,13309,22603,26119,4240
43062	506,5260,9839,9940,12421,13616,13618,14899,20506,28665
43063	43001,15297,13280,13640,4782,9839,15757,15761,17468,22257
43064	19576,14562,8794,17059,18560,575,8783,13632,14271,18294
43065	43009,43001,43101,597,1228,7704,12004,12005,13602,13636
43066	562,4738,5231,7638,9770,9773,9820,10480,12645,14969
43067	439,1689,2686,7242,13968,21556,23207,33109,34152,42694
43068	7509,15761,18612,7704,13618,13636,17343,4841,9839,9912
43069	24208,387,696,728,795,7427,7704,12207,20055,24201
43070	24147,43068,43071,43084,43086,43090,4314,10494,13618,17359
43071	9920,14264,14390,21185,24147,30881,43070,43088,575,578
43072	18539,43097,7704,12577,30358,32639,34400,40443,43021,43068
43073	14271,43081,549,597,1228,1433,3307,4389,5265,6143
43074	46941,5933,6477,7704,23882,42152,43068,43072,150,548
43075	186,528,850,973,3879,3880,3999,4260,4389,4439
43076	597,1228,7704,12004,12005,13602,13636,13968,14271,15289
43077	597,1228,7704,12004,12005,13602,13636,13968,14271,15289
43078	15612,74,597,1228,4104,4502,6214,7704,7970,9392
43079	4046,3882,3948,4204,22241,22303,34299,4053,4202,4234
43080	15761,17351,5933,10494,11863,13280,13618,13632,13688,15289
43081	14271,43073,52,596,597,1069,1228,1230,1357,1433
43082	597,1228,7704,12004,12005,13602,13636,13968,14271,15289
43083	12,597,1228,1823,7299,7704,7714,8359,9659,11192
43084	12828,15761,43068,43070,43105,124,615,1433,4314,5085
43085	15843,12344,7242,16643,16650,46319,6545,7246,8401,10667
43086	13636,43070,43090,43105,5971,13510,13632,13640,17050,43084
43087	597,1228,7704,12004,12005,13602,13636,13968,14271,15289
43088	43068,43071,578,9839,13618,15343,15761,16979,18099,21185
43089	13618,7509,7704,13714,15761,2281,5928,12554,13678,14271
43090	10483,15761,4841,7509,13267,13636,13681,20505,22536,28890
43091	15761,4839,7704,11181,11863,13280,20486,30409,35791,43011
43092	7704,24147,43064,548,575,597,1228,1230,2786,5681
43093	597,1228,2975,2998,3714,4032,6628,7704,7882,12004
43094	14271,534,562,597,605,606,615,1228,4182,4765
43095	35882,35890,35893,35903,43985,43989,8846,19505,25948,35907
43096	597,1228,7704,12004,12005,13602,13636,13968,14271,15289
43097	43072,18539,134,146,597,1228,1357,1417,1435,2242
43098	11863,15761,17468,5479,7282,7882,9467,11167,11208,17351
43099	597,1228,4116,4138,4143,4173,4182,4872,7021,7473
43100	17478,2281,4314,9880,9943,14346,15297,15706,17842,19959
43101	43001,43013,43026,43065,597,1228,7704,12004,12005,13602
43102	168,1670,597,1228,1423,1679,1694,1705,1810,1849
43103	597,1095,1110,1228,2603,2720,5470,7012,7704,12004
43104	2786,3010,8783,8797,16539,17911,18816,35799,40437,40489
43105	14271,13636,23366,4841,5670,7509,7704,13510,13640,14318
43106	8815,18614,35752,338,340,637,1239,1870,2554,2694
43107	52,351,4736,5955,7639,9774,10469,13280,15283,18357
43108	40945,1092,5654,11721,15285,17059,18841,19984,20472,20506
43109	2407,3403,3612,6100,12633,18334,19936,22973,25319,28704
43110	18334,30269,41742,43107,43108,43109,43111,43112,43113,43114
43111	13959,18441,20521,35731,43107,45170,6,52,454,1114
43112	41775,2242,10544,15715,18283,18348,20604,30324,34886,31
43113	8726,11378,13796,13807,14105,14118,14131,14132,14134,14150
43114	37448,10029,36862,39243,39247,39333,40395,44049,10002,10040
43115	1417,4782,9835,9927,13654,14324,17365,17468,17478,18095
43116	18334,30269,41742,43107,43108,43109,43110,43111,43112,43113
43117	18334,30269,41742,43107,43108,43109,43110,43111,43112,43113
43118	454,2054,2204,2557,4153,5234,5358,7527,7989,8932
43119	3743,29719,29775,41435,17,87,95,129,138,166
43120	12226,17046,17048,20480,31251,17,95,138,166,168
43121	19063,27536,49985,32072,40443,15186,22927,27552,33121,973
43122	168,2687,23694,35435,35436,35449,35452,35455,35459,35496
43123	29836,5005,17046,22307,24352,26872,26877,29867,43171,138
43124	24352,2031,5005,9153,9170,10842,17070,26869,26877,26891
43125	11093,17046,23585,24900,43121,11,17,52,95,138
43126	26872,95,8501,166,2645,5005,6222,9153,10842,12226
43127	43163,43613,1100,5005,9153,10842,12226,13017,13501,17881
43128	10842,43124,43129,43141,17,95,138,166,168,243
43129	26872,43431,138,166,7459,8501,10842,17046,17048,24356
43130	12004,17,95,138,166,168,243,1099,1228,1577
43131	1232,43127,16,17,95,117,123,128,135,138
43132	1100,29719,29730,34751,40633,41523,43127,43268,49584,12
43133	138,166,168,12226,13205,13501,17881,20480,26877,28193
43134	5005,9153,10842,12226,13017,13501,17881,22307,24352,26872
43135	8268,8301,8299,8296,8270,8297,8306,8336,8286,8295
43136	8501,17070,43171,166,243,19130,24352,26872,41506,161
43137	64,2855,4792,7467,20480,22950,43122,43142,45423,0
43138	138,7459,17046,20080,43129,43142,17,95,166,168
43139	17046,17,95,138,166,168,243,1228,2680,2687
43140	43142,26872,45054,1,95,138,168,1230,1357,1664
43141	43128,43142,17,95,138,166,168,243,1228,2680
43142	43140,17046,17048,26872,138,7459,8501,9221,9659,13074
43143	18075,2786,10469,13280,15297,15843,16643,22697,29772,138
43144	5005,20486,26872,34441,134,3574,3576,16630,17046,22756
43145	26887,6117,8501,15356,17022,29870,43162,43175,6108,29260
43146	6117,29719,134,2678,3743,6109,6120,12347,17038,20513
43147	17636,32198,32582,32612,32615,32619,40654,36,438,659
43148	26877,134,9170,24352,43158,166,2680,15710,29817,43180
43149	43153,8667,43238,43454,2,95,112,134,1100,2027
43150	43142,138,2017,2027,2678,7459,15692,17046,18230,20080
43151	134,1110,17048
43152	49549,49731,6117,20070,23703,27881,30002,40633,41467,43158
43153	43149,43454,43238,1100,17048,43221,43462,43493,134,1538
43154	34176,1230,15186,23510,27549,27653,34164,34200,34258,34299
43155	143,13846,45170,13854,13889,23551,34210,34277,34342,454
43156	3230,45311,195,202,385,807,1754,2017,2031,2036
43157	987,2086,9062,16532,19315,23513,24875,26654,32065,33462
43158	44926,13934,13981,43162,43453,134,9170,11713,13793,13930
43159	
43160	138,13818,43222,43363,134,161,168,439,452,609
43161	43347,134,18616,43136,43223,138,166,1455,5229,6984
43162	6117,6109,43145,43158,43175,3151,15122,17436,19935,26872
43163	12345,43127,22091,43344,49429,1100,2059,3481,8908,15032
43164	24334,82,168,438,1657,1664,1667,1679,1687,2324
43165	134,7506,10842,20070,25488,27840,30002,41467,43152,43430
43166	2031,134,138,166,168,659,1181,1212,1403,2194
43167	134,8287,25931,45602,18,49,168,218,337,503
43168	19996,43142,43144,43149
43169	338,13858,26851,26853,27806,42692,745,1001,2188,2197
43170	47712,47715,47720,47721,47722,47723,47724,47725,47726,47728
43171	43318,134,17046,17070,19633,26872,43136,43349,2687,24352
43172	1002,1139,12445,14182,22131,26157,26163,29250,34405,41645
43173	15335,18575,34257,0,26,48,204,439,454,543
43174	28779,1823,16532,18075,18588,20567,23532,24426,27299,28802
43175	24352,16680,43288,6108,6142,9170,43145,43235,9153,15122
43176	995,1078,1121,1128,1131,1133,1134,1145,1150,1458
43177	6162,18051,22293,22303,24129,26144,29189,29190,29216,29232
43178	117,135,8669,8670,8692,15354,16874,20457,41523,41805
43179	2711,168,134,138,2687,8501,16718,23951,26872,43242
43180	2680,134,138,9170,26877,43253,43331,166,6109,15710
43181	43358,243,17070,43136,43190,43338,43650,134,169,1216
43182	223,2946,7978,14803,21284,21306,21316,25807,25905,28015
43183	2036,134,598,1673,1846,2084,2678,3250,3770,3889
43184	134,138,166,2686,4813,9170,12344,13430,13497,17070
43185	8501,134,26872,24334,43288,9153,9170,43242,43349,138
43186	25199,35678,33051,35613,35692,1,2680,14181,15175,16878
43187	20513,134,161,2680,16965,16998,17437,17450,29719,43242
43188	595,1137,2666,3004,4113,6224,6785,8461,9924,10390
43189	161,6109,15731,24352,26887,42733,43193,166,6115,9170
43190	6109,134,43235,161,2680,17022,43349,3736,12154,29760
43191	9404,16884,16906,42049,5100,8738,16864,16868,16878,16881
43192	134,138,152,159,166,1694,2060,2334,2680,3043
43193	9170,24352,134,2680,43189,43253,43335,138,6108,15731
43194	239,2027,2295,6214,6978,9950,12154,12633,13204,13576
43195	2659,17048,47788,107,1937,2027,2036,2142,2406,2694
43196	7192,13481,13501,15122,134,2855,4835,4841,4935,5143
43197	43238,43493,134,1085,5033,6296,12221,12348,18588,20224
43198	
43199	2419,2406,1680,1988,2014,13957,14014,14280,21149,22500
43200	23550,42051,9194,15356,21556,25228,35633,1,129,2659
43201	1657,1689,13847,19,1670,1673,1688,1705,2637,2667
43202	17022,15386,15731,17436,43145,43235,3926,4835,6108,6214
43203	297,1595,1614,1647,1741,2989,3651,3914,3972,5178
43204	9404,15731,16864,16876,23685,2659,2691,11709,15122,16878
43205	24352,43148,134,138,159,166,1694,2680,6108,6142
43206	134,3736,12154,17046,17450,18806,43242,43312,138,161
43207	168,1688,2687,24334,29688,29704,35494,1670,1736,1864
43208	24251,24255,24262,24267,24272,26906,31251,134,575,1680
43209	24128,154,7411,15464,19935,44358,48656,147,223,687
43210	23690,35633,17636,35560,9194,19920,25228,35678,49226,14064
43211	1364,1390,1405,1428,1668,2982,5137,5236,5242,5531
43212	37874,39523,40548,44764,45398,134,138,166,168,1361
43213	8268,8270,8284,8308,8317,8363,31231,41801,2864,3010
43214	132,1535,2169,2641,3039,3736,4839,6108,7699,9404
43215	1667,2659,1664,2413,2637,2687,2689,29379,29513,38011
43216	134,2031,2036,5229,6117,20078,20486,28297,28539,29859
43217	2680,134,7177,15122,17041,17069,25166,26872,43239,138
43218	43242,134,8347,9149,20480,26883,40700,43171,1692,3167
43219	1657,1673,2678,3205,3231,4261,6101,9638,13910,14746
43220	134,43333,3248,6178,6201,7700,9170,9171,12226,13282
43221	22091,43613,12345,48904,6304,30591,42454,43149,43153,43197
43222	43363,134,2031,8501,9170,21171,26872,30646,31347,42733
43223	9153,9170,24352,1673,1692,2680,17070,43124,43161,43175
43224	168,35494,1705,1679,1685,1692,2637,2659,29513,29525
43225	168,1655,8501,8692,9174,13765,17235,17288,17311,18045
43226	7425,29229,138,2855,3248,6178,6201,8501,10918,13282
43227	13688,23856,26892,28879,40298,41506,43253,43297,43324,43352
43228	43347,43430,4934,16630,25166,29822,32991,42284,43158,43175
43229	671,1617,1664,1667,1694,2675,4944,9839,9943,12706
43230	6121,43272,43299,43371,15833,24352,43375,109,134,138
43231	25195,1100,1657,3205,3231,14746,25199,29438,29459,82
43232	807,815,838,1860,2659,4317,7242,7246,8507,9206
43233	2036,12122,597,1131,1559,2043,2123,2496,2659,2680
43234	
43235	43190,43175,29260,43202,4935,15731,30712,43304,159,239
43236	4935,2036,18616,43235,19,127,138,166,1122,1250
43237	6109,26872,43190,8501,13221,26887,35570,44256,161,2324
43238	3525,43530,4070,8508,10287,10408,10987,22102,22118,43149
43239	43297,43484,43557,5957,9153,43127,43136,43163,43197,43217
43240	134,169,5005,9153,10842,12226,13017,13501,17881,22307
43241	22294,43370,3931,4035,4204,11571,22282,22305,35004,134
43242	9608,11595,9634,134,17070,29513,38867,6109,26872,26883
43243	1688,1,458,490,543,1031,1354,1382,1484,1664
43244	24352,43354,138,17469,17476,23184,23231,26872,29804,43171
43245	43189,161,6109,19935,25166,138,2680,3161,3231,4835
43246	168,672,692,1445,2666,2802,3205,3231,3994,4169
43247	11198,45489,19,123,166,352,434,467,659,664
43248	134,168,528,638,2946,4163,4198,4202,4254,4289
43249	134,14544,24211,3731,9612,13218,13436,13501,14529,17881
43250	43372,2680,29459,43607,1692,1694,8501,9170,15369,24352
43251	29846,3736,161,433,2680,16680,20513,24334,29770,29859
43252	43309,134,8959,13501,24352,29775,29777,43190,161,3230
43253	43352,24352,17070,26877,43190,43193,134,138,2680,43180
43254	48921,48940,48828,48831,48852,48872,48836,48833,48849,48858
43255	2680,8536,43288,43369,43373
43256	43613,3931,16532,22158,22265,43548,660,1113,1538,1860
43257	3736,4934,17450,43654,18045,29822,43251,43312,134,161
43258	26872,43175,43335,166,15731,134,9170,17436,24356,29817
43259	26883,9153,43296,43297,134,166,8501,17070,30182,43331
43260	43391,161,487,800,1183,6045,8270,8692,9527,11572
43261	
43262	134,1,20,5005,16941,16963,17046,23004,26872,26877
43263	
43264	134,6117,7920,8501,8721,9153,12846,13205,13430,17069
43265	22773,35435,1,19,1497,4983,5474,8688,8756,8804
43266	3736,6117,12922,17450,23623,26892,42256,134,243,897
43267	26869,3920,9638,25195,33416,19,168,242,367,371
43268	23520,134,1664,13792,27536,43354,14236,17636,22506,25200
43269	43242,161,2680,16998,17437,17450,20513,21919,29822,43187
43270	10935,134,6117,138,2855,7910,16630,17070,21166,26872
43271	134,43171,8347,9149,9171,9181,22307,24352,26872,26883
43272	43230,134,1685,1694,4934,13221,15710,24352,26872,29836
43273	3248,6178,6201,13282,18053,43220,43226,43656,6117,6209
43274	453,606,2850,3743,4185,6120,7504,8501,12881,12912
43275	8319,15246,502,1354,1381,1455,1782,1956,1966,1967
43276	6109,43145,19,105,134,166,239,3926,4841,6115
43277	352,134,169,343,13112,13501,22621,29247,29281,43417
43278	1688,2667,2687,1689,1694,2644,6109,15179,15356,24334
43279	3230,4841,5143,47425,138,161,1230,1673,1823,3175
43280	6117,134,43312,656,4934,6120,17450,19422,20513,29774
43281	2413,2698,1679,1694,1705,1736,2659,2689,2711,16713
43282	1670,1688,1692,3231,47442,168,1673,2680,7192,14746
43283	
43284	46969,2036,33701,6109,12920,15731,26872,43190,43235,43258
43285	26872,43175,95,155,2680,6168,9170,25199,42733,43171
43286	2052,2083,5005,8323,9171,12966,26880,27660,31179,32632
43287	16878,43175,43186,2659,2680,15386,25199,29260,29444,38940
43288	26872,134,43175,17070,24334,43349,17046,43185,43303,43438
43289	6117,3743,26893,43216,43251,43585,113,134,138,161
43290	1455,5005,6984,9461,9504,17046,18446,18616,23505,26883
43291	26872,43242,166,8347,9170,9171,9174,43175,43335,43575
43292	17437,134,3743,17450,23623,26872,43162,43242,138,433
43293	168,134,6109,2667,8501,13495,13510,26872,43224,1670
43294	134,26877,9153,9170,24352,26872,161,7611,8501,43144
43295	5588,9798,12107,20504,22773,35782,44892,161,433,453
43296	26883,43259,9153,138,166,1455,6984,8501,9461,9504
43297	134,2680,166,26872,43259,43331,43333,138,9153,10301
43298	43190,26872,43145,161,8501,26887,6108,6109,6117,15354
43299	43230,43371,8501,24334,29836,43272,43375,134,284,285
43300	415,422,426,417,418,419,436,423,432,2647
43301	453,8501,15122,22971,44887,615,2324,2674,3736,5588
43302	366,660,2027,3702,4234,4244,4247,4670,4841,5569
43303	26872,134,9170,8501,43288,778,5005,6109,24334,28718
43304	33051,6108,29260,34485,43235,134,138,166,2680,6142
43305	43597,9153,31756,44803,44806,134,169,1234,1814,2505
43306	8501,29836,43348,2659,4935,15750,17046,24352,29719,29867
43307	4934,95,134,284,285,2031,5005,5051,5475,5933
43308	134,138,155,159,166,447,1685,1688,1694,2640
43309	43252,134,13501,24352,29775,29777,43190,161,3230,6109
43310	24352,43253,138,17070,26872,26877,43242,43352,43570,134
43311	19,168,204,1220,1657,1666,1670,1677,1679,1685
43312	2680,6120,20513,363,6109,14746,15731,16680,29719,29802
43313	29719,43506,239,6109,8722,45131,105,161,184,1458
43314	15731,166,24356,26887,43145,43189,134,2680,6109,8735
43315	161,166,218,3347,4500,8531,12004,13317,14065,15343
43316	43361,45,238,478,1234,1347,1445,1685,1695,1959
43317	9463,134,168,204,343,476,584,754,797,909
43318	43171,19633,134,9170,17070,18576,168,2400,4981,6577
43319	134,166,3736,15946,17070,43175,43190,43304,43314,138
43320	10653,10663,32597,134,2196,7481,7702,8286,10504,10881
43321	134,9153,43353,43463,8501,9170,15750,24352,26872,29836
43322	43622,43651,1688,1854,2680,9170,22307,35481,43185,43242
43323	9153,17046,43650,161,169,239,1687,2680,3736,4525
43324	134,433,3684,3736,4934,13688,23856,26892,28879,29822
43325	
43326	
43327	14538,14542,17477,18953,18956,21928,24563,25815,28033
43328	5005,4996,134,2680,5004,5018,9170,17070,24352,26877
43329	43158,134,15710,24385,26133,30646,161,626,910,1403
43330	8295,8307,134,4935,8268,8273,8284,8292,8294,8305
43331	134,43349,138,2680,26883,43242,166,43171,43180,43190
43332	9153,24352,26877,43294,2647,2680,6162,8501,9170,9610
43333	134,8501,43349,26872,41506,43297,43331,138,161,166
43334	8501,134,26872,26883,166,239,606,5229,7425,15130
43335	15731,43175,43193,43258,6108,6109,9170,24352,29875,134
43336	24334,1673,4694,6115,7177,8061,12344,12445,15368,16470
43337	4935,9170,17161,29817,29868,43162,43196,43253,43258
43338	807,4926,7443,8536,9170,43016,43181,43358,43650,134
43339	8501,43268,43354,134,168,204,1666,1670,1679,1685
43340	5249,20107,23029,30353,43322,43622,43651,19,242,546
43341	43645,47834,2869,3237,6143,13003,13022,18845,36662,42855
43342	16865,8675,16878,16881,16883,16896,16970,30249,33051,237
43343	134,31232,138,159,166,1694,2680,6108,6142,9170
43344	43163,43548,4069,16215,22178,30591,43530,1100,1137,1854
43345	43604,166,2680,43190,138,159,1694,12347,15731,16680
43346	43650,43653,134,169,2680,9153,15122,17046,29759,32
43347	43228,9170,134,43161,8501,18616,26877,26891,43158,43175
43348	8501,4935,9153,9170,24352,29836,43223,43306,134,6115
43349	134,9608,11595,24334,6109,38867,138,9616,17048,43190
43350	22305,4240,22241,22303,13276,13309,22257,22283,22284,22293
43351	599,3004,3994,4102,4159,4207,4231,4241,4246,4302
43352	43253,17070,24352,134,138,166,15946,26877,26936,43190
43353	43321,9170,43171,43356,134,243,2680,3586,7429,8501
43354	8501,43268,9170,26872,29229,38011,43190,43244,43322,43622
43355	223,1366,1413,2648,3651,5263,6519,6610,6639,7244
43356	9170,134,138,166,2680,9153,17070,24383,43184,43190
43357	26872,26887,43297,43333,6120,15731,15766,24352,29741,29783
43358	43181,43136,243,8501,17070,43171,43190,43338,43650,134
43359	16,2830,6121,8422,8901,13834,14423,14467,19009,19028
43360	4835,3134,161,17450,26872,26887,29828,29868,42733,43189
43361	1982,43316,45,238,478,1347,1445,1959,1966,1967
43362	7459,10315,16630,17435,18304,20259,20486,34157,43144,43158
43363	43222,138,21171,30646,43160,43382,44959,134,161,235
43364	2370,2857,6304,8680,11003,12641,43149,43153,43197,43221
43365	134,138,166,168,2031,2703,2711,5532,6643,8806
43366	1854,2680,8501,9153,10842,12004,17046,17070,17883,20507
43367	4934,3736,20513,29719,44803,47804,47847,161,346,433
43368	
43369	134,2680,138,166,13205,29828,2687,9170,17048,24352
43370	43241,4102,22294,134,1823,2031,2442,3931,4046,4204
43371	26877,9170,2680,134,17070,166,1694,9153,17046,24334
43372	43250,2680,3231,29459,43342,168,534,535,579,591
43373	134,2680,166,26877,138,9170,17070,24352,29828,43242
43374	19,97,971,1045,2142,2638,3575,5025,5588,7522
43375	134,13792,18338,23520,41412,43210,439,1673,2413,3883
43376	33955,41437,41440,46144,47670,19,96,134,174,1186
43377	9289,34205,15175,15207,16862,17740,18539,23360,23520,23672
43378	1317,1331,1814,2515,9774,10652,13563,18282,20080,20480
43379	17046,25150,27913,43160
43380	0,134,637,1870,2031,2827,2897,3875,5681,6318
43381	134,43129,43444,210,2031,10842,16941,25166,33062,33079
43382	138,17636,23546,17,52,1817,2031,3034,6117,7521
43383	
43384	1232,4389,10236,19306,22921,22950,23685,1,186,1404
43385	138,4124,5949,6260,7459,8003,10315,13557,16630,17435
43386	1156,6956,16621,23305,23569,34167,38737,41573,44899,16
43387	2678,134,975,1100,1111,1181,1754,1814,2031,2043
43388	134,35613,43124,43200,43412,44620,1,97,98,1031
43389	1673,2659,2666,2690,3903,5025,14689,22093,25231,26871
43390	8347,9174,87,134,1994,2031,3167,3568,4542,5005
43391	43260,16869,16946,21168,43142,43478,45834,134,161,487
43392	3894,41020,342,934,3994,6304,14691,15513,19014,20824
43393	8685,1,180,234,638,971,987,1137,1230,1754
43394	75,1361,1826,6901,7065,7458,8234,8239,9166,9659
43395	16,17,53,486,1783,1817,2022,4196,8274,9891
43396	8674,15362,16879,16883,34010,44264,44299,44321,47169,47170
43397	134,2031,10842,33062,33079,35585,43124,43128,43129,43200
43398	134,2031,2442,2608,5957,6939,7371,7383,7406,7457
43399	
43400	4104,8795,12577,13871,17871,24099,0,29,52,126
43401	29719,33051,166,6117,16942,26872,29817,43304,161,239
43402	21166,134,351,439,975,1001,1100,1719,1989,2027
43403	1100,13889,27736,1232,8154,13828,13917,17434,17636,19269
43404	13948,16532,19036,19,87,342,351,375,1113,1158
43405	134,138,2017,2108,5020,5024,5031,5032,8501,9148
43406	35585,1,20,120,134,161,166,442,575,589
43407	1,3,12,41,82,961,1353,2129,2141,2276
43408	1090,1100,3558,4872,5058,5075,8443,9010,15654,17717
43409	2424,2406,1680,1988,2014,2422,2434,14280,21149,26351
43410	13280,14318,17059,134,615,2795,5086,5933,5955,6328
43411	35390,43431,134,1613,2031,2662,2826,2972,3887,4188
43412	134,2031,10315,10842,43124,43388,98,450,631,2892
43413	
43414	43619,27882,43190,43588,134,546,1404,5077,8501,16584
43415	19427,34299,3574,11399,13792,16027,19352,19429,19983,22357
43416	117,124,134,135,138,235,2031,2561,4160,6113
43417	43277,134,153,168,352,439,4125,5744,5752,7516
43418	117,135,8669,8670,8692,15354,16874,20457,41523,41805
43419	2059,45131,45311,13,123,127,167,202,220,892
43420	2892,35710,74,437,631,1099,1100,1743,1814,1987
43421	3576,8682,34176,34183,34206,34219,34220,34244,34250,34266
43422	1673,2637,2324,2647,2649,2653,2655,2663,2667,2668
43423	34152,34207,34462,117,242,1230,1343,11834,12964,18578
43424	49187,49188,49190,49197,49201,49209,49214,49218,49221,49237
43425	45195,33051,35585,1,7522,8685,11707,13870,16862,18276
43426	43127,43163,43256,43613,1100,5058,5075,9010,31287,31297
43427	4260,6109,7805,8674,8675,15146,15353,15354,16861,16863
43428	1001,10301,4819,12649,14065,14132,19439,23006,25195,27736
43429	2027,3686,23040,32636,35050,433,458,679,1031,1220
43430	49747,43228,44937,49549,49722,10842,25488,27840,30002,41467
43431	138,2027,9171,1673,2680,17048,26883,43129,43223,43242
43432	33051,2659,8685,35621,35630,43593,1,19,14181,15356
43433	35585,40736,40738,134,195,298,1354,1560,1754,2031
43434	33629,41121,109,161,239,280,1605,3155,3230,3394
43435	9194,25199,16862,16878,17740,23550,35605,35630,35692,42051
43436	3733,3754,3757,9107,9114,9126,11707
43437	2409,6648,6671,8702,9181,40848,43218,19,134,138
43438	24334,43627,43288,5005,8347,9153,29461,46792,2680,2681
43439	171,351,575,627,989,1230,1809,2041,2162,2507
43440	19594,19606,19616,19621,19645,19652,19696,19742,23382,27344
43441	30646,43158,43162,43501,44926,44929,44952,113,134,239
43442	
43443	43438,9153,9170,43601,87,161,3568,5005,8347,9141
43444	134,43381,2031,10842,33062,33079,35585,43124,43129,43200
43445	1,109,265,1083,1196,1794,2122,4810,4838,4935
43446	34297,439,543,1689,3298,7506,8677,10003,10051,11395
43447	35633,35678,20075,35613,35621,15175,19920,35570,16861,16878
43448	
43449	2031,2559,25166,43124,43452,43516,134,556,5005,6364
43450	64,143,154,161,169,343,352,368,370,1950
43451	23685,12,19,242,439,975,1078,1083,1094,1100
43452	15369,24334,26872,43190,6115,9148,9170,9171,14746,25166
43453	43158,30646,3230,7392,15354,25650,28435,43148,43314,43331
43454	43153,43149,1100,43127,43221,43238,43503,43530,43548,43613
43455	43163,43613,105,161,184,210,1100,3295,4262,4835
43456	34536,45054,19429,33051,35523,34207,3575,11387,21873,34176
43457	522,16342,530,560,621,1613,1918,2285,2662,2855
43458	43514,1688,2647,2687,2713,7419,8154,8986,13510,13520
43459	134,17881,40470,138,166,168,351,815,934,952
43460	1692,1694,8270,13837,15146,15373,15377,17185,25199,168
43461	134,1560,2027,2031,3481,5033,10759,10842,11707,16919
43462	43238,43493,43149,43153,43197,43256,43530,43548,168,433
43463	15309,43321,43534,4736,4769,9105,9657,9774,10477,11181
43464	
43465	1092,2647,2687,5654,8154,11721,15285,18841,19984,21254
43466	
43467	1617,3403,4999,5002,5475,8675,9735,12347,16884,16911
43468	966,1185,2108,4265,8075,14365,16425,25505,26069,26584
43469	134,1465,1754,12657,35582,40303,40472,41506,45308,49559
43470	1255,2507,3283,5264,9975,12352,14691,20561,22921,23537
43471	4567,134,138,1918,1987,1988,1989,1999,2000,2031
43472	
43473	64,84,356,550,681,1677,1854,2027,2680,4033
43474	166,2700,7325,7346,7356,7359,7392,8501,9563,11848
43475	134,1538,17048,43149,43153,43197,43256,43491
43476	1673,603,1088,1100,1679,1687,1692,2647,2689,2690
43477	19014,161,223,342,433,1668,1918,2027,2680,2865
43478	43391,134,487,1814,2031,2637,9172,9774,12578,12966
43479	1161,19474,46678,47445,48207
43480	43303,1032,2031,2273,2324,2559,2956,3011,3685,5005
43481	
43482	1230,3873,31122,43456,2059,3482,4053,7422,11046,11605
43483	2054,13832,13818,13885,13958,13966,13981,14094,14138,23556
43484	43239,5231,338,679,3094,5957,8700,13995,15310,30970
43485	1099,1156,1164,1184,1222,1664,1667,1689,1879,1915
43486	
43487	43163,43221,43455,43534,43613
43488	2389,5353,6961,12154,13430,26886,29861,29870,30015,42455
43489	2036,2196,2496,3625,5006,6002,6104,8328,8728,8736
43490	2017,2052,11883,26880,31418,39121,43405,49023,2031,2559
43491	134,1538,17048,43149,43153,43197,43256,43475
43492	13917,13832,13886,13965,13981,14065,2857,3230,4185,13793
43493	43197,43238,43462,43149,43153,43256,43530,43548,2370,2857
43494	2559,5005,25166,43438,43516,43624,43627,556,1673,2031
43495	2036,2659,3926,12881,15731,17022,17883,43202,45927,19
43496	
43497	42702,48026,161,467,1823,2413,2554,2786,4737,4965
43498	
43499	
43500	8702,8721,11401,16663,17090,20190
43501	17038,18994,46977,2017,2027,2040,3474,3770,5005,7402
43502	5638,8347,8350,39209,556,2559,3144,7263,8802,9159
43503	12345,15032,22091,43221,43454,43548,49429,479,660,1090
43504	1577,1667,2036,2060,2142,2588,2647,3283,4260,4830
43505	189,343,1919,3086,3173,3377,6894,7422,9954,11261
43506	239,43313,45131,26887,29719,2040,2076,2857,3227,8692
43507	4289,16350,19406,123,124,662,1137,2443,2451,2623
43508	
43509	49536,49642,49532,49539,49548,49730,49766,453,9138,9884
43510	
43511	1919,2081,2370,5150,6473,6531,6894,8025,8140,8191
43512	
43513	95,134,2031,3205,3231,3882,3928,4106,4934,5005
43514	43458,490,546,1688,1854,2647,2687,2713,7419,7645
43515	134,337,1617,1950,2031,3230,4679,7921,10709,11377
43516	2559,26871,43288,43438,43449,43494,46792,546,556,1613
43517	453,161,5229,5776,5957,9138,9884,10287,10548,11713
43518	601,960,1139,1657,1679,2269,2346,2547,2650,2710
43519	
43520	134,252,4593,7401,13809,30062,32299,43149,43386,44899
43521	2017,10842,21678,27334,30115,44932,46876,81,134,161
43522	239,7191,14982,23943,28779,28803,29552,39720,42927,3412
43523	
43524	43463,43534,43557,43578
43525	
43526	43221,43613,168,433,973,1016,1106,1538,1633,1665
43527	9170,43601,9153,9155,9192,40965,43568,87,95,152
43528	14494,554,597,14558,189,222,343,566,1883,1919
43529	13616,574,991,1810,1845,2156,2440,2651,2825,2855
43530	43548,43238,12401,20596,31122,3518,8492,10287,15039,26299
43531	8501,45926,46974,453,2031,2850,4185,7438,12881,14316
43532	69,319,627,1242,1260,1263,1613,2662,2786,2805
43533	
43534	43463,43578,679,5231,8700,17048,30970,33733,42354,43153
43535	20199,20201,20205,20223,20232,20234,20235,20241,20245,20252
43536	338,3518,4060,4201,10323,12401,13795,16235,16245,16920
43537	6115,29459,29461,438,1692,2324,2647,2680,2681,3205
43538	5681,7649,10774,12983,15389,15987,16470,17154,17162,18524
43539	98,134,8489,10315,12343,17048,19166,23022,23549,24538
43540	14996,20845,338,439,490,623,2027,2034,2036,2054
43541	138,43614,134,166,168,235,2031,2711,4160,6113
43542	465,975,1772,1821,1890,2043,2104,2413,2484,3625
43543	16898,28050,41885,43456,161,2036,3230,6117,8501,8692
43544	7672,1657,1670,1688,1689,1692,1694,1705,1778,1864
43545	161,5498,5924,8710,15285,16456,18823,30695,35471,38841
43546	6227,13443,39445,39448,39452,39455,39456,39457,39458,39460
43547	2027,3684,3694,3707,3716,3751,3754,6303,13241,21149
43548	43530,3920,8492,20596,22141,22178,28563,31122,43256,43344
43549	2031,2324,2559,5005,6364,9148,14901,15310,15392,20577
43550	3520,3540,4099,4163,4295,5231,11015,14930,19450,21417
43551	966,2108,4265,8078,14365,26584,28919,29190,32949,33624
43552	9171,1673,43242,1664,1667,2043,2413,2659,2678,2689
43553	1670,1687,2744,3736,4220,4782,6117,13155,16998,17207
43554	47199,47224,47192,47197,47201,47202,47204,47212,47215,47219
43555	134,153,352,4125,5744,5752,9921,11040,12619,12667
43556	29763,45867,161,239,551,3004,3450,4262,4835,4839
43557	43583,43239,43616,1099,5045,6117,7269,22950,23014,243
43558	138,235,3562,3712,4160,5265,5990,6113,8501,8593
43559	450,965,3205,6490,12343,12519,13792,13806,19039,21417
43560	2678,15130,29783,3134,6117,15731,26872,43175,169,2659
43561	134,95,98,116,2031,4934,5005,5051,7459,7611
43562	
43563	2554,6998,7649,10453,11711,14376,16269,16336,19359,21238
43564	105,134,235,239,576,1492,2084,2287,2524,2676
43565	47711,47729,47717,47724,47730,47732,1617,2915,4521,5307
43566	2019,2036,2048,2059,4531,4532,4533,4535,4542,4544
43567	
43568	9170,9153,6121,6142,8347,9148,9171,12226,15369,25166
43569	13573,14514,64,81,84,336,339,343,359,368
43570	6121,9170,26872,43310,9387,23306,30486,43304,43604,19
43571	43152,17046,113,1613,2662,5040,5077,5229,6117,9148
43572	43595,4104,269,821,2083,2108,3230,4521,4947,6109
43573	
43574	1694,2215,2637,8155,10622,20847,24623,25899,25914,29478
43575	43242,46792,8347,9171,9174,43291,43438,1673,1692,9170
43576	210,16941,25166,39761,43129,43381,43423,43506,49942
43577	52,171,5307,9154,9812,13166,16179,19550,23481,33285
43578	33733,43242,43534,679,5231,5957,8700,17048,22445,243
43579	2690,9171,40965,43129,43218,43382,43527,49942
43580	1434,1446,1507,2054,2495,2523,2922,3875,5236,5242
43581	134,161,686,1546,1651,3295,4789,6113,6115,6136
43582	43431,138,2027,27717,43531,692,705,728,2017,2678
43583	43557,43616,42354,6117,7269,243,438,656,1293,1664
43584	4934,8501,9170,26877,43158,95,134,2031,2680,2857
43585	6117,43216,43251,43289,101,134,138,161,162,168
43586	134,24352,166,2680,8501,29747,43268,43276,43608,138
43587	15752,21238,27394,38719,42844,43608,47644,549,575,2324
43588	27882,27901,43414,5077,19633,27877,43619,113,124,134
43589	19,546,1183,1220,1382,2689,3250,3523,4114,4223
43590	26883,44958,11704,44929,44933,95,2027,5229,5307,6117
43591	43217,43239,43321,43463,43484,43557,43583,43616
43592	166,239,15731,26872,33051,1,20,95,120,161
43593	33051,27609,35613,16894,23690,27549,49226,19,9194,15186
43594	1,20,52,73,575,1080,1357,1431,1680,1772
43595	43572,4104,269,821,2083,2108,3230,4947,6109,9170
43596	33701,12881,43284,46969,46972,46979,283,453,606,615
43597	43305,1234,2505,9153,9170,11401,13149,13648,15793,16333
43598	138,2027,2680,105,161,371,439,690,692,705
43599	158,544,1854,2036,2680,4521,4903,4922,5005,5986
43600	3736,3928,8729,12517,13576,15146,15354,16863,16869,16878
43601	9170,43527,9153,9155,9192,43443,43568,87,152,158
43602	1694,2667,29513,168,1657,1685,2647,2659,2687,29558
43603	1685,31347,43224,168,222,384,1613,1657,1670,1679
43604	161,43345,4841,26872,43189,43190,166,6121,13481,43193
43605	134,138,166,168,2031,2711,8667,8863,11958,12226
43606	438,1664,1667,1679,14746,15369,27319,82,134,168
43607	47442,1692,11577,15369,27319,41518,43250,1670,1673,1694
43608	16963,29260,2027,6108,13576,15731,16861,16906,16941,25184
43609	4302,9747,11571,19406,19422,22241,22295,29719,31122,49353
43610	3736,146,169,566,2639,2678,2680,2956,3250,3283
43611	29819,134,1639,1673,1680,2324,2680,2956,3731,4441
43612	138,161,854,1940,4844,6106,7611,10375,11705,11706
43613	43256,43221,43127,6304,43426,43454,43455,43526,43548,117
43614	134,579,14324,138,575,609,5933,8501,8786,9467
43615	134,138,155,159,166,1694,2680,2687,4948,5005
43616	43583,43557,42354,243,438,882,1293,1673,1692,2647
43617	243,438,1673,1692,2647,2680,3935,3945,5099,6115
43618	142,3845,7254,10496,11162,11173,11253,13073,16340,19818
43619	43414,27882,43588,637,1196,1357,2400,2444,2534,5077
43620	2668,562,606,615,966,1797,1854,1860,2519,2637
43621	
43622	43322,43242,9170,43651,134,1688,1854,6115,8501,29513
43623	168,2680,5005,6304,17048,17070,24352,24356,31295,43180
43624	1673,5005,19664,43438,43494,168,204,1186,1664,1667
43625	168,2680,8501,8536,26872,43224,43303,134,166,338
43626	1692,24352,43175,43242,1694,9170,15369,1673,2647,2659
43627	43438,9171,134,1673,29513,43224,43242,138,556,1685
43628	
43629	4247,4254,1692,4196,4246,4314,18511,22147,22295,24127
43630	239,2027,2295,6214,9950,12633,13204,13576,16861,16917
43631	20060,28968,32597,33302,33955,33988,40533,40848,42150,48685
43632	8667,8863,11958,18176,22188,29868,43605
43633	126,1670,1688,1694,2410,2667,2687,2691,2698,4841
43634	31122,595,1137,2666,3004,4113,6224,6785,8461,9924
43635	283,1694,6142,15353,17154,17162,18524,19211,27434,29875
43636	243,438,1673,1692,2647,2680,3935,3945,5099,6115
43637	166,239,6108,6115,6120,8501,8735,9170,9178,10930
43638	3736,17450,23623,29719,43175,453,2659,2678,6100,8761
43639	
43640	
43641	26872,134,8501,16963,20074,24352,26877,29719,29760,43371
43642	
43643	4670,7191,28831,601,1432,1702,1772,2043,2269,2346
43644	
43645	43341,2869,26877,28883,134,166,319,621,2680,3237
43646	36747,36767,36779,36873,36891,36902,36944,36945,36998,37042
43647	19,439,667,1078,10052,19150,25224,25405,25421,29453
43648	30952,45687,6477,6654,10821,17556,28704,28722,28776,40610
43649	9386,13230,19978,20062,21578,43143,45580,534,549,744
43650	169,43653,43346,134,158,2680,6117,16680,17046,43162
43651	43322,43622,5249,9170,23029,35481,43354,1670,1688,1692
43652	22357,134,522,708,752,6121,6142,6172,6208,7266
43653	43650,43346,169,134,15122,17046,95,158,2680,9153
43654	3736,43190,12154,43145,6117,16997,17450,17894,18045,43175
43655	
43656	6178,6201,319,13282,18053,43220,43226,43273,2212,2869
43657	
43658	23173,4782,7611,14376,14390,15334,15660,30155,82,138
43659	43660,79,339,528,547,575,582,624,638,2210
43660	546,12328,20500,20793,562,575,622,2841,4159,4782
43661	43660,2646,2678,3505,4190,10456,11619,12327,12373,13958
43662	3937,15328,5776,9882,9925,10301,12328,13400,21239,22069
43663	2812,3171,3754,7611,9928,11641,12327,12342,12353,12366
43664	
43665	43666
43666	43665
43667	291,2572,3557,4261,4988,5242,5960,6152,6877,7590
43668	43675,43676,43670,43673,43678,4264,7672,7981,7983,8004
43669	43676,43670,43673,43677,43678,43681,21917,43671,43674,43679
43670	43672,43668,43669,43678,7938,12073,25279,38283,43671,43674
43671	30328,30336,578,3943,5681,9882,10865,11180,11208,12060
43672	43670,43677,43681,7938,21917,25279,38283,43671,43674,43679
43673	43675,43678,43681,1394,17152,32447,43668,43669,43682,43686
43674	43668,43669,43670,43671,43672,43673,43675,43676,43677,43678
43675	43673,43668,43678,43681,43682,43686,43671,43674,43679,43680
43676	43668,43669,43682,43686,7938,12073,25279,38283,43671,43674
43677	43672,43681,43669,43678,43686,7938,25279,38283,43668,43671
43678	43673,43675,43668,43669,43670,43677,43681,43682,43671,43674
43679	280,551,3937,5933,5986,6196,7343,7433,7691,8492
43680	12749,28116,2249,5234,12783,20648,28109,28122,28130,28150
43681	43672,43673,43675,43677,43669,43678,43682,43686,1148,1832
43682	43675,43673,43676,43678,43681,21917,43670,43671,43674,43677
43683	43668,43669,43670,43671,43672,43673,43674,43675,43676,43677
43684	43668,43669,43670,43671,43672,43673,43674,43675,43676,43677
43685	37,300,1772,1841,2276,2501,3295,6662,6683,7204
43686	43673,43675,43676,43677,43681,43668,43669,43671,43672,43674
43687	15989,44935,106,2130,2256,3412,3700,4114,6143,6158
43688	1390,1434,1446,1448,2627,2632,2830,3618,3622,3885
43689	43668,43669,43670,43671,43672,43673,43674,43675,43676,43677
43690	501,506,852,1674,1678,1976,2501,2502,2528,2534
43691	2544,43692,43693,43694
43692	17185,31304,1967,11756,26114,31223,41312,1388,1431,1797
43693	12714,7204,7466,10671,15483,18013,23476,24435,24498,28706
43694	2544,43691,43692,43693
43695	43791,20569,20826,43813,30682,43796,2820,43812,43830,3337
43696	4899,4922,4871,4884,46281,4918,8492,10456,11860,12342
43697	43734,43711,43771,15858,4011,43699,43717,43729,43753,43755
43698	1809,2942,8457,15858,16806,19808,22159,25726,27287,27913
43699	43813,15858,43734,43755,43725,43745,43804,43721,43746,43761
43700	3305,2699,2971,21906,43725,43734,43763,52,64,113
43701	4166,43803,2798,2942,3733,4247,8457,9607,10052,14204
43702	1255,1809,2942,3894,4960,6030,8457,10236,10318,13427
43703	43739,43817,43711,43712,43755,43829,43830,43713,43745,43746
43704	43734,15858,43788,43753,43755,43797,1137,4092,20737,22830
43705	1809,2942,8457,15858,16806,19808,22159,25726,27287,27913
43706	11619,22147,4048,4053,12401,20596,20826,3971,4046,4118
43707	43753,8457,13235,15858,33694,43696,43703,43711,43712,43713
43708	43742,2017,2942,4196,8457,12401,28312,33661,43701,43706
43709	16196,16208,16211,16197,16198,22118,27410,16200,16205,16214
43710	1725,1809,2111,2606,2942,3390,4571,6397,6893,6902
43711	43713,25726,43703,43829,43697,43725,43739,43761,43771,43817
43712	43778,15858,43819,43765,43771,25726,43703,43829,30682,43721
43713	43711,43703,43739,43753,43755,43778,43791,7452,43696,43699
43714	1694,2667,14746,43708,43742,600,1002,1022,1031,1085
43715	1809,2942,5008,8457,13005,13900,13981,14015,14152,15858
43716	1809,2942,8457,15858,16806,19808,22159,25726,27287,27913
43717	43791,43813,43734,43745,43755,43796,15858,43721,43746,43804
43718	1809,2942,8457,15858,16806,19808,22159,25726,27287,27913
43719	15858,43696,43703,43707,43711,43712,43713,43739,43745,43746
43720	2053,3466,3898,8455,8508,14289,16686,17292,20418,20471
43721	43699,43712,43717,43753,43765,15858,43725,43734,43745,43746
43722	43783,2942,4118,4590,5119,26299,43776,202,269,551
43723	43734,43699,43703,43708,43711,43712,43717,43726,43729,43755
43724	1660,1809,2543,2580,2676,2942,4455,6805,6814,6815
43725	43699,43711,43712,43753,43813,8457,15858,43700,43717,43721
43726	43732,20569,33661,43723,43734,223,366,576,1809,2028
43727	6402,6403,6410,6414,6415,6417,6418,6421,6427,6428
43728	29786,7699,16539,23585,33559,9572,10276,10303,12519,13478
43729	43791,43778,43796,30682,43734,43755,43745,43746,43761,43804
43730	25759,7635,10500,25897,30862,4288,7549,7612,14757,25752
43731	1809,2942,8457,15858,16806,19808,22159,25726,27287,27913
43732	387,43726,778,797,4011,4048,4135,4295,5142,6100
43733	284,292,9533,12884,13810,15583,24361,42660,46763,46766
43734	43778,43788,43812,43697,43699,43704,43796,43830,20569,43717
43735	1809,2942,5803,5811,5836,8457,11120,15858,16806,19808
43736	1809,2942,3305,8457,10287,15858,16806,19808,22159,25726
43737	1357,1809,1918,2942,3403,8457,12781,13616,14920,15858
43738	43728,49018,7,127,975,1255,1347,1809,2409,2438
43739	43703,43817,43829,43711,43745,43755,43815,1137,43713,43788
43740	454,1809,2588,2942,3570,8457,8682,8708,8723,11384
43741	1809,2942,3903,8457,13237,15858,16806,19808,21148,22159
43742	2942,43708,43754,43776,43783,43784,3702,4053,4112,4118
43743	503,1431,1809,2869,2942,3845,5293,5573,5578,5871
43744	43783,2798,2942,3503,8514,27478,27535,29364,43727,43732
43745	43755,43791,43753,43699,43717,43739,43813,25756,43703,43729
43746	15858,43753,43755,43699,43703,43717,43729,43778,43791,7452
43747	43768,1809,2375,2942,3971,4008,6412,8457,8492,11577
43748	4035,4048,4158,6245,10390,11018,13737,15618,20824,22282
43749	1809,2942,8457,15858,16806,19808,22159,25726,27287,27913
43750	2782,8107,8457,16690,43707,43720,43758,541,1113,1809
43751	2942,43742,43744,43754,43774,43776,43783,43784,1809,2085
43752	1809,2017,2942,3437,4531,4546,4558,4564,4565,4593
43753	15858,43765,43745,25726,43746,43809,43812,43819,30682,43704
43754	202,2942,10402,43742,43776,43784,3305,3337,3702,3721
43755	43745,43813,43699,43829,15858,43703,43717,43729,43739,43746
43756	12048,43703,1809,2930,2942,2975,3023,3752,4069,4106
43757	43767,43781,455,1809,2017,2036,2059,2424,2540,2827
43758	3313,3321,3326,4101,3309,3316,3334,3346,3365,3368
43759	25726,43711,43712,43729,43753,43778,1809,2942,7371,8401
43760	1809,2064,2942,4285,8457,11164,14332,14371,15858,16806
43761	43711,43699,43712,43729,43753,43765,43778,15858,25726,43734
43762	1809,2942,8457,15858,16806,19808,22159,25726,27287,27913
43763	43700,43725,46505,202,622,934,941,1809,2589,2942
43764	1809,2942,8457,15858,16806,19808,22159,25726,27287,27913
43765	43712,43753,43778,15858,43721,43734,43755,43761,43796,43813
43766	161,8457,13958,15122,43653,43699,43711,43725,43727,43739
43767	43757,43781,455,1809,2424,2540,2827,2942,2989,3171
43768	43747,43783,339,1342,1809,1837,1867,2137,2375,2942
43769	202,546,800,1413,5263,6519,7907,10350,11357,12067
43770	43776,535,1137,1809,2846,2942,4011,4178,6397,8457
43771	43712,15858,43697,43711,4011,43696,43703,43707,43719,43739
43772	15858,43696,43703,43707,43711,43712,43713,43719,43739,43745
43773	1809,2942,8457,15858,16806,19808,22159,25726,27287,27913
43774	43810,2191,2942,3906,3920,4264,4270,4295,7242,8186
43775	43697,43699,43711,43713,43717,43729,43734,43745,43746,43753
43776	4118,22158,1137,2942,3958,4289,4295,19077,22090,22265
43777	43809,15858,43734,43753,43755,43828,1137,4092,29670,43745
43778	43712,43729,43734,43796,43765,43755,43819,25726,30682,43703
43779	1809,2942,8457,15858,16806,19808,22159,25726,27287,27913
43780	43697,43711,43712,43713,43734,43745,43771,1809,2942,4011
43781	43757,43767,190,455,1809,2424,2942,2989,3171,3335
43782	1783,3947,4053,4137,4189,9436,9615,12210,14927,15626
43783	10987,43776,2942,12401,20596,27478,27535,43722,3702,3882
43784	2942,43742,43754,43776,43783,2085,3702,4053,4112,4118
43785	1809,2942,8457,15858,16806,19808,22159,25726,27287,27913
43786	4053,6984,12343,31336,43783,43795,43840,2942,3702,3721
43787	
43788	43734,43695,43704,43739,43745,43753,43712,43713,43755,43777
43789	1137,2974,3023,3155,3691,3718,3938,3966,4024,5410
43790	
43791	43695,43717,43729,43745,30682,14911,25756,43703,43713,43746
43792	25756,43695,43711,43734,43745,43753,43755,43791,43813,7452
43793	1196,7452,13021,13040,15858,19261,20835,22985,42129,43695
43794	1196,7452,13021,13040,15858,19261,20835,22985,42129,43695
43795	27478,43840,3721,4053,4118,6984,9390,12343,19261,27535
43796	43695,43729,43778,43734,30682,43717,43755,43804,43745,43765
43797	43703,43704,43695,43734,43739,43812,43817,43830,14879,14927
43798	4053,4101,4115,4295,22151,22154,22164,22194,3903,3968
43799	43695,43699,43711,43717,43745,43753,43791,43813,7452,15858
43800	
43801	
43802	43818,4118,9390,43840,2995,4036,10392,43795,49429,202
43803	43701,3938,4118,4247,6984,8457,10301,11577,13523,20726
43804	43699,43734,43755,43796,43813,43695,43717,43729,43778,15858
43805	12401,13773,43742,541,583,2017,2053,3237,3494,3895
43806	1114,4423,27117,43695,43703,43739,43777,43809,43812,43815
43807	
43808	1137,3450,4092,25819,29670,43703,43704,43739,43755,43777
43809	43777,15858,43695,43753,43755,43815,43828,43829,1137,4092
43810	10392,43774,2191,2942,3337,3702,3931,4053,4112,4118
43811	5071,23486,27484,265,555,1794,2122,2437,2942,3217
43812	43734,15858,43695,43753,43828,43833,4048,4295,14938,20824
43813	43699,43695,43755,43832,43717,15858,43734,43745,43804,25756
43814	4295,3931,4046,4053,4204,4289,4300,10987,20845,20956
43815	43739,43703,43809,1137,2616,4092,6171,12565,12566,12584
43816	43734,43753,43791,15858,25756,43695,43699,43717,43729,43745
43817	43703,43739,43695,43711,43829,43755,43791,43830,43712,43713
43818	43802,4036,4118,9390,23219,43840,2974,2995,3920,3931
43819	43712,43695,43734,43753,43778,15858,43796,14911,30682,43699
43820	42260,42264,42270,42277,42286,42298,42340,43695,43699,43712
43821	
43822	10392,22158,2942,3337,3702,3920,3931,4011,4048,4053
43823	43843,1114,3770,3857,4033,4423,7402,12401,13449,13488
43824	544,4118,10767,13773,16433,16440,19786,20955,22154,27006
43825	
43826	15858,43734,43753,43791,43812,43816,43830,43833
43827	
43828	43777,43809,43812,43695,43815,43833,143,576,1114,1137
43829	43711,43739,43755,43703,43712,43817,43695,43745,43778,43796
43830	43695,43734,43703,15858,29663,29667,29668,29673,43817,3450
43831	25823,7677,25824,30125,10500,11660,12331,14310,16007,25783
43832	43813,43711,43699,43755,43819,146,304,562,606,615
43833	8008,43812,472,566,4210,14390,15858,26306,26918,35004
43834	43703,43704,43734,43739,43788,43797,43812,43817,43830
43835	602,4095,9490,10328,15624,16002,23333,23391,23447,23483
43836	456,622,910,1301,1309,3879,5667,5670,5681,5684
43837	146,216,444,909,2121,2865,3094,3237,3250,3575
43838	43777,43809,1114,4423,15623,27117,43695,43703,43739,43753
43839	1114,4423,27117,43695,43703,43739,43777,43806,43809,43812
43840	43795,43802,3721,6984,12343,19261,27478,27535,31336,42222
43841	2017,2036,2059,2995,3499,3505,3876,4024,5093,5519
43842	186,1966,3205,4389,4909,4995,6015,6018,6257,6490
43843	43823,15843,1114,1135,1854,3010,3337,3364,3770,3857
43844	146,503,1129,1433,5470,7343,10774,13705,13835,13846
43845	3558,3770,7402,12943,16463,20949,20956,21917,22147,22248
43846	43851,43852,43855,43860,43847,43850,146,503,570,979
43847	25705,43846,43857,43845,43848,43849,43850,43851,43852,43853
43848	43853,43857,43860,43850,43855,43858,146,503,1433,5470
43849	43852,43858,43855,43860,43850,146,503,1433,1894,5470
43850	43848,43853,43855,43859,43860,43846,43849,43851,43854,43857
43851	43846,43854,43852,43859,43855,43858,43850,43860,146,503
43852	43846,43849,43851,43854,43857,43858,146,503,1433,5470
43853	43848,43859,43858,43850,43860,146,503,1433,5470,7343
43854	43851,43857,43859,43852,43855,43858,43850,43860,146,503
43855	43846,43848,43849,43850,43851,43854,43857,43859,43860,43858
43856	3298,3575,14246,34441,34762,3230,5143,7506,9281,9289
43857	43848,43854,43859,43852,43855,43847,43850,43860,146,503
43858	43849,43853,43848,43851,43854,43859,43850,43852,43855,43860
43859	43853,43854,43851,43857,43850,43855,43858,146,503,1433
43860	43848,43846,43849,43850,43853,43855,43851,43854,43857,43858
43861	1085,22505,25186,1088,13847,19365,21873,22265,22281,25170
43862	17710,29612,1750,1780,2009,2611,2627,3593,3702,4231
43863	6639,13119,13278,23755,23769,31254,32508,33771,41407,42211
43864	43884,43882,4062,10361,14931,20954,22089,25278,27434,30810
43865	43870,43875,93,788,1366,6201,7444,9901,16643,17693
43866	43863,2611,2627,3593,4360,6481,6543,6639,6893,6959
43867	25278,40864,43863,43865,43866,43869,43870,43871,43872,43873
43868	43882,25278,40864,43863,43865,43866,43869,43870,43871,43872
43869	366,1433,1976,2574,2791,4717,4721,4736,4782,5045
43870	43865,93,186,788,1966,2161,2281,3161,4389,4909
43871	25278,40864,43863,43864,43865,43866,43867,43868,43869,43870
43872	25278,40864,43863,43864,43865,43866,43867,43868,43869,43870
43873	25278,40864,43863,43864,43865,43866,43867,43868,43869,43870
43874	16470,3702,4231,4287,7425,10623,12737,13365,16090,17200
43875	43865,6201,17693,23371,23943,25278,30127,40864,43863,43864
43876	25278,40864,43863,43864,43865,43866,43867,43868,43869,43870
43877	1455,1741,4360,5847,5862,5933,7987,8002,12891,13072
43878	43879,43880,25278,40864,43863,43864,43865,43866,43867,43868
43879	43878,25278,40864,43863,43864,43865,43866,43867,43868,43869
43880	43878,25278,40864,43863,43864,43865,43866,43867,43868,43869
43881	1423,3412,3432,5222,6306,7547,7697,9976,12229,12983
43882	43864,43868,43884,25278,40864,43863,43865,43866,43869,43870
43883	25278,40864,43863,43864,43865,43866,43867,43868,43869,43870
43884	43864,43882,25278,40864,43863,43865,43866,43869,43870,43871
43885	25278,40864,43863,43864,43865,43866,43867,43868,43869,43870
43886	101,162,168,1695,1741,1778,2146,2680,3242,4207
43887	25278,40864,43863,43864,43865,43866,43867,43868,43869,43870
43888	25278,40864,43863,43864,43865,43866,43867,43868,43869,43870
43889	8932,13166,19550,49643,52,130,171,439,1085,1099
43890	32489,143,1232,1563,1871,1950,2041,2565,2656,3037
43891	108,186,2059,2891,3403,3879,3999,8671,8760,9998
43892	23746,35581,7850,9822,24661,2507,5537,6304,7728,7862
43893	5527,6334,7773,9407,16883,23108,25153,29726,34143,40817
43894	43919,2437,23797,43890,43891,43892,43893,43895,43896,43897
43895	32356,929,1073,1235,1241,1255,1943,1989,2127,2242
43896	5263,7801,32128,9453,12666,13870,32050,32071,32227,32507
43897	30214,1943,9850,35649,1,351,1359,1393,1417,1435
43898	43890,43891,43892,43893,43894,43895,43896,43897,43899,43900
43899	1436,3575,6021,6064,6090,10619,12289,13134,17207,20280
43900	10782,4664,6462,6486,6496,6542,6565,7773,7950,8153
43901	32830,8677,9836,15224,21253,35860,42224,1651,4370,5533
43902	32317,1139,1230,1545,2572,3885,4450,4668,7758,8685
43903	24106,34229,43384,43897,46337,1,58,72,351,454
43904	2141,7785,9998,15186,17634,19083,22921,23509,23547,23586
43905	43890,43891,43892,43893,43894,43895,43896,43897,43898,43899
43906	8685,8816,7723,7785,24626,25184,25256,35451,1689,2142
43907	43890,43891,43892,43893,43894,43895,43896,43897,43898,43899
43908	43910,43919,23806,43890,43891,43892,43893,43895,43896,43897
43909	22959,33194,35661,35737,35996,43896,114,1925,3669,4447
43910	43908,43912,43919,23806,43890,43891,43892,43893,43895,43896
43911	14206,14231,2054,2588,13867,13894,13934,13959,13998,14015
43912	43910,43919,23806,43890,43891,43892,43893,43895,43896,43897
43913	43890,43891,43892,43893,43894,43895,43896,43897,43898,43899
43914	23592,34319,35731,8726,13999,14029,14244,23611,13896,13948
43915	39492,209,1140,1232,2179,2206,2254,2944,3883,3891
43916	12,439,975,1077,1078,1083,1094,1100,1101,1129
43917	6783,19431,34189,34205,34704,18338,34201,34204,34207,34386
43918	43920,23806,43890,43891,43892,43893,43895,43896,43897,43898
43919	43894,43908,43910,43912,43890,43891,43892,43893,43895,43896
43920	43918,43890,43891,43892,43893,43894,43895,43896,43897,43898
43921	43890,43891,43892,43893,43894,43895,43896,43897,43898,43899
43922	8685,22921,43892,208,351,525,952,1169,1174,1770
43923	16470,912,956,1212,1913,2137,2990,3320,3843,3844
43924	1220,3025,5682,6477,7699,8223,8766,18135,18294,18298
43925	11358,11429,11441,43949,11360,11433,11437,11432,11445,43945
43926	43933,43935,43937,43938,43946,7860,11351,11354,11358,11360
43927	43943,20986,43928,43933,11341,11430,11431,11433,36135,43925
43928	36135,43927,43943,43954,11351,11430,11431,11433,20986,43925
43929	36135,11354,43934,11430,11431,26288,43941,2394,10735,11341
43930	43925,43941,11357,11358,11360,11368,11430,11431,11441,11442
43931	43933,7894,43927,43935,43943,1450,2488,2499,11351,11354
43932	43937,7894,43938,43940,43946,10918,11351,11354,11358,11360
43933	43927,43931,43943,11351,43926,43928,43935,43941,43954,1450
43934	11428,11442,43939,11341,11439,11438,26267,43929,43952,11348
43935	43926,43931,43933,7894,11351,11354,11358,11360,11428,11430
43936	7894,11351,11354,11358,11360,11428,11430,11431,11433,11440
43937	43940,43932,43941,43948,43954,11351,43926,43938,43946,1349
43938	43926,43932,43937,43946,7894,11351,11354,11358,11360,11428
43939	11360,43934,11434,11428,11438,11441,11442,11357,11433,11445
43940	43948,20966,11355,11445,20997,21054,21061,43937,11431,20969
43941	11441,11354,11437,43951,11358,11360,11428,11429,11434,43948
43942	11354,11360,11430,11441,11442,36135,43934,43939,43949,43951
43943	43927,11351,20986,43928,43933,11355,11430,11431,11433,36135
43944	11428,11442,43953,11358,11360,11430,11431,11438,11441,11445
43945	11358,11431,36135,11434,11428,11442,11360,11429,43925,43953
43946	43926,43932,43937,43938,7894,11351,11354,11358,11360,11428
43947	11430,11441,11445,43949,43951,11354,11433,36135,43925,43941
43948	43940,43941,11355,43937,6920,7894,11341,11354,11358,11360
43949	11430,43925,11437,11445,11354,11360,11433,11442,43941,11428
43950	11354,11445,6920,7894,11341,11346,11351,11358,11360,11428
43951	11430,11354,11433,11437,11445,43941,11360,11442,11357,11428
43952	11441,43934,11431,11442,36135,43925,43941,43945,43949,11354
43953	11358,11430,11428,11433,11445,11357,11434,43945,11354,11437
43954	11351,20986,43928,43937,11430,11431,11433,36135,43925,43933
43955	5226,19,154,223,338,1846,2027,2825,3230,3993
43956	7463,28050,43957,43958,43959,43960,43961,43962,43963,43964
43957	29753,5229,6108,6109,8501,8721,13958,15710,26887,26936
43958	7463,28050,43956,43957,43959,43960,43961,43962,43964,43965
43959	11860,37981,19049,28263,33498,38946,43965,492,733,1114
43960	7463,28050,43956,43957,43958,43959,43961,43962,43963,43964
43961	43964,7463,13101,19038,28050,30208,32373,40073,43956,43957
43962	7463,28050,43956,43957,43958,43959,43960,43961,43963,43964
43963	7463,28050,43956,43957,43959,43960,43961,43962,43964,43965
43964	43961,7463,13101,19038,28050,30208,32373,40073,43956,43957
43965	43959,7463,28050,43956,43957,43958,43960,43962,43963,43964
43966	29708,223,336,350,362,975,1073,1076,2204,2802
43967	30609,7022,15300,30729,35929,43995,43997,44004,44016,146
43968	4988,146,524,1877,8817,8846,10162,13076,13077,14358
43969	46242,9507,15277,21308,25747,25759,25808,42229,43979,44014
43970	15300,25790,25914,43979,44014,146,222,223,524,4988
43971	43983,43989,4988,10162,14358,32928,35884,35895,35899,43982
43972	146,524,4988,7989,8846,9467,10162,12837,12839,12840
43973	35926,43989,35882,35884,35907,8846,10625,14880,21924,23479
43974	43983,44010,1392,16163,43988,43989,44006,49469,1396,1484
43975	35929,43989,44001,44007,1371,32928,44006,196,452,1350
43976	146,524,2118,4988,6508,6597,6962,8846,10162,13076
43977	4527,6654,40548,41308,1406,6497,6611,6660,7022,7036
43978	8846,43095,43980,79,146,524,2014,2328,3430,4988
43979	15300,43969,43970,44014,146,184,204,222,223,524
43980	43989,23479,37857,43973,43978,43987,43993,43997,44004,44005
43981	10652,1387,1680,40623,40997,1347,3400,4521,4736,4755
43982	4988,13009,14358,35920,43971,43988,146,524,606,1250
43983	43974,35884,35890,35895,35899,35928,43971,43988,43998,44001
43984	146,524,3427,4988,7477,7863,8846,10162,12196,12838
43985	9045,18351,35882,35884,35890,43095,43988,43989,43996,4254
43986	146,524,1810,4988,8844,8846,10162,11835,13076,13077
43987	44004,44007,23479,35884,35899,35915,35928,43973,43980,43981
43988	35920,35890,32620,35882,35893,43997,35884,35895,43996,8846
43989	35882,35907,35926,32928,35903,35929,43973,43975,44003,10162
43990	146,524,4988,8846,10162,13076,13077,14358,15300,17649
43991	44000,8846,8955,8956,11903,11921,11934,32928,35884,35893
43992	32366,44007,44010,47739,1390,1396,1484,10162,32389,32928
43993	32928,23479,28344,35915,43973,43980,43987,43989,43991,44004
43994	146,524,4988,8846,10162,13076,13077,14358,15300,17649
43995	35929,43967,43997,44004,146,524,2220,4988,8846,10162
43996	43988,8846,35884,35890,43985,43989,43997,1201,6941,7475
43997	44007,43988,44004,35882,35903,35907,8846,10162,35884,35893
43998	43983,43988,32928,35884,35890,35895,35899,35915,43971,43987
43999	146,524,2036,4231,4246,4832,4849,4988,5085,5681
44000	43991,8846,35884,43973,43985,43988,43989,43996,43997,146
44001	1392,16163,17506,43975,44013,47760,43983,44006,44007,47758
44002	32928,44008,44019,8468,43974,43975,43983,43988,43992,44001
44003	1392,43989,1352,1354,1355,1359,1379,1380,1381,1384
44004	43997,35890,35907,43983,43987,44009,23479,35882,35884,35893
44005	4527,24449,22623,22639,24435,40870,90,92,1432,17218
44006	43974,43975,43983,44001,1371,32928,43989,44002,44007,44019
44007	43997,43992,35882,35907,35915,43975,10162,28344,32928,35884
44008	32928,44002,44019,8468,16643,16650,24444,24450,43988,45602
44009	43989,44004,35890,43974,43983,43988,43997,44003,146,524
44010	43992,43974,32366,44003,10629,47739,39,146,524,593
44011	21007,146,524,575,579,615,622,1287,1589,1905
44012	14358,15300,146,523,524,854,1387,1970,2831,2971
44013	44001,17506,43975,43992,44003,44007,146,524,929,1085
44014	15300,43969,43970,43979,146,222,223,524,3237,4988
44015	146,524,4988,8846,10162,13076,13077,14358,15300,17649
44016	15300,43967,43969,146,524,4988,8567,8846,9451,10162
44017	15277,15319,21867,43969,43971,146,524,3830,4410,4988
44018	13077,19,105,146,524,1923,2253,2507,2623,2648
44019	32928,44002,44008,43974,43975,43983,43992,44001,44006,44007
44020	37678,10055,10085,11797,36674,36695,36814,37018,37078,37090
44021	35179,39247,44132,10002,10099,18963,19365,36687,36764,36854
44022	37678,910,8816,10078,11797,17310,23279,29508,30220,36732
44023	44021,44022,44024,44025,44026,44027
44024	9583,10119,11714,14097,26195,27652,30232,32072,33020,34169
44025	23279,39232,39332,39333,39337,39365,39366,6015,6679,10001
44026	41886,44027,6688,10014,10053,10072,10086,10109,10119,11797
44027	37812,39239,41886,44223,36727,36820,37247,38567,39242,39244
44028	579,1417,3937,5995,22398,42554,43064,46002,98,468
44029	4850,3937,4841,9861,11560,606,615,2036,5085,6121
44030	186,1394,1408,1417,1450,1625,1754,2715,3880,3999
44031	522,5986,42555,7611,7651,9861,9890,10534,14264,20500
44032	4841,4850,17343,20500,22282,22305,25791,42883,47833,338
44033	35740,577,596,941,1417,1464,2252,2500,2791,3937
44034	3676,5119,6009,6465,6894,7678,9471,9683,10121,10293
44035	503,1918,7254,10664,10837,14537,23933,24062,24083,25718
44036	131,198,285,3422,5641,6594,7010,7059,7240,7254
44037	951,1661,1825,2641,4252,4483,6101,6451,6461,6658
44038	27168,6397,7254,10823,10826,10827,10828,10832,10833,10834
44039	10837,44041,44046,7254,24062,25718,27183,44035,44036,44037
44040	3237,3248,6143,6151,13003,13022,26233,43341,43645,1822
44041	44039,44046,6397,7254,10823,10826,10827,10828,10832,10833
44042	7254,10837,24062,25718,44035,44036,44037,44038,44039,44040
44043	6623,1414,1432,4516,4527,6483,6496,6596,6654,6685
44044	7254,10837,24062,25718,44035,44036,44037,44038,44039,44040
44045	7254,10837,24062,25718,44035,44036,44037,44038,44039,44040
44046	10837,44039,44041,7254,24062,25718,27183,44035,44036,44037
44047	36808,44193,44209,36708,36763,37018,37506,37597,37675,44196
44048	10014,41851,9999,23259,37017,37597,37675,37734,37735,39233
44049	44132,39237,37448,36903,19365,23259,36908,36936,37018,37197
44050	36765,36703,36688,36905,36727,44065,44079,10058,10114,36665
44051	36675,39310,44068,44076,9999,36708,44069,44107,10000,36765
44052	37523,41816,10058,36687,36703,36809,36905,36909,37178,37207
44053	36905,36665,37135,10072,36675,10026,10093,36947,37170,10053
44054	9999,36680,44066,10058,36669,36679,37156,36765,36952,44069
44055	44079,44063,44057,39236,10002,44065,44069,44082,37197,44089
44056	39240,41367,39243,39268,39333,41886,10029,23273,38474,44055
44057	44079,44063,39236,44078,44065,44082,10091,44055,44069,44089
44058	44059,44124,10000,18964,35179,37176,39234,39236,39267,44052
44059	36679,10096,36669,36680,10101,36675,36681,36693,36905,44063
44060	36765,36680,44069,44075,36675,44076,10000,36727,36728,36764
44061	39237,10066,23279,39236,39242,41851,41903,44178,10012,10127
44062	62,525,973,1018,2504,9999,10026,10058,10148,12633
44063	44079,44057,44069,44065,44082,10002,44055,44078,39236,10091
44064	39234,41233,10029,37597,39268,44061,44199,36927,37378,37580
44065	44079,44102,44063,10002,44082,44078,44057,36765,44089,37047
44066	10058,37248,37506,44125,44132,36763,37291,44063,44088,44137
44067	37597,37247,37580,37734,37735,37211,37481,37537,37675,37822
44068	36708,44132,9999,44049,44107,39310,37197,44063,44125,36679
44069	44063,44079,44082,44057,44055,44078,44065,44089,36765,10091
44070	39234,10002,39236,44078,44092,18963,39239,44055,44063,44074
44071	39240,44070,10043,6679,10029,10066,10091,39237,39247,44055
44072	41233,37176,37597,39242,39247,37481,37580,37675,37734,37735
44073	10058,36669,36894,37199,41851,44049,44060,44118,44124,1135
44074	44078,44063,44092,44082,36727,44070,44055,44079,44088,44050
44075	44132,41903,44107,39237,36765,39310,41851,44069,44063,44088
44076	44063,39249,44126,44132,36808,39310,9999,44055,44079,44057
44077	44167,36905,10103,36669,10000,36816,36687,36808,44089,36675
44078	44082,44099,44079,44092,44057,44063,44065,44069,10091,44102
44079	44057,44063,44065,44082,44089,37197,44078,44055,44069,44102
44080	44061,37018,10095,10148,23279,33497,35179,36674,36750,36785
44081	39237,10066,37132,23259,10047,10086,30219,36693,36735,37017
44082	44078,44079,44102,44063,44065,44069,44057,44089,10002,44055
44083	36688,36765,10000,36905,39310,10040,10072,36840,36728,36799
44084	36808,44076,44077,37506,44088,44107,44118,44125,44137,10058
44085	44061,44081,44101,44201,10014,37188,37339,37629,39237,39267
44086	44066,39310,10058,10114,36765,36806,37137,37215,41903,44055
44087	10091,36672,36708,36765,36988,37197,44063,44082,44099,37597
44088	44063,44069,44107,44065,44132,9999,44079,44082,36727,44074
44089	44079,44057,44065,10002,36680,36905,44082,44055,44063,44069
44090	36894,39310,44066,36765,37137,44060,44086,44129,36688,41903
44091	44049,44178,23259,36994,44048,44061,44101,44122,44124,10014
44092	44078,44079,44055,44099,44069,44074,44082,44065,44089,10091
44093	36870,10047,36742,36734,36777,37218,39332,41851,44173,23278
44094	36954,36988,10047,10053,10086,10097,10103,10114,23278,36693
44095	39273,37597,39233,39268,37211,37580,37469,37481,37675,37734
44096	44069,36854,37701,18912,36679,37215,37466,37597,44099,10018
44097	36894,44118,10058,25231,36680,36695,36717,36731,36765,37071
44098	44132,44063,44102,36874,36933,44082,44099,10002,36764,36765
44099	44078,44082,15383,44065,44063,37047,44092,44132,44069,44102
44100	9999,10026,10058,10148,13722,23279,25231,36750,36765,36883
44101	44178,36765,10002,36854,37448,44132,10066,10086,18912,36947
44102	44065,44082,44079,10002,44057,44063,44078,36775,44089,44132
44103	36693,37176,39242,44181,9995,36680,36800,36870,36922,37116
44104	36765,44126,39310,44069,44075,36675,36909,10058,36688,36764
44105	36870,39237,10014,37132,44061,44081,36927,37169,37176,37380
44106	23285,37580,37597,37822,39268,41233,44067,36847,40395,41253
44107	44063,44088,39310,44075,44132,44079,44126,10002,36909,44102
44108	44092,23266,23279,36714,37448,37469,37597,37675,37734,37735
44109	10026,10058,25231,36883,36996,37047,44050,44055,44069,44074
44110	36903,37339,39267,44081,44201,9999,10047,16714,23259,36927
44111	10066,41903,39237,37448,37188,37374,39247,10014,10114,10135
44112	44070,10022,10040,10045,10091,18912,23279,36750,39237,39239
44113	19038,36727,36874,37181,44092,36687,36698,37207,37346,37347
44114	44069,44089,44074,36933,37634,44055,44082,36813,36909,37242
44115	9999,10026,10058,10148,13722,23279,25231,36750,36765,36883
44116	36922,39237,10047,10050,36693,36870,37022,37218,9999,10055
44117	39237,44048,9999,10066,36708,36862,37176,41903,44049,44056
44118	44049,39237,41851,44068,44084,36688,44189,9999,10058,10114
44119	39237,44104,36675,36808,44076,10058,36735,37176,37291,37314
44120	37047,44089,44132,36909,44065,44079,44082,44099,36680,44069
44121	44079,44089,44057,37197,44065,44055,44069,44063,37031,44078
44122	44091,44051,23279,36922,44048,44068,44069,44071,44074,44076
44123	44066,37314,44068,44125,44193,44084,44194,10058,36894,36922
44124	39236,39240,44055,10002,6679,35179,41816,44063,44089,10029
44125	44066,37150,44082,44068,37506,44069,44132,9999,36808,37248
44126	44076,44107,39310,44088,39249,44063,44069,44104,36765,9999
44127	10075,37481,39244,39266,39287,39326,10012,10030,37116,37245
44128	36922,44048,44051,44068,44076,44084,44091,44103,44117,44123
44129	44090,36731,36894,37137,37170,44060,44118,10040,10114,10135
44130	37017,37132,36919,37337,37812,10014,36811,36870,36933,37150
44131	9998,10001,10035,10045,10091,10099,10150,23260,25276,36701
44132	44065,44063,36765,44082,44049,44079,37197,36728,36874,44057
44133	18912,19365,10018,41903,44178,10022,25186,30220,37434,41851
44134	44218
44135	6679,17306,36695,37371,37595,39233,39251,39274,44070,44139
44136	10068,36846,36871,37029,37105,37113,37209,41851,6679,10008
44137	44047,44066,36765,36808,39237,36672,37291,36708,44049,44084
44138	44132,10058,36765,10086,36708,41851,44047,9999,10114,36874
44139	44047,6679,10135,36680,41940,44077,44137,9996,10028,10072
44140	
44141	39240,10029,23273,44181,6679,39236,44070,39268,41816,39239
44142	27679,30220,36741,37195,37215,37284,37374,37394,37597,41830
44143	23279,37537,39237,44047,44111,44203,44223,87,9995,10014
44144	37150,10058,36909,37242,44125,36687,36835,36874,36977,37196
44145	36765,44047,44066,44086,44137,10040,10114,37137,39310,41903
44146	10028,10109,10120,18920,19365,23259,33497,36751,36811,36859
44147	39237,10014,10050,10066,36693,44047,44101,44149,910,10012
44148	37580,37597,39273,37675,37734,37735,39268,10047,36927,37211
44149	36831,36817,10114,19365,36923,37135,36905,36947,10103,18912
44150	44047,6140,10006,10038,10045,10075,10125,23273,36720,36729
44151	10089,10100,10103,10134,36765,36784,36874,36901,10050,10113
44152	25231,41976,44047,44132,44167,44168,910,1378,4313,4389
44153	23283,39268,6679,8686,8816,10001,10013,10018,10022,10029
44154	25231,44063,44078,44069,44126,9999,36909,37634,44065,36727
44155	19365,23266,36675,10002,10009,10015,10018,10022,10028,10035
44156	37314,44050,44066,44068,9999,36727,36764,36765,36894,37047
44157	
44158	10117,36955,36989,37018,37150,37503,10058,15383,36687,36727
44159	44165,36947,37002,37697,10089,10096,10134,36672,36863,36936
44160	44082,37047,44065,44079,44102,10091,36687,36775,36909,36933
44161	10028,10135,36674,37022,37649,44078,44079,6679,10002,10055
44162	44092,10035,18912,25186,36672,36728,36822,36874,37448,39236
44163	10012,10053,18912,36746,36954,1664,10010,10021,10040,10043
44164	37018,36991,37047,37168,37337,37385,37697,44120,10134,15285
44165	36680,37035,10135,10097,36708,41851,10072,10096,36905,36947
44166	44050
44167	44077,44047,36680,44068,44193,10000,10096,10097,36808,36988
44168	39310,44104,44107,44193,25231,39309,44047,44075,44060,44068
44169	41851,44093,9999,10014,10016,10047,10059,10068,10086,23278
44170	
44171	36735,41903,44049,44075,10014,10055,10066,23259,23260,36764
44172	44189,37036,37812,39232,39332,44173,10114,23279,36693,36764
44173	37580,39232,10066,37597,37701,10014,10047,41253,41851,10043
44174	44103,44110
44175	44193,36989,10058,36808,37150,41754,44047,44076,44183,44194
44176	44191,10014,30219,36734,44047,44049,44178,10066,18912,23256
44177	39232,44132,10091,10135,36680,36923,37532,37649,40748,44082
44178	36908,37448,37135,44101,44191,36923,36728,36936,37188,44132
44179	10014,10089,10102,37017,37376,44048,44178,44180,44191,10038
44180	44178,44191,10014,10089,10102,36870,36927,37011,37017,37150
44181	39240,44055,39236,10029,23273,39247,39234,6679,39243,39268
44182	44196,10058,37181,44047,37145,44066,36679,36687,36808,36854
44183	44047,39310,36894,39249,44068,44168,44209,10058,36808,44076
44184	37316,10055,10058,23274,36674,36675,36688,36703,36732,36738
44185	37580,44047,10117,36672,37150,37181,37286,37332,37344,37380
44186	186,501,1670,1750,3038,5260,8319,8331,11860,12187
44187	9995,37812,10014,10070,10096,10097,23279,36669,36675,36676
44188	36854,37597,8686,37675,37701,39267,10000,10114,18963,36679
44189	41851,37188,37812,44132,10114,36742,36808,44063,44069,10055
44190	37597,37675,37119,37580,37734,37735,39273,41367,44148,10145
44191	44178,36903,10066,44199,36728,44132,30219,36693,36862,44047
44192	37580,37597,37734,37735,37822,37675,10144,37378,37537,41367
44193	44047,10058,44209,44196,37199,44075,44215,36989,37150,37248
44194	44066,44075,44104,10058,44047,44069,36763,36764,44088,44138
44195	1689,10000,10008,10026,10072,10096,10097,10101,36667,36669
44196	37181,10058,44063,44193,44047,36808,36989,44182,37291,44209
44197	36741,37195,9995,30220,36665,36708,36727,36827,37178,37206
44198	37597,37580,9995,37374,37701,37734,37735,36847,37469,37537
44199	36870,44189,44178,39332,10053,36693,37188,37812,10086,37218
44200	10022,23288,36868,36927,37425,10028,10086,16714,23287,36665
44201	44178,44049,36693,36708,37188,39237,36903,36908,44132,44189
44202	37196,37291,37387,44193,44196,44209,10058,25231,36687,36708
44203	37580,23279,37001,39233,39237,44111,44213,10043,18963,36732
44204	44047,37506,41754,44189,23259,37041,39249,41851,41903,44066
44205	44066,36765,37248,44047,44069,44193,44209,36688,36693,36763
44206	36870,37457,41911,37701,39237,41898,23288,36693,37380,38563
44207	37701,10066,36870,37580,37597,39237,39288,41253,44173,10047
44208	37150,36765,44047,44222,10008,10014,36696,36735,37047,39247
44209	44047,44193,10058,44196,36765,36989,44222,37291,37314,39310
44210	10097,37035,10114,36908,37156,10053,10072,36669,36679,36738
44211	
44212	37580,44047,44178,10086,36693,36870,37597,37734,37735,37822
44213	44203,37001,44049,10043,17872,18963,23279,36711,36909,36936
44214	44047,37145,10058,36763,37150,37180,36800,36933,37181,39249
44215	39310,44107,44066,44193,44196,37150,37018,37145,44063,44047
44216	36760,37116,37170,41921,44072,44090,44103,44104,44129,44167
44217	23279,36729,36731,36862,36869,39295,39360,39369,41233,44111
44218	37580,37597,37734,37735,39293,44223,10029,37170,37215,37378
44219	37180,37196,37454,44088,44209,44222,10058,36698,36755,36784
44220	11797,13182,18963,19427,22357,37356,38552,39240,39295,39329
44221	39363,30232,36668,38474,17306,23273,36994,37119,37448,37753
44222	10117,10089,10100,36775,44065,36666,36755,36877,36960,37549
44223	37597,37580,37734,37735,37537,37675,37701,37822,39232,41233
44224	44047,44191,37094,37409,44048,44117,6541,9998,10001,10045
44225	37215,37597,37645,39268,8686,8816,10018,10099,35179,36695
44226	44135
44227	10022,10025,10099,10135,18912,18963,19110,25186,37068,37178
44228	10029,30232,37188,37537,39232,39268,39272,39363,41233,44223
44229	
44230	41898,44207,36693,36870,37380,37457,37701,39237,39242,39288
44231	16714,36731,37176,44047,44077,44097,44110,44118,44137,44139
44232	10091,37047,37704,44102,10113,13101,36727,36740,36874,36909
44233	44066,44137,10040,10114,36688,36765,37137,39310,44047,44083
44234	3734,10041,10129,13792,18963,23281,37022,37090,37174,37218
44235	36811,37132,37503,44057,44132,1688,10035,10062,10082,10089
44236	10029,10043,24346,36704,36793,36886,36897,36938,36965,37082
44237	10113,36877,36901,36784,37073,36991,37053,37096,37529,10117
44238	38577,41367,3734,6018,10038,10041,10129,13792,18963,23274
44239	44066,37481,37580,37597,37734,37735,39273,44223,37172,37211
44240	
44241	36854,36909,36988,37150,37197,41851,10096,30220,36672,36817
44242	3734,10041,10129,13792,18963,23281,37022,37090,37174,37218
44243	37119,37580,38575,39268,39367,8686,37001,37172,37461,37469
44244	37506,41754,44076,36727,36989,37691,44069,44088,44120,9999
44245	13616,1045,9712,11721,12156,14719,16862,17106,17635,19469
44246	
44247	10041,37273,1135,1528,3734,10013,10024,10036,10091,10104
44248	13616,2891,9695,11,13,93,131,146,207,253
44249	10029,10127,18964,37476,10002,10135,18912,23273,37254,39234
44250	39268,37812,37211,37580,37822,39232,44199,37481,39243,39332
44251	39237,10014,10045,10066,44047,36670,36679,36693,41851,6018
44252	39273,37597,39233,39268,37211,37580,37469,37481,37675,37734
44253	38472,39240,9999,10013,10014,14008,19365,23273,23557,36683
44254	39232,41367,10013,36665,37211,37247,37359,37481,37597,38474
44255	
44256	8680,12018,29722,42256,29728,47175,47425,49549,3036,8674
44257	1113,1633,3880,3999,4173,7804,8671,8680,8685,8760
44258	44260,44266,15362,44279,44293,44305,44317,32532,638,7721
44259	44268,44297,44303,44308,44327,44329,2957,4389,6304,7463
44260	44305,44258,44293,44299,44309,44321,47425,3032,44324,2957
44261	1778,2957,4213,15362,24106,26766,28640,29724,33376,41499
44262	44310,44314,29724,44260,44266,44279,44317,8675,15362,16874
44263	7860,7867,7868,7873,7874,7876,7878,7879,7880,7881
44264	44286,8674,29722,44299,44321,47425,8680,29724,29728,44288
44265	44283,44326,44260,44289,29031,29724,44268,44280,44285,44291
44266	44279,44258,44305,29724,44293,3033,8680,29722,34485,44262
44267	20471,2053,3466,3898,8083,8089,8455,8508,14289,16686
44268	44292,44294,44295,44298,44302,44304,8492,8685,43163,44259
44269	44325,8680,44270,44326,44289,29031,29724,44260,44298,44299
44270	44269,44324,44271,44273,44275,44277,44284,44301,44322,44325
44271	44276,44322,8680,44270,44283,44326,29031,44289,1045,1754
44272	44301,44325,44322,44283,44260,44289,29031,29724,44268,44280
44273	44275,12018,44270,44260,44289,29724,44268,44280,44285,44291
44274	8680,44326,44289,29031,29724,44260,44298,44299,44309,44321
44275	44273,44276,44277,44270,8680,44283,44326,44289,1045,1754
44276	44271,44275,44286,12018,44301,44322,15362,2957,41499,44279
44277	44275,44301,44325,12018,44322,44270,44283,44260,44289,44326
44278	44309,44285,44296,44300,44304,44306,2957,8680,44257,44276
44279	15362,44266,44305,29724,41412,44258,44276,44298,44309,44310
44280	44260,44265,44268,44272,44273,44276,44277,44285,44291,44292
44281	1404,23685,3999,4389,7930,9129,22927,22934,22946,23696
44282	44308,2957,3298,15362,29719,29724,41499,44257,44258,44259
44283	44272,44265,44271,44276,44277,44284,44301,44322,44324,44325
44284	44301,44325,12018,44322,8680,44270,44283,44289,44326,29724
44285	44294,44260,44278,44292,44295,44296,44298,44309,2957,15362
44286	44264,44276,15362,44310,44314,3036,15356,29728,41412,44288
44287	44296,2957,15362,29724,41499,44257,44258,44259,44260,44261
44288	41499,44264,44286,16861,20075,29722,35621,44260,44266,44279
44289	3036,8680,29724,44265,44269,44272,44273,44274,44277,44284
44290	44268,44291,2957,15362,29724,41499,44257,44258,44259,44260
44291	44276,44315,2957,15362,44260,44299,44303,44308,44316,44319
44292	44268,44285,44298,44303,44304,44309,44311,44260,44265,44272
44293	44305,44260,15362,41499,44258,44266,2691,3926,8680,12151
44294	44285,44298,44309,44260,44268,44303,44311,2957,15362,44265
44295	44268,44285,44298,44302,44304,44308,44309,44311,44327,44260
44296	44278,44285,8680,44257,44287,44292,44294,44295,44298,44300
44297	8680,44329,44257,44259,44295,44309,2957,15362,29724,29744
44298	15362,44279,44294,44260,44268,44285,44286,44292,44295,44311
44299	44321,44260,44320,41499,44264,44304,44319,8674,29724,42256
44300	44304,8680,44276,44278,44299,44315,44316,44319,44320,2957
44301	44272,44284,44322,44277,44325,44276,44270,44283,8680,29031
44302	44268,44295,44260,44265,44272,44273,44276,44277,44280,44285
44303	44329,44291,44292,44294,44257,44259,44260,44265,44268,44272
44304	44300,8680,44276,44299,41499,44264,44266,44268,44278,44292
44305	15362,44260,23550,35613,35678,44279,44293,35633,35692,41499
44306	44278,44309,2957,44276,44291,44299,44300,44304,44316,44319
44307	44276,182,2957,6108,15710,16630,27150,28298,29783,30002
44308	44276,44291,44295,15362,41499,44257,44259,44260,44265,44268
44309	44260,44278,44279,44294,44321,2957,8680,29724,44264,44266
44310	29724,44286,44317,44262,44279,8674,29719,42256,43145,44276
44311	44292,44294,44295,44298,44309,44268,44278,44285,44296,44304
44312	29724,44258,44260,44262,44264,44266,44279,44286,44309,44310
44313	15362,41499,44276,44291,44298,44299,44300,44304,44308,44315
44314	44286,44317,44262,44279,29724,29728,44276,44304,44309,3033
44315	44291,44276,44299,44300,44304,44316,44319,44320,2957,15362
44316	44276,15362,44279,44291,44300,44304,44315,2957,41499,44278
44317	44305,44310,44314,15362,29724,41412,44258,3034,44262,44299
44318	44323,8501,13202,13226,13252,15362,17022,41499,956,1617
44319	44299,44320,44276,44291,44300,44304,44315,2957,15362,41499
44320	44299,44319,44321,41499,44276,44291,44300,44304,44315,2957
44321	44299,44260,44264,44309,44320,6109,8674,26872,29724,41499
44322	44271,44272,44301,44284,44276,44277,44325,44270,44283,8680
44323	44318,2687,15362,17022,17065,43586,284,285,956,1617
44324	44270,44260,44283,44326,29031,29724,42256,44268,44280,44285
44325	44272,44269,44284,44277,44301,44322,12018,8680,44270,44283
44326	44274,44265,44269,44271,44276,44324,44275,44277,44284,8680
44327	44295,44257,44259,44260,44265,44268,44272,44273,44276,44277
44328	2957,44276,44278,44291,44299,44300,44304,44306,44309,44315
44329	44303,44297,44257,44259,44260,44265,44268,44272,44273,44276
44330	2957,44276,44278,44291,44299,44300,44304,44306,44309,44315
44331	975,1782,4483,74,1358,1431,1673,2496,3879,6360
44332	44336,44341,44351,44355,975,1358,44333,44334,44335,44338
44333	1823,3999,8671,18911,22927,22946,23685,23696,23697,23698
44334	44332,44333,44335,44337,44339,44341,44343,44344,44345,44346
44335	44332,44333,44334,44337,44339,44341,44343,44344,44345,44346
44336	44342,44332,44337,975,44338,44346,44350,44355,74,1358
44337	44336,44341,44354,44355,975,4483,44333,44334,44335,44338
44338	44342,44332,44336,44337,44345,44346,44350,44355,74,1358
44339	44357,44332,44333,44334,44335,44337,44341,44343,44344,44345
44340	1664,82,168,438,1657,1667,1679,1687,2324,2647
44341	44345,44332,44337,44357,44333,44334,44335,44339,44344,44346
44342	44336,44338,975,4483,74,1358,1782,2496,3879,10236
44343	44357,44346,44350,44354,1782,44333,44334,44335,44339,44344
44344	44332,44333,44334,44335,44337,44339,44341,44343,44345,44346
44345	44346,44350,44341,44354,44355,4483,44333,44334,44335,44338
44346	44345,44350,44343,44354,44355,4483,44333,44334,44335,44336
44347	44332,44333,44334,44335,44337,44339,44341,44343,44344,44345
44348	44332,44333,44334,44335,44337,44339,44341,44343,44344,44345
44349	101,1077,1347,1356,1375,1397,1417,1439,1445,1448
44350	44345,44346,44343,44354,44355,4483,44333,44334,44335,44336
44351	44332,44333,44334,44335,44337,44339,44341,44343,44344,44345
44352	44332,44333,44334,44335,44337,44339,44341,44343,44344,44345
44353	6364,30108,6359,6372,6378,39175,39176,39186,39187,39192
44354	44337,44343,44345,44346,44350,44357,44333,44334,44335,44339
44355	44332,44337,44345,44346,44350,44333,44334,44335,44336,44338
44356	44332,44333,44334,44335,44336,44337,44338,44339,44340,44341
44357	44343,44339,44341,44354,8737,44333,44334,44335,44344,44347
44358	44417,44413,44431,44420,44451,44457,44467,44506,44430,44449
44359	9095,2864,12210,15285,20567,351,1357,8514,10519,12062
44360	9095,28611,44363,44364,44389,351,6318,10328,10370,10462
44361	44389,10370,10462,44391,44399,44418,1633,20947,42534,42569
44362	44385,154,44365,44384,223,351,557,1397,1661,1846
44363	44360,9095,14728,21958,28611,44361,44364,44389,44399,98
44364	14134,13828,13846,7476,8932,13898,13939,14049,14078,14094
44365	154,161,223,1797,3926,3945,4210,4231,8721,15122
44366	8671,10236,20561,24002,8685,22946,23685,24626,25176,34404
44367	44364,154,194,351,557,1929,2554,2603,2608,2610
44368	140,1680,3099,6452,6544,6994,8283,9154,11132,12700
44369	52,154,351,557,1090,1841,2176,2231,2251,2252
44370	10328,10498,41775,44446,3937,9886,14309,20567,28381,41703
44371	154,28050,44390,44405,351,557,2554,2603,2608,2610
44372	5588,42704,125,9770,14271,15285,17349,18298,28611,33460
44373	44379,0,17,24,38,53,83,85,89,126
44374	13621,411,4174,7248,8003,11303,13306,16961,17620,17621
44375	44413,44402,44430,7712,10370,10462,24626,44366,44394,44401
44376	25864,154,265,351,557,1794,2122,2554,2603,2608
44377	49518,24517,23489,35408,43052,154,351,557,966,1136
44378	291,557,2092,11369,13411,13544,27522,41703,154,351
44379	7284,2773,12570,25730,17,125,126,161,1940,2196
44380	154,351,557,2554,2603,2608,2610,2773,4095,4231
44381	5310,6231,6249,6250,6221,6237,6247,6255,6270,6295
44382	343,13112,17894,20068,64,154,336,351,352,368
44383	351,4231,6318,9095,10328,10370,10462,12210,13238,14052
44384	223,19358,33621,44362,44365,44385,95,198,351,352
44385	44362,154,1670,1854,3230,6115,8532,9148,11162,12347
44386	8514,16532,16624,29003,39684,3412,3819,4069,5538,5545
44387	7477,7457,6935,7480,27888,42699,8370,13088,22846,27383
44388	44462,4231,49335,49338,49357,4159,6828,6829,6830,6831
44389	10370,10462,44396,44424,44449,44414,44508,44513,44361,44403
44390	6565,6496,6508,35993,35996,35998,36001,36011,36019,36039
44391	10370,10462,44361,44389,44399,44513,44396,44402,44414,44417
44392	12210,351,6318,7342,8457,9095,10176,10328,10370,10462
44393	12210,44359,3950,5090,5234,5353,5933,9095,9105,10519
44394	10370,10462,44449,44413,44430,28611,44402,44403,44451,44465
44395	5661,154,351,557,569,1111,2549,2554,2603,2608
44396	44389,44403,44424,44430,44429,44457,44416,44502,44402,44399
44397	10370,10462,44389,44394,44402,44403,154,351,557,2554
44398	154,351,557,2554,2603,2608,2610,2773,4095,4231
44399	44430,44457,44417,44451,2798,44396,44401,44420,44424,44433
44400	154,351,557,1678,2554,2603,2608,2610,2773,3927
44401	44417,44491,44413,44430,44508,44399,44403,44448,44451,44457
44402	10370,10462,44396,44403,44418,44421,44430,44447,44465,44416
44403	44396,44413,44429,44441,44461,44402,44389,44401,44421,44430
44404	154,351,557,2081,2554,2603,2608,2610,2773,3043
44405	30711,154,562,6493,6565,8147,9912,12649,14277,18096
44406	154,351,557,2554,2603,2608,2610,2773,4095,4231
44407	154,351,557,2554,2603,2608,2610,2773,4095,4231
44408	351,6318,8413,8416,8418,9095,10328,10370,10462,11536
44409	21790,28050,29881,29890,29891,154,351,557,2554,2603
44410	4231,44462,351,4302,6318,8221,9095,10328,10370,10462
44411	154,351,557,2554,2603,2608,2610,2773,4095,4231
44412	16519,0,27,37,110,111,129,154,183,186
44413	44403,44358,44416,44449,44467,44491,44419,44441,44501,44506
44414	44389,44424,44429,44433,10462,44447,44451,44465,44396,44402
44415	10370,10462,44419,44465,44413,44491,44501,44417,44441,44447
44416	44507,44413,44447,44449,44396,44429,44461,44463,44430,44402
44417	44358,44457,44451,44467,44491,44502,44419,44420,44506,44401
44418	10370,44402,10462,44421,44358,44361,44414,44417,44424,44425
44419	44465,44501,44417,44491,44413,44415,44447,44449,44429,44430
44420	44417,44358,44430,44491,44508,44451,44457,44465,44399,44429
44421	10462,44424,44447,44465,44402,44396,44403,44416,44418,44441
44422	351,1357,2864,7468,7499,10498,12210,16267,17461,18825
44423	44413,9095,10370,10462,28611,44360,44364,44389,44402,44403
44424	44396,44429,44449,44463,44389,44421,44414,44433,44358,44399
44425	44399,44417,44418,44430,44451,44457,10370,38698,44358,44396
44426	2554,4738,7630,9398,9919,12715,30870,3831,5924,5960
44427	1110,2036,4384,8141,8679,13906,17450,21734,22061,23694
44428	44413,44417,44457,44465,10370,44396,44403,44424,44432,44449
44429	44403,44424,44396,44451,44416,44433,44414,44430,44469,44502
44430	44457,44396,44451,44399,44420,44433,44465,44358,44394,44401
44431	44358,7651,10370,10462,39012,44389,44396,44424,44430,44457
44432	44457,44465,44451,44502,44413,44447,44491,44501,44507,44396
44433	44429,44430,44414,44424,44451,44465,44389,44396,44399,44403
44434	
44435	
44436	
44437	3547,4069,4755,7639,10709,10732,12025,13202,13399,13406
44438	12983,13016,16623,41129,6,7,229,338,350,1244
44439	25269,29898
44440	
44441	44502,44403,10462,44413,44417,44507,44447,44491,44501,44415
44442	8154,30753,562,2554,3831,5138,5954,5960,7611,9919
44443	44396,44403,44413,44424,44457,44416,44417,44429,44441,44491
44444	10370,10462,44396,44401,44403,44417,44420,44429,44432,44457
44445	44389,44399,44513,44361,44425,44430,44457,2662,7750,7796
44446	41703,14264,562,7651,47610,2204,4736,7181,8813,9774
44447	10462,44416,44449,44502,44421,44491,44402,44419,44432,44441
44448	44413,44389,44396,44401,44417,44420,44449,44491,44508,23328
44449	44413,44416,44424,44447,44491,44389,44394,44451,44358,44419
44450	20599,125,6157,6170,44452,44454,142,198,338,351
44451	44417,44501,44507,44429,44430,44358,44432,44449,44463,44399
44452	2188,42699,42713,1841,27381,90,13072,25726,27888,42693
44453	
44454	25736,125,44505,48759,6170,7475,7480,11218,11848,31463
44455	146,351,5466,6318,7986,9095,10328,10370,10462,10579
44456	6143,29695,38779,17,98,623,1076,1235,1349,1352
44457	44417,44430,44491,44432,44396,44358,44399,44463,44420,44401
44458	15464,3313,3321,3326,3334,3346,3365,3368,4197,4234
44459	2841,7181,9841,20505,33051,47610,52,98,186,351
44460	562,16350,27312,5954,9919,10454,10484,22511,24022,26071
44461	10370,44403,10462,44416,44465,44413,44415,44501,44402,44447
44462	4231,44388,4159,44410,566,4103,4104,4204,4281,6829
44463	44424,44416,44451,44457,44465,44507,10462,44432,44413,44430
44464	987,2086,9062,16532,19315,23513,24875,26654,32065,33462
44465	44419,44432,44415,44421,44430,44461,44402,44420,44433,44463
44466	154,223,1846,2027,3230,5226,8721,10496,11045,12511
44467	44506,44417,44413,44358,44451,44465,44508,44399,44403,44424
44468	3450,3721,4180,4201,4231,4302,5138,6224,7651,7663
44469	44429,10462,44396,44403,44413,44416,44424,44432,44447,44457
44470	351,6318,350,472,1216,1244,1927,2400,2422,2826
44471	44510,25736,44358,2591,7509,19080,22638,27141,28913,31463
44472	3450,3721,4180,4201,4231,4302,5138,6224,7651,7663
44473	44417,44449,44413,44457,44396,44403,44416,44424,44432,44447
44474	28381,22068,2802,4738,5776,5971,10479,10504,11244,11449
44475	1043,9394,9920,10350,14907,26423,42240,44358,44417,82
44476	10328,30409,47577,336,364,365,372,438,546,615
44477	14880,562,2554,3831,5138,5954,5960,7611,8154,9919
44478	44396,44403,44413,44416,44417,44424,44429,44449,44451,44457
44479	44358,44396,44401,44413,44417,44420,44430,44457,44467,44506
44480	44402,44418,10370,38698,44389,44396,44430,10462,14900,15032
44481	44465,44396,44401,44403,44417,44420,44429,44432,44457,44467
44482	44449,44396,44403,44413,44416,44417,44424,44429,44451,44457
44483	4738,6094,7175,13462,23623,150,444,2806,4461,5970
44484	13544,22075,562,2244,2554,2841,3831,7608,7653,8154
44485	351,366,528,557,638,2238,3831,4738,8154,8783
44486	2639,20199,22994,28635,44358,223,995,2223,2602,7854
44487	546,8004,381,606,615,1148,2538,3092,3560,4033
44488	35477,42762,28,186,748,973,1244,1378,1484,1857
44489	2603,2639,20199,22994,28635,43010,44358,223,995,1111
44490	
44491	44457,44417,44413,44419,44449,44507,44401,44420,44447,44358
44492	9839,15896,15915,15950,14315,15904,15925,15937,15962,7509
44493	4717,13930,14056,14206,19,83,150,2017,2226,2438
44494	44358,44389,44396,44401,44417,44420,44467,44479,44491,44506
44495	42508,48061,4687,5089,5766,6397,10504,10801,12308,12339
44496	
44497	
44498	6,417,522,579,1424,1445,1976,2006,2202,2204
44499	
44500	44413,44457,562,14390,16350,44396,44403,44417,44419,44424
44501	44451,44419,44413,44417,44415,44432,44441,44447,44449,44396
44502	44441,44417,44447,44396,44432,44429,44449,44402,44421,44430
44503	52,325,4045,4223,4716,5086,7883,9105,9969,10328
44504	48803,48783,22638,25736,28913,48767,48776,16218,31347,44505
44505	42692,22638,42713,42739,44454,338,5933,6157,7284,12570
44506	44467,10462,44417,44358,44413,44451,44465,44479,44399,44403
44507	44416,44451,44491,44413,44441,44417,44432,44447,44449,44463
44508	44417,44420,44389,44401,44467,44491,44358,44424,44448,44449
44509	48780,2610,2617,9786,11848,15630,23188,28913,31347,42414
44510	44471,164,25736,44454,13,858,2591,2617,2773,7480
44511	22853,696,24188,24194,24248,265,336,363,377,380
44512	19935,21855,44358,154,223,1617,1846,1857,2027,3230
44513	44389,44417,10462,44399,44424,44451,44457,44508,44358,44391
44514	
44515	44396,44413,44430,44479,44506,10462,19358,23328,40359,44358
44516	44500,44403,44419,44424,44457,44465,44501,44502,534,562
44517	10018,10075,16524,36683,36687,36705,36813,36880,36914,36940
44518	10012,19110,30304,36831,36946,37087,37116,37427,37481,37634
44519	8686,10009,10029,10033,10041,10127,18964,18967,30304,36684
44520	10072,44548,36680,36809,44079,44089,9996,10096,10135,36763
44521	10041,10135,44538,10099,18963,19365,25186,30220,36699,36735
44522	30304,36946,38478,40392,44518,44519,44520,44521,44523,44524
44523	44520,8686,8816,10015,10035,10060,10099,10120,17310,25269
44524	10028,41903,44178,10038,10053,10059,10062,10063,10072,23285
44525	10037,10097,23268,23279,23289,30304,36693,36777,36870,36946
44526	26525,30232,30304,36789,36946,36974,37099,37159,37193,37227
44527	10008,36674,36701,36717,36728,37199,37255,37581,44529,6679
44528	10020,10028,10135,36674,36894,38509,44079,1084,1230,3734
44529	23273,23287,39234,39247,14008,23288,37201,37356,37481,37597
44530	30304,36946,38478,40392,44518,44519,44520,44521,44522,44523
44531	30304,36837,36988,37025,37197,37245,37459,44057,1688,8686
44532	30304,36946,38478,40392,44518,44519,44520,44521,44522,44523
44533	30304,36946,38478,40392,44518,44519,44520,44521,44522,44523
44534	10018,36847,37465,39233,910,2948,10029,10037,10042,10091
44535	8686,10018,30304,36946,37254,37665,37793,38478,40392,44518
44536	25687,30304,36946,37198,37285,37524,37814,38472,38483,38542
44537	10021,10026,10097,10100,10111,10113,10117,10123,10142,23256
44538	10135,36683,37215,36687,36688,36809,36816,37207,39240,44089
44539	2558,10066,10096,30304,36766,36817,36946,37017,37398,37454
44540	36857,37255,2646,6679,7809,7855,10047,10087,10096,10105
44541	44524,9995,10006,10019,10030,10038,10063,10070,10125,30304
44542	30304,36946,38478,38552,39232,39258,39286,40392,44518,44519
44543	30304,36946,38478,40392,44518,44519,44520,44521,44522,44523
44544	37018,10058,36794,37047,37150,37196,37286,37506,37797,39249
44545	44559,37378,44070,9996,10022,16529,19365,30220,36674,36848
44546	30304,36946,38478,40392,44518,44519,44520,44521,44522,44523
44547	44548,10014,10093,10095,10097,10103,14794,16714,18835,18918
44548	44089,44065,36775,36874,37006,36905,44079,37018,10072,10097
44549	30304,36946,38478,40392,44518,44519,44520,44521,44522,44523
44550	18813,25231,30304,33805,33807,33810,36946,36956,37210,37228
44551	36877,36898,16524,36751,36940,37700,10059,16529,18963,24338
44552	10037,10050,10131,24343,30304,36832,36936,36946,37022,37029
44553	9996,10020,10043,23259,23261,23283,23286,30232,30304,36680
44554	10018,18912,36741,37372,10002,10012,10022,10028,10040,10053
44555	44562,11797,19365,30304,36788,36893,36946,38478,40392,44518
44556	30304,36946,38478,40392,44518,44519,44520,44521,44522,44523
44557	37588,1397,10009,10055,10102,10103,10109,10114,10131,14251
44558	30304,36946,38478,40392,44518,44519,44520,44521,44522,44523
44559	36846,36767,36873,36747,36944,36995,37370,44545,36751,36755
44560	30304,36946,38478,40392,44518,44519,44520,44521,44522,44523
44561	30304,36946,38478,40392,44518,44519,44520,44521,44522,44523
44562	36905,40748,10100,10151,36909,44149,10009,10043,10060,19365
44563	9847,15285,23273,28837,29452,29799,30749,33208,35180,35181
44564	20506,6,52,154,204,339,1404,1520,1680,1694
44565	285,485,910,1348,1352,1390,1455,1586,1676,2179
44566	35176,35214,35184,35201,35261,35208,35211,35218,35229,35186
44567	10037,10064,10144,10145,23254,23283,23284,34644,36695,36818
44568	44564,44565,44566,44567,44569
44569	44564,44565,44566,44567,44568
44570	27641,14723,22242,24249,0,13,87,111,121,128
44571	4994,44578,44579,44586,93,7450,9997,27641,34194,44572
44572	44576,44587,4994,44580,44581,44588,93,143,1196,1232
44573	93,1404,4527,4994,20444,44577,44578,44582,112,117
44574	44593,4994,44586,44592,87,93,1051,3945,5178,6937
44575	128,95,123,125,6157,16,17,127,6152,6171
44576	44572,44587,4994,44580,44581,44588,93,7450,9997,15278
44577	44573,44580,44582,44587,44593,44595,93,110,133,141
44578	4994,44571,44573,44579,93,95,936,1155,2223,2585
44579	7450,14723,20444,44571,44578,44580,44582,44587,44593,44595
44580	44593,44572,44576,44577,44579,44586,93,2409,2755,4983
44581	44587,4994,44572,44576,93,7450,9997,15278,41512,44571
44582	44573,44577,44579,44587,93,1146,4909,4994,7450,9892
44583	95,12576,19107,42704,17,93,126,127,146,150
44584	18314,18654,22300,24175,30263,35637,41784,52,93,171
44585	93,4994,7450,9997,44571,44572,44573,44574,44575,44576
44586	4994,44571,44574,44580,44593,93,7450,9997,27641,44572
44587	44572,44576,44581,44577,44579,44582,44588,93,2409,2755
44588	2507,4994,22980,23017,23537,44572,44576,44587,49,93
44589	7369,966,9997,24772,29869,34164,35451,43456,46588,1
44590	93,4994,7450,9997,44571,44572,44573,44574,44575,44576
44591	93,4994,7450,9997,44571,44572,44573,44574,44575,44576
44592	44574,44593,93,3945,4994,5178,7450,9997,40116,44571
44593	44574,44580,14723,44577,44579,44586,44592,93,2409,2561
44594	93,1255,4994,6886,7450,8154,8760,9997,10516,11539
44595	7450,44577,44579,93,133,1406,4994,6296,9997,19110
44596	93,171,4994,7450,7463,8671,9997,12618,29739,31178
44597	617,31,522,545,555,576,606,614,615,621
44598	44603,44617,44611,44609,44606,44607,573,1235,1253,1357
44599	44608,44609,44600,44611,555,573,617,621,1255,15913
44600	44612,44609,44616,28780,44599,44605,44617,617,44607,555
44601	573,1984,6821,19319,19326,27235,28780,31409,44598,44599
44602	223,544,573,1382,2785,5078,6265,7057,7651,7663
44603	44598,44605,28780,522,590,566,568,600,14879,15297
44604	573,27235,28780,44598,44599,44600,44601,44602,44603,44605
44605	28780,44603,44600,44607,44609,44611,573,1255,4046,26336
44606	44598,44603,44608,44611,468,573,660,1564,1676,2971
44607	44612,44608,44616,44605,44611,617,28780,44598,44600,555
44608	44599,44607,617,44606,555,573,621,1255,4224,15913
44609	44617,44599,44600,44616,28780,44598,44605,522,555,573
44610	573,19325,27235,28780,44598,44599,44600,44602,44603,44604
44611	44598,44616,44617,28780,44599,44605,44607,44606,522,548
44612	44600,44607,617,555,573,621,1255,4224,15913,16248
44613	573,27235,28780,44598,44599,44600,44601,44602,44603,44604
44614	573,27235,28780,44598,44599,44600,44601,44602,44603,44604
44615	573,27235,28780,44598,44599,44600,44601,44602,44603,44604
44616	44600,44607,44609,44611,555,573,617,621,1255,15913
44617	44598,28780,44609,44611,44600,555,573,617,621,15913
44618	7292,23306,24310,40869,232,362,465,573,590,975
44619	32364,37981,7343,27653,20107,27595,32532,33192,33194,33498
44620	6886,7639,7699,10276,10758,24510,7850,9568,9569,10380
44621	1809,29832,30393,37981,131,2274,4133,8900,9403,10240
44622	909,2574,3237,3281,3463,4046,4070,5549,5657,5658
44623	9240,9257,9247,9245,9279,9285,9264,9251,9287,9290
44624	2820,3023,3305,3475,3510,3514,3857,5547,6287,12647
44625	22128,22165,3115,3733,3754,3757,3931,4011,4045,4101
44626	1787,14611,36534,39394,4516,5307,6483,6575,7011,7022
44627	5047,39761,52,113,124,132,283,551,972,1677
44628	49213,49187,49197,49246,49261,49293,49191,49192,49204,49206
44629	20577,45602,47350,6882,8234,37857,42641,45579,45598,45609
44630	11435,20986,43927,43928,43943,43954,2490,5803,6287,8405
44631	3518,4531,5052,6287,8002,8260,8492,9745,10262,10861
44632	12400,3971,4101,4163,6287,7611,20964,21855,22090,22182
44633	3518,4601,5052,6287,8002,8260,8492,10262,10861,10897
44634	6287,12647,13430,17990,17994,17996,21954,24435,44619,44620
44635	7606,12647,44637,47954,204,535,564,581,1405,2060
44636	499,2282,3358,3412,3896,3931,5984,6184,6287,6614
44637	44635,204,1113,1220,2060,2281,2788,2802,2894,3685
44638	7270,343,380,680,719,758,4782,4793,4806,6287
44639	14615,5089,6287,7649,7667,9444,12647,14456,15983,15987
44640	22128,22165,3115,3733,3754,3757,3931,4011,4045,4101
44641	21954,22291,44643,44644,615,2087,2090,2109,3126,3882
44642	6287,12647,13430,17990,17994,17996,21954,24435,44619,44620
44643	44644,4198,4289,22198,4046,4220,4231,4281,3530,4074
44644	44643,4198,4202,4289,22198,4035,4046,4220,4231,4281
44645	2,202,3857,4133,4233,6287,9206,10299,10532,10773
44646	6287,12647,13430,17990,17994,17996,21954,24435,44619,44620
44647	439,660,1595,1647,2044,2989,3482,3518,3525,3549
44648	6287,12647,13430,17990,17994,17996,21954,24435,25791,30113
44649	6287,12647,13430,17990,17994,17996,21954,24435,44619,44620
44650	581,1137,2027,2686,3926,3948,3971,4075,4086,4101
44651	3906,4264,4295,19077,22090,3920,4033,4296,22141,22154
44652	44651
44653	26107,5226,11017,13236,17444,26095
44654	44659,26107,35687,38659,44657,44662,44664,1234,4114,5224
44655	44661,44663,44662,5226,11017,13236,17444,26095,26107,44660
44656	44663,44657,44662,5226,8468,11017,12512,12555,13236,17444
44657	44656,44658,44654,44662,44663,44660,44661,44664
44658	44657,44662,26107,44664,5226,11017,13236,17444,26095,44660
44659	44654,44661,26107,44664,44660
44660	44654,44655,44656,44657,44658,44659,44661,44662,44663,44664
44661	44655,44659,26107,44662,44664,5226,11017,13236,17444,26095
44662	44658,44654,44655,44656,44657,44661,44664,26107,44660
44663	44656,44655,44657,5226,8468,11017,12512,12555,13236,17444
44664	44654,44658,44659,44661,44662,26107,44655,44656,44657,44660
44665	29935,33350,7034,23792,23862,23871,23881,40872,512,8443
44666	1763,4213,5249,17941,32310,44686,44701,147,493,514
44667	1366,5236,8671,23718,501,4389,5237,5242,5249,5257
44668	201,1387,8416,12267,17890,17915,26402,27301,31160,43671
44669	18065,1976,8284,8298,8301,8671,23718,31264,40245,186
44670	44677,44696,44680,44689,44685,44706,44694,44684,44681,44688
44671	32804,49577,11752,49581,5243,11714,11790,13119,23729,25300
44672	44676,44677,44679,44681,44682,44683,44685,44689,44714,44670
44673	44706,44695,44712,44702,44675,44697,44678,44700,44705,44707
44674	44678,44697,44707,44713,8416,31160,44700,44704,44705,44708
44675	44676,44682,44702,44706,44670,44672,44673,44677,44679,44680
44676	44695,44672,44702,44675,44697,44707,44713,31160,44678,44700
44677	44692,44670,44696,44691,44693,44706,44694,44712,44672,44702
44678	44674,44697,44700,44705,44707,44712,8416,23484,23737,23893
44679	44682,44683,44685,44687,44690,44681,44689,44692,44688,44691
44680	44692,44670,44690,44696,44687,44684,44691,44695,44688,44694
44681	44679,44682,44683,44685,44689,44714,44684,44687,44688,44690
44682	44690,44685,44689,44679,44693,44681,44684,44688,44694,44672
44683	44687,44691,44693,44679,44706,44681,44684,44688,44672,44712
44684	44680,44714,44670,44681,44682,44683,44685,44687,44688,44689
44685	44682,44690,44670,44679,44687,44691,44681,44693,44684,44688
44686	40776,44666,37,1387,1790,2572,4527,5236,6633,6653
44687	44683,44696,44689,44679,44680,44685,44681,44684,44688,44694
44688	44679,44680,44681,44682,44683,44684,44685,44687,44689,44690
44689	44682,44714,44670,44687,44693,44679,44681,44706,44684,44688
44690	44682,44685,44696,44680,44691,44679,44694,44681,44684,44688
44691	44683,44690,44693,44714,44677,44685,44706,44680,44679,44681
44692	44677,44680,44679,44694,44695,44712,44681,44684,44688,44672
44693	44683,44682,44691,44714,44689,44706,44677,44685,44679,44680
44694	44670,44690,44692,44696,44677,44680,44682,44685,44687,44689
44695	44673,44676,44680,44690,44692,44696,44714,44682,44670,44679
44696	44670,44687,44690,44677,44680,44714,44694,44695,44712,44679
44697	44700,44705,44707,44670,44673,44674,44676,44677,44678,44679
44698	1387,8416,12267,31160,44666,44667,44668,44669,44670,44671
44699	1387,8416,12267,31160,44666,44667,44668,44669,44670,44671
44700	44707,13667,23886,7029,6984,7044,12735,23717,23730,23763
44701	44666,514,1387,4213,5246,8334,8416,12267,12434,17235
44702	44676,44706,44670,44673,44675,44677,44680,44683,44687,44691
44703	1387,8416,12267,31160,44666,44667,44668,44669,44670,44671
44704	12267,31160,44674,44675,44676,44682,44702,44706,44707,44713
44705	23866,7029,23886,12735,13667,1432,6976,6977,6984,7044
44706	44673,44670,44683,44691,44693,44714,44677,44689,44685,44680
44707	44700,23893,6452,6984,7044,23730,23776,1432,2400,6514
44708	44710,12267,31160,44674,44675,44676,44682,44702,44706,44707
44709	1387,1429,4213,8416,12267,15231,28667,31160,31359,36066
44710	31160,44708,12267,44674,44675,44676,44682,44702,44706,44707
44711	44708,44710,44712,1387,8416,12267,31160,44666,44667,44668
44712	44677,44687,44692,44696,44670,44673,44680,44683,44690,44691
44713	12267,44674,44676,44682,31160,44673,44675,44679,44680,44681
44714	44689,44691,44693,44696,44706,44681,44684,44688,44694,44695
44715	12328,12402,3328,4048,4159,4182,7611,13400,21273,21958
44716	4279,10523,28462,30176,44717,44718,44719,44720,44721,44722
44717	23164,9928,7994,14309,14379,15660,21273,39127,47655,364
44718	22147,3920,15032,20569,662,3958,4044,5030,20447,23305
44719	14403,15831,17625,27394,27440,27442,27443,27445,319,2689
44720	44722,28462,44717,44725,44727,44731,4279,10523,10952,12399
44721	4279,10523,28462,30176,44716,44717,44718,44719,44720,44722
44722	44720,28462,44717,44725,44726,44727,44729,4279,10523,10952
44723	44728,44731,44732,4279,10523,12402,28462,30176,44716,44717
44724	377,388,2869,4279,5310,10523,12895,15122,23014,28462
44725	44717,44720,44722,44726,44727,44729,44731,3852,4279,5314
44726	44717,44722,44725,44727,44731,4279,10523,10952,12402,28462
44727	4279,22158,22247,4295,10987,16240,22282,25807,3006,3931
44728	12402,44723,44732,1137,2034,2785,4048,4076,4159,4182
44729	44717,44722,44725,44727,44731,4279,10523,10952,12402,28462
44730	4279,10523,28462,30176,44716,44717,44718,44719,44720,44721
44731	44717,44720,44723,44725,44726,44727,44729,44732,4279,10523
44732	44723,44728,44731,4279,10523,12402,28462,30176,44716,44717
44733	
44734	
44735	9507,1137,2398,4959,5555,6306,7644,8008,8528,8584
44736	44738,44739,44740,44741,44744,44745,3273,3943,7639,12549
44737	44736,44738,44739,44740,44741,44742,44743,44744,44745,44746
44738	25785,30165,43452,44736,44739,44740,44741,44744,44745,48805
44739	8619,15801,39637,44736,44738,44740,44741,44744,44745,2090
44740	44736,44738,44739,44741,44744,44745,3958,4048,4101,4167
44741	44736,44738,44739,44740,44744,44745,44737,44742,44746
44742	44736,44737,44738,44739,44740,44741,44743,44744,44745,44746
44743	44746,1137,2398,6306,8008,8528,8584,8877,9507,11015
44744	29364,548,2993,3001,4024,4046,4048,4158,4295,7342
44745	44736,44738,44739,44740,44741,44744,44737,44742,44746
44746	25864,30125,30862,14375,25747,7675,12328,14931,16007,23333
44747	3943,6015,6019,16111,17595,22963,23685,30423,30749,38128
44748	48444,4957,5453,5467,7004,8156,13119,13223,18436,21193
44749	30749,1244,2864,3347,4313,5460,5722,6016,9386,9397
44750	13223,285,485,1348,1352,1390,1455,1586,1676,2179
44751	3874,3916,3924,3956,3974,3978,3984,3986,4021,4030
44752	4269,44753
44753	45323,42413,47538,1244,3541,21273,22553,26451,42460,42508
44754	
44755	
44756	311,6570,6578,6600,6624,6653,12196,12210,12740,16715
44757	4845,10797,28112,39519,44758,44759,44761,44762,44763,44764
44758	5407,7036,10821,12714,14471,17755,18013,22623,23866,23880
44759	7018,7051,18013,17755,33299,1772,1787,7327,10628,16486
44760	4845,10797,28112,39519,44758,44759,44761,44762,44763,44764
44761	7022,1421,6654,7019,10701,17200,28820,4527,23484,39394
44762	918,45549,90,92,1244,1405,1414,1421,3429,4527
44763	44764,311,2712,4527,4845,5250,6528,6546,6578,6598
44764	40606,6631,28722,4527,6563,6611,6654,7930,8509,12774
44765	23484,41969,1628,3993,4036,4046,4157,4491,4845,5222
44766	1406,9983,17198,147,483,501,1110,1414,1486,1642
44767	8401,11272,12060,13498,16644,16645,18270,23804,24252,39591
44768	2551,16627,44769,44770,44771,44772,44773,44774,44775,44776
44769	2551,5143,5986,7198,14318,16265,16272,16627,18103,23301
44770	44784,44793,576,2403,2501,2574,2624,7054,7258,8401
44771	12060,23804,24178,41748,42855,42897,42902,42905,573,621
44772	87,2551,7569,7712,7720,7723,7734,7736,7777,7790
44773	2551,3154,8122,9527,9556,9558,10847,12647,14890,14980
44774	2551,44781,11272,16627,44768,44769,44770,44771,44772,44773
44775	2551,16627,44768,44769,44770,44771,44772,44773,44774,44776
44776	39631,39652,39654,39673,39690,39691,39697,39704,39719,39720
44777	2551,44779,44792,11272,16627,21844,43032,44768,44769,44771
44778	44785,2551,13426,13437,13438,13442,13484,13503,16627,20798
44779	2551,44777,44793,8401,11272,16627,20775,21844,23429,39713
44780	2551,16627,44768,44769,44770,44771,44772,44773,44774,44775
44781	2551,44774,11272,16627,44768,44769,44770,44771,44772,44773
44782	2551,16627,44768,44769,44770,44771,44772,44773,44774,44775
44783	12978,39631,39652,39653,39673,39690,39691,39704,39712,39719
44784	44770,576,2501,2574,2624,7258,9892,11262,11268,11269
44785	16620,24259,24275,7700,16624,16632,30149,42927,5320,16627
44786	2551,16627,44768,44769,44770,44771,44772,44773,44774,44775
44787	16627,24263,39585,44792,44793,45427,11,131,499,2282
44788	44791,468,575,615,2551,2802,3676,3831,4371,5085
44789	2551,1397,6969,11100,16501,16627,18026,18260,18262,18265
44790	2551,16627,44768,44769,44770,44771,44772,44773,44774,44775
44791	44788,468,575,615,2551,2802,3676,3831,4371,5085
44792	2551,23911,24263,24460,44777,44787,499,2282,3358,3412
44793	6710,8042,25342,39720,44770,44779,44787,499,2282,2551
44794	48155,544,11654,27829,161,3926,4074,4159,4220,4838
44795	22774,22786,22796,22800,22776,22784,22783,22804,22812,22788
44796	13430,18050,18823,29841,46135,161,13926,17821,27797,29868
44797	544,13430,18050,44798,27765,27780,44800,46135,46137,838
44798	27461,13430,27829,11654,19935,44797,4114,7920,8721,12846
44799	12370,44795,44796,44797,44798,44800
44800	4234,3931,4202,4302,18511,22158,3958,4035,4101,4196
44801	9561,44811,273,8712,9564,9576,9579,10267,10276,10303
44802	1435,2242,2246,9824,12577,12620,16609,17870,18583,18844
44803	6120,6109,6117,13648,15731,23623,44809,3743,4934,15766
44804	3023,3702,16532,16643,35562,35605,35692,39684,1031,2646
44805	2053,3494,4311,5730,6168,10485,13149,13648,14517,14971
44806	31756,44803,13149,13648,18036,23505,43305,44805,44807,44809
44807	23505,13149,13648,18036,31756,44803,44805,44806,44809,420
44808	27299,43452,82,168,438,1657,1664,1667,1679,1687
44809	13280,13618,18343,24147,44803,7882,9950,11863,15343,15757
44810	9562,9598,10267,13149,13558,13648,17492,18036,18039,18604
44811	44801,10267,13149,13648,17492,18036,18039,18604,21259,23505
44812	3237,3250,5682,7473,10267,13149,13648,17492,17999,18036
44813	17492,18039,3736,10267,12154,13149,13176,13648,17450,18036
44814	762,1637,3010,3530,3882,3889,3903,3926,3931,3948
44815	34390,13074,14209,34589,35560,40443,45076,1099,1357,3646
44816	16539,18539,19352,40126,40134,40161,40162,40423,40472,44853
44817	32476,32477,44847,134,2554,3298,3409,3503,3565,8292
44818	18539,44899,1111,2554,3298,3879,8292,12640,13979,14204
44819	1404,1589,1605,1822,1917,1921,2043,2411,2554,3298
44820	101,1661,2554,3037,3298,3892,4394,8008,8292,10652
44821	2554,3298,7816,8292,13979,14204,18539,19439,23040,29254
44822	2554,3298,8292,13979,14204,18539,23040,31300,32198,32476
44823	1664,1667,5498,6108,8501,13792,14204,17740,25170,29260
44824	1689,2644,13847,14746,21873,22505,25195,439,1031,1100
44825	2554,3298,8292,13979,14204,18539,23040,31300,32198,32476
44826	13,127,133,695,1242,1245,1263,1664,2554,2585
44827	2554,3298,8292,13979,14204,18539,23040,31300,32198,32476
44828	13166,18080,24510,44899,1,107,177,344,1080,1110
44829	44844,44850,44860,44890,44893,1534,1840,1967,2554,3232
44830	2554,3298,8292,13979,14204,18539,23040,31300,32198,32476
44831	44881,44844,44860,44871,44874,1607,2554,3234,3298,8292
44832	2554,3298,8292,13979,14204,18539,23040,31300,32198,32476
44833	3573,5588,7521,14073,17636,18539,23507,23520,23690,34146
44834	44864,44869,44871,44874,44890,1607,2554,3234,3298,8292
44835	2554,3298,8292,13979,14204,18539,23040,31300,32198,32476
44836	2554,3298,8292,13979,14204,18539,23040,31300,32198,32476
44837	124,2554,3298,7242,8201,8292,13979,14204,15710,16884
44838	2554,3298,8292,13979,14204,18539,23040,31300,32198,32476
44839	2554,3298,8292,13979,14204,18539,23040,31300,32198,32476
44840	2554,3298,8292,11836,13979,14204,17998,18539,23040,24792
44841	375,2554,3298,3577,4351,8292,13979,14204,16525,18539
44842	2554,3298,8292,13979,14204,18539,23040,31300,32198,32476
44843	1667,2554,3298,5237,8292,11647,13979,14204,18539,23040
44844	44829,44831,44851,44860,44871,44881,44893,339,361,1614
44845	2554,3298,8292,13979,14204,18539,23040,31300,32198,32476
44846	20,8283,17783,19350,35549,140,1680,1814,3099,6452
44847	34356,35591,35649,44867,1435,2242,2246,9824,12577,12620
44848	2554,3298,8292,13979,14204,18539,23040,31300,32198,32476
44849	20561,29464,29514,1856,12929,13795,13847,14746,19032,19038
44850	44890,44829,44855,44860,2554,3298,5387,8292,13979,14204
44851	44881,44844,44860,44871,44874,1607,2554,3234,3298,8292
44852	7690,7696,13016,16623,34298,47188,321,2554,2802,3298
44853	1918,14125,2588,7476,13828,13867,13886,13917,13979,14040
44854	2588,7522,14140,19306,23512,23633,27536,27555,35565,38737
44855	44850,44860,44879,44880,98,1264,2554,3298,7645,7789
44856	44846,44887,971,1220,2554,2646,2657,3298,3635,4817
44857	13979,14205,14128,30782,45194,13846,13863,13967,14029,14101
44858	1,13979,14178,34277,45076,3377,13846,13888,13914,13936
44859	127,7257,12667,17902,23585,44865,44892,7,36,87
44860	44829,44831,44844,44850,44851,44855,44881,2554,3298,8292
44861	2554,3298,8292,10778,13979,14204,15516,18539,23040,31300
44862	3796,1375,1772,2554,2904,3298,3503,3885,4509,5241
44863	43148,19,134,368,390,490,546,638,696,754
44864	32198,44834,44871,44888,44893,2554,3298,8292,13979,14204
44865	8284,9539,15304,18539,29688,29693,34277,44859,44877,44887
44866	23190,27260,27294,27318,27365,2413,3928,8511,11555,11569
44867	13979,17870,34909,35591,35649,35698,38794,44847,1417,1435
44868	2554,3298,8292,13979,14204,18539,23040,31300,32198,32476
44869	18539,35557,44834,44879,44890,64,336,343,352,381
44870	2554,3298,8292,13979,14204,18539,23040,31300,32198,32476
44871	44831,44834,44844,44851,44864,44874,44881,44888,1607,2554
44872	2554,3298,8292,13979,14204,14209,18539,23040,25319,29911
44873	2554,3298,8292,13979,14204,18539,23040,31300,32198,32476
44874	44831,44834,44851,44871,44881,1607,2554,3234,3298,8292
44875	11424,15207,6783,7506,8677,9808,11405,14029,15190,22351
44876	31270,15249,17238,17268,23900,31280,41301,41310,168,492
44877	161,18539,44847,44865,44875,44887,239,1536,1694,2554
44878	1347,1352,1354,1355,1362,1371,1373,1379,1380,1381
44879	2554,10723,18539,44855,44869,44892,98,132,338,340
44880	10723,1417,17880,18539,32639,35143,35698,44847,44855,44867
44881	44831,44851,44844,44860,44871,44874,1607,2554,3234,3298
44882	198,934,956,1376,2554,2644,2645,2678,2684,3298
44883	2554,3298,8292,13979,14204,18539,23040,31300,32198,32476
44884	44899,543,1148,1810,1832,2554,3230,3298,3573,3575
44885	13979,14244,11417,13889,13917,13993,14040,14123,14134,14158
44886	2554,3298,8292,13979,14204,18539,23040,31300,32198,32476
44887	21855,26872,5,134,5809,15731,17069,17436,18539,26883
44888	37981,1689,7343,13101,30208,44849,44864,44871,44893,733
44889	44846,2554,3298,4990,4993,6085,8292,13979,14204,14797
44890	44850,44829,44834,44869,2554,3298,8292,13979,14204,14797
44891	14078,14150,14162,14117,23660,14095,14234,14138,14231,38626
44892	38734,30209,35738,12618,13979,15283,24900,9777,9796,9770
44893	44829,44844,44864,44888,2554,3298,8292,13979,14204,18539
44894	2554,3298,8292,13979,14204,18539,23040,31300,32198,32476
44895	13871,35819,9793,38734,32203,1417,9796,9820,12107,12453
44896	411,2554,3298,4210,5087,6789,6802,8292,8380,13350
44897	2554,3298,8292,13979,14204,18539,23040,31300,32198,32476
44898	6451,13616,13979,23040,23511,32929,44853,44857,44892,130
44899	49774,2558,3879,10236,17434,49848,3873,4086,8154,8671
44900	44904,412,6696,10328,10445,13336,13472,20824,21135,21674
44901	44904,44905,411,35325,44902,44903,44906,44907,44908,44909
44902	44908,411,35394,44905,44924,1664,8153,14746,16623,26870
44903	44908,411,1667,35325,44905,44924,168,1670,1673,2681
44904	35325,44901,44909,23791,44900,44906,44907,44911,44913,44915
44905	411,23717,44901,44902,44903,44908,44922,1356,10773,10792
44906	411,35325,44901,44902,44903,44904,44905,44907,44908,44909
44907	411,35325,44901,44902,44903,44904,44905,44906,44908,44909
44908	44902,44903,411,44905,44924,35325,35394,44901,44906,44907
44909	32858,32862,32865,32869,32870,32884,32899,32900,32903,32906
44910	29038,47517,49082,202,411,438,1617,2514,3935,4122
44911	35404,44904,44924,411,2490,6656,6696,10784,10785,12782
44912	22827,22836,22867,28395,30803,35394,411,1416,1502,1529
44913	5957,9657,15277,411,2694,4742,10471,15285,17349,35325
44914	6121,8501,23179,23194,23206,41856,113,411,4640,6696
44915	411,35325,44901,44902,44903,44904,44905,44906,44907,44908
44916	35325,44903,44904,44920,411,3152,4344,5466,5653,6696
44917	411,6696,13472,21135,21674,35325,35337,35394,42511,44900
44918	411,35394,44902,44903,44905,44908,44922,44924,2576,6696
44919	411,6696,6802,8555,13472,19753,20082,21135,21674,35325
44920	35325,44903,44904,44916,411,6696,13472,21135,21674,35337
44921	44901,44904,44905,411,2009,6696,13472,21135,21674,23791
44922	411,35394,44905,44924,35325,44901,44906,44907,44909,44913
44923	44904,44922,411,6696,13472,21135,21674,35325,35337,35394
44924	411,44902,44903,44908,44909,44922,23722,35325,35394,39587
44925	411,2394,5353,5708,6359,6380,6393,6696,7568,7615
44926	28577,11713,43158,28598,2053,49722,29883,43162,3230,11677
44927	28580,28582,44928,44932,44950,28586,44931,44944,44958,44964
44928	28580,28582,44947,44958,28586,44927,44970,43162,44944,11705
44929	28587,28584,28592,28591,44936,44946,28588,44945,44956,44967
44930	44937,10842,20070,25488,27840,30002,41467,43152,43165,43430
44931	28587,44933,28584,28588,28591,44958,44941,44945,44950,44964
44932	28582,44950,44964,28580,44927,44931,44965,44970,26883,28586
44933	11713,44931,28586,28587,28584,44944,44947,28591,28588,44936
44934	44938,44961,44966,44970,1950,9385,15989,22024,28580,28582
44935	44933,44937,3412,9976,14982,16532,16631,24556,28580,28586
44936	28586,44929,44965,28582,28587,44933,44967,21171,28584,28588
44937	30002,43430,44930,44935,44959,49549,49731,10842,20070,25488
44938	44934,44961,44966,44970,1950,2191,9385,13179,15989,20852
44939	28580,28584,28586,28587,28588,28591,44931,44945,44946,1950
44940	44959,3023,43158,43456,1950,3230,5229,6109,7392,8735
44941	44931,28580,28584,28586,28587,44932,44933,44952,44958,44964
44942	28587,30649,44950,1950,28580,28582,28584,28586,28588,28590
44943	1100,13818,48805,48855,19,439,48817,48837,48921,10240
44944	44933,28586,28580,28582,44927,44928,44931,44947,44950,11713
44945	28577,44958,44967,44965,44931,2053,29883,44929,44933,11677
44946	28584,28591,28582,28592,44970,44929,44958,28577,44950,44956
44947	44928,44933,44952,28580,28586,44965,28592,44944,44958,11713
44948	28582,28587,28588,28591,28592,44945,44956,44958,44965,44967
44949	44966,16630,27150,28298,30008,40633,44276,44959,46664,49531
44950	28582,44932,28586,44931,44964,28584,30649,44927,44970,28591
44951	1950,6882,6895,6910,6927,7154,10287,10865,11064,11072
44952	44958,44965,11713,44970,28580,44947,28587,28592,44941,28584
44953	28587,28580,28582,28584,44929,44932,44950,28586,28592,30649
44954	125,490,556,1829,1857,1950,2200,2288,2439,2580
44955	44958,44965,28580,44969,44972,28582,28584,28586,28588,28590
44956	28577,28587,28588,44958,44931,44965,44967,28598,44929,44946
44957	1950,28580,28582,28584,28586,28587,28588,28590,28591,28592
44958	44965,44945,44952,28577,28588,28591,44931,44956,44970,44928
44959	43456,26872,44966,13917,36469,44937,44940,44949,44958,2054
44960	44958,44962,28584,28587,44933,44945,44956,1950,28577,28580
44961	29095,42692,42716,44934,44938,44966,44970,45425,1950,2389
44962	44958,28584,44945,44960,44972,28577,28580,28582,28586,28588
44963	28587,28590,44950,44953,1950,28580,28582,28584,28586,28588
44964	44931,44932,44950,28582,44970,28580,28586,44927,44941,44944
44965	28582,44958,44952,44967,28588,44945,28592,28577,44932,44936
44966	44949,16630,44959,20486,27150,28298,30008,34157,40633,44276
44967	28582,44945,44965,28592,28577,44956,44958,28598,44929,44936
44968	44928,44929,44933,44944,44958,28580,28584,28586,28587,28591
44969	44955,44958,44965,28580,28582,28584,28586,28588,28590,28591
44970	28582,44952,44958,44946,44928,44932,44950,44964,28584,28587
44971	1950,28580,28582,28584,28586,28587,28588,28590,28591,28592
44972	28580,44955,44958,44962,44965,28582,28584,28586,28588,28590
44973	28582,28584,28586,28587,28588,28591,44931,44941,44945,44956
44974	28580,28587,44928,44929,44933,44952,44955,44958,44965,44972
44975	9240,9244,9250,9258,9279,9295,9242,9247,9257,9260
44976	46019,39451,39455,39442,39445,39465,39467,46012,39457,39470
44977	9047,9053,16007,25747,25758,44976,44980,44982,9060,9080
44978	9045,9047,9053,16007,25747,25758,25831,44976,44977,44979
44979	9045,16007,44982,9043,25747,25831,44976,9052,9060,25778
44980	9047,9053,16007,25747,25758,44976,44977,44982,9060,9080
44981	25751,9043,16007,44982,9052,25747,44976,9060,9070,9073
44982	16007,25758,44976,44979,44981,9043,9060,9080,25747,25831
44983	2923,3910,4048,4103,4115,4264,4289,4874,6255,6923
44984	45000,44993,44994,44995,44997,44999,45008,8154,44985,44989
44985	22152,4086,4295,11645,22092,22104,22160,22195,28563,3903
44986	44987,44990,44991,44992,44993,44985,44989,44994,44995,44996
44987	45000,44991,44986,44988,44994,186,562,1950,2545,2565
44988	44987,44990,44991,44992,44985,44989,44994,44995,44996,44997
44989	44984,44985,44986,44987,44988,44990,44991,44992,44993,44994
44990	44991,44999,45008,44986,44988,44994,44995,44997,45002,8154
44991	44987,44990,44986,44988,44994,45000,44985,44989,44993,44995
44992	44999,45008,44986,44988,44995,44997,45002,8154,44985,44989
44993	44984,44986,44985,44987,44989,44990,44991,44992,44994,44995
44994	44984,44987,44990,44991,45000,44985,44986,44988,44989,44993
44995	44984,44990,44992,44999,45008,8154,44985,44986,44988,44989
44996	7128,19746,19747,19749,44984,44985,44986,44987,44988,44989
44997	44984,44990,44992,44999,45008,8154,44985,44986,44988,44989
44998	9436,127,351,442,1230,1952,2554,2611,2627,2773
44999	44990,44992,45008,44984,44995,44997,45002,8154,44985,44986
45000	44987,44984,44991,44994,44985,44986,44988,44989,44993,44995
45001	2923,3910,4048,4103,4115,4264,4289,4874,6255,6923
45002	44990,44992,44999,45008,44984,44985,44986,44987,44988,44989
45003	44984,44985,44986,44987,44988,44989,44990,44991,44992,44993
45004	2019,2805,2990,4153,4288,4295,5453,5462,6047,8314
45005	44984,44985,44986,44987,44988,44989,44990,44991,44992,44993
45006	44984,44985,44986,44987,44988,44989,44990,44991,44992,44993
45007	44984,44985,44986,44987,44988,44989,44990,44991,44992,44993
45008	44990,44992,44999,44984,44995,44997,45002,8154,44985,44986
45009	1100,44943,13914,21873,23619,25195,1230,10315,13801,13818
45010	1522,10072,12445,27653,29516,36682,36683,36961,439,442
45011	4544,4533,4551,4596,4535,4536,4545,4567,4583,4557
45012	19469,45038,442,1001,1031,2475,2684,6038,6075,6923
45013	45046,528,1758,2820,6405,6882,8273,8280,20569,20893
45014	35053,45017,45036,442,638,916,1001,1114,1353,1366
45015	45022,442,1001,1544,1810,6038,6075,10318,16866,20289
45016	3734,19920,87,223,364,372,439,442,543,1001
45017	6038,45014,87,281,439,442,547,660,667,686
45018	19,25195,1031,12649,19365,27555,45022,11,1001,1100
45019	25170,25200,27577,27584,35179,3734,7723,8685,8816,19110
45020	32071,956,2645,25200,2678,9194,19920,21556,27653,29490
45021	442,1001,1458,6038,6075,7862,9576,10758,20289,22234
45022	37448,10028,10099,15370,44178,439,6038,10018,25170,25256
45023	442,1001,6038,6075,20289,22234,25200,27640,34164,34189
45024	38737,45022,52,442,1001,6038,6075,6469,10002,10013
45025	27577,27640,34164,45019,45041,106,438,439,442,1001
45026	442,1001,6038,6075,20289,22234,25200,27640,34164,34189
45027	26386,49581,49630,13119,23787,32004,41069,1390,2632,3885
45028	45022,442,1001,4328,6038,6075,17206,17646,18294,20289
45029	45030,45041,45055,442,443,1001,1135,1847,3499,3596
45030	45029,45041,45055,442,443,1001,1135,3499,3596,4049
45031	1783,1895,3947,4053,4137,4189,9615,10361,23250,23958
45032	34553,45054,45055,442,543,1001,2107,3573,3575,3576
45033	34332,12519,29745,34189,34201,34205,34288,34420,34485,34536
45034	442,1001,4737,4809,5049,5262,5283,5284,5289,5321
45035	13828,13889,338,439,442,745,1001,1100,1150,2027
45036	223,638,995,2223,2602,2639,7854,9745,15088,16882
45037	28719,6038,7852,10408,18539,23202,25195,34164,36754,36947
45038	45012,45020,442,1001,1249,2475,2867,6038,6075,6923
45039	442,1001,6038,6075,20289,22234,25200,27640,34164,34189
45040	442,1001,22234,45049,45055,74,1823,2142,2657,3091
45041	21873,25224,27736,1085,13847,22265,40814,43593,49946,19
45042	37068,10002,36741,44178,10018,10135,19365,25186,44070,18912
45043	442,1001,6038,6075,20289,22234,25200,27640,34164,34189
45044	278,442,1001,1327,3845,6038,6075,12456,12543,13580
45045	638,13870,15186,23512,23542,23685,35657,38125,5,19
45046	45013,2820,6405,6882,20569,20893,22092,33823,34070,40036
45047	442,1001,6038,6075,20289,22234,25200,27640,34164,34189
45048	442,1001,1492,2287,2676,2971,3393,4462,4567,5279
45049	1001,6038,19,442,2142,16621,19150,25195,25200,25224
45050	13846,14065,14078,14162,12578,13800,13832,13834,13867,13891
45051	13877,23687,34602,34677,3577,9289,11399,22346,23507,25153
45052	442,1001,6038,6075,20289,22234,25200,27640,34164,34189
45053	361,442,1001,1614,1811,2640,2687,2956,3394,3437
45054	3575,34420,3230,3576,11387,11399,34159,34536,34618,43456
45055	3576,34553,22355,34502,45054,442,1001,3577,11399,15186
45056	20572,21239,12,204,733,1099,1613,1617,1664,1667
45057	45063,20884,45060,541,583,910,1809,2017,2576,2694
45058	1368,7018,12713,15236,16973,17267,17392,22625,23726,23752
45059	20567,20789,98,2864,2917,5093,10500,16539,18182,33691
45060	21171,8154,11181,12715,13792,14286,15289,21964,22037,22089
45061	33493,340,2092,2196,2501,2769,2812,2939,2948,3482
45062	16973,29379,45057,45058,45059,45060,45061,45063,45064,45065
45063	45057,14286,45060,1809,2576,2694,2714,2722,2802,3400
45064	282,4397,4398,4420,4425,4426,4447,4451,4463,4782
45065	16973,29379,45057,45058,45059,45060,45061,45062,45063,45064
45066	4506,5937,7611,10301,10368,12414,14301,14379,20486,20572
45067	6882,7666,12756,14463,16973,23477,27897,29379,42449,45057
45068	15630,5089,10824,44446,562,2580,2591,3937,4736,4738
45069	562,5954,9919,10454,10484,16350,22511,24022,26071,27312
45070	457,2974,2995,4055,4135,4707,4717,4996,5030,5948
45071	6,31,106,1825,1841,1890,2233,3237,3281,4725
45072	161,186,239,554,850,975,1011,1113,1383,1534
45073	16973,29379,45057,45058,45059,45060,45061,45062,45063,45064
45074	562,351,28589,4738,21238,21930,22089,22192,25801,362
45075	12048,48326,581,2232,2841,5072,5438,6223,7602,7611
45076	13854,14162,1688,13846,14005,14064,14150,14182,14189,35722
45077	2232,9099,13411,22049,24979,25884,45075,45076,45078,45079
45078	3232,31024,6,52,74,551,2063,2070,2232,2281
45079	45101,45087,45089,45098,45099,45118,28589,45080,45094,45107
45080	45079,45085,45093,45095,45096,45083,45084,45110,45114,45116
45081	229,1216,1276,2232,3128,3540,3958,3968,4069,4115
45082	44446,3937,4717,6167,9861,18436,20584,22950,43064,338
45083	45093,45104,45110,45114,45095,45106,45116,45101,45080,45088
45084	45096,45093,45095,45105,45088,45106,45110,45114,45116,45080
45085	28589,45087,45089,45098,45099,45120,45080,45094,45107,25884
45086	2232,2841,7651,13411,14335,16000,16009,18349,25795,25807
45087	45106,45079,45085,45093,45105,45094,45101,45107,45114,25884
45088	45084,45104,45079,45083,45093,45095,45096,45101,45105,45106
45089	45099,45079,45085,45116,45093,45094,45096,45105,45107,25884
45090	45103,45113,2232,2606,2667,3518,3878,4173,4493,5452
45091	622,40359,2786,3937,9890,10301,10499,10536,11208,12350
45092	2806,4461,5970,10381,10473,12067,14264,22049,24801,25807
45093	45106,45114,45083,45101,45084,45087,45098,45099,28589,45080
45094	45079,45085,45087,45089,45093,45098,45099,45105,45106,45107
45095	45110,45116,45096,45083,45084,45114,45080,9957,20845,20852
45096	45116,45095,45084,45080,45089,45118,28589,45087,45088,45094
45097	22049,45825,6328,13411,455,569,2034,2092,2204,2232
45098	45106,45079,45085,45093,45105,45094,45101,45107,45114,25884
45099	45089,45079,45085,45093,45105,45106,45094,45101,45107,45114
45100	4840,6328,7639,8154,9966,12067,12195,16269,20899,21238
45101	45079,45105,45093,45106,45118,45083,45087,45098,45099,45104
45102	14931,79,339,342,439,528,551,638,2232,2361
45103	45090,45113,542,2092,2232,2606,5066,5954,5960,5988
45104	45105,45083,45106,45110,45114,45116,45088,45101,25884,45087
45105	45104,45106,45101,45118,45084,45087,45098,45099,45089,45094
45106	45093,45105,45114,45087,45098,45101,45104,45083,45099,45084
45107	45079,45085,45087,45089,45093,45094,45098,45099,45105,45106
45108	47522,7630,9490,22049,11246,22085,22382,28381,30134,42449
45109	14739,6243,6805,20563,223,564,683,2050,2232,2864
45110	45095,45116,45083,45104,45118,45084,28577,42155,45080,45088
45111	30169,35752,9910,9920,22338,30403,47577,366,562,622
45112	45115,11369,22049,6328,7639,7644,8154,14949,16269,20899
45113	5066,45090,45103,198,457,503,542,1357,1680,1918
45114	45093,45106,45083,28589,45095,45104,45084,45087,45098,45099
45115	45112,22049,4738,5776,6328,7639,7644,8154,8514,8529
45116	45110,45095,45096,45083,45089,45104,45084,45080,45088,2232
45117	8509,22049,30195,38687,45111,79,238,586,590,636
45118	45105,45079,45101,45110,45093,45096,45106,45083,45084,45087
45119	13722,19039,19138,20554,23512,33010,49888,123,167,438
45120	45085,45079,45080,45083,45093,45095,45096,2232,9099,13411
45121	22049,25516,338,536,2044,3831,4446,5960,6514,7248
45122	13846,13898,13981,13983,14015,23551,454,2054,13961,13972
45123	13959,13981,45167,454,13983,14123,13891,13911,14040,14055
45124	2588,45140,45163,438,2825,3576,6019,9774,10496,11399
45125	34169,34432,13,117,1814,2508,2588,2786,2825,3151
45126	11404,34326,34466,34531,34657,45160,629,2107,3575,5143
45127	23517,11399,18646,33188,34390,34432,33,176,447,457
45128	34176,34207,34267,34450,13828,29720,34159,34332,34413,34432
45129	16894,13938,14065,35621,35630,49226,1,7521,14005,14181
45130	34762,3573,8795,19427,19431,20219,22756,34207,34386,34432
45131	13981,14150,34356,7476,14013,14073,14244,23608,13832,13888
45132	3576,25256,34159,34332,34450,11387,11399,12519,13863,14047
45133	34413,11377,11384,11399,32513,34163,34179,34204,34207,34439
45134	25060,45150,34220,543,11399,11404,34176,34204,34401,34413
45135	6804,34602,34159,34412,34484,13182,22355,34326,34183,34304
45136	3576,11399,23613,34207,34326,34441,34502,34520,34580,34640
45137	3576,23613,3573,3575,3577,11394,11399,34159,34169,34240
45138	19428,22346,34169,34502,11410,13872,14047,34413,34435,34450
45139	2588,2825,3576,9774,11399,11404,13863,13938,13981,13983
45140	14073,13846,454,13867,13983,14085,14118,23672,45170,13805
45141	11399,34159,34326,34432,45152,19,1137,2019,2518,2588
45142	34589,11395,11399,23616,34502,34571,34669,3577,13182,34240
45143	2588,2825,3576,9774,11399,11404,13863,13938,13981,13983
45144	45167,14171,14234,38626,7476,13934,14005,14027,14040,14073
45145	454,13930,13983,14015,23551,45170,13828,13891,13898,14005
45146	11399,34176,34413,34464,3576,23613,33060,34159,34169,34179
45147	3576,3577,8682,11404,14013,22346,23622,34159,34169,34173
45148	14005,14189,14207,23551,23611,34352,35722,45170,454,2588
45149	22346,34520,34669,3573,8677,11389,11391,11393,11401,11404
45150	19427,34439,11395,22756,34484,15207,19431,34204,34464,34701
45151	11404,19428,34257,34326,34657,5143,15207,22355,22756,23507
45152	34463,34762,13863,14047,34432,34439,34484,34571,3575,18338
45153	2588,2825,3576,9774,11399,11404,13863,13938,13981,13983
45154	13983,14005,14065,19,29,490,503,957,1033,1111
45155	19431,34204,34420,45150,22355,543,629,6783,11395,15207
45156	13938,14065,23613,34352,34451,34464,45135,45161,45167,77
45157	34450,34466,45150,2588,2825,3576,9735,9774,10135,11394
45158	3576,5588,11391,11420,34159,34207,34450,34451,34464,45150
45159	34159,34179,3230,11387,11399,34173,34207,34326,34413,34466
45160	34450,11404,15207,22346,34219,34297,34326,34364,34413,34446
45161	13911,14234,13867,13917,13930,13966,454,13898,13981,14027
45162	34450,8677,34484,11404,34159,34176,34464,34553,11387,34183
45163	13938,45170,454,11417,2588,14055,23633,32513,45167,14015
45164	2588,2825,3576,9774,11399,11404,13863,13938,13981,13983
45165	29444,74,442,1001,1823,2142,2588,2825,3518,3576
45166	22346,34176,34326,11387,11399,11404,25057,34159,34220,34464
45167	13981,454,14027,13938,13983,13898,14095,38626,45170,13917
45168	13837,23550,35633,3880,3999,4389,7804,10236,22927,22950
45169	3576,34612,11395,34326,34464,34502,45150,8682,9291,11377
45170	14043,454,14162,13959,23633,32513,45167,14015,34342,44891
45171	543,23613,34159,11399,13973,15207,34332,34423,34464,34531
45172	13,2502,2508,3230,3576,7970,9281,11391,11392,11399
45173	623,626,1230,3573,7506,8677,8682,9289,9291,11395
45174	5232,7713,8563,16906,33020,41430,41447,41490,48447,49538
45175	14173,14101,23619,23682,2054,2588,8726,13914,13937,13956
45176	34356,13938,14095,2588,7476,11417,13891,14078,34342,13959
45177	11387,13182,15207,22355,23507,34220,34450,34520,34602,34618
45178	19429,34330,34536,8677,9281,11383,11399,17636,22927,23523
45179	34439,3576,11384,34304,3573,3577,8677,22346,23586,34179
45180	8677,34566,34464,3576,11395,34446,34618,11384,11399,11410
45181	45194,34277,143,454,11417,13854,13889,13896,13914,13959
45182	6804,11404,14246,22356,1617,7783,8677,8682,9289,11383
45183	13979,45194,13828,13854,13959,14065,32513,34356,34360,13911
45184	
45185	34266,34516,34612,45189,9735,11410,13182,14047,19428,23510
45186	8677,12627,14242,16027,16030,18575,19431,24761,29786,31435
45187	3577,11399,11420,23613,34159,34176,34332,34392,34404,34484
45188	6804,11387,11402,12519,13833,22355,23558,23616,31435,34187
45189	34618,34439,34266,34531,15207,34297,34364,3575,22355,34159
45190	
45191	
45192	13872,23603,3575,11401,34207,34297,34469,34618,7506,11385
45193	748,5824,6142,7897,9927,10454,11187,11246,11260,14341
45194	34356,14117,34342,13959,14123,14094,32513,44891,11417,14013
45195	34450,34484,34364,3576,11387,34304,45199,34169,34543,22756
45196	11384,11387,19429,23510,23586,34157,34220,34464,34753,626
45197	23690,25256,34546,34553,34657,13182,14047,14195,14203,14204
45198	562,573,591,606,615,748,2036,2052,2083,3175
45199	34484,6804,23507,34179,34450,45195,34159,34220,34304,34326
45200	13959,13982,14029,14055,14203,23633,34378,45167,45170,7476
45201	45167,13898,23525,454,13961,13965,2054,13867,13960,13981
45202	13911,14015,14055,14191,23551,13886,13917,14049,14171,45170
45203	13896,34319,14043,14171,34586,45163,2588,3575,11399,11410
45204	18338,19427,22357,34200,34326,6783,9289,16027,23695,34159
45205	770,2924,4769,5957,8143,9872,9906,10359,10484,10548
45206	45215,45218,45208,45220,45221,45224,468,660,1564,1676
45207	45219,8514,27686,45205,45211,45212,45213,45214,45216,45217
45208	45206,45209,45210,45215,45218,45220,45221,45223,45224,27686
45209	45210,45223,45208,45215,45218,45220,45221,45224,8514,27686
45210	45209,45223,45208,45215,45218,45220,45221,45224,8514,27686
45211	27686,45205,45206,45207,45208,45209,45210,45212,45213,45214
45212	45214,6805,8307,1860,2826,2972,3721,4092,4330,5086
45213	476,584,754,1326,1458,2031,2699,3760,4452,4721
45214	45212,1860,45222,168,169,544,612,662,1694,2068
45215	45206,45208,45209,45210,45221,27686,45205,45211,45212,45213
45216	27686,45205,45206,45207,45208,45209,45210,45211,45212,45213
45217	21942,229,396,564,3024,3825,4048,4604,5033,5049
45218	45206,45208,45209,45210,45221,27686,45205,45211,45212,45213
45219	45207,45220,45223,45224,27686,45205,45206,45208,45209,45210
45220	45223,45224,45219,45206,45208,45209,45210,45221,27686,45205
45221	45206,45208,45209,45210,45215,45218,45220,45223,45224,27686
45222	45214,27686,29498,45205,45206,45207,45208,45209,45210,45211
45223	45220,45224,45209,45210,45219,45208,45221,8514,27686,45205
45224	45220,45223,45219,45206,45208,45209,45210,45221,27686,45205
45225	3412,3702,6821,7343,9878,12344,12983,16423,16627,16645
45226	9143,34394,2242,3230,4687,6092,6202,6221,7582,9573
45227	3230,4687,6221,7582,10709,13223,13594,14301,14993,20811
45228	28343,123,351,434,659,1388,1842,2014,2501,2524
45229	544,1741,3230,4687,6221,7582,8068,8738,9596,10709
45230	13654,9770,575,2786,3230,3937,9807,10531,13976,15301
45231	3230,4687,6221,7582,10709,13223,13594,14301,14993,20811
45232	3230,4687,6221,7582,10709,13223,13594,14301,14993,20811
45233	3230,4687,6221,7582,10709,13223,13594,14286,14301,14993
45234	3230,4687,6899,7582,10500,10709,14118,26439,26627,34979
45235	439,34277,3895,13854,13956,13961,14189,19231,23525,23604
45236	4687,45250,6553,26963,45234,45237,45239,45241,45242,45245
45237	4687,45234,45236,45239,45241,45242,45244,45245,45246,45247
45238	562,7630,9919,7651,10454,19187,21930,22048,22075,27312
45239	4687,45234,45236,45237,45241,45242,45244,45245,45246,45247
45240	45307,3230,14301,45304,52,186,204,284,546,560
45241	4687,45234,45236,45237,45239,45244,45245,45246,45247,45248
45242	4687,45234,45236,45237,45239,45244,45245,45246,45247,45248
45243	638,3230,3684,3727,3733,3751,3754,3757,3971,4046
45244	45263,4664,24537,45234,45237,45239,45241,45242,45245,45246
45245	4687,9770,12308,12339,45234,45236,45237,45239,45241,45242
45246	2017,4687,11408,20789,43259,45059,45234,45236,45237,45238
45247	4687,7740,15244,15761,23768,31366,32589,33123,33124,40633
45248	45256,45263,4687,35882,45234,45236,45237,45239,45241,45242
45249	2644,45261,45264,210,439,966,975,982,1045,1085
45250	4687,45236,45234,45237,45239,45241,45242,45245,45246,45247
45251	10709,13594,45245,45261,46763,46766,46775,46776,237,287
45252	3230,3337,4687,6221,7582,10709,13223,13594,14301,14993
45253	4981,26963,30144,44370,52,98,351,543,557,576
45254	3230,4687,6221,7582,10709,13223,13594,14301,14993,20811
45255	3230,4687,6221,7582,10709,13223,13594,14301,14993,20811
45256	45248,45263,4687,45234,45236,45237,45239,45241,45242,45244
45257	4687,45234,45236,45237,45239,45241,45242,45244,45245,45246
45258	45260,45269,45284,45286,554,556,624,627,1351,1465
45259	4687,45234,45236,45237,45239,45241,45242,45244,45245,45246
45260	45258,45284,45286,3230,4687,5060,5722,6221,7582,9102
45261	12341,45249,45251,45284,45294,45321,1059,2034,2058,2775
45262	3230,3407,4687,5232,5849,5971,6081,6221,6315,7582
45263	45244,45248,45256,45234,45236,45237,45239,45241,45242,45245
45264	4687,45234,45236,45237,45239,45241,45242,45244,45245,45246
45265	3230,4687,6221,7582,10709,13223,13594,14301,14993,20811
45266	2034,3230,3456,3525,4687,5115,6221,7582,10709,11246
45267	95,3230,4687,5662,6221,7582,10709,12645,13223,13594
45268	5538,21673,5585,11867,19213,21209,21711,33691,87,417
45269	45258,2798,3230,4291,4687,5550,6221,7582,10709,13223
45270	5078,6265,7983,8003,16424,17073,20648,24487,28905,30329
45271	3230,4687,6221,7582,10709,13223,13594,14301,14993,20811
45272	5960,18436,45238,98,562,1242,2554,2841,3230,3831
45273	45277,45287,1301,2182,2389,3230,4687,6221,6330,6397
45274	46875,49459,46869,17698,44958,46878,46897,49454,3230,3305
45275	3230,4687,6221,7582,10709,13223,13594,14301,14993,20811
45276	3230,4687,6221,7582,10709,13223,13594,14301,14993,20811
45277	45273,45287,606,615,1301,2389,3230,4088,4104,4163
45278	1918,2865,3155,3230,3718,4687,5410,5827,5966,6221
45279	8154,8452,8455,8458,8465,8467,8469,10709,21141,25487
45280	2971,4717,5049,5051,5071,10709,10801,14301,21206,22075
45281	2059,3230,4687,6221,7502,7582,10709,13223,13594,13958
45282	3230,4687,6221,7582,10709,13223,13594,14301,14993,20811
45283	3230,4687,6221,7582,10709,13223,13594,14301,14993,20811
45284	45247,45258,45260,45261,45286,1059,3230,4687,5722,6221
45285	16009,22163,44353,1137,4153,9389,10176,14467,14686,21906
45286	13891,13981,14073,11378,11417,13959,14014,14027,14150,14152
45287	5226,21604,45273,45277,1301,2389,3230,4687,6221,7570
45288	15001,38628,5265,25475,25992,38629,38630,38634,38646,38655
45289	562,3230,4687,5977,6165,6221,7582,9490,10435,10709
45290	11246,12714,14562,24066,46634,6925,7897,9490,10801,12744
45291	3230,10709,45234,340,626,1404,2181,2389,2394,2786
45292	45334,3040,3046,3053,3095,3103,9918,47398,3055,3074
45293	11375,20417,3230,4687,6221,7582,10709,13223,13594,14301
45294	45244,45261,45263,573,3230,4114,4664,4876,6121,6143
45295	3230,4687,6221,7582,10709,13223,13594,14301,14993,20811
45296	45246,671,3230,4687,4774,4779,6221,6284,7582,10709
45297	22034,2694,7612,9950,10670,29075,30152,918,2286,2370
45298	9490,188,467,5329,5357,5371,5823,7264,11187,12364
45299	146,161,2971,3129,3230,4687,6094,6221,7582,7902
45300	3230,4687,6221,7582,10709,13223,13594,14301,14993,20811
45301	3230,4687,6221,7582,10709,13223,13594,14301,14993,20811
45302	3230,4687,6221,7582,10709,13223,13594,14301,14993,20811
45303	3230,4687,6221,7582,10709,13223,13594,14301,14993,20811
45304	45240,186,204,562,1860,1950,2022,2545,2565,2802
45305	22069,26853,52,557,1404,2754,2864,3230,3472,3733
45306	1356,6976,11794,16836,45235,101,1077,1347,1375,1397
45307	14534,45240,204,285,319,594,615,964,1083,1421
45308	3577,12301,12657,18841,34909,34972,34973,34978,52,134
45309	13654,9770,575,2786,3937,9807,10531,13976,15301,15310
45310	34299,626,13872,15314,19427,19428,34200,34288,34326,34460
45311	2059,3230,8670,23297,28,216,2017,2040,2104,10678
45312	2819,3155,17556,28345,34838,45199,47656
45313	26,439,667,1100,2181,3650,3685,4133,5939,6412
45314	18539,31435,34589,34673,34700,46625,9853,11385,11389,14026
45315	5060,9102,10500,11192,13622,14969,14996,15620,16203,22049
45316	3390,3415,3424,3494,8742,8862,9869,13572,13805,14052
45317	14996,21151,35063
45318	5722,11893,14432,14901,14996,28362,34679,42455,45258,45280
45319	626,2786,3230,3901,4660,5377,6899,6925,7252,7921
45320	970,6304,7455,20050,25506,25516,29425,36908,42413,42417
45321	14996,45261,4687,4688,45236
45322	26,439,667,1100,2181,3650,3685,4133,5939,6412
45323	44753,3541,45438,47538,1244,6920,14462,16811,20565,20820
45324	338,349,367,378,380,385,439,594,668,672
45325	1077,1485,1685,1763,1778,1782,4462,4738,5249,6653
45326	
45327	3024,5033,5049,5062,5067,8199,14328,21914,21942,25863
45328	
45329	
45330	
45331	12624,17127,24801,43662,204,546,2523,2576,2787,3283
45332	2565,4059,42692,351,532,2294,4208,11620,11648,12333
45333	544,662,2068,4118,4156,5231,7228,8563,8584,10523
45334	45292,3095,47398,47399,47411,3076,9872,25151,47407,995
45335	11425,34394,130,1814,7506,7623,7833,8270,8286,8742
45336	714,3947,21743,22588,26252,26259,26260,26286,26291,26292
45337	18372,18373,18379,18395,18374,18380,18386,18389,18400,18403
45338	22551,439,490,546,553,578,1404,1670,2022,2036
45339	26268,714,773,2944,3947,11820,12983,13600,14463,14470
45340	2608,3222,5294,5353,5373,7630,8154,8169,9490,10368
45341	5708,8122,8164,8186,8191,16122,21336,22025,24948,25539
45342	8169,22025,45343,45344,45345,45346,45347,45348,45349,45350
45343	45345,45347,11045,12350,22025,39160,45341,45342,45346,45348
45344	45348,45346,45350,45351,45353,45354,45357,22025,45341,45342
45345	45346,45353,45343,45350,45354,45357,22025,25151,45341,45342
45346	45345,45353,45344,45350,45354,45357,22025,25151,45341,45342
45347	45343,45355,22025,25151,45341,45342,45349,45351,45352,45356
45348	45344,45350,45354,45357,22025,25135,30646,45341,45342,45343
45349	22025,45341,45342,45343,45344,45345,45346,45347,45348,45350
45350	45344,45345,45346,45348,45353,45355,45357,22025,45341,45342
45351	45344,22025,45341,45342,45345,45346,45347,45348,45349,45350
45352	2864,5542,5954,20861,22025,22049,25806,25811,45341,45342
45353	45345,45346,45344,45350,45354,45357,22025,25151,45341,45342
45354	45344,45345,45346,45348,45353,45357,14975,22025,34740,45341
45355	45347,45350,13826,13952,14007,14134,22025,23515,23556,34360
45356	223,995,1111,1950,2223,2505,2544,2574,2602,2603
45357	45344,45345,45346,45348,45350,45353,45354,22025,45341,45342
45358	7994,11635,11646,15144,22335,25781,30121,38729,42863,43840
45359	7994,11635,11646,15144,22335,25781,30121,38729,42863,43840
45360	45828,564,4288,5049,10380,11598,11619,11634,20826,25990
45361	14469,45411,1855,7479,20576,25527,29622,42782,45383,45602
45362	10778,45481,6598,12714,23476,32682,38206,45379,45389,45431
45363	11095,33840,35030,36190,41964,145,1382,1407,1485,1928
45364	6882,10671,12714,19444,19994,32136,45389,45412,45602,2802
45365	13115,1393,12714,39473,40413,45374,45404,45412,168,1432
45366	1787,2413,15662,24249,25188,29457,34167,43256,45395,45412
45367	1329,1331,5314,45403,45406,145,493,1393,1407,1416
45368	13166,29095,39404,45401,45441,145,656,1113,1407,1652
45369	6472,20869,23471,45397,6598,6611,6654,6901,6960,6968
45370	15480,15490,15525,15485,15516,6899,6928,6929,10652,15483
45371	45409,145,1407,1928,2802,3430,6472,6598,7129,7293
45372	125,145,951,1243,1407,1661,1825,1928,2641,2802
45373	6982,22239,1356,6514,7019,12735,6452,23748,6568,6578
45374	42921,45481,6653,17556,23476,6631,12714,23906,37874,39479
45375	145,1301,1407,1928,2802,3430,5684,6472,6598,7129
45376	6598,6928,10671,14476,20005,22553,26265,39633,45379,45398
45377	16147,45379,45578,6472,6882,13834,35892,45383,45393,45412
45378	45383,45444,10724,25527,45398,45514,45537,3430,10671,14487
45379	45377,45579,45609,6598,6882,10671,45362,45412,45424,45587
45380	12714,23471,45374,45399,145,343,385,1407,1928,2802
45381	20869,35193,1520,6574,6575,6623,6982,10628,11139,11808
45382	6609,10849,45392,45481,1680,1928,6496,6508,6575,6599
45383	25527,45537,6929,45378,45569,14469,22239,45393,45412,45427
45384	145,745,1407,1928,2773,2802,2937,3430,5429,6472
45385	12714,25527,12517,12774,22615,24249,27907,42712,45392,45412
45386	14487,14469,20067,21514,25527,28722,39479,45383,45657,145
45387	4133,10052,13795,16032,19077,27808,30413,38011,101,145
45388	45362,45377,45378,45379,45398,145,1099,1407,1928,2802
45389	12196,19444,9659,40606,6515,45461,45481,1928,3376,6985
45390	15583,299,7204,19473,23869,24361,26461,45744,145,280
45391	20097,46751,6472,20094,32620,35882,35895,35915,36465,37833
45392	12714,22239,24070,45370,45382,2954,3430,6989,12344,18276
45393	3134,3159,45383,45412,3146,4835,45377,45404,2802,3152
45394	1405,6515,12875,33840,38242,40597,40623,45584,145,920
45395	1787,28725,6565,6934,8509,16486,17746,20869,40581,4498
45396	4591,8672,42709,45403,90,145,465,672,975,1113
45397	45369,10735,12714,12784,16306,19041,26520,38687,42070,42415
45398	45568,37839,6626,37866,6493,6599,37827,37841,37843,37855
45399	12714,17556,2802,23958,39473,45404,45602,5314,6598,6654
45400	6472,6598,10671,12714,29909,32307,36465,42415,45369,45377
45401	39396,45467,25527,35907,39404,45493,45571,3430,6600,8180
45402	6472,6598,10671,12714,36465,45377,45379,45383,45393,45400
45403	6502,14861,1664,1689,2644,5249,6543,6653,7041,7047
45404	1432,23866,40606,45602,4734,6654,14454,22239,23999,45451
45405	8726,14026,14078,14131,14150,14178,14201,14215,14241,23525
45406	2802,12714,17556,7427,8156,10949,12699,12784,18436,19680
45407	6514,6452,10628,6623,6654,7029,38206,38235,6455,6574
45408	25527,23471,45514,14469,45528,13676,15662,20058,22633,22639
45409	6479,6574,6577,12790,38688,45611,1356,2802,5402,6461
45410	45481,3377,6574,23476,37839,38207,6493,6516,6612,6928
45411	18365,25527,45361,49774,3430,9553,10176,11246,13156,13676
45412	12714,45602,6882,10671,45612,2802,15989,17556,19994,23471
45413	45612,45579,45602,45609,6882,9659,10671,15989,19994,37857
45414	1854,2720,4316,4500,7246,18080,18276,29608,168,562
45415	10709,396,564,975,1113,2043,2496,2646,2686,3176
45416	14469,45528,10405,12714,45545,45441,45514,45531,45537,45573
45417	45598,6882,8156,20577,23476,45424,45428,45579,45602,47350
45418	45602,15989,22586,37857,1397,1435,1680,4717,4808,5080
45419	22603,22604,22609,22613,22628,22637,22671,22690,22694,33275
45420	18803,6493,6575,6514,6626,11477,30964,37839,6452,6490
45421	566,8523,21240,21628,23215,33103,47186
45422	20094,20097,35890,35895,35899,45476,45495,3402,6473,6513
45423	7477,4527,40606,42921,6611,6939,7248,11246,14454,14857
45424	4264,27296,47350,6925,10987,19620,19621,19652,23476,23958
45425	49187,49244,49248,49290,6397,6901,8068,8234,8239,13810
45426	3230,7612,9799,10176,10841,27434,27877,29594,34233,40465
45427	25527,45537,12714,24064,45441,45444,14469,15989,23471,27907
45428	20849,20577,6920,45603,6929,7611,7612,9553,10405,10849
45429	45545,10701,13156,18803,35306,39576,45416,45501,45592,3736
45430	1421,1772,2929,6934,13028,17844,35189
45431	10778,23755,6654,22239,38206,45481,6600,6973,8180,10628
45432	45481,6450,6508,6536,6626,41335,6458,6482,6483,6496
45433	12196,6652,6684,8217,9157,11146,12831,14455,14861,18266
45434	6654,12463,45451,1432,5250,5266,5275,5277,6596,6653
45435	23471,15063,24487,37857,37874,25527,37856,40610,40850,45481
45436	30958,45579,45612,3993,6598,6882,6902,10671,10949,12714
45437	7615,45545,45571,4169,6284,9906,11283,11287,11301,11331
45438	35306,3541,6920,6928,10405,18118,25500,25526,25527,26267
45439	37857,45602,45484,45609,6563,6882,6985,10778,10849,11741
45440	1613,2149,2196,2667,2773,2921,3238,3518,3878,4493
45441	23471,45427,25491,25527,45514,12714,20058,20067,23482,24064
45442	75,87,95,704,1014,1356,1404,1431,6497,6654
45443	16895,29747,1111,1535,3926,4516,6108,6109,7022,7192
45444	45493,45427,45537,25527,45528,20058,23471,27907,28722,42712
45445	45597,145,5097,6490,6523,6911,7343,7612,7853,7983
45446	23476,10038,38472,41051,8686,9659,10086,19444,23279,28300
45447	
45448	6631,6653,6660,7862,32770,39479,1409,4734,6543,6973
45449	5160,6523,8361,10792,12714,20927,38734,40585,128,131
45450	45602,17556,26265,37857,45412,2802,3931,6598,6920,6925
45451	40606,4527,6654,39473,6653,23755,41106,41308,1421,1432
45452	2535,3306,3376,3399,3896,5307,5460,5760,6515,6900
45453	25527,45569,23472,10709,12714,20060,42712,42921,45514,45537
45454	28704,3931,12714,22645,28722,45441,352,367,2084,3429
45455	40998,131,145,198,285,913,1582,1664,1667,1782
45456	45602,343,672,2027,4792,7427,12715,20041,22950,23958
45457	18803,25527,25491,9553,45528,45569,6928,6929,10709,12744
45458	8156,9553,18118,45514,9527,10701,20869,27913,45528,45569
45459	6882,10671,11228,12714,15056,23480,30619,37857,42449,43037
45460	10821,12714,40610,45672,14997,18006,24249,27907,28776,40850
45461	6653,23476,6654,40610,6660,40606,42921,4527,6599,6611
45462	3390,3402,4734,6458,6473,6959,6979,7100,10723,11095
45463	577,2190,2197,6165,7616,7630,10435,11336,11686,12319
45464	42206,23195,23480,25527,26267,32928,45490,45602,161,222
45465	43769,202,2085,2337,3504,3518,3547,3887,4096,4892
45466	6653,10413,10949,12714,13115,23476,23864,33331,37874,42921
45467	22639,45493,15989,23471,24064,14469,39396,42726,45549,6928
45468	45515,30969,29592,29594,39404,48720,223,918,1783,1787
45469	
45470	
45471	20853,321,557,1693,2802,3931,4576,4820,5661,6452
45472	18113,12835,49788,6,90,466,471,554,566,597
45473	2147,6901,6928,6929,9553,10163,10176,10636,11100,12983
45474	321,1393,5395,6574,9801,12512,13366,14456,14615,15497
45475	6920,6928,35882,35903,3541,6514,6917,7351,8846,10849
45476	47350,6882,23476,35890,45422,45484,45602,343,8846,10162
45477	6598,19494,23721,39156,41135,311,913,1000,1530,2712
45478	11557,22239,37830,6654,7019,17649,28109,28114,37875,40548
45479	
45480	6935,7457,24075,27383,42699,7471,7479,8370,14997,7211
45481	6654,6611,40606,10778,38206,17556,38687,6542,23476,37856
45482	45602,14469,25527,45435,12714,15989,27907,42444,45514,45528
45483	6925,9553,12714,12744,45528,6920,6929,26267,28722,42712
45484	6882,47350,42510,45439,45476,45598,45602,47538,6894,8156
45485	24064,45444,45493,45554,3430,15887,22639,23471,25527,45427
45486	10709,45514,14472,15063,23471,24064,26108,27907,28727,42712
45487	35890,7351,10625,20097,30944,32620,48437,3402,6513,8559
45488	20005,45602,14808,14997,26265,30709,30738,42510,42750,45376
45489	45602,2802,12784,23958,28722,42387,45579,45611,45612,1111
45490	45545,45528,6458,7036,9553,10701,15492,17556,20052,20060
45491	19444,41076,45389,343,5641,6473,6611,7477,8510,10651
45492	7019,1356,6660,7022,6654,20045,23755,37830,37856,6641
45493	45467,45444,28722,9553,18803,22639,24064,25491,45531,12714
45494	45481,45592,6479,6577,12714,12784,38687,38688,45409,45489
45495	36465,20094,20097,35890,35895,45422,3402,6513,7351,8846
45496	16584,343,349,385,4298,4832,6549,6631,6653,6778
45497	5934,7171,10374,18395,20050,20648,21514,21722,22333,22384
45498	14453,23866,1137,1406,4212,5453,5460,5467,6140,6455
45499	8156,131,342,1510,1741,2068,2145,2601,2694,3176
45500	23484,1393,2201,6523,6599,6642,6991,7013,7415,7715
45501	10709,12744,25491,26267,45569,9553,10701,15063,18803,24487
45502	39394,7022,44761,10701,11757,14823,1414,7041,17604,4509
45503	10821,11699,19108,45594,1130,1382,1397,1436,1445,1680
45504	1823,2249,2540,3037,4139,4281,7022,9752,10287,10318
45505	4826,6327,7129,11686,13600,14469,17971,19343,21713,26112
45506	10865,13810,284,292,476,716,1421,1445,1855,1905
45507	1447,2067,2249,2606,6570,6595,6600,6610,6631,6653
45508	6452,140,1680,3099,3304,5277,6490,6544,6994,8283
45509	20140,20171,20191,441,2249,5062,5066,7022,7549,7602
45510	42039,168,858,909,1250,1423,1670,1772,1810,1849
45511	39631,39719,39690,39691,39720,39644,39678,3412,39661,39698
45512	25527,39479,45528,12714,23472,24487,45435,45453,45467,45514
45513	46634,6920,11228,12714,12744,17556,18001,25527,26264,42206
45514	45569,27907,28722,22645,9553,12714,14469,20058,18118,18803
45515	45468,28722,6613,6915,7036,10849,18803,20078,25527,26627
45516	13616,93,95,218,265,343,363,371,384,385
45517	28296,28353,28307,1201,5250,6487,6542,6599,6614,6631
45518	10701,12713,18013,23881,29935,130,501,855,1388,1436
45519	37857,45514,45602,14469,25527,26267,45493,45528,45603,45657
45520	4795,14469,21526,28736,336,699,728,732,739,2802
45521	3380,10821,17556,45451,45602,232,689,714,1111,1186
45522	8509,1787,1927,6934,6985,13115,16486,39473,41030,441
45523	1772,5402,8773,11678,12644,12780,13412,14460,15294,17451
45524	145,6490,6523,7612,10176,12714,14469,24249,39396,45413
45525	13072,13147,19032,27877,222,557,581,1186,1692,1822
45526	5078,5080,6928,9950,9955,10381,10709,10732,11164,11882
45527	6925,10709,12744,11357,12770,30870,45290,45483,46634,5444
45528	45569,45543,9553,12714,28721,28722,42726,45416,45537,45444
45529	10778,20058,23471,45427,45481,6472,12714,17556,25491,25527
45530	20576,465,975,1821,1855,1890,2043,2104,2413,2484
45531	25527,45493,18118,22639,14469,20869,23471,25491,39396,45416
45532	123,745,1388,1989,2196,2496,6142,6165,6885,6935
45533	93,343,385,656,24188,29604,36574,368,367,371
45534	704,744,1233,3409,3576,4813,7025,10163,11686,12024
45535	6514,23730,7044,11477,12735,2400,6452,6955,6982,10701
45536	2177,2251,2331,2370,2683,3230,6320,6397,6802,6920
45537	14469,45383,45427,45545,10821,22645,24064,45444,45528,18803
45538	15063,20058,23471,23472,10176,12744,14469,24064,24428,27907
45539	7019,6574,6587,6623,16486,44761,1356,1426,6452,6575
45540	14469,12714,13810,24064,25491,45416,45427,45444,45467,45493
45541	9527,10821,17556,23958,27939,28064,31183,40860,41382,45456
45542	1421,17755,24249,145,1387,1772,3175,3380,3382,3384
45543	45528,28722,12714,45453,45569,6920,9553,10701,23471,23472
45544	7036,10176,15662,20052,45408,45480,45528,726,2802,3173
45545	22639,25491,45537,12714,20917,24064,42712,45571,47538,14469
45546	24487,45602,13156,15063,19978,23471,23482,40850,42712,42921
45547	20058,28722,45557,6693,6985,10949,12788,13644,13676,14482
45548	45590,465,473,3040,3054,7477,10413,11807,12782,13864
45549	45467,14469,22639,22645,23471,25491,40688,45441,20058,22651
45550	4494,7019,14823,17755,28820,1356,1431,1772,4498,5314
45551	39424,1426,2147,4525,5277,5314,5467,6548,6574,6598
45552	35193,1520,6574,6575,6611,6623,6982,10628,11139,11808
45553	573,10801,19492,30958,208,1809,1982,2249,2284,2287
45554	24064,45467,22639,45493,45528,45537,23471,45427,45485,45531
45555	362,1220,1382,2249,2409,2915,3842,3872,3888,4516
45556	
45557	10821,28722,20058,37889,40850,41733,6654,17649,19218,23484
45558	14489,19978,20067,24428,29130,37857,40848,45441,45519,45520
45559	12463,45451,1397,6653,6654,23866,4522,6472,14818,16067
45560	713,2639,2694,3825,3933,4227,5329,5389,6452,6455
45561	10813,20067,25290,40868,45458,48477,284,348,701,726
45562	12714,25527,45467,45427,45444,45537,45545,45565,45571,20050
45563	24450,29130,14472,17649,24249,24422,24433,24453,24706,36163
45564	39479,40413,41025,41106,45689,1382,1406,1432,2648,4527
45565	28722,28776,30952,24249,40547,12714,17556,24219,24435,41106
45566	17556,41382,19218,20067,23958,28722,28736,40610,40897,48477
45567	3915,5382,7003,15531,19137,29181,30971,38222,38724,40550
45568	45398,37839,37866,6626,20045,37827,6493,6535,37841,37843
45569	45514,45528,28722,22645,45453,42712,45570,45694,14808,18118
45570	45569,12714,24441,24450,45467,24444,45514,45537,3702,4234
45571	45545,28722,45467,45493,13156,24064,25491,27907,45528,45573
45572	18013,298,5080,5854,6614,6653,10805,13115,14454,14456
45573	45537,12714,28722,45416,45514,45545,45571,45694,10405,14469
45574	19,112,439,1100,1156,1596,1672,2413,2686,3622
45575	1078,1353,1547,2407,3176,6894,12714,14808,15495,15574
45576	4527,6528,6642,14454,23906,39473,40897,41308,41382,41393
45577	6450,6496,6497,19034,39157,6466,6481,6482,6483,6493
45578	9659,45377,13834,16147,17785,19177,31064,32672,1329,1826
45579	45602,45609,45612,6882,47350,10671,45598,15989,19994,37857
45580	6653,6654,7919,9386,13230,14446,15510,18803,19978,20062
45581	33299,7018,7019,10701,1787,6934,7012,8737,35193,38217
45582	
45583	8122,8177,8143,8159,8178,8215,8221,10865,13365,13547
45584	40062,6440,6961,6982,12875,12885,23733,40756,1356,2375
45585	12196,14861,23476,45389,6653,9659,11756,17999,32597,39479
45586	27383,2176,6935,7477,13075,13117,18296,42697,45480,2276
45587	6598,10671,19009,25188,37857,45379,45579,45592,45609,6882
45588	18803,39479,6959,7293,7511,10435,10454,10949,17583,19444
45589	3931,6882,20577,45579,45598,47350,1090,1137,2294,2389
45590	39023,45548,6925,9553,23198,24486,24494,25527,26264,42413
45591	
45592	45569,10671,25491,25527,28722,45514,6882,20058,22645,30958
45593	
45594	14456,6654,12272,40606,6515,6598,14455,3376,3885,4364
45595	10805,14857,17910,27926,40641,41002,11,131,342,1387
45596	13115,18001,23480,30853,161,222,229,1186,1895,1897
45597	202,546,11357,14304,14469,16122,21215,22335,24249,25527
45598	6882,45609,45417,45579,45612,10671,20577,45602,47350,15989
45599	145,3945,5264,6437,6438,6490,6523,7612,7715,10176
45600	45377,45609,6882,6901,8239,10778,10849,16147,23476,24596
45601	7327,6654,19444,23484,40536,1387,1421,1432,1445,2287
45602	37857,45579,17556,27913,45412,2802,6882,25527,45450,45482
45603	45428,6920,9553,20005,20849,23471,28722,30709,42510,45412
45604	4398,11779,17648,29305,35186,49474,62,485,850,1347
45605	49010,24,993,1855,1857,2496,3005,3155,3395,3718
45606	1111,2549,5661,6614,7927,10489,11284,12044,12784,14446
45607	45481,918,6472,6654,12714,14818,17556,23906,30952,45435
45608	15561,42467,42640,42645,42649,42650,42651,42652,42653,42654
45609	45579,45598,45602,47350,6882,10671,45612,19994,37857,45379
45610	6899,6928,6933,12714,6882,6925,6929,7019,10652,16811
45611	6567,6574,6577,6627,23906,45409,45489,1680,3931,5661
45612	45579,6882,10671,45412,45413,45598,45609,15989,19994,47350
45613	40513,47807,10,239,2691,3025,4717,4745,5341,5498
45614	14873,21828,47259,47263,47269,47287,47289,47290,47315,47317
45615	6882,1113,6902,10405,29095,36465,45377,45417,45424,45436
45616	2855,3155,7630,10413,10489,15063,20849,22386,23958,25537
45617	660,1904,3451,3456,3505,3518,3519,3525,3545,3546
45618	
45619	3993,5901,6472,6598,6882,6901,6902,6929,7862,8239
45620	3304,3315,3328,3332,3336,3350,3371,3378
45621	3541,6929,10735,12714,26252,32620,35899,35907,39685,43925
45622	5056,11218,12261,21339,26265,28296,30709,41676,42750,47259
45623	6473,6623,6654,44761,6458,6461,6497,6524,6531,6577
45624	1356,1973,1982,4509,4516,4518,4520,4527,6496,6623
45625	14467,11045,44358,154,223,351,352,367,660,770
45626	6882,45598,45602,1111,2389,15989,21307,23476,24249,33955
45627	13557,23958,45458,93,242,343,352,368,676,728
45628	
45629	4049,22553,25918,362,1839,3430,4530,6944,7430,11357
45630	
45631	
45632	
45633	1860,109,265,695,1613,2662,2711,5040,5229,8423
45634	27394,27443,27431,27454,12401,27404,27430,27424,27432,27467
45635	11686,45467,2773,5444,6613,6925,7314,7466,9553,10176
45636	6928,10798,14808,18803,20058,22642,22645,24064,25491,26279
45637	46668,46711,22188,46713,15063,46680,46691,46714,46741,1787
45638	19621,27334,19631,15369,19594,19603,19608,19614,19632,19652
45639	19818,19826,19864,6898,19844,19848,19874,19820,19845,19850
45640	37856,37849,37827,6623,7019,37841,37843,6452,6455,6565
45641	
45642	145,714,1328,3541,3703,3947,4225,6490,6523,7612
45643	1680,2352,2427,3409,5269,5376,6691,6899,7789,7792
45644	6473,6611,11865,15283,19485,24135,28888,30384,37838,43089
45645	6654,45689,4527,23993,40606,41308,7022,7036,13115,23866
45646	2544,11190,15124,19080,31411,31454,38389,42958,44474
45647	4208,7254,13131,13654,29688,1857,2876,6264,9927,10563
45648	3503,4808,6882,6894,6905,9530,10778,10780,10849,13951
45649	113,14339,15153,15156,15833,21683,21700,23179,23194,23206
45650	6802,7204,7479,7511,8732,9533,11162,11214,21711,23869
45651	3422,4527,4957,5460,6941,7051,7509,7934,8156,10737
45652	28725,347,918,1270,1394,1655,2225,2542,2798,2894
45653	23958,28722,45687,46668,46674,46680,46682,46691,46693,46702
45654	23476,6653,7036,10413,10949,12714,13115,14469,18013,23471
45655	131,285,1077,1347,1431,2601,4525,5772,6487,6584
45656	35899,35907,5312,10605,13015,14880,27913,28344,35125,35926
45657	45602,45519,6882,12770,14487,20067,27906,28722,37857,39479
45658	541,660,1113,1397,1444,1897,1904,1925,2782,2802
45659	5460,10821,14487,27889,28722,39394,40186,40623,41984,45404
45660	4494,5236,5242,5243,11756,13119,13761,20211,23718,23755
45661	161,222,229,2580,3573,3844,4138,4493,5010,5017
45662	23866,4527,13667,14454,23993,5250,6654,23776,23867,23886
45663	
45664	
45665	6925,11686,27889,2194,2249,5766,6397,6899,6920,6929
45666	10176,45467,45501,9553,10709,11686,12714,12744,15989,22085
45667	24494,12770,25491,26264,42510,45514,45528,9553,10413,12714
45668	39396,145,1860,3381,6490,6523,6693,7195,7274,7612
45669	40610,6458,14454,18013,1432,6461,6462,6504,6611,6654
45670	
45671	21514,21722,45497,49786
45672	28776,40850,24249,45460,10821,18006,24219,24428,24440,28777
45673	1447,1928,7299,8167,10471,10805,12059,13147,14736,14845
45674	5314,6452,6584,6986,7019,7025,12732,12795,15063,17276
45675	23993,24435,37856,6624,7019,17195,23885,24364,37860,38206
45676	3376,3377,45410
45677	46668,46702,46714,46674,46680,46682,46691,46693,46703,46710
45678	26101,48270,5456,5570,6165,6195,6204,7124,10302,10435
45679	11808,12669,13795,14434,15063,18118,38241,39394,42859,43186
45680	6574,9953,10884,14818,14833,14834,14835,14836,23997,37976
45681	15567,28766,28768,28818,31122,338,618,660,975,1113
45682	7314,9553,10176,10405,10709,11686,12714,12744,12774,13349
45683	13115,19218,23893,40606,12740,23476,23755,40402,40528,45435
45684	6934,28721,39479,42712,45467,45531,45537,45545,45569,45571
45685	
45686	28722,24064,30168,30952,39730,45515,45569,11,131,595
45687	28722,6654,23906,40610,41382,41733,43648,45557,45653,1445
45688	1432,6596,6999,9461,14385,14611,15110,17759,19554,20154
45689	40606,6653,6654,23755,23866,4527,23476,23906,40610,41308
45690	390,788,6851,13171,13277,17434,19137,24443,28736,28760
45691	93,265,343,363,371,384,385,656,660,677
45692	20067,45441,45537,17979,22615,23471,45514,45569,3430,10709
45693	25527,28722,45569,45573,10821,14808,17979,20058,22633,27907
45694	45569,25527,42712,45528,45573,10821,14808,20869,28722,39479
45695	
45696	
45697	
45698	918,7877,17103,17971,17979,23798,24561,28777,29601,29629
45699	6944,9879,10709,10849,10865,11181,18119,21255,33632,34595
45700	253,1421,3380,3382,3384,3385,7479,9653,10821,11100
45701	
45702	12878,16172,16623,17103,17979,18445,21945,22815,25791,29594
45703	5934,7638,12032,12715,13544,18436,42174,47610,186,562
45704	8154,45705,45706,45707,45708,45709
45705	3948,5294,5373,5839,7082,8154,10845,10862,10863,12346
45706	4036,6928,6929,8154,14535,23198,24483,25949,30669,30682
45707	28381,23172,30134,30870,45709,562,2841,3094,4738,5995
45708	12048,25747,25851,25866,535,564,695,708,750,770
45709	28381,30836,45707,562,4104,4738,7611,11369,22078,22081
45710	22239,12743,2249,5078,5089,6977,9471,10579,10985,11031
45711	20648,21137,45710
45712	7633,11550,15548,22026,1862,3553,3563,7586,38698,202
45713	45719,45721,45735,1862,15548,38698,45715,45718,45725,45737
45714	45729,22026,45716,45726,45719,45722,45735,45736,1862,3457
45715	45737,15548,45735,45738,3506,11550,45713,45719,45720,45730
45716	45721,45733,45714,45722,45729,1301,3457,3563,22615,45717
45717	45722,3457,45714,45716,45718,45719,45721,45723,45724,45725
45718	45736,45724,45725,15548,45731,45733,3457,3563,7633,11550
45719	45713,45714,45722,45735,1862,38698,45715,45716,45717,3457
45720	45721,15548,45715,45716,45718,45725,45730,45733,45737,351
45721	45716,45724,45733,45713,45720,45722,45731,3457,3563,45717
45722	45716,45714,45717,45719,45721,45726,45729,45730,3457,3553
45723	3457,45714,45716,45717,45718,45721,45722,45724,45725,45726
45724	45718,45721,45729,45735,3457,3563,45714,45717,45722,45723
45725	45718,45726,45729,45736,45737,3457,15548,45713,45716,45717
45726	45714,45737,45722,45725,45731,45735,3457,15548,45717,45723
45727	3457,45714,45716,45717,45718,45721,45722,45723,45724,45725
45728	3457,45714,45716,45717,45718,45721,45722,45723,45724,45725
45729	45714,45716,45736,45722,45724,45725,45733,3457,3563,45717
45730	45722,45715,45717,45720,45741,1301,3457,5681,7545,7692
45731	45718,45721,45726,3457,45714,45716,45717,45722,45723,45724
45732	3457,45714,45716,45717,45718,45721,45722,45723,45724,45725
45733	45716,45721,45718,45729,3457,3563,45714,45717,45720,45722
45734	45714,45715,45721,3457,45713,45716,45717,45718,45719,45720
45735	45713,45714,45715,45719,45724,45726,45736,1862,38698,45718
45736	45718,45729,45714,45725,45735,3457,3563,15548,45717,45722
45737	45715,45726,45725,15548,45713,45716,45720,45722,45731,45736
45738	45715,45718,3457,3506,7180,7586,7633,11015,11550,12952
45739	3457,45713,45714,45715,45716,45717,45718,45719,45720,45721
45740	3457,45714,45716,45717,45718,45721,45722,45723,45724,45725
45741	22026,45715,45716,45718,45721,45725,45730,45733,45737,570
45742	3457,45713,45714,45715,45716,45717,45718,45719,45720,45721
45743	49543,29455,18147,49573,2135,49728,11169,13187,13193,13201
45744	19,124,45755,338,3304,7204,8715,13115,13188,13200
45745	3307,13188,13200,18112,45744,45748,45750,45751,45752,45754
45746	45747,3307,13188,13200,18112,45744,45748,45750,45751,45752
45747	45746,45748,3307,13188,13200,18112,45744,45750,45751,45752
45748	35933,35959,35960,45747,3307,13188,13200,18112,30776,35945
45749	45753,49543,29455,45774,18147,2135,45757,45771,49573,49728
45750	45751,45764,18112,45752,45761,18147,45758,45774,2135,8715
45751	45750,45754,3307,45761,45764,49543,18112,45752,49573,49728
45752	49543,45750,3307,29455,45751,45756,45758,18147,45755,13188
45753	45749,45756,45774,18112,2135,45758,124,8715,18148,32478
45754	45761,45751,45774,3307,18147,45758,49573,124,13188,13200
45755	45744,45752,45764,18112,45749,45750,45753,45756,45761,49543
45756	45753,18112,45764,29455,3307,45752,40633,45761,45774,2135
45757	45749,45759,45765,45778,24819,40924,48920,1637,3307,8715
45758	45754,45750,45752,3307,18147,45753,45761,45764,49543,2135
45759	45757,45771,3307,13188,13200,18112,45744,45745,45746,45747
45760	3307,8715,13188,13200,18112,45744,45745,45746,45747,45748
45761	45754,45750,45751,49543,3307,18112,18147,45756,45758,13188
45762	45775,45772,45763,45765,45778,659,1148,2430,5080,10342
45763	45765,45762,45767,45771,45772,45773,45775,3307,13188,13200
45764	18112,45750,45756,29455,45751,3307,45755,45758,19,13188
45765	45763,45757,45762,45767,45772,45775,45778,3307,13188,13200
45766	3307,13188,13200,18112,45744,45745,45746,45747,45748,45750
45767	45775,45763,45765,45778,45749,45759,1637,3307,8715,13188
45768	3307,8715,13188,13200,18112,45744,45745,45746,45747,45748
45769	45773,3307,13188,13200,18112,24819,40924,45744,45745,45746
45770	3307,13188,13200,18112,45744,45745,45746,45747,45748,45750
45771	45749,45759,45763,24819,40924,45773,48920,1637,3307,8715
45772	45762,45775,45763,45765,45778,45749,45759,3307,8715,13188
45773	45769,45763,3307,13188,13200,18112,45744,45745,45746,45747
45774	45753,45754,45749,18112,18147,29455,45750,45756,124,3307
45775	45762,45767,45772,45763,45765,45778,45749,45759,618,1148
45776	3307,8715,13188,13200,18112,45744,45745,45746,45747,45748
45777	3307,8715,13188,13200,18112,45744,45745,45746,45747,45748
45778	45757,45762,45765,45767,45772,45775,45749,45759,45763,3307
45779	532,535,1025,1221,1605,2181,2847,2984,3914,3918
45780	45783,45784,45796,45800,45813,45814,45804,45808,45812,45782
45781	45785,45791,45782,45797,45807,45808,45799,45815,45786,45798
45782	45781,45806,45784,45791,45793,45794,45796,45814,45780,45785
45783	45814,45813,45797,45780,45791,45799,45804,45805,45808,45786
45784	45814,45788,45780,45800,45791,45782,45804,45808,45812,45815
45785	45802,45781,45788,45806,45813,45814,45791,45799,45780,45782
45786	45781,45783,45792,45797,45780,45784,45785,45791,45793,45795
45787	6245,13179,45780,45781,45782,45783,45784,45785,45786,45788
45788	45784,45802,45794,45795,45785,45806,45796,45800,45804,45807
45789	6245,13179,45780,45781,45782,45783,45784,45785,45786,45787
45790	1137,4201,12401,22265,1100,3702,3712,3971,4163,4198
45791	45781,45783,45784,45806,45782,45785,45793,45814,45797,45799
45792	45786,45781,45783,45793,45794,45797,45809,45813,45814,6245
45793	45795,45806,45796,45794,45807,45797,45800,45782,45791,45780
45794	45806,45809,45788,45793,45807,45800,45813,45814,45782,45804
45795	45809,45793,45788,45807,45804,45799,45808,45811,45805,45786
45796	45793,45806,45809,45780,45800,45813,45797,45807,45782,45788
45797	45783,45781,45793,45796,45802,45813,45807,45814,45780,45786
45798	45781,45783,45797,45780,45784,45785,45791,45793,45795,45796
45799	45783,45781,45785,45795,45796,45806,45809,45780,45791,45793
45800	45784,45796,45813,45780,45793,45794,45809,45788,45804,45807
45801	2249,551,8427,7173,8438,11220,11562,12749,12766,12783
45802	45785,45788,45797,45812,45815,45811,45786,45798,2984,3918
45803	5504,6245,9391,10302,12491,13179,21650,25693,28035,45480
45804	45783,45795,45780,45784,45794,45796,45800,45806,45809,45813
45805	45783,45794,45806,45809,45781,45785,45793,45795,45796,45813
45806	45793,45809,45794,45796,45782,45785,45788,45791,45799,45804
45807	45781,45793,45794,45795,45796,45813,45797,45800,45814,45780
45808	45781,45780,45783,45784,45795,45813,45814,45782,45794,45796
45809	45795,45806,45794,45796,45800,45799,45804,45805,45780,45782
45810	4840,9007,30881,4070,5290,6245,9107,9110,10916,13179
45811	45795,45780,45796,45802,45781,45783,45784,45785,45786,45797
45812	45780,45796,45802,45781,45783,45784,45785,45797,45782,45786
45813	45783,45796,45800,45780,45785,45794,45797,45807,45804,45808
45814	45783,45784,45780,45785,45794,45782,45791,45797,45804,45807
45815	45781,45802,45806,45784,45788,45793,45796,45800,45809,45780
45816	6245,13179,45780,45781,45782,45783,45784,45785,45786,45787
45817	12070,21158,25906,2827,4069,5988,11266,14295,25807,25851
45818	26425,45828,28,216,2092,2827,2841,3328,5071,5951
45819	7191,3328,5071,7192,7211,8617,11569,13501,13533,14346
45820	340,354,3238,4139,5990,6421,7994,10302,12991,20846
45821	5569,10619,1137,2802,2869,3328,3845,5071,5080,5293
45822	26425,3328,4839,5071,19760,22091,27914,45819,45820,45824
45823	8457,340,1137,2974,3023,3328,3691,3938,3966,4024
45824	223,2946,3328,5071,7978,14803,19760,22091,25807,25905
45825	25747,25872,25974,5069,7599,10381,10469,25754,25779,25788
45826	45828,3328,5071,19760,22091,26425,27914,45819,45820,45822
45827	3328,5071,19760,22091,26425,27914,30827,45820,45822,45824
45828	25747,5071,7599,45826,3328,4288,5960,10293,10469,20844
45829	3328,5071,19760,22091,26425,27914,45819,45820,45822,45824
45830	3328,5071,9959,19760,22091,22235,26425,27914,33276,45818
45831	3328,5071,9959,19760,22091,22235,26425,27914,33276,45818
45832	3328,5071,19760,22091,26425,27914,45819,45820,45822,45824
45833	15133,15179,26320,47211,47218,239,1854,2036,4182,4185
45834	16861,4817,4841,16970,16981,20001,29719,46955,239,2678
45835	45843,45849,45850,45867,5229,8621,11236,16963,21790,30015
45836	22141,45863,339,368,663,815,1741,1742,1745,1748
45837	32734,8809,12650,12662,12667,13829,20561,23586,25200,27668
45838	17740,23550,2678,6117,16881,16906,16963,35585,161,2691
45839	6109,8692,16883,16895,29741,45131,45845,239,3926,7192
45840	16963,34353,46210,1,384,1602,1613,1685,2036,2641
45841	3736,6117,12154,17450,21790,29741,42245,43175,43654,45838
45842	2033,2990,5229,5588,7425,8621,11236,13205,13229,14002
45843	45835,45849,45850,45867,5229,8621,11236,16963,21790,30015
45844	45851,21790,30015,45847,45848,45861,45864,45869,2036,4219
45845	16883,45839,210,2104,3450,4935,16869,16895,16910,16914
45846	456,9206,11014,17451,29380,29382,29385,29387,29389,29390
45847	45864,2036,21790,45834,45844,45848,45851,45861,45869,4219
45848	30015,45852,2036,3450,5200,8621,10301,10534,15130,15657
45849	45835,45843,45851,45867,5229,8621,11236,16963,21790,30015
45850	45867,45835,45843,45862,5229,8621,11236,16963,18561,21790
45851	45844,21790,30015,45847,45848,45849,45861,45864,45869,457
45852	45848,3450,5229,10469,11162,13835,13956,15179,22234,24966
45853	11236,20845,45864,45867,45975,47186,4182,4185,5229,5429
45854	49564,49571,49750,1849,6250,6255,6268,10346,10979,11634
45855	16869,16963,3736,11236,13576,15657,16878,16883,16906,30015
45856	5229,8621,11236,16963,21790,30015,45834,45835,45836,45837
45857	5229,8621,11236,16963,21790,30015,45834,45835,45836,45837
45858	5229,8621,11236,16963,21790,30015,45834,45835,45836,45837
45859	45848,45852,1854,5229,8621,11162,11238,15179,16963,21790
45860	45864,6995,8640,13483,20443,21243,21417,21434,21444,26099
45861	2017,2036,2040,2076,3474,3770,3903,3958,3968,4036
45862	45850,45867,5229,8621,11236,16963,18561,21790,30015,45834
45863	2027,8692,45836,45846,339,368,663,2036,2142,2410
45864	2036,4048,4295,17883,21790,28563,45847,45860,47218,1854
45865	5229,8621,11236,16963,21790,30015,45834,45835,45836,45837
45866	2943,4158,5229,8621,11236,11577,16963,21790,23179,27252
45867	42844,2324,11236,15758,16441,16456,20943,22294,26144,42332
45868	21790,11236,29727,35570,43282,47681,1,101,1031,1084
45869	21790,30015,45844,45847,45848,45851,45861,45864,2036,4219
45870	24779,967,2967,2990,7170,7175,8825,20864,21949,25505
45871	444,45890,45926,45931,222,223,232,2986,2999,5461
45872	45879,45883,45902,45906,385,444,929,1877,2986,2999
45873	27736,34352,45950,143,439,443,444,454,960,1001
45874	444,638,961,1140,1810,2864,2986,2999,3037,6782
45875	45924,45948,1,444,1196,2455,2922,2986,2999,3565
45876	444,2986,2999,11622,24072,24819,26205,27267,28203,30114
45877	7369,3129,15857,24779,444,522,538,560,621,973
45878	444,1458,2986,2999,11622,24072,24819,26205,27267,28203
45879	7458,24819,24880,45230,45309,45872,45883,45902,45906,444
45880	45908,45882,45894,45938,6,74,444,967,2063,2281
45881	4285,11622,21917,1,107,439,444,924,1540,1809
45882	45883,45889,9774,9793,9825,22338,33503,34297,38719,40508
45883	45882,45889,7458,9774,9793,9825,22338,33503,34297,34468
45884	45894,967,24072,45910,45938,444,622,2901,2986,2999
45885	45898,444,2986,2999,10817,11622,13233,14429,14689,21094
45886	19,444,555,2285,2986,2999,4011,4133,4143,4218
45887	2901,3734,4394,9850,12681,13801,13877,14064,19138,23509
45888	444,2986,2999,11622,24072,24819,26205,27267,28203,30114
45889	13886,13930,13934,14015,14027,13800,13801,14044,17636,23598
45890	4717,17450,45926,46974,46976,223,444,1216,4021,4163
45891	8825,8822,8827,8828,8849,8853,38945,338,444,606
45892	444,2986,2999,11622,24072,24819,26205,27267,28203,30114
45893	340,444,1230,2059,2986,2999,3283,4839,4850,5931
45894	45884,1661,18073,35561,45880,45889,45938,101,134,186
45895	444,2986,2999,11622,24072,24819,26205,27267,28203,30114
45896	558,22743,42413,42506,362,444,591,2986,2999,5143
45897	444,2986,2999,11622,24072,24819,26205,27267,28203,30114
45898	47044,47056,47034,47043,47078,47108,47126,47128,47165,47168
45899	444,2986,2999,11622,24072,24819,26205,27267,28203,30114
45900	444,2986,2999,11622,24072,24819,26205,27267,28203,30114
45901	444,2986,2999,11622,24072,24819,26205,27267,28203,30114
45902	7458,10939,15824,24880,45872,45879,45883,45906,47046,444
45903	2845,45950,2843,2887,27267,28203,43284,43501,45913,45944
45904	3134,3146,3155,3159,3176,45393,336,367,371,377
45905	444,2986,2999,3506,11622,15429,20272,24072,24212,24819
45906	22114,22172,45872,45879,45883,45902,45918,45920,47079,444
45907	444,2986,2999,6318,6473,6778,10315,10435,10645,11186
45908	45880,1661,12625,12670,24072,31231,45889,45910,101,186
45909	444,638,1353,1648,2986,2999,3583,3622,5274,5292
45910	24072,45230,45309,45884,45887,45908,444,2986,2999,3238
45911	45943,1681,2986,2990,4049,21949,28015,28019,30780,223
45912	444,2986,2999,11622,24072,24819,26205,27267,28203,30114
45913	28203,45903,45944,45950,444,532,1605,2088,2181,2986
45914	31767,31775,31790,31756,31781,31783,10939,31779,31786,31785
45915	45883,45887,124,444,1678,2986,2999,3134,3142,3153
45916	396,444,564,2986,2999,3825,4048,4604,7566,7602
45917	2986,2999,444,7166,11622,20864,22376,24072,24819,26205
45918	45906,444,2986,2999,3206,4036,9657,11603,11622,22081
45919	444,572,576,1772,1797,2103,2914,2986,2999,3942
45920	45906,444,1078,1150,2986,2999,7369,7376,7569,11622
45921	444,2092,2802,2986,2999,3499,3796,5008,6328,8193
45922	47101,47129,47134,47139,47157,444,2639,2986,2999,3181
45923	7207,45935,444,2986,2999,3682,4104,7183,7184,7191
45924	45875,444,2986,2999,11622,16824,24072,24819,26205,27267
45925	45951,444,2986,2999,11622,20851,24072,24819,26205,27267
45926	444,2850,13202,27334,43531,45890,453,606,3450,3903
45927	8817,8828,8838,2324,8820,12154,2196,4841,8821,8829
45928	70,368,444,2406,2407,2436,2449,2762,2986,2999
45929	45926,444,2986,2999,11622,24072,24564,24819,26205,27267
45930	3450,47190,161,364,372,444,1216,2063,2554,2986
45931	444,541,2786,2802,4101,5033,6287,7611,7630,8004
45932	31763,31756,31771,21676,31767,31773,31775,31786,10939,31779
45933	444,2986,2999,11622,13912,24072,24819,24951,26205,27267
45934	444,2986,2999,11622,24072,24819,26205,27267,28203,30114
45935	29662,29671,29677,6397,7183,28793,29666,222,2986,4129
45936	34979,444,2034,2058,2986,2999,11378,11395,11622,13950
45937	444,93,202,352,368,797,1100,1137,1755,2121
45938	45880,45882,45884,45887,45894,444,967,2901,2986,2999
45939	201,444,578,1852,2027,2066,2375,2929,2940,2986
45940	444,2986,2999,11622,24072,24819,26205,27267,28203,30114
45941	348,444,546,2986,2999,3937,6092,9483,9489,10824
45942	444,14281,21273,25949,28205,229,364,2802,2986,2999
45943	45911,2990,1681,2999,4049,4288,5049,7170,7175,10352
45944	28203,45903,45913,45950,444,2986,2999,4077,7769,10262
45945	444,2986,2999,11622,24072,24819,26205,27267,28203,30114
45946	2986,2999,394,444,534,621,909,1698,2869,2876
45947	3937,16920,17356,21210,21935,22074,22265,26427,28573,43536
45948	45875,444,2986,2999,11622,24072,24819,26205,27267,28203
45949	8838,8817,8820,8827,8829,8831,8835,8842,8847,8849
45950	28203,45903,5051,5262,10350,10352,12064,13179,13557,14498
45951	45925,444,906,2986,2999,11622,20851,24072,24819,26205
45952	25542,444,2986,2999,3181,11622,19341,24072,24819,26205
45953	43189,341,444,906,2986,2999,6280,7192,10407,10947
45954	45932,25660,444,2986,2999,11622,16042,16056,16072,16087
45955	444,2986,2999,11622,24072,24819,26205,27267,28203,30114
45956	22147,444,662,1180,2623,2686,2694,2986,2999,3891
45957	2986,45935,222,444,2999,3499,3703,6161,7166,7173
45958	444,1085,2675,2986,2999,4009,10052,11622,13478,24072
45959	16042,16031,16054,16055,16061,16062,16069,16070,16073,16075
45960	20851,45870,341,882,890,1855,2680,7280,7401,7406
45961	16087,16031,16056,16072,16081,25635,45870,503,2866,3774
45962	45870,1458
45963	
45964	534,656,673,778,2259,2820,2823,2892,3237,3879
45965	638,961,1140,1871,2864,3037,6782,7273,7371,7508
45966	29662,29664,29666,229,6397,7211,8582,29669,29671,35367
45967	1137,3450,3591,5196,6405,7186,8837,8929,16947,21892
45968	
45969	45870,45875,45924,45948,45970
45970	45870,45875,45924,45948,45969
45971	45870,1085,2675,4009,4088,4104,4163,4180,10052,12549
45972	45870,967,2901,4394,7758,12681,35567,38620,45884,45887
45973	526,2798,3576,3908,3966,4008,4074,6928,7166,7167
45974	7166,45975,3488,4422,4449,45981,5294,5373,10368,22328
45975	47186,7166,20845,45974,47868,196,452,1350,1545,3488
45976	3873,3963,4022,4023,4027,4052,4255,7166,7167,7176
45977	12950,12958,7167,9030,11571,12955,13467,16959,45981,546
45978	14931,4300,5981,6002,7166,7167,7176,10368,10407,14361
45979	106,3412,3965,7166,7167,7176,7697,8837,9336,9976
45980	10466,5981,6002,7166,7167,7176,10368,14931,15983,45973
45981	7166,12054,5085,5995,7173,10824,12060,13035,14880,30719
45982	3906,4011,22141,28132,1059,1137,2080,3702,3920,3948
45983	16440,19786,16444,13244,28764,48491,7651,10563,11668,12222
45984	10468,17595,9393,23060,27312,2554,3685,5933,9398,9920
45985	3937,547,12328,15310,22099,45987,569,582,3676,5072
45986	6161,6901,8813,11878,13621,14271,14379,36339,36341,36344
45987	550,10498,22089,39004,42413,45985,547,557,3937,5934
45988	45994,362,550,727,2389,3836,4841,4849,4991,5995
45989	7180,17689,38723,49254,550,609,4036,4104,4991,5294
45990	7181,222,7173,232,362,550,589,606,2986,3499
45991	14271,14300,14318,23178,41775,46000,46006,46008,158,534
45992	10532,2802,9986,13616,14318,14880,15761,18844,24150,28612
45993	7175,13426,4738,13462,13480,23623,44483,45992,49644,82
45994	45988,232,362,472,550,727,1244,1918,2389,2554
45995	9490,7170,550,2929,2957,2961,2967,2969,2990,2996
45996	46002,550,4991,7049,7167,7168,7170,7175,7177,7179
45997	7167,550,4991,7168,7170,7175,7177,7179,7180,7181
45998	4910,5310,6244,6250,6255,6267,28548,28563,6219,6295
45999	7677,16007,23346,25824,3937,4839,7549,7679,10723,14398
46000	20853,2085,3560,4841,5924,7630,8154,9861,9920,10459
46001	140,198,550,562,582,1409,1680,2770,3099,3304
46002	17468,10723,12714,26349,33051,42714,45545,45999,338,536
46003	42810,14396,10715,22158,25955,27334,42811,42816,42821,42828
46004	14376,27500,46009,4782,9925,10504,10530,10881,12060,12327
46005	523,550,2831,2971,4841,4991,6328,7167,7168,7170
46006	4991,9861,14300,15660,21586,39671,45991,46002,46008,158
46007	5933,7639,14379,347,550,577,909,1139,2181,2523
46008	4736,9863,10792,15660,18357,45991,46006,158,351,550
46009	8154,3937,14318,14379,30881,38723,46004,522,3676,4782
46010	14379,45999,46002,550,606,1242,1405,4839,4841,4850
46011	550,4991,7167,7168,7170,7175,7177,7179,7180,7181
46012	14777,39448,39452,39460,39442,44976,39467,13530,39446,39470
46013	14396,25993,42812,4179,21958,25955,30835,38264,438,457
46014	7192,39445,39451,39455,39458,39464,39465,43196,46016,46018
46015	46026,39442,39457,13530,46022,46021,39450,46017,39456,39469
46016	46019,39451,39464,46028,14777,39445,39448,39452,46022,39470
46017	46015,46026,14777,39451,39452,39455,39458,46019,39442,39457
46018	39455,39464,39445,39448,39451,39452,46023,39460,39465,44976
46019	44976,39442,39465,39457,39470,46016,13530,39445,39446,39462
46020	39460,39442,39467,39446,39462,46024,6227,13443,18229,30172
46021	39452,46015,39448,46022,46028,14777,39445,39460,44976,46016
46022	46015,39452,46028,39448,39451,46021,46016,39442,39445,39460
46023	39464,39455,39448,14777,39460,46018,46028,39445,39465,46016
46024	39458,46019,46020,39455,39464,39445,39465,46016,46022,46026
46025	39445,39455,39458,39464,39465,46018,46019,46022,39448,39451
46026	46015,14777,39442,39460,13530,39467,39450,39457,39470,46017
46027	39445,39451,39455,39458,39464,39465,46014,46016,46018,46019
46028	14777,39451,46022,39448,39452,46016,46021,46023,39445,39460
46029	41765,41796,45373,49635,576,916,1342,1436,4451,5803
46030	5818,16479,39014,46031,46032,46033,46034,46035,46036,46037
46031	22239,23717,6966,6984,10611,23730,23763,23792,40135,1356
46032	1673,8233,18348,18576,18618,20480,20539,20542,20553,29566
46033	10640,1347,2711,4213,4431,4522,4527,5314,5818,6570
46034	5818,16479,39014,46030,46031,46032,46033,46036,46038
46035	5818,16479,39014,46030,46031,46032,46033,46036,46038
46036	5818,20544,11865,13638,41765,41801,41805,47809,1230,3010
46037	5818,16479,39014,46030,46031,46032,46033,46036,46038
46038	5818,16479,39014,46030,46031,46032,46033,46034,46035,46036
46039	29574,1665,27069,34938,34986,34987,46134,46137,46157,450
46040	46069,46072,46073,46077,46093,46096,46100,46115,46116,46119
46041	1342,1680,3394,16539,17634,17636,23517,23585,29490,32488
46042	46085,46087,46063,46069,46077,46078,46082,46093,46096,46104
46043	46045,46046,46072,46093,46095,46044,46053,46059,46060,46063
46044	46096,8737,12667,19550,25171,25261,46043,46045,46046,46053
46045	27059,27120,27121,46046,46072,27108,27116,27125,27131,46043
46046	46045,46072,46080,46043,46053,46067,46073,46095,46101,32347
46047	46099,1139,3779,6304,8271,19012,19443,21168,23582,23631
46048	46074,46093,1092,5654,11721,15285,18841,19984,24514,25174
46049	46069,46096,1139,6304,19443,26810,27833,34931,41712,46040
46050	46069,46077,46113,0,21,63,67,1139,1196,1814
46051	1139,6304,19443,26810,27833,34931,41712,46040,46041,46042
46052	27087,27094,46059,46069,46077,46096,1139,1665,2644,5664
46053	11577,15369,27249,27311,46046,46095,46096,1673,1692,1694
46054	46072,3889,6304,46056,46097,1139,1856,3503,3685,4033
46055	1139,5235,6304,19443,26810,27833,34931,41712,46040,46041
46056	46072,6304,46053,46054,46069,46073,46077,46096,46097,46102
46057	6304,8712,46053,46069,46075,46095,211,956,1078,1080
46058	1139,6304,19443,26810,27833,34931,41712,46040,46041,46042
46059	46045,46043,46046,46052,46060,46063,46067,46069,46071,46072
46060	16532,46043,46045,46046,46059,46063,46067,46069,46071,46072
46061	27069,27849,46044,46096,46100,1110,1139,1773,2062,2166
46062	46112,4,1139,1680,3205,4113,5924,5951,6304,11005
46063	46069,46077,46093,46104,46042,46043,46045,46059,46060,46064
46064	46068,46109,46063,46069,46077,46078,46082,46085,46087,46093
46065	46096,27088,46069,46077,19,87,576,1031,1139,1665
46066	1139,6304,19443,26810,27833,34931,41712,46040,46041,46042
46067	46045,46046,46072,46080,46043,46059,46060,46063,46069,46071
46068	46064,46109,46063,46069,46077,46078,46082,46085,46087,46093
46069	46077,46063,46071,46073,46075,46104,6304,46040,46042,46049
46070	46093,46043,46044,46045,46046,46053,46072,46073,46079,46095
46071	46069,46077,46093,46115,46121,46043,46045,46046,46053,46059
46072	46045,46046,46043,46054,46056,46067,46073,46080,46093,46095
46073	46046,46069,46072,46106,46040,46043,46045,46053,46056,46059
46074	46048,46093,1092,5654,11721,15285,18841,19984,24514,25174
46075	46045,46069,46092,6304,46043,46046,46048,46057,46059,46060
46076	46077,46082,26810,46043,46045,46046,46059,46060,46063,46067
46077	46069,46063,46071,46076,46085,46086,46087,46088,46093,46104
46078	46042,46063,46064,46068,46069,46077,46082,46085,46087,46093
46079	25184,46043,46044,46045,46046,46053,46070,46072,46093,46095
46080	46046,46125,46045,46067,46072,46043,46059,46060,46063,46069
46081	1139,38935,26,101,162,168,439,667,1002,1100
46082	46096,46109,46076,46042,46045,46063,46064,46067,46068,46069
46083	46092,8712,46075,46100,1110,1139,1680,3518,3549,4183
46084	46069,46071,46077,46096,46097,46102,46115,450,1139,6304
46085	46042,46077,46063,46064,46068,46069,46078,46080,46088,46093
46086	1100,1689,1823,8607,10240,25402,26351,36120,46077,1085
46087	46042,46077,46063,46064,46068,46069,46078,46080,46088,46093
46088	46096,46077,13906,26810,46046,46085,46087,1139,6304,19443
46089	8712,26853,27762,34928,46114,544,1139,7425,13430,14537
46090	46045,46046,46067,46072,46080,46082,46096,46101,46121,1139
46091	26853,46089,48155,1139,1409,2155,2588,3422,3676,4268
46092	46083,46075,8712,46045,46100,1110,1139,3438,5880,6304
46093	29574,46043,46045,46048,46063,46070,46071,46072,46074,46077
46094	46147,1137,1196,2027,3904,3933,4160,9181,16081,46043
46095	46043,46045,46046,46053,46072,46093,46044,46057,46059,46060
46096	46082,46088,46044,46053,46065,46100,46101,46107,46132,6304
46097	46102,6304,46054,46056,46069,46071,46077,46084,46096,450
46098	1139,6304,19443,26810,27833,34931,41712,46040,46041,46042
46099	1232,1810,3891,21558,21574,27829,29558,46047,46071,46114
46100	46093,46096,46040,46043,46044,46045,46046,46048,46061,46070
46101	46045,46046,46072,46096,46043,46044,46053,46067,46070,46079
46102	46097,6304,46056,46069,46071,46077,46084,46096,450,1000
46103	1139,6304,8804,19443,26810,27833,34931,34986,34987,41712
46104	46063,46069,46077,46093,46138,46042,46043,46045,46059,46060
46105	6782,46043,46044,46045,46046,46053,46070,46072,46093,46095
46106	46073,46093,29574,46130,1139,6304,19443,26810,27833,34931
46107	46130,46096,46046,46053,46069,46071,46157,1139,1754,5000
46108	46077,46086,46096,1139,6304,19443,26810,27833,29269,34931
46109	46082,46064,46068,46063,46069,46077,46078,46093,46096,46104
46110	1139,6304,19443,26810,27833,34931,41712,46040,46041,46042
46111	26807,26810,34931,46126,171,336,546,627,807,838
46112	46062,4,1139,1301,1309,1680,4113,5667,5670,5681
46113	46043,46044,46045,46046,46050,46053,46070,46072,46077,46079
46114	46089,13832,13846,13886,13911,13917,13965,13967,13981,14027
46115	46071,3920,4053,7246,19077,20362,22104,24550,26899,34278
46116	46040,46056,46072,46073,46096,1139,6304,19443,26810,27833
46117	6304,23697,23698,46069,46075,186,973,1139,1378,1484
46118	46043,46044,46045,46046,46053,46070,46072,46079,46093,46095
46119	46040,46043,46044,46045,46046,46053,46070,46071,46072,46079
46120	46086,242,273,1139,2675,2956,3760,6077,6304,6778
46121	46071,46072,46045,46046,46053,46067,46080,46082,46090,46096
46122	1139,6304,19443,26810,27833,34931,41712,46040,46041,46042
46123	12519,34288,34412,34536,117,1139,2508,2786,3575,3996
46124	1139,1387,1405,1445,3377,4509,4516,6304,6523,6565
46125	46080,46043,46045,46046,46059,46060,46063,46067,46069,46071
46126	3377,21171,46111,0,8,14,15,18,27,72
46127	46043,46044,46045,46046,46053,46070,46072,46079,46093,46095
46128	1139,6304,11664,11667,11672,12184,16440,19443,21168,24821
46129	20567,1113,3954,4206,4872,6405,10240,10301,11551,16532
46130	46107,46093,46071,46096,46106,1139,1754,5000,6304,8675
46131	1139,6304,19443,26810,27833,34931,41712,46040,46041,46042
46132	46096,46046,46053,46069,46071,46157,1139,1754,5000,5809
46133	
46134	46039,1677,6782,13306,16890,20458,46043,46044,46045,46046
46135	13430,28879,44796,146,3250,5991,7425,9828,9872,12513
46136	
46137	13430,46039,3926,4246,9181,10842,13795,13809,13814,14867
46138	46104,46039,46063,46069,46077,46093,46148,74,282,1392
46139	2703,12622
46140	918,1270,1394,1655,2225,2542,2894,5839,5899,5905
46141	
46142	7401,30062,134,252,1181,1232,2170,3131,3565,4593
46143	1489,1941,7522,7568,7615,10240,10253,11297,11370,11948
46144	19,2059,8671,48243,186,1754,2715,3880,3999,4364
46145	
46146	601,1220,2269,2346,2547,2650,2678,2710,3971,3994
46147	46094,26954,74,87,983,1137,1196,1874,3298,3873
46148	46039,46063,46069,46077,46093,46104,46138,40925,46042,46043
46149	40925,46039,46042,46063,46064,46068,46069,46077,46078,46082
46150	
46151	46039,46042,46046,46147
46152	7571,46039,46126
46153	134,1380,1489,1941,1976,2648,5533,7522,8270,8273
46154	
46155	20886,33010,33012,33052,33055,33071,33077,33090,33097,33098
46156	46039,46045,46046,46067,46072,46080,46082,46090,46096,46101
46157	46039,46069,46096,46107,46132,5809,13015,29574,34986,34987
46158	18916,1135,3549,3971,4875,5008,5100,6304,7266,16691
46159	6979,33749,33767,49577
46160	46039,46043,46044,46045,46046,46053,46070,46072,46079,46093
46161	27069,46039,46044,46061,46096
46162	
46163	46039,4,1680,4113,5938,11005,16187,22510,32193,33374
46164	
46165	6782,17032,34249,40976,46258,46261,1110,2161,2286,2668
46166	46172,46178,46191,1923,41407,46167,46169,46171,46173,46174
46167	46172,46175,46221,46170,46173,23071,26519,32072,46166,46185
46168	46171,46181,46172,46221,46173,46184,46192,46223,4364,6782
46169	46171,46181,46166,46173,46175,46178,46179,46186,46190,46191
46170	46176,46221,34159,46167,46172,46178,2019,3574,3575,9281
46171	46168,46175,46179,46169,46166,46174,46177,46180,46182,46184
46172	46167,46181,46221,46166,46168,46170,46174,46175,46177,46180
46173	46191,46202,46178,46181,46167,46201,46220,46221,46166,46168
46174	46194,46191,46202,46172,46166,46170,46171,46176,46186,46195
46175	46167,46171,46181,46172,46166,46169,46173,46179,46186,46191
46176	46221,46170,46179,46174,46177,46180,46184,46188,46189,46192
46177	46172,46221,46166,46170,46171,46176,46186,46195,46199,46203
46178	46173,46166,46170,46179,46185,46169,46183,46184,46186,46188
46179	46171,46176,46178,46201,46204,46169,46170,46175,46181,46188
46180	46172,46204,46221,46166,46170,46171,46176,46186,46195,46199
46181	46168,46172,46173,46175,46169,46166,46179,46184,46186,46189
46182	46171,941,1489,1941,2572,2639,3874,4340,5926,7522
46183	46200,46166,46178,46184,46192,39131,46167,46168,46169,46170
46184	46168,46170,46171,46176,46178,46181,46183,46192,46200,46223
46185	46178,46166,46167,46190,39131,46168,46169,46170,46171,46172
46186	46191,46169,46171,46172,46173,46174,46175,46177,46178,46180
46187	15050,15645,18294,34249,46261,93,694,696,758,762
46188	46166,46171,46173,46176,46178,46179,46207,46212,46220,4261
46189	46167,46170,46172,46173,46176,46178,46181,46221,19007,19482
46190	46167,46169,46171,46173,46181,46185,13829,13958,23531,32630
46191	46173,46174,46166,46186,46204,46169,46171,46172,46175,46178
46192	46223,46167,46168,46171,46172,46175,46176,46181,46183,46184
46193	1148,1832,7619,10898,19089,29498,33482,39131,40312,43681
46194	46174,46172,46204,46221,46166,46170,46171,46176,46186,46195
46195	46170,46171,46172,46174,46176,46177,46179,46180,46194,46207
46196	39131,46166,46167,46168,46169,46170,46171,46172,46173,46174
46197	39131,46166,46167,46168,46169,46170,46171,46172,46173,46174
46198	30223,46167,46170,46172,46173,46176,46178,46181,46221,198
46199	46172,46173,46177,46179,46180,46191,46202,18229,39131,46166
46200	46183,46166,46178,46184,46192,39131,46167,46168,46169,46170
46201	46173,46179,46171,46176,46178,46186,46212,46220,46221,46223
46202	46173,46174,46221,46166,46172,46186,46199,46203,46220,10758
46203	46177,46202,10758,39131,46166,46167,46168,46169,46170,46171
46204	46179,46180,46191,46194,46173,46174,2461,10756,21855,24530
46205	39131,46166,46167,46168,46169,46170,46171,46172,46173,46174
46206	2030,2053,2547,2782,2939,3090,3466,3898,3933,4024
46207	46172,46166,46170,46171,46174,46176,46177,46179,46180,46188
46208	39131,46166,46167,46168,46169,46170,46171,46172,46173,46174
46209	3920,26006,26869,209,750,770,1140,1232,2825,3347
46210	14056,16621,19063,23512,34353,35621,45840,1,84,375
46211	39131,46166,46167,46168,46169,46170,46171,46172,46173,46174
46212	46171,46173,46176,46178,46179,46188,46194,46201,46220,39131
46213	39131,46166,46167,46168,46169,46170,46171,46172,46173,46174
46214	2637,2666,2692,2697,2711,29425,29510,168,204,1688
46215	6783,11401,12578,13828,13988,14101,14152,14231,16030,18338
46216	15858,27267,29003,30682,34595,39131,43695,43704,43734,43777
46217	1230,2019,2805,3236,3298,3575,7623,9284,9289,11387
46218	4344,5655,7444,7884,8768,12587,13793,13817,13828,13854
46219	46220,21,575,1913,2795,2829,5588,6783,9284,9816
46220	13280,20531,8797,18359,18463,18829,20542,20553,21255,22553
46221	46176,46167,46170,46172,46168,46173,46177,46180,46194,46202
46222	1080,27668,28,38,83,85,211,344,638,956
46223	46192,46221,46167,46168,46171,46172,46175,46176,46179,46181
46224	14056,39131,46166,46167,46168,46169,46170,46171,46172,46173
46225	14055,14073,454,13938,45163,45167,11417,13967,45170,13886
46226	39131,46166,46167,46168,46169,46170,46171,46172,46173,46174
46227	1559,1984,3393,3967,4188,4198,4220,4264,4296,4839
46228	24777,34979,184,2027,2034,2058,5986,6782,7429,7479
46229	13722,41244,43259,45246,46230,46231,46232,46233,46234,46235
46230	46231,46240,46247,46249,46233,46236,46243,46248,46237,46244
46231	46249,46230,46244,46250,24777,46234,46242,46232,46246,2027
46232	46230,46231,46233,46234,46235,46236,46237,46240,46241,46243
46233	46230,46235,46236,46240,46241,46243,46247,46237,46244,46248
46234	46231,46237,46241,46243,46244,46245,46247,46248,46230,46232
46235	46243,46245,46236,46237,46233,46244,46249,24777,46232,46234
46236	46240,46235,46249,46230,46233,24777,46250,43259,45246,46232
46237	46245,46248,46235,46244,46249,46230,46233,46234,24777,46232
46238	43259,45246,46236,46248,10622,20847,24623,25899,25914,30500
46239	46246,46242,2027,8,2059,2680,4033,4253,4481,5006
46240	46236,46249,46230,46233,46244,24777,46250,46232,46234,46242
46241	46244,46233,46246,46250,46234,46242,46232,8,4481,7458
46242	43969,46231,46239,46241,46243,46247,8307,9507,21308,25759
46243	46235,46230,46233,24777,46234,46242,46246,46250,46232,12649
46244	46231,46237,46241,46245,46248,46235,46240,46249,46230,46233
46245	46237,46248,46235,46244,46250,46234,24777,43259,46232,46242
46246	46239,46241,46243,46247,46231,46233,46235,46236,46240,46242
46247	46230,46233,46250,24777,46234,46242,46246,46232,442,982
46248	46237,46245,46244,46249,46230,46233,46234,46250,43259,45246
46249	46231,46236,46240,46230,46237,46248,46235,46244,46233,24777
46250	46231,46241,46245,46247,46236,46240,46243,46248,46232,46234
46251	23696,23697,23698,22927,22940,22946,23685,33635,33636,33637
46252	8013,3311,8023,8024,8031,8042,8046,15471,28578,4234
46253	2939,5564,7198,7860,9386,10841,10845,10852,10861,10897
46254	629,3230,3574,5143,7198,7860,9386,11385,11387,11396
46255	24280,32364,35608,39025,39030,39037,1648,1751,1763,1778
46256	46272,46280,46284,265,1794,2122,3305,4810,4838,4959
46257	46252,46267,46281,46283,124,548,953,1137,2040,2561
46258	46165,46201,1664,1667,1782,2914,3874,3911,3936,3956
46259	46301,6304,7198,7860,9386,13336,16876,16884,19004,19039
46260	4261,7198,7860,9386,21252,42750,46172,46188,46251,46252
46261	7833,28867,46165,46187,1,149,234,971,1110,1137
46262	3129,46263,934,967,971,1080,1343,1814,2662,3438
46263	22940,42692,211,1080,2905,4364,4717,6019,8685,9565
46264	24526,46279,45,112,117,123,131,135,857,932
46265	17032,46333,1777,2122,2176,2179,2206,2254,2786,2944
46266	46279,3040,3041,3042,3052,3056,3068,3072,3078,3101
46267	12229,22908,29498,36357,39631,39654,39690,39697,39719,39720
46268	46278,46295,39631,39635,39670,74,437,1889,2375,2892
46269	1388,1772,1782,1954,1961,1962,1975,2914,7198,7860
46270	973,7198,7860,9386,21252,24818,24945,42750,42861,45889
46271	46282,46330,3403,7198,7860,9386,12466,17029,19489,21252
46272	46256,7198,7860,9386,21252,42750,46251,46252,46253,46254
46273	7198,7860,9386,10762,15665,21252,22242,26815,42750,46251
46274	4500,7198,7411,7860,9386,21252,26306,27083,27084,42750
46275	33803,46295,46307,450,1889,7198,7860,9386,21252,39646
46276	46307,46287,450,1889,7198,7860,9386,21252,33749,33765
46277	177,1719,2206,2601,2919,4498,4741,4933,5266,6515
46278	46268,46304,33803,46295,1889,7198,7860,9386,21252,42750
46279	33370,33415,46264,46266,995,1355,1357,1614,1719,1884
46280	46256,7198,7860,9386,21252,42750,46251,46252,46253,46254
46281	43696,352,371,4069,4717,8514,14497,17434,44359,46252
46282	4425,32352,32356,4396,32386,32417,32740,35186,4398,4402
46283	46257,46267,7198,7860,9386,12388,21252,42750,46251,46252
46284	46256,7198,7860,9386,21252,42750,46251,46252,46253,46254
46285	162,4664,6782,7198,7860,9386,13166,13722,16529,21252
46286	19388,25187,1600,1708,3789,4360,6304,7198,7785,7860
46287	46276,46304,7198,7860,9386,21252,33765,42750,46251,46252
46288	1935,2899,7198,7860,9386,15172,21252,28110,42750,46251
46289	7198,7860,9386,21252,42750,46251,46252,46253,46254,46255
46290	7198,7860,9386,21252,42750,46251,46252,46253,46254,46255
46291	0,4,109,110,118,127,140,150,189,450
46292	18,340,2165,2694,2769,2830,2948,4007,4158,4210
46293	6326,1137,1382,1769,1814,2430,2687,2773,2785,2855
46294	7198,7860,9386,21252,42750,46251,46252,46253,46254,46255
46295	46268,46275,46278,46307,46311,7198,7860,9386,10616,21252
46296	4364,4575,6143,6152,7198,7248,7292,7860,9386,9663
46297	2914,4313,4327,6018,6019,6101,7198,7702,7860,9386
46298	5456,14284,41441,42692,42717,1875,7198,7860,9386,12333
46299	3918,7198,7860,9386,9436,11572,13666,15966,17333,17335
46300	727,1255,4967,7198,7860,9386,14476,15280,15989,19106
46301	46259,6304,7198,7860,9386,13336,16876,16884,19004,19039
46302	7198,7860,9386,21252,42750,46251,46252,46253,46254,46255
46303	347,548,2411,2798,3169,5928,6708,7198,7860,9386
46304	46311,46278,33803,46287,450,7198,7860,9386,21252,33765
46305	7198,7860,9386,21252,42750,46251,46252,46253,46254,46255
46306	46331,46339,7198,7860,9386,10378,21252,35065,42522,42750
46307	46275,46276,46295,46311,450,7198,7860,9386,21252,33803
46308	7198,7860,9386,21252,42750,46251,46252,46253,46254,46255
46309	16643,12344,16650,39684,7242,7246,24446,15989,16620,24258
46310	2786,7198,7860,8783,8794,9386,14318,15471,16979,18094
46311	46304,46295,46307,450,1810,3879,4364,7198,7860,9386
46312	7198,7860,9386,21252,42750,46251,46252,46253,46254,46255
46313	7198,7860,9386,21252,42750,46251,46252,46253,46254,46255
46314	7198,7860,9386,21252,42750,46251,46252,46253,46254,46255
46315	7198,7860,9386,21252,42750,46251,46252,46253,46254,46255
46316	11395,11420,19430,22351,24680,29767,34218,34266,34267,34313
46317	561,973,1002,1134,1392,1680,2343,2505,3394,4503
46318	4344,5655,7198,7860,9386,21252,25137,33902,34249,35613
46319	12344,7246,15843,24422,3702,39684,8401,10240,16624,22147
46320	7198,7860,8793,8795,9386,12577,17870,17877,21252,34234
46321	7198,7860,9386,21252,42750,46251,46252,46253,46254,46255
46322	7198,7860,9386,21252,42750,46251,46252,46253,46254,46255
46323	113,7198,7214,7249,7860,9386,12633,15149,15151,15153
46324	7198,7860,9386,21252,42750,46251,46252,46253,46254,46255
46325	7198,7860,9386,15314,15738,21252,21858,23002,29925,42247
46326	7198,7860,9386,21252,42750,46251,46252,46253,46254,46255
46327	12578,17497,14164,14173,14204,14216,14231,14232,17493,23695
46328	7198,7860,9386,21252,42750,46251,46252,46253,46254,46255
46329	126,1535,3926,4210,5200,5933,7198,7860,8536,9386
46330	46271,46282,3049,7198,7860,9386,17029,19489,21252,24640
46331	3305,16532,46306,46339,87,250,253,336,503,522
46332	24444,46319,10799,16643,12344,20058,24422,7198,7474,7639
46333	46265,6158,7198,7860,9386,21252,42750,46251,46252,46253
46334	7198,7860,9386,21252,42750,46251,46252,46253,46254,46255
46335	64,576,1083,1461,1660,1719,1731,1941,1993,2699
46336	2501,2561,4265,8154,8685,13076,22983,42070,46337,46402
46337	8671,3999,23685,95,1232,3873,3880,3926,4364,4389
46338	626,1814,2805,3230,3298,5588,7198,7476,7528,7860
46339	46306,46331,7198,7860,9386,10378,21252,35065,42522,42750
46340	7198,909,12867,14862,23472,24434,24839,24843,24844,24901
46341	46438,46493,46440,46446,46494,46436,46443,46445,2558,5883
46342	46377,46402,27091,46344,46386,46438,46371,46422,46446,46392
46343	46391,27091,27093,46393,46422,46378,46406,46401,46405,46414
46344	46377,27091,46386,46395,46438,46342,46387,46362,46392,46422
46345	46355,21859,46346,46423,46493,46371,46377,46384,46385,46395
46346	46423,21859,46402,46384,46367,46426,46371,46378,27091,27093
46347	46360,46343,46367,46391,46348,46358,27093,46351,46362,46372
46348	46377,46367,46387,46402,46423,46371,46392,46399,46342,46372
46349	46381,27091,27093,46342,46343,46344,46348,46352,46356,46361
46350	21859,46343,46345,46346,46360,46384,46391,27093,46347,46355
46351	21859,27091,46343,46391,46402,46423,46344,46360,46371,46406
46352	21859,46349,46381,4092,27065,27091,27093,32356,46342,46343
46353	46367,46371,46386,46387,46402,46405,46406,46414,46422,27091
46354	4092,21859,27065,27091,27093,32356,46342,46343,46344,46345
46355	46345,46371,21859,46343,46391,46402,46423,27091,46374,46411
46356	46406,46412,46424,46443,46344,46362,46372,46427,46428,46433
46357	46367,21859,27091,46402,46423,46343,46355,46371,46391,46342
46358	46347,46360,46367,46343,46348,46351,46362,46391,21859,27093
46359	27065,975,1001,4092,21859,27059,27087,27091,27093,32356
46360	21859,46387,46362,46386,27093,46371,46372,46422,46378,46438
46361	27091,27093,46342,46343,46344,46348,46349,46353,46356,46362
46362	46344,46360,46386,46372,46494,27093,46387,46395,46405,46406
46363	46345,46357,46362,46367,46407,21110,46355,46405,46412,46493
46364	21859,46367,46389,46424,46428,46394,46427,46433,46434,46443
46365	21859,46344,46356,46362,46372,46373,46377,46381,46389,46402
46366	850,1354,1795,7758,8685,11779,12409,12425,12633,14009
46367	46387,46384,46422,46427,46346,46393,46414,46438,5883,46348
46368	4092,21859,27065,27091,27093,32356,46342,46343,46344,46345
46369	21859,46353,46367,46371,46386,46387,46402,46405,46406,46414
46370	2034,27266,2017,4092,5538,10699,20831,21859,22105,25851
46371	46384,46405,46393,46395,46417,46426,46342,46392,46410,46414
46372	46377,46386,27093,46493,46360,46362,46405,46494,46384,46387
46373	46374,46412,46424,46372,46377,46381,46387,46402,46423,46428
46374	46373,27091,46343,46402,46423,46386,46406,46344,46377,46391
46375	46371,27091,46343,46344,46367,46374,46377,46386,46387,46402
46376	4092,21859,27065,27091,27093,32356,46342,46343,46344,46345
46377	46344,46342,46405,46414,46493,46372,46348,46381,46401,46382
46378	27091,27093,46343,46386,46419,46426,46371,5883,46346,46360
46379	4092,21859,27065,27091,27093,32356,46342,46343,46344,46345
46380	46410,21859,46423,46384,46387,46402,46422,46426,46343,46346
46381	46423,27091,46377,27093,46343,46494,46438,46372,46378,46382
46382	46377,46423,46371,46386,46393,46405,46417,46421,46440,46381
46383	46398,21859,46367,46389,46394,46412,46355,46372,46406,46424
46384	21859,46423,46371,46367,46395,46426,46346,46421,46392,46393
46385	46402,46423,21859,46384,27091,46344,46386,46422,46342,46345
46386	46422,46426,46344,46378,46342,46372,46392,46421,46360,46362
46387	46367,46427,46395,5883,46417,46360,46410,46344,46391,46429
46388	10468,27573,562,1357,7263,7651,8783,8790,9657,9774
46389	46364,46372,46427,46377,46381,46383,46387,46402,46423,46433
46390	46377,46410,46453,46420,46426,21859,46378,46437,46448,46449
46391	46343,46402,27091,27093,46387,46392,46393,46406,46401,46409
46392	27091,27093,46386,46399,46440,46371,46384,46421,46342,46344
46393	46438,46343,27093,46371,46367,46384,46386,46446,46391,46405
46394	46367,46398,46374,46377,46381,46402,46412,46423,46424,27091
46395	21859,46387,46344,46384,46422,46371,46438,46440,46445,46362
46396	2071,4092,8987,12928,19886,21859,27065,27091,27093,32356
46397	21859,46384,46377,46423,27093,46343,46386,46387,46392,46427
46398	46394,46383,46386,46406,27091,27093,46343,46372,46377,46402
46399	46423,46392,21859,27091,46386,46367,46378,27093,46342,46344
46400	46422,21859,46377,46402,46423,27091,46343,46346,46378,46386
46401	46343,46377,27091,27093,46344,46391,46387,46406,46427,46429
46402	27091,46391,46342,46417,46426,46346,46385,46409,46410,46429
46403	46435,4092,5071,8122,8151,8194,8211,8227,16176,19261
46404	21859,27091,27093,46377,46381,46393,46402,46423,46438,46343
46405	46377,27093,46371,46343,46440,46372,46393,46417,46493,46362
46406	46343,27091,46386,46391,46422,46494,27093,46344,46362,46356
46407	46345,46357,46362,46363,46367,21110,46355,46405,46412,46493
46408	4092,21859,27065,27091,27093,32356,46342,46343,46344,46345
46409	46402,27091,46423,27093,46387,46391,46427,46362,46429,46494
46410	21859,46387,46371,46402,46423,46427,46422,46367,46380,46390
46411	21859,46371,46343,46355,46374,46391,27091,46389,46398,46402
46412	46434,46356,46367,46373,46427,46394,46433,46362,46372,46383
46413	46392,46429,46377,46378,21098,46397,21099,46384,46386,46426
46414	46377,27093,46343,46367,46371,46419,46421,46438,46393,46426
46415	46410,21859,46387,46402,46422,46423,46429,46343,46346,46384
46416	8158,4092,5071,16176,21859,27065,27091,27093,30750,30822
46417	46402,46387,46371,46440,46446,46342,46393,46405,46343,46392
46418	2053,3466,3898,8455,8508,14289,16686,17292,20418,20471
46419	46423,27093,46378,46414,46438,46386,46371,46392,46445,5883
46420	46390,46453,46377,46378,46392,46437,46410,46429,5893,21859
46421	21859,46384,46386,46426,5883,46371,46392,46414,46343,46427
46422	46386,46343,46367,5883,46395,46446,46342,46384,46427,46344
46423	46384,46426,46346,46381,46399,46419,46385,46410,46436,2558
46424	46356,46367,46373,46427,46364,46394,46433,46372,46406,46431
46425	46392,46437,46377,46378,46429,5891,46397,46410,7084,21099
46426	46423,46402,46386,27093,46384,46371,46421,46343,46378,46440
46427	46387,46367,27091,46429,46422,5883,46344,46410,46421,46440
46428	21859,46356,46364,46367,46373,46427,1680,46394,46433,140
46429	27091,46387,46427,27093,46402,46343,46392,46378,46391,46446
46430	7579,622,2827,2841,4048,4092,5951,7173,7599,7646
46431	27093,46343,46344,46362,46367,46372,46374,46377,46381,46386
46432	27093,46342,46343,46371,46374,46377,46386,46398,46402,46417
46433	46367,46423,46427,27093,46356,46372,46377,46387,46389,46412
46434	46412,21859,46356,46367,46456,46364,46373,46394,46427,46433
46435	46403,4036,4092,5071,8122,8151,8194,8211,8227,16176
46436	46341,46423,46438,46402,46426,46343,46367,46422,46440,46378
46437	46377,46390,46410,46425,46449,46341,46378,46420,46448,5891
46438	46341,27091,27093,46393,46344,46441,46342,46367,46414,46419
46439	624,548,579,2231,2255,2904,3437,5265,5458,5896
46440	46341,27093,46392,46417,46494,46384,46405,46426,46367,46395
46441	46438,46341,27091,27093,46343,46402,46423,46446,46392,46409
46442	46377,46384,46386,21859,46371,46426,46387,27093,46341,46390
46443	46341,46356,46367,46456,46373,46493,46362,46364,46406,46427
46444	
46445	21859,46341,46386,46446,46343,46371,46395,46426,46414,46417
46446	46341,27091,46422,46417,27093,46342,46371,46393,46445,46392
46447	21859,46357,46371,46374,46389,46394,46398,46411,46412,46424
46448	46453,46341,46390,46437,46377,46378,46392,5893,46410,46429
46449	46341,46390,46437,46392,46377,46378,5891,5893,46410,46429
46450	1507,10635,13160,16540,40093
46451	46459,16596,10635
46452	46459,1507,6639,10605,13160,16540,17584,37838,40810
46453	46390,46420,46448,46341,46377,46378,5893,21098,21099,46410
46454	46459,16596,10635
46455	
46456	46341,46371,21859,46443,46434,46491,46356,46364,46367,45585
46457	16596,10635,40093
46458	46459,16596,10635
46459	46451,46452,46454,46458,46460,46472,46479,46481,46485,16596
46460	46459,16596,10635
46461	16596,10635,40093
46462	16596,10635,40093
46463	46488,16596,10635,40093
46464	16596,10635,40093
46465	16596,10635,40093
46466	16596,10635,40093
46467	46488,16596,10635,40093
46468	16596,10635,40093
46469	16596,10635,40093
46470	16596,10635,40093
46471	1507,10635,13160,16540,40093
46472	46459,16596,10635
46473	16596,10635,40093
46474	16596,10635,40093
46475	46488,1507,10635,13160,16540,40093
46476	46490,46488,16596,10635,40093
46477	16596,10635,40093
46478	16596,10635,40093
46479	46488,46459,16596,10635
46480	16596,10635,40093
46481	46488,46459,16596,10635
46482	46485,46490,46488,16596,10635,40093
46483	16596,10635,40093
46484	16596,10635,40093
46485	46482,46459,16596,10635
46486	16596,10635,40093
46487	16596,10635,40093
46488	46463,46467,46475,46476,46479,46481,46482,16596,10635,40093
46489	16596,10635,40093
46490	46476,46482,16596,10635,40093
46491	46341,46371,46398,46424,46443,46456,21859,46434,46356,46364
46492	
46493	46341,46377,46372,46386,46344,46387,46405,27093,46345,46360
46494	46341,27093,46440,46362,46372,46392,46406,46427,46381,46384
46495	3952,4272,21106,21859,27103,45121,46341
46496	21099,46378,46380,46415,46426,21859,27091,46341,46343,46346
46497	5179,11711,28240,48877,448,916,1146,2516,3398,3685
46498	2334,4534,7980,11672,35401,44354,44824,45890,46499,46500
46499	35401,46507,46511,46520,46518,46522,46538,46541,46509,46523
46500	46550,35401,46498,46499,46501,46502,46503,46504,46506,46507
46501	7717,28866,41438,916,952,1814,5148,5201,5536,6046
46502	46506,46508,46525,46517,11711,46537,46549,448,2413,2496
46503	343,603,728,1088,1100,1497,1581,1673,1679,1687
46504	46522,35401,46499,46507,46510,46511,46518,46520,46524,46527
46505	37981,2914,6304,8737,1617,1797,12647,17801,17823,1534
46506	46502,46507,46518,46543,46520,46533,46540,46523,46527,46532
46507	46533,46523,46535,46536,46506,46547,46499,46509,46548,46534
46508	46502,46506,46507,46511,46518,46520,46524,46528,46543,35401
46509	46507,46511,46529,35401,46518,46521,46522,46523,46531,46532
46510	46507,46529,46531,46543,46544,46545,46546,46504,46509,46511
46511	35401,46532,46541,46523,46544,46499,46509,46531,46530,46534
46512	46543,46507,46511,46521,46524,46529,46531,46534,46545,46547
46513	3885,16880,24345,37,238,911,918,920,1350,1772
46514	10392,8047,8068,10240,11570,20569,22145,22265,25791,28758
46515	7923,19506,23484,23784,40593,40756,19,288,443,490
46516	48866,1605,41600,532,3883,9561,9567,12649,13730,16895
46517	46502,35401,46508,46527,46529,45626,46498,46499,46500,46501
46518	46521,46527,46540,46506,46531,46544,46548,46499,46509,46530
46519	2501,2503,2507,2528,2534,2561,2574,15507,30066,35401
46520	46528,35401,46533,46544,46499,46539,46546,46506,46530,46545
46521	46529,46518,46524,35401,46531,46538,46522,46532,46536,46540
46522	35401,46532,46538,46533,46535,46536,46541,46527,46540,46521
46523	46507,46511,46536,35401,46529,46535,46538,46541,46509,46521
46524	46527,46540,46521,46548,46531,46544,46546,46512,46525,46539
46525	46502,46518,46524,46532,35401,46511,46522,46536,46506,46507
46526	17767,32560,32613,35401,46498,46499,46500,46501,46502,46503
46527	46524,46518,46540,46522,46538,46541,46548,46528,46532,46533
46528	46543,46520,46538,46541,46527,46540,46521,46530,46544,46499
46529	46521,46532,46533,46535,46523,46531,46536,46546,46545,46509
46530	35401,46511,46518,46523,46528,46541,46543,46507,46520,46529
46531	46529,46521,46545,46511,46518,46524,46532,46540,46509,46522
46532	46511,46522,46529,46538,46541,46535,46521,46527,46531,46540
46533	46543,46507,46520,46529,46522,46535,46506,46527,46540,46544
46534	46507,46509,46511,46518,46522,46523,46527,46529,46532,46535
46535	46507,46529,46522,46536,46523,46532,46533,35401,46541,46509
46536	46507,46523,35401,46522,46529,46535,46538,46541,46521,46509
46537	35401,46502,46530,46533,46539,46541,46543,46545,46547,1078
46538	46522,46528,46541,35401,46532,46536,46521,46523,46527,46540
46539	35401,46520,46544,46546,46507,46509,46529,46511,46521,46524
46540	46524,46518,46527,46522,46538,46521,46528,46531,46532,46541
46541	46511,35401,46538,46522,46532,46523,46527,46528,46536,46535
46542	35401,46498,46499,46501,46502,46503,46504,46506,46507,46508
46543	46528,46533,46545,46547,46506,46512,46530,46510,46504,46508
46544	46520,46511,46518,46524,46539,46540,46541,46548,46522,46528
46545	46543,46529,46531,46521,46510,46511,46512,46518,46520,46524
46546	46529,46520,46521,46539,46548,46511,46518,46524,46532,46540
46547	35401,46543,46507,46531,46511,46512,46520,46521,46541,46499
46548	46524,46527,46507,46518,46529,46544,46546,46521,46532,46511
46549	46502,46512,46527,46534,46543,46545,46547,46548,1146,4909
46550	46500,35401,46498,46499,46501,46502,46503,46504,46506,46507
46551	35401,46498,46499,46500,46501,46502,46503,46504,46506,46507
46552	7557,49158,526,5568,7885,18084,19608,21468,22895,23232
46553	46560,46570,46558,46564,46576,46578,46582,46592,46593,526
46554	46553,46555,46556,46557,46558,46559,46560,46561,46562,46563
46555	46556,46561,46566,46571,46572,46590,46560,46576,46577,46578
46556	46555,199,522,560,621,21468,27071,42701,46553,46554
46557	19594,19604,19606,19609,19616,19617,19618,19620,19621,19645
46558	526,46553,46559,46563,46564,46575,21462,46554,46557,46560
46559	46564,46582,46563,46570,46558,46562,46581,46592,46593,526
46560	46582,46553,46555,46561,46565,46566,46570,46571,46572,46583
46561	46572,46555,46590,46560,46563,46570,46576,46578,46593,3430
46562	46564,46576,46578,46581,46590,7557,46559,46588,49158,4396
46563	46559,46558,46561,46566,46571,46572,46590,526,11923,11938
46564	46559,46562,46581,7557,46553,46558,46570,46588,46592,49158
46565	46583,14681,36181,36197,46566,46590,49128,49158,49161,46560
46566	46590,46555,46565,36181,36197,46560,46563,46576,46578,46583
46567	46553,46554,46555,46556,46557,46558,46559,46560,46561,46562
46568	7860,7908,7911,16476,46589,3908,30749,46553,46554,46555
46569	46553,46554,46555,46556,46557,46558,46559,46560,46561,46562
46570	46593,46553,46559,46592,49108,14681,25440,46560,46561,46564
46571	46555,46590,46560,46563,46570,46576,46578,46593,20621,27522
46572	46561,46555,46590,46560,46563,46570,46576,46578,46593,27522
46573	5538,14456,23179,30846,223,321,544,553,596,1113
46574	46553,46554,46555,46556,46557,46558,46559,46560,46561,46562
46575	46558,46577,526,46553,46554,46555,46557,46559,46560,46561
46576	46578,46590,46562,46581,7557,46553,46555,46561,46566,46571
46577	46555,46575,526,21468,46553,46554,46557,46559,46560,46561
46578	46576,46590,46562,46581,7557,46553,46555,46561,46566,46571
46579	49143,25433,25440,25443,25447,25462,46553,46554,46555,46556
46580	46553,46554,46555,46556,46557,46558,46559,46560,46561,46562
46581	46562,46564,46576,46578,46590,7557,46559,46588,49158,46553
46582	46560,46559,46553,46565,46570,46583,46592,46593,49128,1301
46583	46565,49158,46560,46566,46582,1301,2437,4219,4240,5823
46584	46553,46554,46555,46556,46557,46558,46559,46560,46561,46562
46585	5569,9516,12777,46591,223,544,3407,5078,5538,5567
46586	9906,12333,12581,24226,29592,34867,34874,46553,46554,46555
46587	375,2054,13973,14036,14048,14095,14138,14152,14206,14216
46588	3358,44589,46557,46562,46564,46576,46578,46581,46590,499
46589	46568,3908,7860,7870,7889,7908,16476,30749,46553,46554
46590	46576,46578,46566,46555,46561,46562,46565,46571,46572,46581
46591	22283,4204,22282,4254,4314,5085,5986,7989,10350,22147
46592	46570,46553,46559,46560,46564,46582,46593,46594,49100,300
46593	46570,49108,7557,25459,49128,14643,25440,46553,46559,46560
46594	46570,46592,46593,7557,25459,46553,46554,46555,46556,46557
46595	30602,1832,1846,1874,2413,7852,10496,11867,13210,13306
46596	46597,46598,46599,46600,46601,46602,46603,46604,46605,46606
46597	1810,10287,29414,11466,11473,19231,22094,27266,29380,29385
46598	46599,46600,46601,46605,46608,46603,46612,46615,46619,46596
46599	46600,46605,46608,46598,46612,46615,46597,46614,46619,7852
46600	46605,46599,46598,46612,46615,7242,7852,46597,46614,46619
46601	27736,46598,1100,1689,3876,10240,13818,25195,44943,1085
46602	46610,46613,46619,42163,46596,46597,46598,46599,46600,46601
46603	46607,46608,46612,46598,46615,46597,46611,46614,46619,2413
46604	46621,20884,42163,46596,46597,46598,46599,46600,46601,46603
46605	46600,46599,46598,46612,46615,46597,46614,46619,7852,13569
46606	46607,30602,46597,46611,46614,46619,2413,7852,13569,19297
46607	46606,46603,46612,46597,46611,46614,46615,46619,2413,7852
46608	46603,46599,46598,46612,46615,46597,46614,46619,2413,7852
46609	46613,46619,5956,6017,8688,8712,12388,15310,19014,20884
46610	46602,46613,46619,5046,5069,7611,8154,9980,10368,12069
46611	46601,46603,46606,46607,46621,46596,46597,46598,46600,46602
46612	46599,46600,46603,46605,46608,46598,46607,46615,46597,46614
46613	46602,46609,46610,46619,46596,46597,46598,46599,46600,46601
46614	46597,46599,46600,46603,46605,46606,46607,46608,46612,46615
46615	46600,46599,46603,46605,46608,46612,46621,10240,10456,46597
46616	13224,13243,22603,25847,79,337,351,375,390,518
46617	46596,46597,46598,46599,46600,46601,46602,46603,46604,46605
46618	405,1860,4104,4114,4219,4240,7177,7248,7654,7897
46619	46598,46599,46600,46601,46602,46603,46605,46606,46607,46608
46620	46597,46598,46599,46600,46601,46602,46603,46604,46605,46606
46621	46615,46597,46604,46611,46614,186,1966,2413,4389,4909
46622	20833,20825,49549,23476,34055,4041,4264,4707,8492,10735
46623	1867,6933,9638,9879,10842,13140,14690,15005,19210,22604
46624	46656,46660,46645,46658,46635,46643,46662,46666,46647,46657
46625	11395,18539,23616,34589,34634,45150,3575,3576,8677,19427
46626	5382,5393,6933,7860,9879,14821,19210,20774,28768,42956
46627	46638,6296,6933,9879,19210,42956,46623,46624,46625,46626
46628	46624,46629,46635,46636,46642,46643,46645,46647,46654,46655
46629	46628,46636,46638,46661,46664,182,237,2223,2679,2957
46630	43284,11712,17450,28050,29753,43456,46638,46969,46972,46974
46631	6933,9879,19210,42956,46623,46624,46625,46626,46627,46628
46632	46637,46651,6933,9879,19210,26301,42956,46623,46624,46625
46633	6933,9879,19210,42956,46623,46624,46625,46626,46627,46628
46634	45290,6925,45467,45513,45527,4410,4755,6933,11682,11686
46635	46658,46665,46624,46643,46645,46656,46660,46657,46659,46662
46636	46628,46629,6933,9879,19210,42956,46623,46624,46625,46626
46637	20577,46632,350,375,573,628,689,1230,1433,2196
46638	20833,46667,20825,46641,30002,34055,182,4041,4264,4707
46639	1230,1382,1491,2785,2865,3450,5186,5202,5490,5987
46640	6933,9879,19210,42956,46623,46624,46625,46626,46627,46628
46641	46638,46666,20833,46624,46655,46656,46657,46661,46665,46667
46642	44891,13805,13898,13956,13981,14005,14027,14130,23619,23661
46643	46658,46659,46660,46661,46662,46663,46624,46635,46664,46645
46644	10652,6899,6933,20869,45610,1387,1787,1927,6574,6575
46645	46624,46656,46660,46665,46635,46658,46662,46643,46647,46657
46646	46649,6165,6933,9879,14996,15066,19210,20555,22334,42541
46647	46655,46658,46665,46624,46643,46645,46656,46660,46663,46664
46648	46643,46654,46657,46658,46659,46662,46663,46667,2988,4910
46649	46646,2036,4935,6165,6933,7898,9879,18616,18868,18989
46650	6933,9879,19210,42956,46623,46624,46625,46626,46627,46628
46651	46632,6165,6933,9879,19210,20555,22334,26301,42541,42956
46652	6933,9879,19210,42956,46623,46624,46625,46626,46627,46628
46653	6933,9879,19210,42956,46623,46624,46625,46626,46627,46628
46654	46657,20844,46659,4101,4289,20820,46662,4046,4115,4202
46655	46663,20833,46647,46664,20825,46654,4041,22182,34055,46628
46656	20833,46624,46645,46667,46635,46666,20825,46647,46654,46664
46657	46654,46659,46662,46665,46660,46661,46667,3971,4289,46663
46658	46643,46663,46624,46635,46645,46647,20825,46654,46664,46666
46659	46657,46643,46654,46660,46661,46663,46665,46667,4115,46624
46660	46624,46662,46643,46645,46657,46659,46635,46667,46647,46664
46661	46662,46667,46643,46657,46659,46666,49731,20833,30002,46628
46662	46657,46660,46661,46665,46643,46624,46645,46654,46667,8008
46663	46655,46658,46643,46659,46657,46664,46635,46647,46654,46667
46664	46655,46643,46663,46665,27150,28298,30008,44276,44949,44966
46665	46657,46662,46635,46645,46659,20833,46647,46664,46666,46654
46666	46624,46656,46657,46661,46665,46635,46641,46645,46654,46658
46667	46638,46661,46656,46657,46659,46660,46662,46624,46654,46663
46668	22188,28304,45637,2044,15061,28330,11958,21872,22043,23223
46669	46687,46690,46725,48565,8861,8948,14918,35043,46673,46680
46670	46685,46675,46676,46678,46680,46687,46690,46694,46699,46703
46671	46704,46707,46713,46737,46702,46741,46691,46693,46734,46751
46672	46675,46759,46755,46669,46674,46680,46702,46706,46712,46725
46673	46669,46671,46676,46680,46682,46685,46686,46687,46690,46691
46674	46725,46732,46749,46709,46736,46738,46747,46692,46727,46740
46675	46703,46704,46737,46678,46705,46707,46713,46714,46746,46752
46676	46680,46693,46694,46699,46671,46690,46701,46706,46712,46754
46677	46674,46680,46690,46714,46736,46684,46693,46703,46710,46711
46678	46675,46680,46744,46671,46691,46704,46710,46714,46715,46716
46679	46687,46674,46669,46671,46676,46680,46685,46690,46693,46694
46680	46710,46716,46721,46746,46752,46678,46705,46707,46709,46725
46681	46670,46674,46675,46676,46677,46678,46679,46680,46685,46687
46682	46702,46738,46693,46714,46703,46713,46717,46744,46684,46710
46683	46669,46675,46680,46682,46684,46687,46690,46706,46712,46714
46684	46690,46714,46682,46693,46711,46721,46691,46702,46703,46710
46685	46687,28296,46704,46737,46741,46680,46690,46692,46694,46707
46686	46702,46687,46693,46669,46671,46673,46680,46682,46690,46691
46687	46685,46692,46741,46669,46690,46761,46703,46679,46691,46714
46688	22188,46728,46751,7651,21872,46669,46674,46687,46690,46694
46689	26454,46752,46674,46682,46690,46702,46717,46724,46732,46734
46690	46717,46687,46711,46719,46721,46744,46684,46725,22188,46759
46691	46702,46703,46713,46724,46758,46671,46687,46714,46721,46734
46692	46687,46674,46707,46728,46741,46685,46761,46675,46697,46729
46693	46702,46682,46711,46714,46721,46671,46684,46710,46724,46740
46694	46751,46762,46671,46676,46680,46685,46690,46697,46706,46728
46695	15054,26563,26569,28296,46685,46704,46713,46725,46737,46745
46696	12401,22199,3903,4046,46671,46674,4086,4202,4246,4289
46697	46674,46694,46728,46751,46675,46680,46690,46702,46747,46762
46698	4264,4296,46669,46670,46671,46673,46675,46676,46678,46680
46699	46762,46735,46747,46675,46741,46676,46693,46706,46761,46669
46700	7651,4717,14302,3937,4182,6417,6423,6427,7611,13263
46701	46671,46680,46693,46702,46676,46690,46694,46706,46731,46758
46702	46693,46682,46724,46707,46714,46671,46691,46713,46734,46751
46703	46675,46682,46687,46691,46713,46714,46741,46743,46684,46710
46704	46737,46675,46671,46724,46729,46741,46716,46758,46685,46719
46705	46675,46680,46744,46671,46691,46704,46710,46714,46715,46716
46706	46680,46690,46694,46699,46712,46725,8872,46676,46682,46693
46707	46671,46702,46735,46675,46680,46692,46685,46693,46704,46724
46708	46674,46690,46713,46714,46724,46711,46719,46737,46704,46671
46709	46674,46714,46680,46719,46711,46678,46682,46693,46704,46705
46710	46680,46719,46682,46693,46721,46736,46741,22188,46671,46678
46711	46714,46690,46719,22188,46693,46684,46702,46721,46724,45637
46712	46680,46706,46669,46676,46682,46690,46693,46694,46702,46703
46713	46671,46717,46741,46675,46682,46691,46702,46703,46729,46743
46714	46711,46682,46702,46709,46675,46684,46693,46687,46691,46703
46715	46682,46671,46675,46678,46691,46705,46713,46714,46734,46741
46716	46680,46737,46704,46671,46678,46705,46727,46736,46741,46746
46717	46724,46690,46713,46682,46737,46702,46734,46739,46704,46711
46718	46675,46704,46737,46671,46673,46680,46682,46690,46693,46713
46719	46690,46710,46711,22188,46704,46709,46741,46671,46682,46684
46720	46669,46671,46673,46676,46680,46682,46685,46686,46687,46690
46721	46680,46690,46693,46682,46684,46691,46702,46710,46711,46724
46722	46757,8003,46725,46762,2044,7983,8880,14399,14438,14918
46723	46675,46685,46686,46687,46702,46669,46670,46671,46673,46678
46724	46717,46737,46739,46702,46738,46704,46691,46744,46693,46711
46725	46674,46680,46690,46669,46675,46685,46704,46706,46737,11958
46726	46671,46674,46696,46706,4137,8872,46673,46676,46679,46680
46727	46674,46680,46736,46704,46710,46716,46748,46677,46690,46721
46728	46751,46674,46692,46694,46697,46741,46761,46685,46688,46702
46729	46704,46737,46713,46675,46687,46690,46703,46741,46671,46685
46730	46702,39105,46669,46671,46673,46675,46676,46678,46680,46682
46731	46671,46687,46701,46754,46669,46673,46676,46680,46682,46685
46732	46674,46756,46675,46702,46717,46744,46671,46680,46691,46715
46733	46669,46670,46671,46673,46675,46676,46678,46680,46682,46683
46734	46680,46702,46671,46691,46717,46756,46715,46741,46758,46693
46735	46707,46699,46741,46702,46761,46680,46694,46669,46671,46675
46736	46674,46680,46727,46710,46740,46748,46677,46690,46716,46721
46737	46704,46724,46675,46716,46671,46729,46717,46758,46685,46678
46738	46682,46724,46674,46756,46702,46717,46744,15061,46675,46689
46739	46724,46702,46717,46756,46675,46680,46691,46671,46704,46715
46740	46674,22188,46693,46714,46736,46684,46690,46702,46710,46719
46741	46687,46704,46713,46761,46671,46735,46675,46682,46685,46691
46742	46674,46680,46693,46702,46707,46711,46721,46735,46740,46744
46743	46674,46691,46703,46713,46675,46682,46702,46714,46758,46684
46744	46690,46682,46724,46678,46702,46705,46717,46732,46738,46749
46745	46695,46725,46747,46751,46762,46674,46687,46694,46699,46702
46746	46680,46675,46702,46756,46671,46704,46710,46714,46716,46737
46747	46674,46751,46699,46702,46694,46680,46697,46714,23223,46671
46748	46674,46680,46713,46736,46714,46727,46677,46690,46702,46710
46749	46674,46675,46702,46717,46744,46671,46680,46691,46715,15061
46750	46669,46670,46671,46673,46675,46676,46678,46680,46682,46683
46751	46762,46747,46694,46702,46728,46671,46675,2044,46680,46697
46752	46680,46675,46741,46671,46691,46704,46710,46714,46715,46716
46753	46674,46680,46690,46748,46682,46693,46702,46704,46714,46736
46754	46671,46680,46693,46702,46676,46690,46694,46706,46731,46758
46755	46672,46675,46679,46688,46759,375,464,4793,5036,7630
46756	46682,46724,46732,46734,46738,46739,46746,46674,46702,46717
46757	46687,46692,46694,46699,46722,46741,46762,2044,8003,46670
46758	46691,46704,46737,46671,46687,46702,46724,46713,46734,46743
46759	46680,46690,46672,46702,46669,46671,46676,46682,46685,46691
46760	46678,8635,46707,46725,556,566,2031,2044,2103,2876
46761	46687,46741,46714,46735,46690,46692,46699,46702,46728,46669
46762	46751,46699,46702,46694,46680,46714,46671,46675,46676,46690
46763	24361,9533,42488,284,292,343,6184,10849,11839,12884
46764	15989,3887,4188,4885,6929,7254,7438,9155,9175,9192
46765	46768,46770,46771,46773,46774,46776,46779,46781,46798,46801
46766	284,46775,46779,46798,287,289,292,299,24362,46768
46767	46768,46773,24361,46772,9533,46771,46796,284,292,6184
46768	46767,46766,46774,46775,46776,46765,46770,46781,46782,46789
46769	42660,46779,46798,46801,46766,46771,46772,46773,46782,46791
46770	46765,46768,46771,46773,46774,46776,46779,46781,46798,46801
46771	46773,42488,42660,46767,46779,23535,46765,46769,46770,46776
46772	42660,46767,42488,46775,46766,46769,46796,81,195,343
46773	46767,46771,46776,46796,46801,46791,46794,6184,24361,42488
46774	46768,46798,46801,46765,46770,46773,46776,46779,46781,49984
46775	46766,46768,46772,46779,46798,45251,46767,46782,46789,46791
46776	46773,46766,46768,46779,46798,45251,46765,46767,46770,46771
46777	7438,42660,46764,46765,46766,46767,46768,46769,46770,46771
46778	7438,42660,46764,46765,46766,46767,46768,46769,46770,46771
46779	46798,46766,46801,46769,46771,46775,46776,46782,46791,46794
46780	222,2538,4875,5086,6306,7438,9105,10313,11887,13576
46781	7438,352,368,13557,13573,13933,14514,16340,20286,36479
46782	46766,46779,46791,46794,46798,46768,46769,46773,46775,46776
46783	46792,4871,4880,4887,4889,4890,4901,4904,4913,4916
46784	7438,24083,42660,44437,46764,46765,46766,46767,46768,46769
46785	7438,42660,46764,46765,46766,46767,46768,46769,46770,46771
46786	1797,2438,3714,3729,3731,4845,7438,9841,12647,13559
46787	25759,25861,43038,46689,564,2827,3024,3676,5033,5067
46788	7438,18276,42660,46764,46765,46766,46767,46768,46769,46770
46789	46766,46767,46768,46773,46775,46776,46779,46782,46791,46794
46790	7438,42660,46764,46765,46766,46767,46768,46769,46770,46771
46791	46794,287,7204,280,285,290,294,298,26476,42510
46792	42692,42725,31978,31989,5456,42700,42764,19117,4208,7268
46793	46799,626,2786,3230,3901,4660,5377,6899,7438,7921
46794	46791,287,294,7204,42510,289,290,298,299,23869
46795	12392,32496,1418,1725,2252,2286,5928,5988,6479,7438
46796	46773,46767,46791,46794,6184,14996,24361,46768,46772,46779
46797	35633,35613,35678,20075,25222,35570,35661,35692,11595,14181
46798	46779,46766,46769,46774,46775,46776,46782,46791,46794,46765
46799	12333,23613,26567,34753,3394,3577,5588,8172,8726,9715
46800	1944,7789,11093,15810,15812,17595,20561,23685,33853,34149
46801	42660,46773,46779,46769,46774,46765,46766,46770,46776,46781
46802	237,298,918,1887,5373,6654,6929,7204,7438,8998
46803	46805,46806,46811,46820,8564,16211,31804,46804,46808,46812
46804	46811,46819,660,3451,3456,3505,3518,3519,3525,3545
46805	46803,46806,46810,46811,46820,8564,16211,31804,46804,46808
46806	46803,46805,46810,46811,1356,5263,5274,6472,6482,6508
46807	46820,46811,7057,8564,16211,31804,35248,46804,46808,46812
46808	46821,7183,7207,7214,7215,29663,29667,29668,29670,29673
46809	46808,7057,8564,16211,31804,35248,46804,46812,46813,46814
46810	46805,46806,46811,46820,8564,16211,31804,46804,46808,46812
46811	46803,46804,46805,46806,46807,46810,46814,46819,46820,7191
46812	34265,222,232,351,472,576,1099,1244,1823,1918
46813	8564,16211,31804,46803,46804,46805,46806,46807,46808,46809
46814	46811,46819,3549,7183,7191,7211,7214,7215,8564,16211
46815	569,2915,3549,6068,6271,6405,6796,8564,10579,12665
46816	8564,16211,31804,46803,46804,46805,46806,46807,46808,46809
46817	31804,46818,31790,3774,31756,31775,31781,31779,31786,45932
46818	31804,31790,46817,3774,31756,31779,31781,31783,31786,45932
46819	46804,46811,46814,7191,7211,8564,16211,31804,45935,45966
46820	46807,46803,46805,46810,46811,7057,8564,16211,31804,35248
46821	6397,46808,46822,522,560,566,4036,4104,4205,4840
46822	10987,21915,46821,48659,229,340,354,3238,4046,4048
46823	7322,21183,25615,25624,1061,1404,2993,3347,3971,4074
46824	23250,25635,46825,46826,46827,46828,46829,46830,46831,46832
46825	46843,46854,46827,46828,46833,46834,46836,46838,46839,46846
46826	46831,46832,46838,25635,46848,1061,6174,7322,8514,15064
46827	46825,46838,46843,46848,46854,8174,23250,25635,46824,46826
46828	46831,46832,46834,7322,25635,46825,46843,46855,1061,6174
46829	2249,17559,1356,2864,2915,6978,7022,7930,9668,12724
46830	23250,25635,46824,46825,46826,46827,46828,46829,46831,46832
46831	46826,46828,25635,46832,46834,46836,46839,7322,8122,23250
46832	46826,46828,25635,46831,46836,46839,6174,23250,25615,25624
46833	46836,46839,46846,46847,46854,46825,46834,46838,46843,46855
46834	25624,25635,46828,46839,46847,25547,25572,25605,25609,25612
46835	2864,12742,12746,16518,23250,25635,28494,42094,46824,46825
46836	46833,46839,46846,46854,46825,46831,46832,46834,46843,46855
46837	46850,4839,23250,25635,46824,46825,46826,46827,46828,46829
46838	46826,46847,46854,46825,46827,46833,46839,46843,46846,46848
46839	46833,46834,46836,46846,46847,25635,46825,46831,46832,46838
46840	47897,47933,47939,47936,47961,47963,47895,47941,47943,47956
46841	23250,25635,46824,46825,46826,46827,46828,46829,46830,46831
46842	23250,25635,46824,46825,46826,46827,46828,46829,46830,46831
46843	46825,46854,46827,46828,46833,46834,46836,46838,46839,46846
46844	23250,25635,46824,46825,46826,46827,46828,46829,46830,46831
46845	556,2103,4174,4223,6161,6180,6298,6397,7467,8452
46846	46833,46836,46839,46847,46854,46825,46834,46838,46843,46855
46847	46854,46833,46834,46838,46839,46846,46825,46843,46855,134
46848	46825,46826,46827,46838,46854,8174,23250,25635,46824,46828
46849	23250,25635,46824,46825,46826,46827,46828,46829,46830,46831
46850	46837,4839,23250,25635,46824,46825,46826,46827,46828,46829
46851	82,551,748,3175,4032,4782,4841,5143,5995,7579
46852	23250,25635,46824,46825,46826,46827,46828,46829,46830,46831
46853	23250,25635,46824,46825,46826,46827,46828,46829,46830,46831
46854	46847,25615,46825,46833,46836,46838,46843,46846,8169,9553
46855	46825,46828,46833,46834,46836,46839,46843,46846,46847,46854
46856	43048,46960,45825,48907,48918
46857	46865,46866,43048,46859,46862,46863,46864,46867,46960,45825
46858	31433,46862,46863,46864,46865,46866,46867,43048,46859,46860
46859	31415,46857,46865,46866,43048,45825,46858,46860,46861,46862
46860	31415,31433,46857,46858,46859,46861,46862,46863,46864,46865
46861	31415,31433,46857,46858,46859,46860,46862,46863,46864,46865
46862	31433,46857,46858,46863,46864,46865,46866,46867,43048,46859
46863	31433,46857,46858,46862,46864,46865,46866,46867,43048,46859
46864	31433,46867,46857,46858,46862,46863,46866,43048,46859,46860
46865	46857,46866,43048,46858,46859,46862,46863,46960,45825,46860
46866	46857,46865,43048,46858,46859,46862,46863,46864,46867,46960
46867	31433,46864,46857,46858,46862,46863,46866,43048,46859,46860
46868	49459,17333,44958,49453,49454,550,2027,2040,2066,2512
46869	17333,45274,46875,46894,17698,36367,44958,46874,46878,46897
46870	46893,46894,49450,49476,17334,46874,49473,11779,17699,36367
46871	13015,45274,46869,46870,46872,46873,46874,46875,46876,46877
46872	46888,46896,46870,46877,46879,46881,46882,46890,46892,46897
46873	46882,46890,46892,46898,46901,46870,46874,46877,46879,46881
46874	36367,46870,46893,17698,46869,46873,46882,46886,46889,46890
46875	45274,17333,46869,49459,44958,46878,46897,49454,1366,1545
46876	2017,2036,21678,25184,30115,43521,44932,242,385,807
46877	46886,46889,46888,46899,46870,46872,46873,46879,46881,46882
46878	46897,46885,26349,45274,46869,46875,46880,46883,46884,46887
46879	46870,46872,46873,46877,46881,46882,46888,46890,46892,46896
46880	46878,46884,46885,46887,46902,13015,17334,30701,32600,36194
46881	46870,46872,46873,46877,46879,46882,46888,46890,46892,46896
46882	46873,46890,46892,46896,46901,46870,46872,46874,46877,46879
46883	46878,46888,46891,46897,13015,36574,40711,45274,46869,46870
46884	46885,46887,46902,46878,46880,46889,46897,46899,13015,45274
46885	46878,46884,46897,46873,46880,46882,46890,46901,13015,45274
46886	46877,46873,46874,46882,46888,46890,46892,46893,46896,13015
46887	46884,46897,46878,46880,46888,13015,45274,46869,46870,46871
46888	46897,46872,46877,46892,46896,46900,46870,46879,46881,46883
46889	46877,46873,46874,46882,46884,46888,46890,46892,46893,46896
46890	46873,46882,46896,46901,46870,46872,46874,46877,46879,46881
46891	46878,46883,46888,46897,13015,36574,40711,45274,46869,46870
46892	46873,46882,46888,46900,13543,46870,46872,46874,46877,46879
46893	46870,49476,46874,17334,17698,36338,39719,46873,46882,46886
46894	46870,46869,17334,17698,36367,46874,46897,49473,49476,7013
46895	15017,15029,15034,15021,15028,15031,15033,15025,15030,15044
46896	46890,46872,46882,46888,46870,46874,46877,46879,46881,46886
46897	46878,46888,46885,46887,46899,46902,45274,46869,46872,46875
46898	46873,46870,46877,46879,46881,46882,46888,46890,46892,46896
46899	46902,46877,46897,46884,46888,13015,45274,46869,46870,46871
46900	46888,46892,46870,46872,46873,46877,46879,46881,46882,46896
46901	46873,46882,46890,46870,46872,46877,46879,46881,46885,46892
46902	46899,46884,46897,46878,46880,46888,13015,45274,46869,46870
46903	13015,45274,46869,46870,46871,46872,46873,46874,46875,46876
46904	27517,32,90,551,577,770,778,1366,1458,1698
46905	15032,20832,185,202,3460,4166,21856,41696,43587,47644
46906	3466,3536,5207,42169,46907,46908,46909,46910,46911,46912
46907	46908,46910,46913,46915,46923,46935,46949,3536,20832,41696
46908	46907,46910,46911,46912,46913,46923,46932,46935,46949,3536
46909	3466,46937,95,181,3903,3920,4132,4190,4202,4281
46910	46907,46908,46911,46912,46913,46915,46923,46932,46935,46949
46911	46932,46908,46910,46913,46915,46923,46935,46949,3536,20832
46912	46908,46910,46913,46915,46923,46935,46949,3536,20832,41696
46913	46935,46907,46908,46910,46911,46912,46915,46923,46932,202
46914	46946,46935,3460,3536,46907,46908,46910,46911,46912,46915
46915	46907,46910,46911,46912,46913,46923,46932,46935,46949,3536
46916	3466,3536,5207,42169,46906,46907,46908,46909,46910,46911
46917	3466,3536,5207,42169,46906,46907,46908,46909,46910,46911
46918	704,726,728,3466,3536,4779,5207,7429,7442,11839
46919	3466,3536,5207,42169,46906,46907,46908,46909,46910,46911
46920	4289,8013,14919,15567,22104,22112,31128,31134,36621,42468
46921	15032,46935,46939,3455,3536,4035,11004,46907,46908,46910
46922	3466,3536,5207,21515,42169,46906,46907,46908,46909,46910
46923	46949,20832,46907,46908,46910,46911,46912,46913,46915,46932
46924	3466,3536,5207,42169,46907,46908,46909,46910,46911,46912
46925	3466,3536,5207,42169,46906,46907,46908,46909,46910,46911
46926	229,3466,3536,4046,4115,4262,4297,5207,5467,10456
46927	3466,3536,5207,21515,42169,46906,46907,46908,46909,46910
46928	3466,3536,5207,42169,46906,46907,46908,46909,46910,46911
46929	3466,3536,5207,42169,46906,46907,46908,46909,46910,46911
46930	3466,3536,46909,46923,46931,46936,46939,46940,46946,46948
46931	3466,3536,46946,46930,46949,5207,42169,46906,46907,46908
46932	46911,46908,46910,46913,46915,46923,46935,46949,3536,20832
46933	3466,3536,5207,42169,46906,46907,46908,46909,46910,46911
46934	3466,3536,5207,42169,46906,46907,46908,46909,46910,46911
46935	46913,20832,46907,46908,46910,46911,46912,46914,46915,46921
46936	3466,46909,46930,46937,46943,46945,3536,4166,5207,42169
46937	3466,46909,46942,46935,46936,181,185,3536,4166,5207
46938	3466,3536,5207,42169,46906,46907,46908,46909,46910,46911
46939	46921,46948,95,96,126,182,3466,4037,4166,46930
46940	46921,46930,46939,46943,46945,46948,3466,3536,5207,42169
46941	42169,43074,2036,15106,15706,15738,19406,42152,1846,2084
46942	46937,46909,181,185,3466,3536,5207,12004,12766,12829
46943	3466,46909,46935,46936,46939,46940,46948,3536,4166,5207
46944	3466,3536,5207,42169,46906,46907,46908,46909,46910,46911
46945	46935,3536,46907,46908,46909,46910,46911,46912,46913,46914
46946	3536,46914,3501,46931,2644,3460,3490,3538,3551,3566
46947	3466,3536,5207,42169,46906,46907,46908,46909,46910,46911
46948	46939,46921,46930,46940,46943,46945,3466,3536,5207,36506
46949	46923,46951,3536,46907,46908,46910,46911,46912,46915,46932
46950	3466,46907,46912,46946,3536,3898,3931,4011,4218,4246
46951	3466,46949,46907,46908,46910,46911,46912,46915,46923,46932
46952	7980,16919,17013,113,1099,3991,5053,5078,6397,8514
46953	46957,46962,975,1100,1111,1181,2043,2646,2678,2993
46954	46955,46957,46958,46963,46966,6397,16915,26516,45531,46953
46955	46957,16883,45834,7980,8731,16861,16947,16989,46954,46956
46956	46963,46955,46958,46964,46966,3991,6331,7980,8514,11015
46957	46958,46966,46955,46953,46954,3518,5052,6397,8002,8260
46958	46957,16915,46954,46956,1099,3518,5052,6397,8002,8260
46959	16915,46953,46954,46955,46956,46957,46958,46960,46961,46962
46960	5033,43048,46856,46857,46865,46866,2092,5037,5080,7611
46961	16915,46953,46954,46955,46956,46957,46958,46959,46960,46962
46962	46964,7980,16915,46953,468,660,1099,1564,1676,2694
46963	7980,46956,16915,46954,1099,6397,8514,11572,12527,16919
46964	46962,7980,16915,22850,45460,45514,46956,161,222,229
46965	16915,46953,46954,46955,46956,46957,46958,46959,46960,46961
46966	46957,16915,46954,46956,1099,2088,3518,4590,5052,5541
46967	14156,31265
46968	7506,1782,5588,6804,9170,13806,15246,16027,16402,18338
46969	43284,33701,12881,1216,10469,11712,12912,17450,22234,28625
46970	202,4500,8825,15982,21289,28548,30618,30658,1113,1137
46971	46979,33701,43501,46974,1351,3283,7651,10764,11045,29783
46972	12881,33701,46977,46979,46980,46981,453,2850,4185,8501
46973	39647,43501,46970,46971,46972,46974,46975,46976,46977,46978
46974	43531,45890,46971,453,2850,4185,4717,6063,6271,8501
46975	20050,22743,25506,25516,30716,30832,39647,42109,42413,42417
46976	43501,17450,45890,46977,46980,1216,4717,11181,12491,16350
46977	43501,46980,46972,46976,46981,12912,24165,43531,46979,453
46978	46971,46972,46974,46979,33701,39647,43501,46970,46973,46975
46979	33701,46971,7651,372,4736,9882,10483,14346,21171,43501
46980	43501,46977,46972,46976,46981,12881,12912,24165,28625,46979
46981	43501,46972,46977,46980,12881,24165,28625,46976,46979,453
46983	6806,47199,48662,25836,574,594,2838,2939,2984,2993
46984	47005,8234,8239,20845,27887,42196,46989,46991,46992,46994
46985	20845,32178,46998,3023,3129,3131,3305,3311,4427,6065
46986	46990,46992,2993,3007,3238,3971,4099,4206,4211,4279
46987	6021,6098,10301,10447,28579,30614,46986,46990,47007,19
46988	20845,46984,46985,46986,46987,46989,46990,46991,46992,46993
46989	46995,46992,46984,46986,46990,46994,46998,47003,574,594
46990	46986,46992,46995,47003,6806,46987,46989,46997,47005,47006
46991	20845,46998,46999,47003,47005,46984,46993,46997,47002,47006
46992	3238,4099,4279,5990,6413,9391,10987,14408,20844,22623
46993	20845,46991,46999,47002,47005,2832,11531,12731,18096,19502
46994	20845,46998,47003,46984,46989,46997,46999,47005,47006,25836
46995	46989,46990,25836,46986,46996,47002,48662,574,594,2984
46996	20845,46992,46995,46998,46984,46985,46986,46987,46988,46989
46997	20845,46992,47003,47006,46984,46990,46991,46994,46999,47005
46998	46991,46994,47005,47199,25836,46984,46985,46986,46989,46996
46999	20845,46991,46992,46993,46994,46997,46998,47003,47006,19731
47000	19505,82,223,1839,2014,2667,3405,3518,3878,4049
47001	28079,28065,28069,28082,48025,562,2576,2820,3518,12414
47002	47005,20845,46984,46991,46993,46995,19695,46985,46986,46987
47003	46990,46991,46994,46997,47005,47006,25836,46984,46986,46989
47004	6691,16898,16901,20845,42245,46984,46985,46986,46987,46988
47005	46984,46991,46992,46998,47002,47003,46986,46990,46993,46994
47006	20845,46992,46997,47003,46984,46990,46991,46994,46999,47005
47007	46986,46987,46990,6806,20845,30614,46639,46984,46988,46989
47008	20845,46984,46985,46986,46987,46988,46989,46990,46991,46992
47009	6089,3018,3026,3014,3019,3021,3027,3115,4485,5269
47010	11772,13278,33772,47016,47021,47029,452,1366,1390,1545
47011	47023,47027,2914,3016,3115,4396,4407,4409,4417,4470
47012	47014,3018,47016,47022,47029,3014,3019,3020,3021,3026
47013	47019,3016,47014,47015,47017,47020,47023,47029,47030,6089
47014	47012,47013,47016,47019,47029,3016,6089,47010,47011,47015
47015	3016,47013,47017,47019,47020,47023,47027,47030,6089,47010
47016	47010,47012,47014,47029,3016,4485,6089,47013,47015,47017
47017	3016,40533,47013,47015,47019,47020,47023,47027,47030,39
47018	47022,542,3014,3016,3017,3018,3023,4264,6089,6117
47019	47013,3016,47014,47015,47017,47020,47023,47029,47030,6089
47020	3016,47013,47015,47017,47019,47023,47027,47030,6089,47010
47021	47010,47023,47029,3016,4485,47012,47013,47014,47015,47017
47022	3016,3014,3017,3020,47012,47018,47023,3019,3023,3027
47023	3016,47027,47011,47013,47015,47017,47019,47020,47021,47022
47024	10502,16539,40472,8233,17031,17761,18289,19554,30043,30741
47025	3016,47010,47011,47012,47013,47014,47015,47016,47017,47018
47026	3016,47010,47011,47012,47013,47014,47015,47016,47017,47018
47027	47023,3016,47011,47015,47017,47020,47030,6089,47010,47016
47028	347,622,3016,3748,4048,5089,5931,7173,7181,7579
47029	47010,47012,47013,47014,47016,47019,47021,3016,4485,47015
47030	3016,47013,47015,47017,47019,47020,47023,47027,6089,47010
47031	3016,47010,47011,47012,47013,47014,47015,47016,47017,47018
47032	52,1090,1841,2176,2204,2231,2252,2256,2930,3016
47033	3016,47010,47011,47012,47013,47014,47015,47016,47017,47018
47034	47134,47168,47137,47165,47144,47157,47139,47146,47145,23934
47035	47044,47060,47079,47041,47056,47077,47087,47062,47066,47083
47036	24783,47049,47168,3516,12291,19869,24775,34308,47035,47038
47037	7458,47044,47046,47049,47054,47055,47056,47068,47074,47076
47038	47145,47046,47129,47144,47044,47054,47060,47086,23934,47043
47039	47079,47043,47047,47060,47077,47078,47111,47064,47087,47099
47040	47086,47043,47059,47060,47134,47046,47076,47102,47115,47058
47041	47077,47054,47124,47044,47086,47097,47064,47078,47079,47102
47042	47043,47084,47090,47128,47038,47056,47057,47077,47078,47079
47043	47040,47082,47126,47168,47084,47054,47059,47068,47115,47128
47044	47086,47082,47068,47038,47041,47046,47076,47085,47059,47062
47045	5101,7345,11867,33471,45927,47035,47038,47040,47041,47042
47046	47038,23934,47040,47054,47086,47139,47145,47044,47079,47116
47047	47124,47128,47137,47165,47134,47168,47146,47069,47115,47129
47048	47047,47049,47050,47054,47059,47076,47085,47086,47109,47114
47049	47086,47134,47054,47059,47076,47130,47055,47109,47124,47128
47050	47059,47082,47137,23934,47040,47046,47116,47168,47043,47044
47051	47077,47124,47102,47054,23934,47053,47129,47044,47061,47071
47052	47099,47128,47144,47046,47059,47165,47055,47057,47070,47082
47053	47047,47051,47077,47146,47040,47046,47055,47061,47100,47105
47054	47099,47041,47046,47038,47060,47043,47089,47097,47144,47051
47055	47063,47038,47076,47077,47100,47124,47128,47054,47086,47102
47056	47040,47054,47126,47128,47083,47115,47123,47137,47165,47046
47057	47077,47087,47054,47059,47085,47124,47084,47038,47078,47079
47058	47040,47128,47063,47077,47130,47165,47071,34308,47066,47076
47059	47076,47040,47157,47085,47116,47139,47144,47145,47146,23934
47060	47040,47168,47054,47123,47038,47059,47085,47086,47098,47111
47061	47077,47099,47047,47125,47051,47124,47146,47053,47105,47112
47062	47044,47108,47040,47111,47124,47162,47041,47054,47066,47083
47063	47055,47040,47058,47128,47134,47038,47044,47076,47077,47079
47064	47068,47041,47047,47077,47040,47060,47087,47124,47129,47054
47065	47077,47105,47125,47047,47053,47055,47058,47082,47097,47099
47066	47044,47046,47058,47083,47087,47105,47124,47125,47040,47041
47067	47043,47102,47115,47040,47054,47056,47060,47077,47078,47084
47068	47044,47086,47087,47043,47124,47040,47129,47064,47076,47079
47069	47047,47125,47077,47082,47137,47041,47046,47115,47116,47129
47070	47099,47134,47040,47051,47130,47046,47052,47066,47068,47082
47071	47051,47058,47059,47100,47040,47055,47063,47076,47077,47102
47072	47046,47051,47099,47047,47059,47124,47146,47054,47058,47060
47073	47086,47085,47059,47040,47044,47046,47079,47082,47125,47043
47074	47115,47077,47079,47084,47086,47087,47124,47128,47083,47114
47075	47038,47058,47059,47070,47085,47099,47035,47040,47041,47042
47076	47059,47082,47085,47040,47116,47128,47044,47165,47055,47079
47077	47124,47099,47144,47041,47129,47102,47051,47083,47098,47084
47078	47054,47084,47085,47115,47123,47128,47041,47059,47131,47137
47079	47086,47098,47046,47084,47102,47076,47083,47085,47137,47038
47080	47055,47128,47037,47044,47046,47047,47051,47054,47056,47060
47081	47038,47059,47066,47122,47129,47046,47053,47055,47058,47077
47082	47043,47044,47076,47116,47125,47038,47050,47096,47099,47046
47083	47077,47124,47079,47087,47054,47056,47108,47114,47128,47165
47084	47115,47043,47077,47040,47079,47054,47168,47038,47078,47085
47085	47059,47076,47044,47060,47079,47134,47140,47038,47057,47068
47086	47040,47134,47044,47046,47068,47079,47038,47041,47099,47060
47087	47124,47128,47165,47168,47068,47129,47057,47099,47131,47134
47088	47038,47044,47060,47077,47137,47054,47059,47068,47078,47079
47089	47054,47077,47044,47097,47040,47060,47085,47086,47087,47124
47090	47099,47144,47038,47077,47044,47046,47086,47040,47054,47084
47091	47102,47077,47079,47124,47040,47051,47084,47099,47041,47054
47092	47046,47047,47071,47099,3516,12291,19869,34308,47035,47036
47093	47037,47044,47046,47054,47055,47056,47068,47074,47076,47077
47094	47047,47051,47099,47124,47128,47130,47137,23934,47052,47053
47095	47044,47054,32858,32888,47046,47077,47079,47086,47099,47123
47096	47082,47129,47087,47068,47040,47076,47077,47085,47124,47134
47097	47054,47077,47089,47041,47099,47124,47038,47086,47051,47055
47098	47077,47079,47040,47060,47114,47046,47076,47102,12291,23934
47099	47077,47124,47054,47137,47086,47087,47090,47129,47168,47052
47100	47134,47055,47077,47102,47124,47044,47059,47063,47079,47086
47101	47054,47082,47077,47086,47046,47059,47076,47097,47099,47038
47102	47077,47124,47040,47051,47079,47091,47054,47116,47134,47146
47103	47051,47055,47060,47091,47102,47035,47038,47040,47041,47042
47104	47040,47041,47054,47057,47059,47068,47077,47085,47086,47087
47105	47065,47053,47061,47066,47077,47047,47051,47054,47058,47082
47106	47125,23934,25005,47044,47046,47054,47055,47056,47061,47068
47107	47040,47051,47077,47102,47124,47055,47100,47146,47044,47063
47108	47087,47062,47124,47126,47162,47083,47040,47054,47128,47057
47109	47038,47130,47134,47054,47055,47077,47086,47046,47049,47050
47110	34308,47051,47055,47058,47063,47076,47100,47121,47038,47040
47111	47060,47047,47087,47124,47162,47062,47128,47040,47054,47083
47112	47077,47051,47055,47124,34308,47054,47058,47061,47076,47082
47113	47044,47043,47079,47084,12291,47038,47042,47054,47060,47066
47114	47124,47077,47098,47054,47079,47047,47083,47087,47128,47165
47115	47128,47047,47084,47040,47131,47043,47060,47059,47078,47116
47116	47082,47059,47076,47046,47047,47102,47128,47146,47040,47044
47117	47054,47124,47040,47043,47044,47047,47086,47087,47125,47128
47118	47044,47054,12291,47047,47084,47086,47087,47115,47124,47128
47119	47044,47059,47115,12291,47038,47043,47047,47054,47060,47061
47120	47040,47041,47047,47054,47057,47059,47064,47068,47077,47085
47121	47047,47059,47134,47038,47055,47100,47128,47040,47063,47076
47122	47038,47059,47066,47081,47129,47046,47053,47055,47058,47077
47123	47047,47060,47040,47043,47078,23934,47046,47056,47059,47076
47124	47077,47087,47047,47099,47129,47144,47041,47051,47083,47102
47125	47069,47082,47047,47137,47046,47061,47087,47099,47116,47129
47126	47043,47047,47087,47124,47040,47056,47108,47128,47054,47082
47127	47054,47068,47077,47086,47087,47090,47099,47101,47114,47124
47128	47047,47115,47134,47087,47076,47137,47157,47043,47059,47058
47129	47124,47038,47077,47047,47087,47099,47145,47157,47068,47096
47130	47058,47099,47109,47040,47046,47047,47051,47054,47070,47086
47131	47034,47168,47115,47047,47087,47137,47084,47078,23934,47056
47132	47044,47123,47034,47086,47115,47128,47165,47168,47040,47043
47133	47077,47124,23934,25542,47054,47055,47076,47082,47097,47099
47134	47034,47047,47086,47040,47128,47165,47087,47140,47085,47100
47135	47034,47077,47060,47079,47084,47124,47047,47054,47099,47114
47136	47034,47113,47114,12291,47044,47087,47098,47102,47123,47124
47137	47034,47047,47099,47128,47165,23934,47079,47125,47131,47144
47138	47034,47139,47134,47157,47129,47047,47059,47087,47044,47060
47139	47034,47046,47059,23934,47047,47129,47038,47054,47138,47146
47140	47134,47085,47034,47044,47059,47076,47139,47157,23934,47047
47141	7425,9490,4122,4737,4774,5049,5262,5283,5284,5289
47142	47034,47038,47059,47061,47066,47081,47122,47129,47134,28153
47143	47125,47134,47083,47114,47139,13166,14294,21633,23934,28162
47144	47034,47077,47038,47124,47059,47157,47054,47090,47137,47168
47145	47038,47034,47046,47059,47077,47129,47044,47054,47086,47157
47146	47034,47047,47059,47124,23934,47077,47102,47116,47139,47053
47147	34308,47040,47051,47058,47071,47076,47134,3181,47034,47044
47148	47044,47084,47123,3146,12291,47034,47043,47067,47098,47102
47149	3181,19341,34308,47040,47044,47046,47047,47051,47053,47055
47150	23934,47046,47134,11114,47034,47037,47044,47054,47055,47056
47151	47077,47124,47054,47097,47099,47125,25542,47055,47089,47101
47152	47034,47168,47040,47043,47047,47054,47060,47124,42121,47057
47153	47084,47115,47166,47167,47168
47154	47114,47044,47098,47123,47124,47077,47083,47165,12291,28394
47155	47085,47140,47034,47040,47047,47059,47068,47086,47087,47117
47156	47168,49351,3146,12291,28162,47034,47043,47044,47067,47084
47157	47034,47059,47047,47128,47144,47165,47129,47076,47086,47038
47158	47034,47041,47077,47047,47054,47124,47040,47056,47059,47060
47159	23934,47054,47076,47077,47124,47133,47046,47050,47055,47059
47160	
47161	47034,32858,32888,47044,47054,47168,47077,47079,47086,47107
47162	47034,47077,47108,47087,47111,47124,47126,47062,47083,47128
47163	442,74,338,1001,1823,2142,3518,4673,5935,6917
47164	47165,47128,47034,47044,47079,47124,47047,47076,47134,3181
47165	47034,47047,47134,47087,47137,47157,47076,47164,47043,47059
47166	47115,47168,47034,47043,47044,47123,47047,47059,47060,47078
47167	47034,47115,47168,47128,47131,47165,12291,47054,47087,47043
47168	47034,47047,47043,47060,47087,47131,47059,47099,47152,47040
47169	186,10236,10254,15362,22946,23694,34010,48538,538,638
47170	12295,47172,47176,47177,47180,47183,47184,186,638,1620
47171	161,193,433,453,815,1357,1559,1950,2501,2680
47172	47176,47170,47175,47179,47180,1754,3790,12296,12298,15179
47173	47174,47179,47184,47185,8674,8691,12295,15362,16879,16883
47174	47173,47185,186,10236,16883,23694,28983,47184,11,538
47175	44256,44279,23550,44276,47179,2996,7830,9404,12151,12295
47176	47172,47170,47175,47177,47179,47180,47183,522,524,537
47177	12295,47183,47170,47175,47176,47179,47180,1754,15179,43435
47178	47179,47180,95,638,1617,3880,3999,4364,4389,4394
47179	22946,47180,8671,22927,3880,3999,4389,12650,20561,23685
47180	23696,23697,23698,3999,4364,8671,23685,33635,33636,33637
47181	8671,23685,23696,24595,186,3879,4364,10236,528,3880
47182	6109,2324,7192,12171,13221,16895,16910,16962,17010,26887
47183	12295,47177,47170,47175,47176,47179,47180,1754,3779,3788
47184	7830,8685,16914,22939,162,987,1648,2021,2086,4434
47185	47174,47173,47175,186,638,8691,10236,10254,12295,20088
47186	28240,45975,20845,47868,48619,566,3450,3594,4792,4875
47187	2782,6792,21681,42692,42725,48026,48805,161,319,704
47188	5307,6994,7690,7696,8727,12344,13016,16623,34298,44852
47189	47214,5682,12388,12466,12561,20078,23824,23829,26144,28240
47190	7852,20569,770,1137,1689,1758,2820,6405,6882,9264
47191	3450,11184,11236,45848,47206,47214,3004,5682,5722,8982
47192	47201,47212,43554,47197,47202,47204,47207,47219,47223,47224
47193	7602,10403,23346,25747,25851,25897,26499,30151,30618,30773
47194	5682,12388,12466,12561,20078,23824,23829,26144,30151,36602
47195	36602,622,956,1617,4736,5030,5682,7214,9385,10664
47196	47216,3450,11184,11236,45848,47190,47206,47214,3004,5682
47197	1356,1453,6955,6976,14861,30875,43554,47192,47201,47202
47198	5682,12388,12444,12445,12466,12561,12837,12845,12854,12857
47199	47215,47220,43554,46983,46992,46998,9391,47005,47224,574
47200	2083,2108,5682,7897,12388,12466,12561,20078,23824,23829
47201	47216,3450,47192,47212,11236,43554,45848,45852,47197,47202
47202	47219,47223,43554,47192,47197,47201,47203,47204,47212,5682
47203	47214,47219,47202,5682,12388,12466,12561,14534,20078,20812
47204	28240,43554,47192,47197,47201,47202,47212,47213,47223,5682
47205	15800,26144,160,188,522,555,595,621,2398,3304
47206	47214,47190,47191,47196,47208,47211,47218,3594,5682,10316
47207	47192,47201,47212,47224,5682,12388,12466,12561,20078,23824
47208	27257,47206,47214,4133,5682,6923,6951,8511,9902,9906
47209	286,7830,13436,14529,14544,15041,16307,16914,22939,23864
47210	5682,12388,12466,12561,20078,23824,23829,26144,30151,36602
47211	45833,11162,15179,45867,47206,47214,202,269,372,551
47212	47192,47201,43554,47197,47202,47204,47207,47219,47223,47224
47213	20078,47204,47214,363,370,673,2699,4774,4777,4778
47214	47206,47189,47203,47188,47190,47191,47196,47208,47211,47213
47215	47199,47220,43554,574,594,2984,2993,3007,3238,3463
47216	47196,47201,3450,11236,45848,3004,5682,5689,5731,7654
47217	576,12561,22858,572,1347,1349,1352,1354,1355,1359
47218	11184,45833,45864,15130,17883,21855,45852,47206,47214,202
47219	47202,47203,43554,47192,47197,47201,47212,47223,4792,5682
47220	47199,47215,43554,574,594,2984,2993,3007,3094,3238
47221	5682,12388,12466,12561,20078,23824,23829,26144,30151,36602
47222	5682,12388,12466,12561,20078,23824,23829,26144,30151,36602
47223	47202,43554,47192,47197,47201,47204,47212,47219,5682,12388
47224	10321,43554,10319,47192,47197,47199,47201,47207,47212,3584
47225	5682,11198,12388,12466,12561,14862,20078,23824,23829,24285
47226	5682,12388,12466,12561,20078,23824,23829,26144,30151,36602
47227	30151,2802,7882,1113,2281,5262,5298,5305,5324,5328
47228	4227,5429,11729,12981,19050,19211,25321,26265,27939,29031
47229	47242,47252,47247,47241,47246,47253,47236,4227,5429,19050
47230	47245,47251,47247,47252,47253,47236,47246,5429,19050,27939
47231	47235,47242,47254,47251,47243,47245,47247,47249,47252,47246
47232	47238,47245,47248,47239,47242,47249,47241,47247,47252,47246
47233	47239,47251,47254,47249,47243,47252,47241,47246,47236,47253
47234	47240,47254,47248,47242,47252,47243,47236,47241,47247,4227
47235	47231,47240,47238,47248,47243,47246,47247,47241,47253,4227
47236	47234,47245,47251,47229,47230,47232,47233,47237,47242,47250
47237	47239,47254,47245,47249,47252,47246,47236,47253,4227,5429
47238	47244,47250,47232,47235,47240,47245,47247,47249,47241,47251
47239	47244,47233,47237,47232,47245,47248,47249,47240,47243,47251
47240	47234,47235,47238,47239,47245,47254,47243,47249,47252,47246
47241	47229,47232,47233,47244,47248,47250,47234,47238,47242,47235
47242	47229,47231,47250,47234,47232,47254,47251,47252,47241,47243
47243	47231,47233,47234,47235,47244,47250,47239,47240,47248,47242
47244	47238,47239,47249,47243,47241,47253,3155,3718,4227,5410
47245	47230,47232,47237,47239,47231,47240,47238,47248,47236,47242
47246	47235,47229,47232,47233,47237,47250,47252,47230,47231,47240
47247	47230,47250,47229,47231,47235,47232,47238,47251,47234,47245
47248	47232,47234,47235,47239,47254,47241,47243,47245,47251,47249
47249	47244,47232,47233,47239,47237,47231,47238,47240,47251,47243
47250	47238,47251,47242,47247,47243,47241,47246,47253,47236,5429
47251	47250,47233,47230,47231,47254,47239,47242,47247,47248,47249
47252	47229,47234,47233,47237,47254,47230,47232,47240,47242,47231
47253	47229,47230,47250,47231,47232,47233,47235,47237,47244,47245
47254	47234,47233,47237,47231,47240,47242,47248,47251,47252,47236
47255	2572,2579,3248,3403,3422,6624,6963,6987,7074,7640
47256	3161,4145,7692,9921,11788,11860,12051,12352,12392,15086
47257	47229,47230,47231,47232,47233,47234,47235,47236,47237,47238
47258	47229,47230,47231,47232,47233,47234,47235,47236,47237,47238
47259	7412,21828,4575,29470,4580,4598,4604,49032,4536,4541
47260	47278,47299,47295,47276,47301,47327,47304,47284,47319,47334
47261	4604,47295,4536,47263,47264,47265,47268,47274,47275,47297
47262	47263,47275,47286,47295,47296,47299,47327,47265,47268,47274
47263	47295,47264,47319,47284,47301,47312,47290,47310,47268,47272
47264	47295,47263,47319,47290,47284,47298,47265,47286,47320,47334
47265	47264,47268,47303,47285,47286,47297,47316,47300,47319,47290
47266	47269,47275,47285,47327,47264,47265,47278,47295,47300,47302
47267	47289,47269,47290,47315,47319,21828,47263,47278,47282,47308
47268	47295,47303,47285,47300,47301,47263,47265,47331,47271,47277
47269	47278,47290,47285,47273,47289,47303,47264,47293,47300,47316
47270	47304,47288,47299,47278,47296,47297,47301,47327,47263,47268
47271	47277,47300,47268,47274,47288,47295,47299,47303,47285,47301
47272	47277,47299,47263,47276,47327,47286,47319,47278,47304,47323
47273	47269,47278,47265,47285,47286,47302,47303,47260,47264,47268
47274	47299,47327,47304,4531,47295,47300,47331,4593,47271,47286
47275	47301,47284,47312,47308,47310,47314,47305,47334,47298,47320
47276	47260,47319,47272,47285,47299,47300,47301,47327,47290,47298
47277	47295,47303,47272,47312,47271,47288,47299,47327,47304,47310
47278	47269,47285,47260,47303,47312,47308,47314,47334,47284,47287
47279	47298,47264,47275,47308,47268,47271,47276,47278,47285,47300
47280	47286,47288,47304,47312,47331,47272,47285,47299,47301,47319
47281	47274,47275,47290,47299,47316,47319,47327,47264,47269,47276
47282	47318,47325,47333,47278,47297,47274,47275,47299,47327,47265
47283	47276,47280,47290,47297,47299,47304,47319,47327,47264,47265
47284	47275,47263,47264,47299,47301,47331,47260,47278,47300,47303
47285	47278,47308,47268,47269,47305,47276,47319,47265,47293,47298
47286	47299,47319,47331,47264,47303,47327,47265,47272,47301,47308
47287	47278,47299,47327,47275,47268,47274,47295,47296,47308,47270
47288	47277,47299,47300,47331,47268,47270,47271,47280,47304,47312
47289	47269,47290,47327,47267,47299,47315,47316,47319,47274,47275
47290	47319,47269,47264,47327,47263,47276,47303,47331,47260,47285
47291	47260,47261,47262,47263,47264,47265,47266,47267,47268,47269
47292	47260,47263,47264,47265,47268,47269,47270,47271,47272,47273
47293	47269,47285,47300,47278,47299,47303,47331,47260,47264,47277
47294	47260,47261,47262,47263,47264,47265,47266,47267,47268,47269
47295	47300,47263,47264,47268,47260,47277,47310,47274,47314,47296
47296	47295,47268,47274,47299,47270,47288,47304,47327,47263,47271
47297	47263,47304,47325,47264,47265,47301,47300,47317,47270,47285
47298	47334,47264,47301,47303,47275,47276,47278,47285,47300,47268
47299	47274,47331,47260,47286,47308,47272,47284,4531,47276,47277
47300	47295,47268,47304,47310,47271,47276,47269,47274,47284,47288
47301	47275,47260,47263,47268,47276,47284,47298,47304,47286,47297
47302	47275,47295,47265,47285,47286,47268,47273,47278,47303,47319
47303	47278,47268,47277,47265,47269,47286,47298,47319,47284,47290
47304	47260,47274,47300,47297,47301,47312,47270,47277,47319,47331
47305	47285,47275,47308,47264,47301,47320,47327,47278,47298,47265
47306	47260,47263,47272,47295,47299,47300,47312,47331,47264,47266
47307	47260,47261,47262,47263,47264,47265,47266,47267,47268,47269
47308	47285,47299,47275,47319,47327,47278,47305,47276,47286,47269
47309	47260,47275,47285,47334,47269,47270,47272,47277,47295,47300
47310	47312,47295,47263,47275,47300,47299,47277,47327,7412,47278
47311	47264,47277,47288,47316,4531,4533,4535,4537,4540,4542
47312	47275,47310,47263,47278,47277,47319,47304,47314,47269,47280
47313	47278,47260,47263,47280,47285,47288,47300,47303,7412,47268
47314	47275,47278,47295,47319,47312,47263,47285,47308,47268,47300
47315	47263,47269,47289,14873,21828,47267,47290,47317,47319,47329
47316	47263,47265,47269,47295,47300,47303,47319,47274,47277,47290
47317	47325,47263,47297,47269,21828,47268,47275,47299,47264,47295
47318	47282,47278,47333,47297,47299,47308,47319,47327,47274,47275
47319	47264,47290,47263,47276,47286,47308,47312,47285,47303,47314
47320	47264,47275,47331,47278,47285,47305,47308,47301,47263,47284
47321	47260,47261,47262,47263,47264,47265,47266,47267,47268,47269
47322	47331,7412,47288,47295,47299,47310,47327,47263,47268,47271
47323	47263,47285,47295,47272,47312,47264,47277,47278,47304,47269
47324	47260,47261,47262,47263,47264,47265,47266,47267,47268,47269
47325	47263,47297,47317,47268,47275,47295,47301,47264,47282,47300
47326	47299,47275,47286,47327,47265,47276,47280,47283,47284,47288
47327	47274,47331,47260,47290,47308,47272,47276,47277,47286,47284
47328	47260,47261,47262,47263,47264,47265,47266,47267,47268,47269
47329	47325,47263,47269,47317,21828,47289,47290,47295,47297,47298
47330	47268,47269,47270,47271,47275,47278,47279,47287,47288,47293
47331	47299,47327,47286,47268,47284,47322,7412,47274,47288,47290
47332	47264,47304,47265,47268,47275,47278,47285,47297,47325,47327
47333	47282,47318,47325,47263,47297,47266,47267,47278,47290,47319
47334	47298,47264,47275,47278,47260,47269,47285,47303,47276,47277
47335	14284,17611,20599,30784,48442,338,2222,2778,2827,4584
47336	20565,47340,47341,47351,47354,47367,284,1073,2012,3420
47337	47359,47347,47351,47353,47354,47368,11493,47339,47344,47352
47338	47341,47346,47353,20565,47340,47345,47356,47358,47361,47365
47339	47337,47341,47347,47351,47352,47353,47354,47359,47367,47368
47340	47343,47346,17611,20565,47336,47338,47344,47356,7897,8603
47341	47367,47343,47346,47352,47338,17611,20565,47336,47339,47356
47342	47343,11492,11493,11886,20565,20590,21170,47336,47337,47338
47343	47341,47346,47340,47354,20590,21170,31064,47342,47358,47362
47344	47347,47353,47348,47349,20565,47337,47340,47345,47351,47354
47345	20565,47338,47344,47347,47348,47353,47356,1273,8696,11492
47346	47341,47343,47338,47340,47354,47358,47365,11492,11493,11886
47347	47344,47354,47337,47348,47351,47359,47368,20565,47339,47345
47348	47344,47347,20565,47345,47353,47356,47362,1273,8696,11492
47349	47344,47361,47374,11492,11493,11886,20565,20590,21170,44912
47350	6882,45579,45602,45609,20577,36465,37857,44629,45412,45424
47351	47353,47337,47347,47359,20565,47336,47339,47344,47356,7897
47352	47341,47367,47368,47353,47337,47339,47347,47356,47359,11492
47353	47344,47351,47368,47337,47338,47352,47356,47359,47367,20565
47354	47347,47337,47343,47359,20565,47336,47339,47344,47346,7897
47355	5429,6928,6933,31092,347,534,1722,2580,3852,4188
47356	47353,20565,47338,47340,47341,47344,47345,47347,47348,47351
47357	1114,11492,11493,11886,13870,19388,20107,20565,20590,21170
47358	47365,47338,47341,47343,47346,47350,5097,6911,9980,11492
47359	47337,47347,47351,47353,47354,47368,11493,47339,47344,47352
47360	11492,11493,11886,20565,20590,21170,47336,47337,47338,47339
47361	47338,47344,47349,11492,11493,11886,20565,20590,21170,44912
47362	47343,47344,47347,47348,47365,11492,11493,11886,20565,20590
47363	5265,7476,13846,13867,13891,13911,13914,13958,13966,13970
47364	351,9082,9083,20567,47366,47372,338,362,466,533
47365	47358,47338,47341,47343,47346,47362,6789,11492,11493,11886
47366	22338,351,615,2101,2694,9955,10469,11225,12042,12049
47367	47341,47352,47353,20565,47336,47337,47339,47347,47356,47359
47368	47352,47353,20590,47337,47347,47359,338,2196,5040,6157
47369	542,2092,5066,5954,5960,5988,6328,10381,10487,11492
47370	12328,338,542,2092,2786,2789,3230,3573,3575,3937
47371	47350,4531,4535,4537,4539,4540,4550,4553,4557,4561
47372	12388,1823,2608,2864,5670,20565,20567,20789,20899,21284
47373	2388,2929,2932,3005,3450,3520,8532,10361,11492,11493
47374	6925,24487,45483,3541,6899,6920,6928,6929,27913,5429
47375	542,2092,5066,5954,5960,5988,6328,10381,10487,11492
47376	2820,2823,3151,3559,4745,4808,7390,8101,8514,8692
47377	47391,47388,47394,2820,2823,8101,11802,14887,33521,42521
47378	47389,47379,47394,47397,2201,2218,2820,2823,3993,4329
47379	47383,47378,47381,47386,47391,47380,47388,2820,2823,8101
47380	47383,47381,47382,47386,47389,47391,47379,3450,8514,9391
47381	47383,47379,47380,47388,47389,47394,47397,2820,2823,8101
47382	47389,47388,2053,3466,3898,8455,8508,14289,16686,17292
47383	47381,47379,47380,47386,47397,47387,2820,2823,8101,8514
47384	47377,47378,47379,47380,47381,47382,47383,47385,47386,47387
47385	47377,47378,47379,47380,47381,47382,47383,47384,47386,47387
47386	47383,47391,47379,47380,47388,47389,2820,2823,8101,11802
47387	11707,16482,17233,17437,42080,47383,47391,47397,202,345
47388	47377,47382,47381,47394,47379,47386,47397,154,223,468
47389	47378,47382,47380,47381,47394,47386,47397,6802,8514,9014
47390	47377,47378,47379,47380,47381,47382,47383,47384,47386,47387
47391	47377,47386,47379,47380,47387,2820,2823,8101,8514,11802
47392	2027,2059,2104,3559,4995,5047,8667,8670,8705,13478
47393	15818,15863,15868,15824,15834,15835,15842,15875,3167,4159
47394	47378,47382,47388,47389,47377,47381,3151,3559,15708,47379
47395	9553,10435,10468,10670,14354,28356,42206,45467,46688,223
47396	27779,4158,9453,9479,10311,10359,12743,12749,14900,15991
47397	47383,47378,47381,47382,47387,47388,47389,47377,47379,47380
47398	3040,3053,3091,3103,25151,29195,45292,45334,3046,3072
47399	3095,3076,45334,47405,3098,47412,47414,47416,47420,9872
47400	3076,3095,3098,9918,22868,30329,47399,47401,47402,47403
47401	3076,3095,3098,9918,22868,30329,47399,47400,47402,47403
47402	9918,3098,47407,47411,47417,3040,3053,3091,25151,29195
47403	47417,3098,47405,1378,3040,3053,3073,3091,9917,22733
47404	3076,3095,3098,9918,17199,22868,22982,30329,47399,47400
47405	47403,3040,3053,3091,29195,47399,47417,3046,3072,3103
47406	3076,3095,3098,9918,22868,30329,47399,47400,47401,47402
47407	47411,3076,3095,47402,47417,3098,25151,45334,47405,47412
47408	1420,3076,3095,3098,8377,8396,9918,17789,22868,23723
47409	28657,36079,37,242,1678,1790,2557,2561,2565,2572
47410	3076,3095,3098,9918,22868,30329,47399,47400,47401,47402
47411	3095,47407,3076,25151,45334,47402,3098,47405,47412,47414
47412	3076,3095,3098,47399,47403,47405,47407,47411,47416,47417
47413	3076,3095,3098,9918,22868,30329,47399,47400,47401,47402
47414	3076,3095,3098,47399,47403,47405,47407,47411,47416,47417
47415	3076,3095,3098,9918,22868,30329,47399,47400,47401,47402
47416	3076,3095,3098,47399,47403,47405,47407,47411,47412,47414
47417	47403,3076,3098,47402,47405,47407,47412,47414,47416,47419
47418	3072,3096,3040,3048,3051,3054,3064,3074,3076,3089
47419	9918,47402,47403,47407,47411,47417,3076,3095,3098,22868
47420	3076,3095,3098,47399,47403,47405,47407,47411,47412,47414
47421	33374,1002,1139,3011,3347,4059,7852,11572,11843,12435
47422	47438,1099,1110,1825,2798,2956,4208,4430,4951,9576
47423	2946,20361,31460,38946,41557,101,934,987,1048,1661
47424	47441,1110,1404,1825,2956,3646,3879,3895,3999,4208
47425	34297,1814,34332,34392,44260,3575,5143,9194,21866,23690
47426	442,1100,1234,1664,1689,1862,2956,4208,4494,5262
47427	1110,1810,2956,4208,7853,10709,10732,10773,10801,10814
47428	2956,4208,9801,12669,16478,16485,17785,19117,23721,26853
47429	47438,1110,1825,2956,4208,10789,14434,23724,27331,30500
47430	2956,4208,30500,38298,47422,47423,47424,47425,47426,47427
47431	19555,34412,35677,49541,941,1435,2523,2641,2956,4208
47432	442,1100,1220,1234,1664,1689,2956,4208,5279,8362
47433	2956,3407,4208,5052,7984,7995,22105,26661,26662,26663
47434	15896,15915,15925,15929,15930,15934,15952,15963,15965,9839
47435	442,1100,1234,1664,1689,2956,4208,5279,8362,10027
47436	2956,4208,30500,38298,47422,47423,47424,47425,47426,47427
47437	2027,2066,2956,4208,5234,5933,5971,6016,8698,8715
47438	47422,47429,47444,18917,1825,2956,4208,7343,7853,7983
47439	2956,4208,8454,10002,10009,10018,10028,10063,11120,13830
47440	4104,554,566,574,597,2084,2249,2849,2956,3362
47441	14746,39753,1085,1673,1797,2413,2689,29425,38734,501
47442	1692,168,1688,2681,43282,43607,1657,1685,3231,14746
47443	2956,4208,30500,38298,47422,47423,47424,47425,47426,47427
47444	47438,211,956,1078,1080,1170,1212,1825,1914,1930
47445	29425,1100,1181,1220,2644,2689,7246,10240,27736,29516
47446	2869,5809,22954,30835,33545,33546,33549,33558,33567,33568
47447	4208,9386,3230,13179,13276,26267,31966,42458,42761,47578
47448	13698,4046,4208,7248,9386,10407,11040,15758,16001,16133
47449	2956,4208,30500,38298,47422,47423,47424,47425,47426,47427
47450	21873,23543,35613,439,1860,2929,4046,4189,4364,6019
47451	10342,20422,30827,31855,32986,45280
47452	47457,4234,4247,9474,10342,11547,20422,23703,25856,30827
47453	2181,10293,25490,27913,30646,4283,4524,4835,5498,6888
47454	47455,47456,47457,5060,9102,10342,10500,11192,13622,14969
47455	47454,10342,20422,30827,31855,32986
47456	47454,10342,20422,30827,31855,32986
47457	47452,47454,10342,20422,30827,31855
47458	384,543,973,1065,1329,1331,3237,3878,4116,4182
47459	10918,47460,47462,47463,47464,47465,47466,47467,47468,47469
47460	13858,40954,107,7713,13801,13852,13882,14142,22265,23509
47461	10918,47460,47462,47463,47464,47465,47466,47467,47468,47469
47462	18803,32682,1317,1787,2515,6899,7459,32678,40067,40803
47463	10918,47459,47460,47461,47462,47464,47465,47466,47467,47468
47464	1135,6978,16621,21171,42092,21,69,336,350,351
47465	10918,47459,47460,47461,47462,47463,47464,47466,47467,47468
47466	10918,47459,47460,47461,47462,47463,47464,47465,47467,47468
47467	1754,6436,8667,9221,9663,10918,11630,12295,15179,16532
47468	2565,8816,10918,16173,22954,25200,31931,43121,44899,47459
47469	6696,1220,4564,6698,6700,6703,6704,6705,6706,6710
47470	13986,48217,48219,48222,48227,48228,48231,48234,6,19
47471	9805,9891,9965,10476,10918,12670,16869,17018,18437,18589
47472	10918,47459,47460,47461,47462,47463,47464,47465,47466,47467
47473	610,1064,4736,10918,11543,12714,12724,13026,14423,14562
47474	10918,47459,47460,47461,47462,47463,47464,47465,47466,47467
47475	3729,10120,10918,12636,12649,18080,18081,18096,19057,30358
47476	10918,47459,47460,47461,47462,47463,47464,47465,47466,47467
47477	10918,47459,47460,47461,47462,47463,47464,47465,47466,47467
47478	10918,47459,47460,47461,47462,47463,47464,47465,47466,47467
47479	10918,47459,47460,47461,47462,47463,47464,47465,47466,47467
47480	10918,47459,47460,47461,47462,47463,47464,47465,47466,47467
47481	10918,15353,15362,15394,23282,35570,35633,43282,47459,47460
47482	4114,4240,4279,8635,15799,18425,22283,576,3903,4158
47483	8726,32,623,2655,2805,4114,6151,7494,7501,7785
47484	10918,47459,47460,47461,47462,47463,47464,47465,47466,47467
47485	10918,47459,47460,47461,47462,47463,47464,47465,47466,47467
47486	161,222,229,1809,2162,2580,2894,3844,4103,4138
47487	311,2923,3050,3472,3946,5097,5382,5402,6397,6479
47488	15904,15905,15908,15917,15924,15927,15930,15932,15935,15938
47489	10350,24488,338,1001,1167,1891,2437,3895,4542,5474
47490	15896,15921,15923,15931,15937,15900,15944,15916,15922,15929
47491	578,9943,11164,11258,13105,13109,13143,18357,18359,18363
47492	13072,13088,1857,18343,18441,43064,45290,254,575,5188
47493	23534,35880
47494	47495
47495	1342,11377,13877,23507,23535,35863,40976,47437,47494
47496	47541,2540,10749,21674,22040,22065,22385,22395,23306,23435
47497	47511,47521,47553,2540,10749,21674,22040,22065,22385,22395
47498	2540,10749,21674,22040,22065,22385,22395,23306,23435,28814
47499	575,546,3937,9691,10352,11244,12319,13117,14877,14921
47500	47502,47521,13375,28779,47503,47507,47540,47541,2540,10749
47501	47533,47502,47518,35193,42614,47523,47558,47560,383,2540
47502	47500,47501,47506,47521,47526,47504,47518,13375,28779,42614
47503	47540,40334,28814,35193,47500,47509,47511,47523,47560,236
47504	47540,36500,37857,40334,47502,47518,557,2540,4850,7630
47505	6165,6885,9490,10454,11162,11169,11246,22065,22395,23307
47506	47502,47514,47532,47536,47555,47518,47533,35193,42614,47540
47507	47514,47532,47536,47555,47533,47540,9950,12554,13280,13708
47508	22382,22051,22065,22085,22386,23306,469,6165,19187,21103
47509	47526,47541,13375,28779,47503,47507,47518,47537,2540,10749
47510	1276,2540,4673,6922,10670,10749,21674,22040,22065,22385
47511	13375,28779,47497,47503,47507,47518,47537,47553,2540,10749
47512	2540,10749,21674,22040,22065,22385,22395,23306,23435,28814
47513	22065,23306,23307,47534,47535,573,727,859,887,2540
47514	47533,47555,47506,47507,47518,35193,47502,47523,47558,47560
47515	2294,5429,7897,19187,22385,47508,47525,47538,338,622
47516	4025,6397,6920,7611,12064,14606,21624,22046,22059,22385
47517	35193,44910,321,438,1393,1617,2514,2540,3528,3935
47518	47501,47502,47504,47506,47514,47532,47533,47536,28814,42614
47519	14590,22385,47534,47551,47557,573,2252,2540,4183,6142
47520	15827,15818,15839,15852,15861,49448,2540,7390,9226,10749
47521	28814,47500,47502,47526,47497,47553,2540,10749,13375,21674
47522	22395,11246,7630,45108,9490,22046,22085,22386,42449,47535
47523	3937,14318,11878,30818,48452,2827,4139,4738,5776,7462
47524	47535,22065,22085,22046,22055,22056,22376,466,7264,22051
47525	9490,22377,23306,338,466,6165,9919,19187,22085,22395
47526	47509,47502,47521,13375,28779,47518,47537,47541,2540,10749
47527	6165,7292,9490,11246,21464,22385,23304,23306,23451,24312
47528	7255,22382,22395,47522,47538,467,472,2540,7240,7254
47529	7897,11246,47535,47557,47562,573,2540,4114,6121,6143
47530	3560,622,7630,7994,9920,10510,14264,21948,47536,138
47531	45578,47534,47554,286,342,1255,1329,1331,1455,1918
47532	47506,47507,47518,35193,47502,47523,47558,47560,2540,4845
47533	47501,47514,47555,47506,47507,47518,35193,47502,47523,47558
47534	23451,23306,7630,47535,6165,7897,22051,22395,37857,42706
47535	9490,22395,47524,22065,22376,22046,22085,23306,47522,11246
47536	47555,47506,47507,47518,47530,13411,25952,30269,35193,47502
47537	28814,47509,47511,47518,47526,2540,10749,13375,21674,22040
47538	42712,45545,9490,10413,25527,11246,12714,15989,22395,37857
47539	2540,10749,20970,21674,22040,22065,22385,22395,23306,23435
47540	47503,47504,47507,47555,47500,47506,47523,2540,9099,10749
47541	47509,28814,28843,47496,47500,47502,47526,2540,10749,21674
47542	2540,10749,21674,22040,22065,22385,22395,23306,23435,28814
47543	22395,22065,23301,23306,47535,47556,2540,5803,7255,8508
47544	2540,10749,21674,22040,22065,22385,22395,23306,23435,28814
47545	22395,11246,23306,23437,47522,467,6121,9490,9919,14341
47546	2540,10749,21674,22040,22065,22385,22395,23306,23435,28814
47547	11246,47535,47550,291,853,1492,2287,2540,2676,2971
47548	6920,24964,36132,2540,3993,10682,10749,21674,21734,22040
47549	44629,533,2540,3993,4122,5832,5870,6397,6882,8274
47550	23306,47535,5824,9927,22056,22085,22385,47524,47525,466
47551	6885,17468,22385,23451,47505,47519,47534,47557,2540,6142
47552	44629,533,2540,3993,4122,5832,5870,6397,6881,6882
47553	47497,47511,47521,2540,10749,21674,22040,22065,22385,22395
47554	7248,21674,47531,47534,566,856,2540,4276,6180,6900
47555	47514,47536,47506,47507,47533,47540,35193,47502,47518,47558
47556	22065,22376,22386,22395,23306,47543,2540,5803,6397,7255
47557	2540,9490,9919,14562,22034,22065,23306,49165,466,6143
47558	47501,47502,47504,47506,47507,47514,47518,47532,47533,47536
47559	7654,23306,2540,4227,6885,7292,8184,10749,12768,13122
47560	35193,6405,11166,13619,22040,47501,47503,47506,47507,47514
47561	2540,10749,21674,22040,22065,22385,22395,23306,23435,28814
47562	12805,22395,47524,47529,47535,47557,49165,466,573,1910
47563	4181,21732,25840,4176,11536,13276,14325,126,201,223
47564	3989,5670,7345,11550,11563,13994,21338,21949,22716,25497
47565	19080,25918,35048,48943,66,223,316,337,351,562
47566	10680,26444,27954,28968,28972,1,315,1031,1084,2027
47567	316,1918,4076,9551,9555,13621,21962,26439,28203,29033
47568	2637,19,204,340,536,660,667,1181,1904,2294
47569	23963,40490,45610,49034,2798,3541,6920,6928,9955,14462
47570	47580,2798,347,624,1169,2826,2946,2972,4096,4139
47571	689,714,1397,1404,2430,2819,3230,3842,3872,3947
47572	26444,28203,47566,47567,47568,47569,47570,47571,47573,47574
47573	223,450,887,1404,1502,2608,3879,3971,4038,4337
47574	49404,10314,10380,15032,22194,31122,49403,3455,3931,3971
47575	19080,35048,48943,26444,28203,28957,47566,47567,47568,47569
47576	4120,4163,4203,4206,4295,5071,9184,9374,10715,14549
47577	7630,2554,7611,5038,7651,9920,10500,12067,14312,22069
47578	4208,47447,223,576,2862,3230,3928,4092,4114,4210
47579	4048,11018,43748,532,568,666,698,1078,1180,2850
47580	47570,2798,347,624,1169,2946,4096,4139,4179,4193
47581	161,222,229,569,2580,3844,3960,4135,4138,4181
47582	14130,439,1052,1100,1230,1854,2572,3390,4133,5178
47583	47606,16822,47584,47590,47595,47596,47587,47592,47603,16821
47584	47601,16823,16825,47583,11065,47588,47603,16821,1258,8423
47585	16821,47594,1110,2865,4431,4451,4463,5307,6852,6962
47586	47598,47601,47590,16821,47588,47602,47603,1110,1258,2865
47587	47593,47592,47595,47601,16823,16825,47583,47598,11065,47588
47588	47589,47593,16822,16823,47584,47586,47587,47598,47583,47590
47589	47590,16821,47588,47603,47602,47594,1110,2865,5307,6962
47590	47589,47586,47583,47601,16822,47595,47592,47596,47597,16821
47591	555,2036,2059,2091,2104,3574,3761,3765,3766,3771
47592	47587,47596,47597,47598,47601,16823,47583,47590,11065,16825
47593	47587,47598,16823,11065,16825,47588,47594,16821,47602,47603
47594	16822,16826,47585,47587,47589,47592,47593,47595,47596,47597
47595	47587,47596,47597,47601,16823,47583,47590,11065,16825,47588
47596	16822,47592,47595,47597,16823,47583,47598,47590,11065,16825
47597	16826,47592,47595,47596,11065,16823,47598,47601,47590,47594
47598	47586,47593,16822,47592,47596,47597,47587,16821,47588,47602
47599	11065,16821,16822,16823,16825,16826,47583,47584,47585,47586
47600	5225,11065,13823,13870,13872,14026,14051,14056,14057,14077
47601	47586,47584,16825,47590,47595,47587,47592,47597,16821,47603
47602	11065,16826,47586,47589,47598,47590,47597,47601,47603,16821
47603	16826,47583,47589,47586,47601,47606,16821,47584,47602,16822
47604	11065,16821,16822,16823,16825,16826,47583,47584,47585,47586
47605	576,3237,4415,6214,7261,13179,13430,544,1250,1388
47606	47583,11065,16825,47603,16821,47602,1110,1258,4431,4451
47607	6840,622,2865,3309,3313,3316,3321,3326,3333,3334
47608	8154,12227,28152,30836,47612,47613,47615,47618,47619,47621
47609	47639,47638,47618,47630,47633,28157,28186,42100,47627,47634
47610	25864,7651,2841,12715,26395,30862,44446,4717,7611,9950
47611	340,4264,8154,12714,15063,20849,336,338,386,610
47612	28152,47621,12227,47618,47633,47634,8154,25823,30836,47608
47613	47622,12227,8154,14885,28152,30836,47608,47612,47615,47618
47614	15064,26456,28395,45870,47615,47622,3004,3134,3193,4046
47615	8154,12227,28152,30836,47608,47612,47613,47614,47618,47619
47616	28152,47612,47621,47622,47639,6995,7573,7630,7642,8154
47617	12227,47623,591,615,2294,4839,5670,9692,9781,11244
47618	47621,47638,47609,47612,47630,47633,47634,8154,12227,28157
47619	8154,12227,28152,30836,47608,47612,47613,47615,47618,47621
47620	7630,8154,25807,4295,5071,7635,7651,11660,14346,14757
47621	47612,47618,12227,47630,47633,47634,8154,21984,23111,23113
47622	21984,12227,47613,20730,4311,8154,11336,21971,21972,21983
47623	39171,47610,47617,562,1950,2841,2922,3937,4717,5969
47624	45825,48579,48581,79,219,343,351,2238,3463,3547
47625	7630,7642,30836,38732,47610,47623,47626,47628,47639,186
47626	562,47639,7630,7638,7642,11369,12032,12227,12715,23165
47627	47640,47633,7320,8154,15473,28152,30836,47608,47609,47612
47628	28381,4717,7630,22049,25918,30134,42174,47610,186,560
47629	2841,7630,8154,9928,12227,13400,13411,14382,16000,22053
47630	47609,47618,47621,47638,47639,28157,28186,47612,47633,47634
47631	2244,2802,5948,5971,5977,7573,7630,7642,8154,9393
47632	4295,5071,4206,20845,22089,25747,7612,22141,22158,25864
47633	15887,15891,15893,28152,47609,47612,47618,47621,47627,47638
47634	12227,28152,47612,47618,47621,47638,8154,30836,47608,47609
47635	47609,47627,47633,47636,47639,47640,472,582,5988,6328
47636	47609,47627,47633,47635,47639,47640,472,582,5988,6328
47637	8154,12227,28152,30836,47608,47610,47612,47613,47615,47618
47638	47609,47618,8154,47630,47633,47634,12227,28157,28186,30836
47639	47609,6328,7267,13411,562,2841,7630,7651,14264,21935
47640	47627,47633,7320,8154,15473,28152,30836,47608,47609,47612
47641	235,576,2084,2524,2678,2864,2914,3702,3903,4494
47642	21129,48821,48897,371,385,821,2574,2785,2833,3091
47643	11711,47644,47645,47646,47647,47648,47649,47650,47651,47652
47644	17883,38732,43587,3770,7402,10301,14277,19467,30741,35624
47645	694,817,4053,7049,7245,7444,9642,11711,12453,12597
47646	343,356,370,658,672,680,821,2027,2699,2864
47647	1668,2827,4875,5234,8353,8509,11711,13655,19306,35185
47648	22621,47653,381,385,552,674,678,683,684,4774
47649	47654,1418,1441,1448,3395,6588,7293,7907,9461,11538
47650	11711,47643,47644,47645,47646,47647,47648,47649,47651,47652
47651	13871,134,2555,7724,8671,8685,9154,9451,9793,9800
47652	11711,47643,47644,47645,47646,47647,47648,47649,47650,47651
47653	20078,13112,13586,26442,28767,45515,47648,278,371,380
47654	47649,2,64,1250,1355,1371,1379,1380,1381,1384
47655	44717,3548,7651,20845,23175,28505,30151,39127,47523,48662
47656	2196,2819,2821,2824,3155,4742,4991,5722,5960,6241
47657	47661,1148,1832,4604,11711,12584,13893,14496,14976,18372
47658	62,222,525,973,1018,2504,3577,11711,12633,23039
47659	336,377,728,64,367,381,387,390,595,658
47660	4174,4223,4840,5058,5075,5689,5731,6792,7248,7615
47661	47657,1148,1832,4604,11711,12584,14496,14976,20118,20919
47662	16485,23721,39156,16478,29151,35374,566,3317,3332,3344
47663	550,8528,8619,9309,13400,26070,26076,26090,26107,38719
47664	9659,6487,6577,6961,8234,10849,13276,14061,14498,23854
47665	211,361,956,1078,1080,1170,1189,1212,1614,1914
47666	13276,14061,14498,32769,47664,47667,47668,47669,47670,47671
47667	14061,47670,47687,47689,47690,47701,14498,32769,47664,47666
47668	3023,13276,14061,14498,30604,32769,37827,47664,47666,47667
47669	10287,42719,4281,7957,16196,16204,16205,16211,16214,16229
47670	14061,47667,47687,47689,47690,47701,48798,8468,14498,16806
47671	7181,13276,14061,14498,32769,47664,47666,47667,47668,47669
47672	58,72,134,138,433,1061,1220,1392,1550,1830
47673	13276,14061,14498,32769,47664,47667,47668,47669,47670,47671
47674	47699,3808,8101,25896,26091,47688,47695,47708,47709,48266
47675	13276,14061,14498,32769,47259,47262,47263,47274,47275,47284
47676	98,2418,7181,12314,13276,14061,14498,16539,20567,21178
47677	13276,47679,47686,47689,47702,5089,14061,14498,32769,47664
47678	13276,14061,14498,32769,47664,47666,47667,47668,47669,47670
47679	13276,47677,47686,47689,47702,14061,14498,32769,47664,47666
47680	13276,47690,47702,14061,14498,32769,47664,47666,47667,47668
47681	2413,5093,6108,6109,13596,17434,17894,23297,25184,29504
47682	16389,26054,48142,26057,26059,26073,26087,26088,47707,48091
47683	2974,3023,6598,6882,10671,12714,13276,13467,14061,14315
47684	569,3903,3992,4021,4163,4184,4300,4301,6306,7181
47685	569,1244,3238,5093,5670,5722,5936,6121,6142,7181
47686	13276,47677,47679,47687,14061,14498,32769,47664,47666,47667
47687	47690,47701,14061,47667,47670,47686,47689,14498,32769,47664
47688	47674,47680,47689,47690,47699,47701,47702,4518,4525,5143
47689	47701,47702,14061,47667,47670,47677,47679,47687,47699,14498
47690	47701,47680,47687,14061,47667,47670,47693,14498,32769,47664
47691	13276,14061,14498,32769,47664,47666,47667,47668,47669,47670
47692	7181,13276,14061,14498,32343,32769,47664,47665,47666,47667
47693	47690,13276,14061,14498,32769,47664,47666,47667,47668,47669
47694	46418,13276,14061,14498,32769,47664,47666,47667,47668,47669
47695	47674,47690,47702,660,779,3889,4086,4090,4234,4316
47696	523,9930,13276,14061,14498,23318,30879,32769,44446,47664
47697	1250,1421,1431,3246,3420,3433,4766,6935,7181,7296
47698	4019,7172,7181,13235,13276,13443,14061,14498,16742,32769
47699	47674,47689,47701,47688,47690,47702,7181,13276,14061,14498
47700	7181,13276,14061,14498,32769,47664,47665,47666,47667,47668
47701	47689,47690,47687,14061,47667,47670,47699,14498,32769,47664
47702	13276,47680,47689,47677,47679,14061,14498,32769,47664,47666
47703	7667,577,909,2181,3237,3250,3281,5017,6004,6210
47704	25099,202,269,551,855,1137,2059,2639,2940,3115
47705	7181,13276,14061,14498,32769,47664,47665,47666,47667,47668
47706	7181,4839,4841,10313,10453,22398,24091,44446,45981,47681
47707	26057,26058,26059,26054,26088,26073,48142,26062,26067,26078
47708	47674,47677,47686,47687,47690,47701,4659,7181,13276,14061
47709	13276,47674,143,624,629,689,1169,1689,2107,2798
47710	7181,13276,14061,14498,32769,47664,47665,47666,47667,47668
47711	43565,48538,235,576,1617,2084,2524,2678,2864,2914
47712	47728,10841,10898,10909,25344,47713,47720,47723,47730,10852
47713	47714,47724,47712,5839,25344,47737,4104,10907,11501,11519
47714	47713,5839,25344,47717,47718,47719,47729,47730,47732,47733
47715	43170,47712,47720,47721,47722,47723,47724,47725,47726,47728
47716	4104,5839,25344,43170,47712,47713,47714,47715,47717,47718
47717	47718,47722,47724,47729,25344,43565,47714,47720,47721,47723
47718	47717,47723,47724,25344,47714,47722,47738,1617,2915,4104
47719	47714,4104,5839,25344,43170,47712,47713,47716,47717,47718
47720	47724,47712,47721,43170,47715,47717,47723,47725,47726,47731
47721	11060,47720,47722,47728,11521,43170,47712,47715,47717,47723
47722	5839,47717,47721,47733,25344,43170,47715,47718,47723,47725
47723	47712,47718,47724,25344,43170,47715,47717,47720,47721,47722
47724	47713,47720,47717,47718,47723,47729,43170,43565,47715,47721
47725	43170,47712,47715,47720,47721,47722,47723,47724,47726,47728
47726	43170,47712,47715,47720,47721,47722,47723,47724,47725,47728
47727	4104,5839,25344,31304,31818,31824,31828,31831,31832,31834
47728	47712,47721,47733,5839,25344,43170,47715,47717,47723,47725
47729	43565,47717,47724,47730,25344,47714,47722,47723,47738,1617
47730	47712,47729,25344,43565,47714,47717,47724,47732,47738,1617
47731	43170,47712,47715,47720,47721,47722,47723,47724,47725,47728
47732	5839,43565,47714,47717,47722,47724,47730,4104,10845,10862
47733	5839,47722,47728,47712,47714,47717,47720,47721,554,2806
47734	4104,5839,25344,43170,47712,47713,47714,47715,47716,47717
47735	16444,366,573,614,1002,1137,1139,1230,2053,2574
47736	4104,5839,25344,43170,47712,47713,47714,47715,47716,47717
47737	47713,47714,47722,47728,4104,5839,25344,43170,47712,47715
47738	25344,47712,47717,47718,47723,47724,47729,47730,101,162
47739	43992,1371,25343,32366,33498,45022,1435,4782,5242,5309
47740	23762,4398,8685,23736,32389,242,1392,1782,4420,4425
47741	3984,4193,2,1137,1392,1758,3977,4081,4237,4269
47742	23779,23787,32791,5242,6482,9453,23789,25300,28261,32004
47743	32343,5930,22994,32426,1392,4331,8932,12722,12938,17809
47744	47774,1392,11369,17506,31257,32389,35843,44001,47740,47741
47745	10430,22265,656,1689,1810,1897,2413,2667,3971,4044
47746	10500,4736,20500,21948,22239,546,1216,3937,4276,5355
47747	1371,5309,32343,43992,47756,1347,1349,1352,1354,1355
47748	11,75,95,242,338,628,638,704,995,1350
47749	47759,1392,11369,17506,31257,32389,35843,44001,47740,47741
47750	3322,3332,3365,3368,3375,7124,7409,8737,13276,15458
47751	22505,46158,47745,47770,439,443,1135,1392,1689,2324
47752	47757,47763,850,952,1392,1513,2643,2645,2701,2956
47753	1392,17506,32389,32447,35843,36354,44001,47740,47758,47766
47754	1392,1692,1694,1736,2687,2698,2711,9940,10489,11369
47755	1392,11369,17506,31257,32389,35843,44001,47740,47741,47742
47756	47747,1392,10613,47758,47760,47766,758,797,1364,1384
47757	4396,4485,850,2645,4401,4417,4469,4473,7343,7758
47758	1392,35843,44001,47760,47766,39,1371,4425,4426,16162
47759	47749,1392,11369,17506,31257,32389,35843,44001,47740,47741
47760	44001,1371,1392,25728,47758,16163,43975,44003,47747,47756
47761	1392,11369,17506,31257,32389,35843,44001,47740,47741,47742
47762	23883,29633,39404,40997,48472,363,918,1077,1397,1680
47763	8685,952,2645,4401,4407,5249,7730,7758,11756,14009
47764	502,1354,1381,1392,1455,1956,1966,1967,2565,4451
47765	1392,11369,17506,31257,32389,35843,44001,47740,47741,47742
47766	1392,47758,17506,25343,35843,44001,47740,47753,47756,47760
47767	546,1392,2196,2694,2812,3937,3999,5231,5957,6326
47768	6997,20870,24315,1392,2611,2627,3593,4360,4450,6481
47769	11369,13400,22069,546,569,3937,5937,7611,7985,9928
47770	22147,660,4289,7852,10120,10987,12401,20290,20596,20829
47771	9701,17506,23736,23743,23755,23784,24573,26114,26254,30714
47772	1421,19116,31376,131,857,919,1247,1348,1356,1386
47773	1392,11369,17506,31257,32389,35843,44001,47740,47741,47742
47774	47744,1392,11369,17506,31257,32389,35843,44001,47740,47741
47775	20563,43706,17,98,442,590,623,1076,2410,4288
47776	47791,47790,47795,47793,44505,47792,47794,442,2410,4288
47777	47787,47780,47788,11564,47793,47782,47796,20563,43706,47779
47778	47785,47790,47782,47795,47793,47796,44505,47779,47783,47792
47779	11564,47777,47778,47780,47781,47782,47783,47784,47785,47786
47780	11564,47777,47784,47789,47797,47785,47786,47787,47788,47790
47781	47782,47796,20563,43706,44505,47779,47783,47794,442,2410
47782	47778,47781,47777,47787,44505,47779,47783,47784,47785,47786
47783	10500,11564,47777,47778,47779,47780,47781,47782,47784,47785
47784	11564,47780,47786,47788,47797,20563,43706,47779,47782,47783
47785	47778,47795,47787,47780,47786,47793,47797,11564,47796,47779
47786	47784,47789,47797,11564,47780,47785,47787,47788,47791,47790
47787	47777,47785,47791,47780,47786,47788,47790,47797,47782,47793
47788	47777,47784,47789,11564,47780,47786,47787,47791,47797,47790
47789	47795,11564,47780,47786,47788,47797,47793,47796,47779,47782
47790	47776,47778,47787,47793,47780,47786,47788,47797,11564,20563
47791	47776,47787,47786,47788,47797,11564,20563,43706,47782,47792
47792	11564,47776,47777,47778,47780,47784,47785,47786,47787,47788
47793	47777,47778,47785,47789,47790,47795,47776,47780,47787,11564
47794	47776,47777,47778,47781,47785,47787,47789,47790,47791,47793
47795	47789,47785,47778,47776,47793,47780,47786,47787,47797,11564
47796	47777,47778,47781,47785,47787,47789,11564,47779,47780,47782
47797	11564,47780,47784,47786,47789,47785,47787,47788,47791,47790
47798	522,576,617,621,4849,9490,10951,11564,14390,14949
47799	11564,44505,47776,47777,47778,47779,47780,47781,47782,47783
47800	
47801	
47802	909,18135,18539,47803
47803	168,285,499,909,1413,2982,4461,4499,5263,6463
47804	42897,17489,11863,31024,15757,18848,36659,43016,45992,634
47805	1266,1296,1290,1295,5237,1284,1800,25380,1275,1285
47806	9301,9316,9317,9319,9323,9325,9326,9336,9337,9352
47807	12703,26895,29278,30827,35804,45613,47840,168,4717,4738
47808	29138,6598,29184,311,1000,1201,1904,2608,2712,3468
47809	13638,24140,17842,18599,522,1586,2554,5265,9453,9880
47810	11863,20846,24147,34875,42897,43016,1433,2554,4738,5681
47811	8400,8425,8436,6473,6493,6565,8283,12732,12784,17783
47812	48554,48561,124,182,2443,2451,2798,3858,4289,5948
47813	7509,18809,36662,7022,7029,7882,47834,47839,6514,6624
47814	24188,24226,19,337,343,363,381,390,457,680
47815	36091,37948,38049,9365,9880,9943,12703,15946,17842,18326
47816	8232,8237,8241,8238,8240,8242,8246,8252,8234,8243
47817	14982,17883,28789,366,394,660,2036,2324,3702,4234
47818	19493,627,754,1137,2461,3033,3950,4196,4745,5090
47819	48499,16501,23875,31204,43016,47810,1433,8150,8217,8799
47820	1384,632,1347,1399,1435,1465,2149,2409,2519,2914
47821	47841,48557,48563,5948,9365,9880,9943,10500,12703,15946
47822	24166,557,18848,20512,38814,47839,6161,9467,15751,15757
47823	47840,18860,24150,47822,615,3238,14284,17489,18454,18646
47824	39781,9983,10622,17157,17198,17199,39753,39757,39782,39819
47825	17489,40722,13670,17468,18880,20512,24136,24148,24150,40298
47826	518,3390,3434,3439,4114,5681,7871,8292,9365,9880
47827	9365,9880,9943,12703,15946,17842,18454,18844,18860,19493
47828	11865,13618,47822,47834,2161,4995,6191,6304,7485,7509
47829	31,503,788,2437,5188,6851,6881,9362,9365,9382
47830	1349,1352,1354,1355,1359,1371,1379,1380,1381,1384
47831	5933,9885,18880,20539,47839,4717,5265,13632,15715,15757
47832	47831,47839,18454,19493,24150,38814,42908,47822,47823,47833
47833	13636,18646,615,4841,5265,7882,9940,13640,14319,15761
47834	7882,17489,36662,42890,43341,47813,47852,1433,9467,9880
47835	47845,7882,13638,13648,18810,47834,47839,1433,3736,11863
47836	9365,9880,9943,12703,15946,17842,18454,18844,18860,19493
47837	17059,9839,18454,2786,7698,7882,12554,14391,15715,17468
47838	47813,47835,47839,297,506,850,1426,1976,4509,4518
47839	7882,31024,11863,18809,47813,47822,47831,18810,18862,20518
47840	18887,47823,18646,18860,24150,3238,6161,9880,10514,12703
47841	47821,9365,9880,9943,12703,15946,17842,18454,18844,18860
47842	20542,41788,41801,7882,8800,17059,17842,18213,18595,18844
47843	47848,6117,18806,26893,29768,29839,40242,134,138,433
47844	18860,18858,24150,47822,578,6161,9885,11863,13520,13620
47845	47835,24150,18844,18862,45992,47834,1433,5481,5986,6191
47846	36659,42908,18848,22749,47810,47822,4850,5681,8783,9839
47847	43367,47851,4934,9365,9880,9943,12703,15946,17842,18454
47848	6691,47843,8217,31019,35991,39482,39503,40009,40585,41967
47849	9365,9880,9943,12703,15946,17842,18454,18844,18860,19493
47850	621,2569,2608,3831,5986,7704,9365,9876,9880,9943
47851	47847,134,138,433,3743,4871,6117,8136,9365,9880
47852	18454,18463,18825,24147,40703,47834,6545,7509,7704,13510
47853	26090,26066,26088,26057,26089,26054,47707,26058,26062,16389
47854	26067,26070,26057,26066,47707,26088,26058,26062,26073,47857
47855	26070,47862,26088,26057,26073,47858,16412,26054,26076,26089
47856	26090,26066,26057,26073,47857,26089,26054,16389,16412,26058
47857	26070,47856,47861,26057,26066,26073,26088,26090,47854,47855
47858	47862,26088,47855,47861,26057,26066,26073,26089,26090,47854
47859	47862,26073,26054,26058,26059,26060,26061,26076,47707,16389
47860	26067,26068,47859,47862,26073,26088,47707,47854,47855,47857
47861	26066,26070,26088,26057,26073,47857,47858,26089,47707,26054
47862	47859,26054,47855,26058,26089,47858,16412,26059,26060,26061
47863	47864,12491,16389,20190,26054,26057,26059,26060,26061,26067
47864	47863,12491,16389,20190,26054,26057,26059,26060,26061,26067
47865	20190,26067,26068,26070,26073,47854,47855,47856,47857,47858
47866	973,1114,1216,1762,3943,4875,5277,5314,5397,6328
47867	6265,7983,8003,16424,17073,30329,30373,45270,47870,198
47868	20845,45975,47186,15420,624,3752,3943,5429,7000,7615
47869	61,66,106,242,1100,2071,2425,3438,3943,4531
47870	15408,15415,47867,3943,11331,15412,15413,15414,23839,23840
47871	16655,15415,25793,3943,15408,552,926,2869,2986,2990
47872	3943,15408,15412,15413,15414,15415,15420,23839,23840,47866
47873	548,566,574,1416,2244,2678,3333,3353,3407,3928
47874	6496,6574,38206,38207,6452,6565,37851,42420,45407,6455
47875	1216,2238,4204,5444,5948,6458,6480,6493,6514,6567
47876	1216,2238,4204,5444,5948,6458,6480,6493,6514,6567
47877	7651,23451,47874,338,362,466,606,622,727,1156
47878	47974,23440,47973,47988,47977,47975,47982,47978,47979,47980
47879	2847,30807,30822,30832,30880,46840,47880,47881,47882,47883
47880	47887,47882,47982,47921,47896,47901,47941,47942,22118,30880
47881	47886,47902,47921,47947,47896,47927,47936,47941,47942,22118
47882	47886,47880,47921,47952,47942,47896,47901,47902,47927,47941
47883	47885,47902,47927,47942,47947,22118,47901,30880,47892,47894
47884	30807,30822,30880,47895,47908,47925,47956,47915,47936,47949
47885	47964,47904,47883,30880,47884,47893,47933,47939,47943,30822
47886	47881,47882,47902,47921,47947,47896,47916,47927,47941,10407
47887	47880,47952,47942,47896,47927,22118,23440,47901,47920,47933
47888	47952,47982,47921,47947,47936,47942,47896,47897,47902,47912
47889	47895,47909,47917,47939,47884,47901,47912,47914,47915,47918
47890	47927,30807,30880,47914,47949,47912,47925,47906,47913,47918
47891	47933,47936,47949,47897,47901,47929,47956,47908,47911,47938
47892	47883,47902,47910,47927,2847,4965,10942,13091,13426,13465
47893	30822,47949,30807,30880,47884,47895,47933,47937,47885,47890
47894	47884,47906,30807,47908,47912,47933,47943,47967,23440,30822
47895	47900,47927,47941,47963,47884,47918,47926,47931,47912,47913
47896	47887,47921,47880,47881,47882,47886,47888,47904,47942,47952
47897	47929,47914,47941,47891,47963,47968,47971,23440,47908,47938
47898	47897,47929,47964,47928,47939,47941,47965,47967,23440,47900
47899	30807,30822,30880,46840,47884,47890,47891,47893,47894,47895
47900	47895,47943,47929,47912,47938,47901,47914,47931,47941,47913
47901	47939,47891,30807,47900,47931,30880,47974,30822,47959,47884
47902	47883,47904,47881,47886,47885,47882,47888,47927,47942,47947
47903	47964,47939,47929,47897,47884,47930,47909,47927,47943,23440
47904	47885,47902,47947,34086,47929,47942,47964,3941,4011,4069
47905	2847,30807,30822,30832,30880,46840,47879,47880,47881,47882
47906	30880,47943,47968,47890,47908,47912,47925,47927,47933,30807
47907	47908,47941,30822,30832,30880,47925,47956,47966,47968,2181
47908	47956,47897,47943,30822,47884,47949,47891,47906,23440,47890
47909	47939,47964,47943,47895,30807,47901,47914,47936,47967,30822
47910	30880,47880,47883,47884,47885,47887,47892,47893,47903,47921
47911	47933,47936,47927,47891,47926,47949,30807,47900,47931,47943
47912	47900,30807,47895,47914,47890,47926,47938,47943,47949,47884
47913	47933,47895,47900,47914,47884,47890,47929,47932,47936,47949
47914	47897,47900,47963,47971,47890,47912,47913,47938,30880,47884
47915	47933,47939,47884,47936,47943,30807,47891,47901,47911,47913
47916	47897,47927,47947,47884,47890,47900,47914,47917,47943,47988
47917	47895,47912,47927,47884,47890,47900,47914,47918,47906,30807
47918	47927,47964,47895,47890,47891,30807,47900,47911,47917,47926
47919	47927,47929,47933,30807,47895,47900,47930,30822,30880,47884
47920	47927,47942,47947,47890,47895,47897,47900,47914,47916,47917
47921	47939,47895,47897,47943,47884,47885,30807,30822,30880,47882
47922	30832,47929,47939,47966,30880,47895,47928,47930,47933,47943
47923	47914,47932,47931,47933,47943,47964,30807,47890,47897,47913
47924	47914,47932,47943,47895,30807,47884,47890,47913,47933,47938
47925	30880,47964,30807,30822,47884,47890,47900,47906,47936,47914
47926	47895,47949,47927,47943,47900,47911,47912,30807,47890,47893
47927	47895,47918,47949,47890,47929,30880,47963,47971,47973,47911
47928	47964,47967,47895,47897,47933,47951,47965,47968,30807,30822
47929	47897,47933,47900,47927,47949,47891,47936,47903,47913,47893
47930	47939,47943,47895,47956,30822,47900,30807,47933,47949,47893
47931	47936,47895,47900,47901,30807,47933,47974,47911,47927,47957
47932	47933,47897,47949,47973,30807,47890,47963,47971,47912,47913
47933	47929,47915,47891,47941,47963,47911,47913,47932,47938,47971
47934	47897,47909,47939,47884,47895,47943,47964,30807,47900,47901
47935	47897,47949,47961,30822,47895,47901,47933,47941,47971,47890
47936	47891,30807,47973,47931,47974,47911,47948,47884,47929,47941
47937	47893,47938,30822,30807,47897,47900,47912,47926,47943,47950
47938	47900,47897,47933,47891,47895,47912,47914,47943,30807,30822
47939	47964,47909,47901,47971,47974,30880,47973,47915,47930,47963
47940	47964,47939,47967,30807,30880,47930,47936,47949,30822,47890
47941	47897,47895,47933,23440,47900,47927,47936,47974,47890,47891
47942	47887,47912,47936,47939,23440,30807,47884,47895,47897,47901
47943	47900,47956,23440,47908,47930,47988,47909,47926,47963,47906
47944	47929,47930,47964,30822,47949,47965,30807,47895,47900,47925
47945	47933,47897,47932,30807,47901,47936,47943,47947,47884,47891
47946	2847,30807,30822,30832,30880,46840,47879,47880,47881,47882
47947	47884,47897,47914,47936,30807,30822,47929,47932,47890,47891
47948	47936,47939,47943,47953,23440,47901,47941,47971,30807,30880
47949	47891,47927,47929,47926,47971,30822,47890,47893,47908,47884
47950	47893,47926,47900,47901,47912,47931,47935,47937,47949,47959
47951	47939,30880,47933,47943,47897,47906,47928,47965,47967,47968
47952	47887,47888,47882,47982,47921,47896,47941,47942,22118,30880
47953	47936,30807,47949,30822,30880,47884,47890,47901,47927,47943
47954	44635,45999,47927,168,581,1657,1664,1666,1677,1679
47955	47927,30880,47884,47909,47936,47939,47949,47973,30807,47890
47956	47908,47943,47884,47891,47897,30822,47930,47936,47939,47914
47957	47895,47900,47931,47933,30807,47901,47939,47936,47943,47963
47958	30807,30822,30880,46840,47884,47890,47891,47893,47894,47895
47959	47949,47973,47900,47901,47926,30880,47891,47893,47911,47933
47960	47914,47927,47943,30807,30822,30880,47884,47890,47895,47897
47961	47897,47939,47971,47900,47933,47935,47941,47943,47949,46840
47962	47933,47891,47897,47900,47911,47913,47895,47914,47929,47943
47963	47897,47933,47895,47914,47927,47939,47975,47943,47932,47981
47964	47939,47909,47885,47918,47925,47903,47965,47928,47969,47988
47965	47964,47967,47928,47951,47939,47943,47895,47897,47900,47908
47966	30832,47929,47964,47922,47943,47949,47965,47895,47908,47930
47967	30880,47939,47928,30807,47965,47974,30822,47890,47893,47909
47968	47897,23440,47906,47933,30807,47895,47900,47927,47908,47928
47969	47964,47900,47943,47895,47897,47931,47939,47956,47962,47970
47970	47891,30807,47943,47900,47901,47931,47933,47936,47957,47969
47971	47939,47897,47914,47927,47949,47933,47895,47943,47975,47932
47972	47912,47933,47942,47945,47962,47964,30807,47884,47888,47891
47973	47878,47936,47974,47939,47927,30807,30880,47932,47943,47959
47974	47878,47939,47973,47936,47884,47901,47931,30822,47890,47912
47975	47963,47878,47971,47895,47897,47933,47981,47927,47943,47914
47976	47878,30807,47901,47936,47884,47891,47895,47897,47913,47932
47977	47878,30807,47914,47949,47971,30880,47897,47933,47939,47943
47978	47897,47878,47891,47895,30807,47936,47963,47943,47981,47901
47979	47878,47939,47947,47921,47974,30807,47884,47897,47901,47903
47980	47878,47927,47933,47939,23440,47895,47897,47901,47914,47917
47981	47878,47897,47963,47975,47936,47971,30807,30880,47891,47901
47982	47878,47888,47880,47885,47921,47952,47947,11002,22099,27354
47983	47930,47964,47878,47884,47941,47965,47895,47897,47900,47928
47984	47967,47878,47884,47906,47930,47964,47974,30822,30880,47893
47985	25440,1414,1486,5134,5265,9125,9490,10519,11169,11173
47986	47878,47939,47943,6984,10403,10469,16176,18437,25264,25788
47987	47878,47897,47929,47933,47884,47890,47891,47895,47900,47906
47988	47878,47943,47964,30807,47890,47900,47911,47925,47906,47929
47989	1933
47990	1380,1384,1415,1428,1453,1934,10658,11752,14589,16540
47991	1933
47992	1933
47993	1933
47994	47997,48007,48008,48012,48014,48009,48010,48011,48015,48016
47995	1933
47996	1933
47997	48006,47994,48005,1933
47998	1933
47999	1933
48000	48018,1933
48001	48008,48013,48012,48014,48009,48010,48011,48015,48016,48017
48002	48013,48012,48014,48009,48010,48011,48015,48016,48017,48019
48003	1933
48004	48010,48011,48015,48016,48017,48019,48018,1933
48005	47997,48007,48008,48013,48012,48014,48009,48010,48011,48015
48006	47997,48007,48009,48010,48011,48015,48016,48017,48019,48018
48007	48006,47994,48005,1933
48008	48001,47994,48005,1933
48009	48006,48002,48001,47994,48005,1933
48010	48004,48006,48002,48001,47994,48005,1933
48011	48004,48006,48002,48001,47994,48005,1933
48012	48002,48001,47994,48005,1933
48013	48015,48016,48017,48019,48002,48018,48001,48005,1933
48014	48015,48016,48017,48019,48018,48002,48001,47994,48005,1933
48015	48013,48014,48004,48002,48001,48006,47994,48005,1933
48016	48013,48014,48004,48002,48001,48006,47994,48005,1933
48017	48013,48014,48004,48002,48001,48006,47994,48005,1933
48018	48000,48013,48014,48004,48002,48001,48006,47994,48005,1933
48019	48013,48014,48004,48002,48001,48006,47994,48005,1933
48020	21606,49858,6920,10500,10732,42507,45234,29,64,81
48021	16032,26397,48022,48023,6,19,168,204,208,351
48022	48021,48023,536,959,3358,3548,3875,4035,4077,4104
48023	48021,48022,959,2623,3358,3548,3875,7582,7680,7902
48024	1366,1369,3548,5241,7582,7753,7902,9666,9980,19388
48025	2694,4736,6328,7611,9950,12414,20899,26425,45927,47001
48026	42692,42726,4208,7430,13082,42699,9386,13855,29886,42704
48027	12627,14691,15277,20588,1990,2276,2545,3548,4736,5265
48028	3548,5708,7582,7902,9980,11300,13621,25996,25997,25999
48029	0,337,352,12143,33786,451,11839,13596,25212,43123
48030	7582,11883,12067,12714,13408,20849,33051,42468,48026,48034
48031	624,2370,3548,3752,6388,7000,7582,7902,8042,8401
48032	2027,2040,2066,2963,3548,7582,7902,9980,14009,22555
48033	3548,7582,7902,9980,26442,48021,48022,48023,48024,48025
48034	10454,12714,20849,42413,338,3547,4717,4736,5231,5951
48035	9950,11214,12042,12044,18351,21205,26815,30169,30403,45111
48036	3548,7582,7902,9980,26442,48021,48022,48023,48024,48025
48037	2223,3548,5772,5773,7351,7582,7902,9876,9930,9980
48038	44426,2161,3548,3937,5924,6881,7582,7651,7902,9393
48039	3548,7582,7902,9980,26442,48021,48022,48023,48024,48025
48040	15664,3548,7582,7902,9980,10752,13688,15670,15671,15673
48041	1923,20577,23542,27904,42454,42458,45290,0,12,22
48042	3548,7582,7902,9980,26442,48021,48022,48023,48024,48025
48043	12957,30176,3003,6326,8169,10753,22564,48654,351,562
48044	47038,47040,23934,47034,47046,47051,47060,47084,47099,47129
48045	5708,7616,11214,11660,12328,22034,23302,25607,30169,48044
48046	4069,4101,3931,5265,10670,14531,16215,16240,20484,20869
48047	48069,25607,48055,48056,48060,48063,48065,5708,7616,11214
48048	2071,3150,3171,3941,5708,7616,11214,11660,12328,13105
48049	3003,4839,6326,11341,11345,11359,11361,11435,11445,22564
48050	48053,25607,48044,48051,48052,48056,5708,7616,10381,10523
48051	28389,48050,48053,5708,7616,10381,10523,10841,11214,11660
48052	25607,48050,48053,48060,48065,48071,48075,5708,5824,7255
48053	48050,8169,12957,15072,15076,23112,25537,25564,25647,48051
48054	21984,161,222,229,2580,3844,4138,5444,5708,6320
48055	25607,48047,48060,48069,5708,7616,11214,11660,12328,22034
48056	25607,48044,48047,48050,48063,5708,7616,11214,11660,12328
48057	5708,7616,11214,11660,12328,12491,22034,23302,25607,30169
48058	22011,21984,11336,21992,28157,28160,21965,21987,21990,28175
48059	562,9928,48049,606,3003,5986,6326,12060,14549,15692
48060	23112,25607,7616,23109,23111,23116,25604,25633,25652,48047
48061	42508,42413,2389,42460,44495,351,1244,2238,4687,5089
48062	5708,6397,7616,11214,11660,12328,22034,23302,25607,28154
48063	48047,48056,5708,7616,11214,11660,12328,12957,22034,22397
48064	5708,7616,11214,11660,12328,22034,23302,25607,30169,48044
48065	48047,48052,48053,48069,3904,4048,4311,5708,7616,8169
48066	48070,48077,5708,7616,11214,11660,12328,22034,23302,25607
48067	16196,16211,16212,10287,16198,16200,16205,16208,16214,22158
48068	5708,7616,11214,11660,12328,22034,23302,25607,30169,48044
48069	12328,28563,48047,3328,4717,7608,7611,9986,11214,12227
48070	48066,48077,1860,2802,3374,4095,4955,5708,7479,7616
48071	25607,5708,15072,25567,48052,48053,48060,48075,7616,8122
48072	5708,7616,11214,11660,12328,22034,23302,25607,30169,48044
48073	48053,5708,7616,11214,11660,12328,22034,23302,25607,30169
48074	7897,11246,17468,22046,23437,748,9927,22395,23170,23296
48075	25607,48052,48060,48071,5708,7616,11214,11660,12328,12950
48076	12328,48079,14421,20500,38723,338,2802,7611,9471,9986
48077	48066,48070,5708,7616,11214,11660,12328,22034,23302,25607
48078	5824,48074,232,748,4757,5455,5708,6142,6934,7322
48079	12328,48076,48069,468,534,549,1201,1823,2253,2264
48080	48046,1264,1417,2928,4069,4101,5265,5708,5818,7616
48081	5708,7616,11214,11660,12328,22034,23302,25607,30169,48044
48083	11784,6580,16838,40680,8165,11142,16851,17203,26905,36019
48084	37838,16851,17584,48085,1382,1414,1438,1441,2902,3548
48085	17584,6534,6565,35993,36039,48086,6659,6678,11779,11781
48086	17584,37838,26905,48085,1382,6493,6534,6565,14455,16827
48087	26078,26084,48175,48188,48184,48174,48178,48183,48186,48211
48088	48161,48150,48091,48101,26073,48090,48095,48102,48115,48125
48089	48091,48093,48098,48095,48096,48101,48103,48104,48105,48107
48090	48128,48113,48162,48106,48199,48116,48163,48211,26084,26087
48091	48150,48114,48096,48099,48101,48183,26087,48104,26078,26084
48092	48105,48095,48103,48107,48156,48104,48109,48111,48114,48122
48093	48111,48170,48130,48142,48103,48146,48089,48095,48105,48109
48094	48109,48097,48113,48114,48156,48130,48106,48107,48111,48120
48095	48130,48111,48107,48146,48106,48117,48169,48188,48097,48116
48096	48122,48099,48091,48101,48114,48150,48098,48111,48107,48142
48097	48103,48109,48094,48117,48156,48095,48122,48101,48113,48150
48098	48096,48101,48091,48104,48099,48122,26087,48107,48111,48089
48099	48096,48091,48114,48101,48122,48098,48103,48118,48142,48150
48100	48090,48103,48104,48105,48091,48096,48098,48099,48102,48113
48101	48091,48096,48098,48099,48111,48107,48116,48117,48130,48142
48102	48114,48091,48150,26087,48090,48096,48099,48103,48142,48088
48103	48170,48117,48113,48142,48097,48175,48099,48116,48162,48093
48104	48105,48091,48150,48098,48122,48130,48142,48156,48146,48170
48105	48104,48122,48150,48156,48130,48170,48146,48092,48106,48120
48106	48162,48090,48109,48120,48143,48095,48124,48126,26076,48103
48107	48146,48095,48096,48114,48142,48150,48177,48101,48121,48157
48108	26087,48090,48095,48101,48115,48143,48162,26073,48103,48109
48109	48094,48130,48156,48106,48116,48142,48146,48097,48117,48120
48110	26087,48096,48098,48102,48105,48106,48112,48114,48118,48120
48111	48130,48095,48093,48096,48150,48101,48114,48157,48169,48099
48112	48118,48124,26087,48096,48104,48106,48114,48123,48130,48091
48113	48090,48103,48094,48150,48106,48116,48120,48091,48097,48102
48114	48118,48091,48142,48099,48096,48122,48102,48107,48111,48130
48115	48106,48125,26076,48088,48090,48095,48101,48108,48109,48124
48116	48109,48090,48101,48103,26073,48095,48104,48091,48099,48113
48117	48103,48109,48170,48091,48095,48097,48101,48096,48128,48146
48118	48114,26087,48150,48091,48096,48099,48122,48130,48109,48142
48119	48158,26078,26087,48091,48114,48130,48193,6170,26073,26076
48120	48106,48109,48129,48090,48126,48130,48094,48095,48105,48113
48121	48142,48183,48091,48107,48109,48095,48103,48146,48150,48162
48122	48150,48096,48157,48105,48114,48159,26078,26087,48099,48104
48123	26087,48114,48118,48091,48096,48099,48102,48112,48124,48125
48124	48125,48106,48143,48091,48130,48154,48090,48095,48098,48099
48125	26076,26073,48124,48186,26088,48106,48145,26054,26078,48090
48126	26087,48153,48106,26076,48120,26073,48090,48101,48109,48116
48127	48104,48108,48142,26073,48101,48102,48114,48116,48135,48150
48128	48090,48140,48142,48199,48091,48189,48109,48117,48156,48170
48129	48120,48106,48090,48116,48141,48109,48126,48142,26073,48095
48130	48150,48111,48188,48095,48195,48109,48153,48184,48185,26076
48131	48181,48090,48095,48103,48109,48116,26073,26087,48097,48101
48132	48121,48090,48095,48103,48106,48108,48109,48116,48138,48145
48133	48114,48141,48142,48150,48120,48149,26058,26090,48091,48102
48134	26087,48141,48142,48143,48149,48150,48153,26058,26073,26077
48135	26073,48116,48125,48150,48088,48101,48102,48104,48120,48124
48136	48091,48104,48105,48109,48111,48122,48130,48156,48093,48094
48137	48114,48142,48150,48091,48099,48102,48125,48101,48116,48126
48138	48090,48091,48103,48104,48105,48121,48122,48130,48170,26087
48139	48142,48157,48162,48189,40713,48088,48119,48128,48130,48145
48140	48166,48179,48128,48170,48091,48145,48146,48162,26084,26076
48141	48150,48106,48149,48109,48114,48120,48129,48153,26076,48090
48142	48150,48193,48114,48121,48128,48163,48146,48149,26058,26059
48143	26087,48106,48124,48109,48154,48162,48090,48095,48104,48118
48144	48164,48122,48130,26073,26076,48088,48091,48095,48119,48142
48145	48140,48130,48157,48162,48166,26087,48125,48153,48160,48090
48146	48170,48107,48142,48095,48109,48157,48104,48105,48140,48160
48147	26076,26077,26087,48088,48090,48091,48095,48106,48108,48111
48148	26058,26090,48106,48114,48150,26054,26057,26060,26061,26062
48149	48142,48150,48141,48157,48114,48130,26058,26076,48091,26075
48150	48142,48122,48130,48091,48157,48096,48104,48149,48156,48105
48151	48119,48128,48163,5930,8932,10842,12722,12938,17809,22732
48152	20803,552,1809,2843,3010,3237,3347,3736,3770,4103
48153	48126,48130,48090,48162,26084,48145,26058,26075,48106,48114
48154	26087,48143,48090,48124,48125,48140,26076,48091,48095,48106
48155	13430,11654,44794,48122,48130,48142,48156,161,18823,26073
48156	48109,48150,48157,48105,48104,48094,48097,26076,48128,48175
48157	48189,48122,48150,48156,48146,48107,48111,48145,48185,16389
48158	48119,48106,6170,48091,48157,48193,26076,26078,26084,30531
48159	48175,48122,48090,48150,26076,48091,48153,48156,48162,48164
48160	48142,48178,48189,48090,48146,48179,48103,48145,48199,48211
48161	48088,48130,48156,48157,48195,26076,48145,48173,26075,26087
48162	48170,48090,48106,48103,48140,48145,48153,48175,48183,26075
48163	48142,48090,48122,48185,48189,48211,48103,48199,26076,48091
48164	48130,48166,48195,26084,48159,48170,26076,26078,48091,48106
48165	48090,48091,48096,48107,48122,48128,48146,48156,26087,48094
48166	48140,48179,48122,48145,48150,48170,48090,48146,48164,26084
48167	48090,48095,48103,48109,48116,26073,26087,48097,48101,48105
48168	48090,48095,48103,48109,48116,26073,26087,48097,48101,48105
48169	48095,48111,48146,48177,48091,48103,48117,26078,26084,48107
48170	48103,48162,48146,48140,26084,48093,48105,48117,48175,26087
48171	26057,26058,26059,48142,48162,48173,26054,26075,26080,47707
48172	48087,48090,48128,48170,48175,26076,48091,48130,48140,48153
48173	26057,48087,48130,26058,26061,26090,48157,26054,26064,26075
48174	48087,48122,48090,48146,48150,26084,48145,48153,48192,48195
48175	48159,48087,48091,48103,48170,48162,48146,48156,48211,26076
48176	48130,48142,48157,48160,48163,48174,48178,48185,48189,48087
48177	48087,48107,48146,48169,48103,26084,48095,48117,48162,26078
48178	48087,48160,48091,48122,48150,48185,26078,48162,48184,48145
48179	48140,48166,48087,48160,26084,48091,48103,48146,48185,48162
48180	44619,48103,48130,48175,48179,48185,48189,48194,48199,246
48181	48087,48131,48090,48095,48103,48109,48116,26073,26087,48097
48182	2929,2986,4091,594,1045,1137,2388,2940,2949,2967
48183	48091,48087,48121,48107,48162,48103,48096,26078,48095,48117
48184	48087,48130,26078,26084,48090,48091,48095,48178,48189,48128
48185	48130,48142,48157,48163,48178,48179,48087,48202,48150,48103
48186	26076,26078,48087,26090,26054,26087,26088,48125,26070,16396
48187	
48188	48087,48130,48095,48109,48121,48128,48150,48157,48169,26084
48189	48157,48087,48160,48090,48122,48128,48163,48162,48193,48199
48190	48122,48140,48090,48096,48099,48142,48146,48157,48166,48170
48191	26075,26076,26077,26078,26084,26087,26088,26092,30531,30532
48192	48130,48159,48174,48140,48175,48087,48128,48200,48090,48091
48193	48142,48087,26078,48122,48157,48189,26084,48091,48175,48119
48194	48166,48160,48175,48199,48130,48140,48142,48159,48179,44619
48195	48130,48087,48090,48122,48157,48164,48161,48174,26084,48150
48196	
48197	48142,48216,48090,48175,48193,26073,26084,48087,48128,48157
48198	
48199	48090,48128,48122,48091,48142,48087,48160,48189,48159,48163
48200	48128,48140,48142,48157,48159,48160,48166,48178,48090,48122
48201	48087,48142,48162,48090,48122,48139,48157,48177,48183,48189
48202	48185,48174,48130,48175,48166,48179,48103,48107,48140,48142
48203	48156,48170,48091,48111,48169,48188,26084,48087,48093,48121
48204	16396,26084,15662,16389,16412,26076,33299,48087,48142,48162
48205	
48206	
48207	34536,21873,27549,43456,1031,8685,8686,16621,17636,19352
48208	48087,48090,48104,48105,48150,26073,26087,48088,48095,48097
48209	26073,26054,26057,26061,26090,26078,48087,48090,48109,48116
48210	48087,48096,48111,48117,48119,48150,48156,26078,26084,26087
48211	48087,48090,48128,48142,48160,48163,48175,48103,48159,26078
48212	5410,5420,5440,5424,5425,5431,5413,5415,5436,5449
48213	4278,5314,11868,19978,25054,31381,52,310,596,1069
48214	48122,48087,48162,48179,26087,48090,48106,48173,48175,48178
48215	126,161,185,628,1459,2036,2659,2667,2691,3115
48216	48142,48197,48193,48211,26084,48087,48090,48160,48162,48175
48217	2603,2892,13986,40455,40513,47470,101,741,1354,1782
48218	3692,19122,33621,48219,48220,48221,48222,48223,48224,48225
48219	48227,48228,48231,48234,3692,13986,47470,48225,48236,48240
48220	2608,33621,42454,34,162,223,233,298,995,1014
48221	19920,25228,34009,1031,1220,1664,1670,3692,3734,5490
48222	48227,48228,48231,48234,3692,13986,47470,48236,48240,48241
48223	3692,19122,33621,48218,48219,48220,48221,48222,48224,48225
48224	186,1754,2715,3880,3999,4364,4389,8671,9793,15063
48225	48219,48230,48239,3692,5257,19122,27837,33621,48218,48220
48226	32317,32505,33194,1,11387,18841,23608,30214,31337,32510
48227	48240,48219,48222,48236,3692,13986,47470,48235,741,3746
48228	48219,48222,48236,3692,13986,47470,48235,93,381,656
48229	3692,19122,33621,48218,48219,48220,48221,48222,48223,48224
48230	48239,48241,48240,4046,8003,8004,48225,48235,93,161
48231	48219,48222,3692,13986,47470,741,3746,4033,4053,4231
48232	3692,19122,33621,48218,48219,48220,48221,48222,48223,48224
48233	105,239,313,1080,1174,1725,1787,2059,2847,3227
48234	48241,48240,48219,48222,48236,3692,13986,47470,48235,741
48235	48227,48228,48230,48234,48236,48239,48240,48241,3692,19122
48236	48227,48228,48234,3692,48219,48222,48235,48239,48240,48241
48237	3692,19122,33621,48218,48219,48220,48221,48222,48223,48224
48238	3692,19122,33621,48218,48219,48220,48221,48222,48223,48224
48239	48230,3920,4074,22104,22147,26899,46115,48225,48235,48236
48240	48227,48234,48230,48219,48222,48235,48236,741,3692,3746
48241	48234,48230,48219,48222,48235,48236,741,3692,3746,4033
48242	3692,19122,33621,48218,48219,48220,48221,48222,48223,48224
48243	46144,186,1754,2715,3880,3999,4364,4389,8671,9793
48244	3692,19122,33621,48218,48219,48220,48221,48222,48223,48224
48245	48243,2892,3692,19122,24335,33621,40455,40513,46144,48218
48246	5526,3230,3927,5578,5820,6328,10369,10408,13296,13927
48247	48260,48261,48248,48249,48250,48251,48252,48253,48254,48255
48248	48253,48261,48249,48250,48260,48262,48247,48251,48252,48255
48249	48248,48253,48254,48261,48264,5523,5535,12198,27328,48247
48250	48248,48253,48254,48261,48264,5523,5535,12198,27328,48247
48251	62,525,973,1018,1854,2193,2213,2240,2504,2867
48252	5226,9613,21604,26738,26740,27454,35157,35173,35687,38269
48253	48248,48249,48250,48256,48258,48260,48262,48264,5578,48247
48254	48249,48250,48256,48258,48260,48264,5578,48247,48251,48252
48255	1,107,1540,2930,5090,8802,9605,13654,13801,15018
48256	40309,48253,48254,48263,48264,2754,3023,5578,6328,7717
48257	48263,5526,48264,48247,48248,48251,48252,48253,48254,48255
48258	48253,48254,48263,48264,48267,5578,30676,33063,48247,48248
48259	44644,338,439,528,559,576,638,1490,2027,2036
48260	48261,5526,48247,48248,48253,48254,48251,48252,48255,48256
48261	48248,48260,48247,48249,48250,48262,48267,5538,5545,5559
48262	48248,48253,48261,48263,48247,48249,48250,48251,48252,48255
48263	48257,48264,5526,48256,48258,48262,5578,48247,48251,48252
48264	48263,48249,48250,48253,48254,48256,48257,48258,5578,48248
48265	3305,10287,27305,27310,34816,35079,35094,43736,44943,48247
48266	21113,47674,64,542,627,637,762,1404,1410,1412
48267	30676,48258,48261,562,569,622,2949,6298,6336,6807
48268	20868,20879,28212,39579,48247,48248,48249,48250,48251,48252
48269	93,5114,7441,7846,12612,15627,20034,22377,24228,29632
48270	1244,21077,45678,5456,6158,7254,8618,13082,19113,19117
48271	7248,11879,20424,28050,31978,31989,42458,49399
48272	21970,22010,28187,6397,11336,20730,21965,21968,21984,21985
48273	21968,21970,21984,22010,28160,48274,10956,10957,11336,20730
48274	21984,48273,48275,48276,48277,48278,161,222,229,2580
48275	21968,21970,21984,22010,28160,48274,10956,10957,11336,20730
48276	48278,28187,48274,11336,20730,21965,21968,21970,21984,21985
48277	48278,21965,28187,48274,11336,15004,20730,21968,21970,21973
48278	48277,21965,48276,15004,20730,21968,21984,28187,48274,7616
48279	21966,48273,48274,48275,48276,48277,48278
48280	21966,48273,48274,48275,48276,48277,48278
48281	15020,28739,29215,43814,3926,7507,7667,12352,12794,12820
48282	232,2071,4757,5455,5824,6934,7290,7322,7457,10720
48283	15020,29215,43814,22267,24330,48282,48284,48286,48288
48284	25527,18113,24487,45501,48286,49788,727,744,1065,3430
48285	48287,11654,11633,15034,15052,16106,22102,36552,662,2071
48286	48284,1927,3376,3842,3887,4806,5908,8185,9927,10413
48287	48285,11654,11633,15034,15052,22102,2071,2941,2976,3971
48288	5854,7690,15993,321,1228,2802,5080,7649,7660,7672
48289	15020,29215,43814,12794,12820,22267,24330,48282,48284,48286
48290	6476,9773,13632,17468,18880,32671,36662,43064,43341,637
48291	9453,23718,42911,1366,32045,1545,3651,5242,6476,6997
48292	16184,17343,24154,48291,48293,48294,48295,48296,48297,48298
48293	543,2019,5093,13573,19358,22049,26853,27810,28381,349
48294	48303,16184,17343,18880,24154,35431,48291,48292,48293,48295
48295	1356,23718,5242,6959,6960,6968,7001,7042,7046,11723
48296	325,1546,1667,2504,3549,3610,3634,5090,6127,6573
48297	48300,16184,17343,24154,48291,48292,48293,48294,48295,48296
48298	17343,23827,48300,48314,295,1347,1356,1382,1383,1390
48299	48306,48307,48308,48317,503,1349,1352,1354,1355,1359
48300	17343,48295,48297,48298,48314,1450,16184,18095,24154,48291
48301	2915,1370,1437,1506,1513,1515,1516,1519,1521,1530
48302	24154,24147,13618,15761,23366,1433,5188,5933,6477,7509
48303	48294,16184,17343,18880,24154,35431,48291,48292,48293,48295
48304	16184,17343,24154,48291,48292,48293,48294,48295,48296,48297
48305	16184,17343,24154,48291,48292,48293,48294,48295,48296,48297
48306	48299,48307,48308,48317,16184,17343,24154,48291,48292,48293
48307	48299,48306,48308,48317,16184,17343,24154,48291,48292,48293
48308	48299,48306,48307,48317,16184,17343,24154,48291,48292,48293
48309	311,2712,4527,5250,6528,6546,6578,6598,6600,6642
48310	17343,4278,4282,4293,5937,7883,9874,14280,15757,16184
48311	16184,17343,24154,48291,48292,48293,48294,48295,48296,48297
48312	7479,9940,13654,18441,338,548,578,628,748,1357
48313	16184,17343,24154,48291,48292,48293,48294,48295,48296,48297
48314	17343,48295,48298,48300,16184,24154,48291,48292,48293,48294
48315	467,4633,5824,6885,7672,9490,10293,10302,10470,12466
48316	48317,16184,17343,24154,48291,48292,48293,48294,48295,48296
48317	6476,24154,48291,48299,48302,48306,48307,48308,48316,1428
48318	16184,17343,24154,48291,48292,48293,48294,48295,48296,48297
48319	18175,18195,18186,18191,18197,18198,18200,18208,1967,9612
48320	18175,18209,18186,18190,18193,18197,18200,18212,18215,48319
48321	48424,48427,48420,48421,40980,48422,48430,48436,27020,1458
48322	48337,48340,48350,48353,48392,1550,1578,1630,5179,13562
48323	15680,48324,638,951,959,1378,1489,1661,1825,2641
48324	48332,48334,12727,20209,23694,28684,32873,48323,48326,48331
48325	88,543,575,627,638,1366,1405,1417,1489,1603
48326	13562,45075,48324,48340,48356,48363,49547,638,1489,2565
48327	1741,8235,10293,17109,17131,22962,35584,41025,83,150
48328	48364,48408,48361,13562,48383,48392,48356,48366,48421,48363
48329	22940,48368,186,223,638,1355,1489,1672,1754,2601
48330	42433,42489,74,522,530,538,638,1135,1489,1918
48331	32492,36091,48322,48324,48337,48339,48340,48350,48353,48392
48332	48324,48375,48340,48348,48365,48366,48328,48356,48360,48364
48333	48412,48384,48422,48387,48390,48407,48413,48349,48427,17029
48334	48324,48350,48348,48375,48392,48332,48335,48340,48354,48360
48335	13562,48322,48328,48334,48337,48340,48348,48350,48351,48353
48336	638,1489,13562,17029,17677,48322,48323,48324,48325,48326
48337	48322,48340,48350,48353,48392,13562,48328,48331,48335,48348
48338	48387,48427,48390,48422,48349,48346,48378,48380,48391,48406
48339	48331,48436,638,1489,13562,17029,17047,17677,25841,25914
48340	48351,48353,48361,48366,48370,48332,48363,48377,48421,48322
48341	638,48373,528,1489,1998,2003,2008,2916,8324,8372
48342	48391,48406,48369,48380,48425,48385,638,1489,27641,48345
48343	638,1489,13562,17029,17677,48322,48323,48324,48325,48326
48344	5243,5242,8727,49577,5531,41069,10616,23731,30749,32045
48345	1489,28639,48342,48364,48387,48397,48414,123,167,638
48346	48338,48355,48357,48390,48405,48411,48333,48384,48385,48387
48347	8328,8373,8396,8268,8286,8301,8306,8308,8315,8318
48348	48392,48356,48377,48332,48436,48334,12727,32873,34409,48322
48349	48411,48338,48333,48357,48384,48397,48405,48407,48412,48413
48350	48408,48370,48383,48421,48334,48363,48322,48337,48436,34409
48351	48340,48353,48360,13562,48361,48366,48356,48377,17155,17191
48352	5243,1489,5242,6469,6962,7930,16015,17755,23770,24316
48353	48340,48351,48375,48370,13562,48383,48366,48392,48322,48337
48354	27837,48324,48334,48335,49743,351,575,638,1080,1230
48355	48384,48387,48390,48407,48413,48427,48346,40980,48378,48385
48356	13562,48328,48348,48360,48364,48365,48375,48376,48351,48361
48357	48407,48413,48378,17029,48346,48349,48391,48406,48432,40980
48358	87,638,952,1078,1085,1088,1094,1102,1489,1950
48359	22239,30956,18375,37837,6589,1520,6496,6508,6522,11723
48360	48365,48375,48351,48383,48370,48356,48366,48392,48377,48332
48361	48328,48364,48340,13562,48351,48408,48366,48370,48356,48383
48362	638,1484,1489,2009,4327,4332,4362,8268,8270,8273
48363	13562,48328,48340,48350,48364,48365,48370,48375,48376,48383
48364	48328,48361,13562,48370,48392,48356,48366,48363,48332,48377
48365	48360,48408,48383,48392,48366,48356,48421,48332,48363,48377
48366	48340,48351,48365,48328,48360,48361,48364,48376,48332,48353
48367	48373,23720,32343,48344,48356,48386,48400,282,375,638
48368	48329,223,339,638,1489,1672,2603,3622,3885,5536
48369	48342,48338,48357,48378,48387,48397,48407,48411,1489,48349
48370	48375,48340,48350,48353,48364,48360,48383,48361,13562,48363
48371	638,1489,13562,17029,17677,48322,48323,48324,48325,48326
48372	638,1489,13562,17029,17677,48322,48323,48324,48325,48326
48373	12722,48367,2904,12186,12193,48341,48347,638,1033,1489
48374	638,1489,13562,17029,17677,48322,48323,48324,48325,48326
48375	48360,48353,48370,48383,48332,48356,48377,48363,48421,48334
48376	13562,48392,48421,48356,48366,48363,48332,48377,12727,32873
48377	48348,48375,48392,48340,48360,48365,48328,48332,48351,48353
48378	48357,48397,48338,48387,48407,48412,48413,48424,48333,48355
48379	95,121,142,164,214,233,638,1357,1489,2527
48380	48338,48342,48387,48391,48406,48413,48357,48378,48397,48412
48381	4389,8671,16621,22940,22946,23039,42224,186,973,4439
48382	638,1489,13562,17029,17677,48322,48323,48324,48325,48326
48383	48375,48350,48360,48365,48328,48353,48370,13562,48361,48363
48384	48412,48405,48333,48355,48422,48430,48349,17029,48346,48420
48385	48338,48342,48346,48355,48357,48390,48405,48411,48333,48384
48386	237,6654,6975,8283,11095,11132,11732,13115,35907,39751
48387	48338,48397,48405,48355,48390,48333,48430,48378,48380,48422
48388	48397,48412,638,1489,2037,13562,15245,17029,17677,48322
48389	638,1083,1489,10732,13562,17029,17677,43445,48322,48323
48390	48411,48338,48355,48387,48405,48333,48407,48413,48346,48422
48391	48342,48406,48413,48338,48357,48380,48412,48424,48427,48378
48392	48348,48365,48328,48364,48376,48360,48377,48408,48353,48361
48393	638,1489,13562,17029,17677,48322,48323,48324,48325,48326
48394	638,1489,13562,17029,17677,48322,48323,48324,48325,48326
48395	18576,40437,1967,5924,5933,8814,9467,13280,18456,18568
48396	48417,638,1401,1489,13562,17029,17677,48322,48323,48324
48397	48387,48407,48413,48427,48378,48349,17029,40980,48369,48380
48398	638,1489,13562,17029,17677,48322,48323,48324,48325,48326
48399	16380,7712,48415,6469,7790,7828,11756,12633,27595,38140
48400	12453,1349,1352,1354,1355,1359,1384,1385,1390,1392
48401	48324,48340,48348,48350,48351,48353,48360,48365,48375,48376
48402	17029,48333,48338,48346,48349,48355,48357,48378,48381,48384
48403	638,1489,13562,17029,17677,48322,48323,48324,48325,48326
48404	638,1347,1489,13562,17029,17677,35992,38241,48322,48323
48405	48384,48387,48407,48413,48390,48422,17029,48346,48349,48378
48406	48342,48391,48413,48338,48357,48380,48412,48424,48427,48378
48407	48357,48397,48405,48355,48333,48390,48349,48378,17029,40980
48408	48328,48350,48365,48361,13562,48421,48392,48356,48363,48366
48409	1506,1521,7289,17678,1360,1489,1513,1515,1518,1519
48410	13562,48350,48351,48392,638,1458,1489,2287,17029,17677
48411	48390,48349,17029,48346,40980,48369,48385,48420,27641,48359
48412	48384,48333,48422,48430,17029,48349,48378,48391,48406,48380
48413	48357,48397,48405,48355,48333,48390,48391,48406,48349,48378
48414	28639,48345,48347,48395,638,1489,2813,5242,5484,5996
48415	48399,638,961,1012,1489,4741,6000,6524,6595,6608
48416	1521,17653,1360,1513,1532,17525,1415,1437,4766,7289
48417	48396,204,1401,1664,10052,29379,40039,48321,48342,48359
48418	343,5407,6611,6642,6901,7265,10626,14823,17195,19557
48419	13562,48321,48324,48334,48348,48350,48375,48377,48392
48420	48321,48357,48384,48411,48412,48424,48333,48338,48346,48355
48421	48321,48350,48376,48408,48328,48365,48340,48361,48375,48383
48422	48333,48338,48405,48412,48321,48384,48427,48349,48387,48390
48423	
48424	48321,48427,48430,40980,48378,48391,48406,48346,48380,48420
48425	48342,48355,48357,48424,48430,48432,48321,48384,48387,48397
48426	13562,34409,48321,48328,48348,48350,48356,48360,48364,48365
48427	48321,48424,48338,48355,48397,48422,48333,48390,48391,48406
48428	48321,48431,1401,48432,49954
48429	
48430	48321,48384,48387,48412,48424,48338,48355,48357,48405,48425
48431	48321,48428,1401,48417
48432	48357,48321,48355,48384,48387,48397,48405,48407,48412,48413
48433	48321,48331,48339,48436
48434	1360,1390,1392,1415,1437,1488,1493,1513,1515,1516
48435	6979,1367,1390,1434,1455,1520,1661,1677,1678,1754
48436	48321,48348,48350,48360,48365,48375,48392,13616,13722,16862
48437	6223,9950,23222,25531,35890,40540,45481,45487,1414,1488
48438	14371,48440,48441,48442,48445,48446,48447,48449,48485,660
48439	2088,48461,24989,48446,48466,48480,48482,48442,48457,48476
48440	2554,14277,34464,34558,19427,22049,26349,34159,34267,34291
48441	14371,48469,48442,48438,48440,48447,48449,48485,1216,1515
48442	6157,42704,2088,2196,5040,9093,14284,21298,47335,48441
48443	18803,3429,3842,3872,4443,7204,8760,15484,15486,23730
48444	7018,1680,2249,19108,35907,1445,6452,6473,7930,11803
48445	2088,24989,48442,48446,48480,6223,48438,48440,48447,48449
48446	48466,48482,14371,24989,48439,48445,48476,48438,48440,48442
48447	546,9099,9105,9920,10499,14371,17290,20567,28619,30169
48448	10709,2576,20483,21141,30691,45428,47610,48452,48454,551
48449	319,533,5564,11635,14371,15684,18556,20567,21150,26774
48450	350,572,579,627,1230,1515,1520,2088,2512,3429
48451	936,1515,1520,1911,2088,2502,2507,2781,3313,6157
48452	579,10709,10723,13654,47523,2971,5670,7479,7637,7656
48453	1969,14335,18803,23472,48471,48472,280,285,287,289
48454	14562,41775,575,3937,4717,9950,11882,12227,14271,14297
48455	13795,6882,9553,10724,13008,13847,24252,24661,24906,27262
48456	1515,1520,2088,2832,2833,2835,2836,2840,7466,10709
48457	2088,48469,48480,6223,14371,48439,48442,48445,48446,48461
48458	9553,12714,30971,280,284,287,289,290,298,299
48459	23993,11139,17200,23750,1426,4527,6962,6966,6977,7024
48460	40437,48454,52,596,1069,1357,1515,1520,1950,2088
48461	2088,24989,48439,48480,351,4717,6223,48457,48466,48469
48462	35907,43989,25728,33299,35915,44004,44007,785,1405,1414
48463	17649,17755,1414,14823,17218,44759,48478,1077,1403,1406
48464	35903,38221,48468,3377,10162,11261,15063,19505,20097,23755
48465	362,1515,1520,2088,4530,7430,7466,10709,10724,11357
48466	48446,24989,48439,48482,14371,48445,48457,48461,48469,48476
48467	16532,106,1515,1520,2088,2689,2719,3412,3721,4287
48468	35907,10701,18024,6483,7041,35903,6458,6496,6623,7019
48469	48441,6223,24989,48457,14371,48461,48466,48480,1515,1520
48470	1515,1520,2088,7466,10709,10724,14371,14472,21760,22787
48471	10500,47610,7473,8233,9950,10723,10753,10789,11863,14562
48472	4516,16067,5307,10792,4494,7022,7036,17200,18013,39394
48473	1515,1520,2088,3562,3712,5265,5990,7466,8593,10709
48474	5234,3712,5265,5990,8593,13909,14356,14562,20567,20943
48475	1515,1520,2088,5052,7466,7987,8001,9585,10709,10724
48476	2088,48482,14371,48446,23222,48439,48442,48445,48461,48466
48477	23883,10701,28777,29707,37856,44761,6563,6986,7029,7036
48478	40519,10724,40563,48463,1520,6528,6531,6621,6624,6671
48479	1515,1520,2088,7466,10709,10724,14371,14472,21760,22787
48480	24989,2088,48439,48445,48457,48461,48442,48446,48466,48469
48481	1515,1520,2088,7466,10709,10724,14371,14472,21760,22787
48482	2088,48446,48476,24989,48439,48466,48445,48461,48480,1515
48483	499,918,1515,1520,2088,2282,3358,3412,3896,3931
48484	1520,39160,79,1488,1503,1515,1525,2088,2867,5479
48485	14371,48438,48440,48441,48442,48445,48446,48447,48449,546
48486	1515,1520,2088,7466,10709,10724,14371,14472,21760,22787
48487	1515,1520,2088,5395,6106,7466,10709,10724,12005,13131
48488	10563,10568,38353,8156,10566,20798,45481,4112,5373,5854
48489	6173,10920,14458,19505,31030,37861,39491,40520,40720,90
48490	1787,4498,8509,17604,1680,5307,6994,7022,11100,12790
48491	45983,3463,3931,4264,8199,9242,9743,10380,10553,10563
48492	48497,1400,10553,10566,12266,14385,14403,19505,27362,36183
48493	581,1400,1694,2687,4104,4181,5569,6092,6303,9970
48494	7036,27913,45528,45543,6458,7466,7930,9553,12714,12774
48495	10553,10562,10564,10568,38362,48503,1400,10549,10559,10563
48496	12975,12992,13026,15996,17558,23472,29498,394,548,566
48497	10563,10575,10549,10570,10573,10559,10561,10567,38355,26045
48498	25543,557,1400,5234,6386,7871,10553,11813,12266,14385
48499	42921,1387,14447,16501,47819,4509,8150,8401,17198,17203
48500	48501,31,90,522,555,595,621,656,714,727
48501	14385,7024,15869,8783,12326,12946,14318,16280,16532,20799
48502	1400,10553,12266,14385,14403,19505,27362,36183,36534,38365
48503	48495,1400,10553,12266,14385,14403,19505,27362,36183,36534
48504	1400,10553,12266,14385,14403,19505,27362,36183,36534,38365
48505	48507
48506	
48507	48505
48508	577,1698,1703,2554,4992,6785,8800,10459,11018,11449
48509	14455,20153,11,101,351,952,963,1077,1347,1356
48510	12645,17880,22920,30648,34351,34468,41022,41475,46079,198
48511	995,12638,19093,23509,26953,27536,27555,27653,43593,11
48512	1431,1754,48510,48511,48513,48514,48515,48516,48517,48518
48513	8715,27049,204,1366,1378,1387,1431,1660,1754,1807
48514	27551,34229,62,485,850,1347,1375,1431,1638,1754
48515	7639,117,438,1140,1350,1431,1488,1502,1754,1810
48516	484,966,1431,1510,1754,2437,2461,3397,4354,4521
48517	1431,1754,48510,48511,48512,48513,48514,48515,48516,48518
48518	1431,1754,48510,48511,48512,48513,48514,48515,48516,48517
48519	20140,20146,20150,20156,20166,20176,20141,20165,1431,7024
48520	1431,1754,48510,48511,48512,48513,48514,48515,48516,48517
48521	5307,1431,7012,8932,31229,38737,58,72,1366,1388
48522	1431,1754,6624,7539,9572,24547,24662,26946,33995,48510
48523	1431,1754,48510,48511,48512,48513,48514,48515,48516,48517
48524	1431,1754,48510,48511,48512,48513,48514,48515,48516,48517
48525	336,364,365,372,438,546,615,1431,1754,1769
48526	1431,1754,48510,48511,48512,48513,48514,48515,48516,48517
48527	1431,1754,48510,48511,48512,48513,48514,48515,48516,48517
48528	1431,1754,48510,48511,48512,48513,48514,48515,48516,48517
48529	13847,25187,442,498,499,1001,1100,1110,1113,1135
48530	1431,1754,48510,48511,48512,48513,48514,48515,48516,48517
48531	1431,1754,48510,48511,48512,48513,48514,48515,48516,48517
48532	1431,1754,48510,48511,48512,48513,48514,48515,48516,48517
48533	7830,16663,16914,20675,22939,29911,33063,34009,34011,35640
48534	8003,8004,28033,34010,48535,48536,48537,48538,48539,48540
48535	34010,48534,48536,48537,48538,48539,48540,48541,48542,48543
48536	48545,48547,48550,338,20406,28050,48538,48541,48551,106
48537	14774,19996,48538,253,1110,1169,2104,2901,3586,6108
48538	25184,33498,134,1689,18991,95,1617,1664,4327,8795
48539	48546,48547,48549,48548,223,2915,13101,15201,18573,20675
48540	13530,14777,39448,39451,39455,39457,39458,39464,39470,44976
48541	34207,34517,48536,48540,48547,182,237,390,576,985
48542	34010,48534,48535,48536,48537,48538,48539,48540,48541,48543
48543	114,129,223,442,3503,5008,9113,9659,9724,15113
48544	34010,48534,48535,48536,48537,48538,48539,48540,48541,48542
48545	48536,22677,29453,29485,35176,48548,48551,918,1270,1394
48546	48552,48539,48548,223,2915,13101,15201,18573,20675,22853
48547	48536,48539,48541,48548,544,662,2068,2915,3450,4113
48548	48539,48549,23306,48545,48546,48547,106,223,232,467
48549	48539,48550,48548,223,2915,13101,15201,18573,20675,22853
48550	48549,48552,48536,48551,2915,13101,18573,22853,29003,34010
48551	48536,48545,48550,48552,34010,48534,48535,48537,48538,48540
48552	48546,48550,39647,48551,223,2869,2915,11813,13101,15201
48553	34010,18073,33063,101,117,134,162,168,184,204
48554	47812,338,1668,2986,5948,10239,10500,21928,23203,25801
48555	13400,30709,47804,364,472,535,575,1216,1613,1668
48556	48557,48561,48563,1657,1659,1660,1676,1678,1707,1731
48557	48563,47821,48556,48560,48561,5948,10500,28326,30441,35079
48558	42613,48555,48556,48557,48559,48560,48561,48562,48563,48564
48559	42613,48555,48556,48557,48558,48560,48561,48562,48563,48564
48560	48557,48561,48563,1668,5948,10500,28326,42613,47812,47821
48561	47812,48556,48557,48560,5694,5948,10500,12048,12898,14336
48562	1917,1943,2733,6958,7985,8685,9199,12882,15429,19888
48563	48557,47821,48556,48560,5948,10500,28326,30441,30801,35079
48564	338,2986,10239,21928,23203,25801,25855,42611,48555,48556
48565	8948,46669,35043,1783,10340,27741,4059,5353,5372,30749
48566	15793,15798,1187,2791,2904,3026,7619,8783,8806,9471
48567	48576,48577,48569,48587,48584,48589,48591,7619,10007,10048
48568	4185,9570,13730,1605,29753,48805,3883,9567,9577,12881
48569	48577,48583,48589,48567,48591,48582,7619,95,285,485
48570	7619,9471,26732,48566,48567,48568,48569,48572,48573,48574
48571	7619,9471,24293,26716,26717,26718,26719,26720,26721,26722
48572	48584,48589,48582,48591,7619,30749,106,5800,7922,9471
48573	7619,9471,12650,27019,34297,38767,38786,48566,48567,48568
48574	48589,48591,48582,7619,30749,106,5800,7922,9471,32590
48575	7619,8948,1783,10340,48593,2044,2665,2798,2919,4059
48576	48567,48591,7619,106,285,485,1348,1352,1390,1406
48577	48569,48567,48589,48591,48582,7619,5800,7922,9471,30749
48578	7619,9471,48566,48567,48568,48569,48570,48571,48572,48573
48579	48588,48593,47624,48585,48589,343,1783,2044,2665,2798
48580	7619,9471,48566,48567,48568,48569,48570,48571,48572,48573
48581	48593,4059,27741,31125,47624,48585,48589,343,544,1741
48582	48569,48572,48574,48577,48583,48584,48587,48589,48590,7619
48583	48587,48569,48584,48589,48582,48591,7619,5800,7922,9471
48584	48572,48583,48567,7619,48582,30749,106,5800,7922,9471
48585	30749,48579,48581,106,168,285,499,1413,2982,3463
48586	7619,9471,48566,48567,48568,48569,48570,48571,48572,48573
48587	48583,48567,48591,7619,48582,30749,106,5800,7922,9471
48588	48593,48579,7619,21948,2798,4137,5284,5329,5357,5371
48589	48569,48574,48577,48572,48583,48591,48567,48582,48579,48581
48590	7619,48582,30749,106,5800,7922,9471,32590,39295,39369
48591	48569,48574,48576,48577,48587,48589,48567,48572,48583,7619
48592	7619,9471,17948,22762,22763,22764,22771,33076,33971,48566
48593	48588,48581,7619,31131,48579,4035,4053,4085,4137,4189
48594	7619,9471,48566,48567,48568,48569,48570,48571,48572,48573
48595	7619,9471,48566,48567,48568,48569,48570,48571,48572,48573
48596	12909,2914,3873,7024,7619,8401,8509,8737,9439,9471
48597	42746,74,338,1036,1329,1387,1694,1904,1928,2044
48598	2843,2845,2887,45903,2851,2857,2878,7619,9471,13828
48599	7619,9471,48566,48567,48568,48569,48570,48571,48572,48573
48600	235,13453,3733,7051,8824,11523,17755,20876,21666,21815
48601	48603,48604,48640,48656,48612,48635,48664,43152,48607,48630
48602	48663,235,3733,4104,13453,21666,21815,48600,48603,48604
48603	48624,48601,48620,48631,21818,2334,48630,48636,541,36336
48604	48624,48601,48631,48652,48663,2334,21818,48617,48630,48616
48605	21815,48665,48606,48612,48617,48633,48635,48640,48643,48652
48606	48640,48624,48663,48620,48653,48605,48607,48609,48631,48643
48607	48656,48620,48640,48606,48612,48624,48631,48633,48635,48646
48608	27865,48631,2855,2990,3347,3926,4231,5086,5310,6277
48609	48656,6671,7022,45689,6621,6654,16067,37861,38206,40606
48610	48656,235,2678,3903,13453,19211,29817,48600,48608,48631
48611	11162,31463,2773,7475,11202,11214,11218,44505,6942,12507
48612	48601,48620,48643,48653,48609,48646,48652,48663,48664,48665
48613	235,3733,4104,13453,14346,21666,21815,48600,48602,48603
48614	12937,21815,48608,48631,48641,235,3685,3733,3751,3754
48615	2572,4161,4276,4498,4516,5355,7024,7167,10748,10851
48616	48624,48640,2334,48603,48604,48606,48609,48630,48631,48633
48617	21815,48604,48605,48652,48656,48665,48643,48664,7041,23737
48618	3754,21815,48601,48612,48620,48622,48630,48633,48635,48640
48619	47186,10317,10336,20845,45975,48658,235,351,362,562
48620	48603,48612,48656,48606,48607,48631,48635,48630,48646,48653
48621	235,3733,4104,13453,21666,21815,48600,48602,48603,48604
48622	3754,21815,48601,48612,48618,48620,48630,48633,48635,48640
48623	235,3733,3751,3754,4104,7970,9376,13453,20845,21666
48624	48604,48603,48606,48631,48663,2334,48607,48616,48652,48653
48625	235,3733,3751,3754,4104,7970,9376,13453,20845,21666
48626	235,3733,3751,3754,4104,7970,9376,13453,20845,21666
48627	48533,235,325,3733,3751,3754,3843,4104,4223,5227
48628	2802,235,321,551,1397,2223,2231,2249,2253,2827
48629	10736,10670,21103,26362,12491,30827,47922,235,242,2118
48630	48603,48604,48620,48633,48635,48640,48656,3754,21818,48601
48631	48603,48604,48624,48620,48640,48656,48606,48607,48633,48608
48632	235,3733,3751,3754,4104,7970,9376,13453,20845,21666
48633	48635,48643,48653,48663,21818,48609,48664,25952,48605,48607
48634	21815,48601,48603,48604,48606,48612,48620,48624,48640,48652
48635	48633,48601,48620,48643,48653,21818,48605,48607,48609,48630
48636	25267,48603,48609,48656,25292,21815,25283,25284,48604,48605
48637	21815,48608,48631,235,2071,2714,2722,2802,3685,3733
48638	235,3733,3751,3754,4104,7970,9376,13453,20845,21666
48639	235,3733,3751,3754,4104,7970,9376,13453,20845,21666
48640	48606,48601,48652,48607,48609,48631,48646,48663,48664,2334
48641	48614,48647,48657,235,3733,3751,3754,4104,7970,9376
48642	235,3733,3751,3754,4104,7970,9376,13453,20845,21666
48643	48664,21815,48633,48612,48653,48635,48656,21818,26577,26603
48644	48603,48609,48633,48636,48653,48656,235,1783,2898,3733
48645	235,3733,3751,3754,4104,7970,9376,13453,20845,21666
48646	21815,48612,48640,48607,48620,48633,48635,48656,48664,48601
48647	21666,48601,48612,13895,48603,48604,48606,48607,48609,48616
48648	48607,25271,25294,48603,48609,48652,235,3733,3751,3754
48649	235,3733,3751,3754,4104,7970,9376,13453,20845,21666
48650	235,3733,3751,3754,4104,7970,9376,13453,20845,21666
48651	11234,31463,11162,11245,9106,10753,28354,44454,291,7651
48652	21815,48604,48640,48612,48605,48606,48607,48617,48624,48665
48653	21815,48633,48612,48643,48606,48635,48605,48609,48620,48624
48654	11863,3003,4782,5986,6326,9839,11883,15761,20500,21815
48655	235,3733,3751,3754,4104,7970,9376,13453,20845,21666
48656	48601,48609,21818,48607,48620,48631,48643,48617,48630,48636
48657	21815,48608,48631,48641,235,2071,3685,3733,3751,3754
48658	48619,219,235,909,3733,3751,3754,4104,5856,7970
48659	21959,340,4139,5990,10302,20846,21934,22247,40300,46822
48660	21815,48603,48635,48654,235,541,3733,4104,13453,15008
48661	4104,235,3733,4736,12184,13453,21666,21815,48600,48602
48662	4295,4048,22158,28132,13486,22178,3904,4198,4153,4182
48663	48633,48606,48604,48612,48624,48640,48653,48602,48605,48607
48664	48643,21815,48612,48633,48640,48601,48605,48609,48635,48646
48665	21815,48605,48612,48606,48617,48633,48635,48640,48643,48652
48666	235,3733,3751,3754,4104,7970,9376,13453,20845,21666
48667	4104,48656,235,363,367,368,394,453,1359,1873
48668	1846,3684,3696,3697,3707,3709,3751,74,3692,3705
48669	3684,1169,1181,3692,3693,3697,3705,3707,3709,3725
48670	3684,3692,3696,3697,3705,3707,3709,3725,3730,3733
48671	3684,3692,3696,3697,3705,3707,3709,3725,3730,3733
48672	3684,3692,3696,3697,3705,3707,3709,3725,3730,3733
48673	48674,30866,16441,21915,21949,30930,2253,3007,4048,4104
48674	48673,21949,8004,12441,16441,16442,22294,26320,30866,30930
48675	3684,3692,3696,3697,3705,3707,3709,3725,3730,3733
48676	987,2086,9062,16532,19315,23513,24875,26654,32065,33462
48677	3684,3692,3696,3697,3705,3707,3709,3725,3730,3733
48678	3684,3692,3696,3697,3705,3707,3709,3725,3730,3733
48679	3684,134,433,838,2644,3692,3696,3697,3705,3707
48680	3185,3211,3134,3147,3189,3216,11686,12346,14925,18054
48681	2645,4401,7758,8685,14009,16710,19258,20302,24626,25246
48682	43158,138,609,1809,1884,2342,2786,3152,4530,4591
48683	25170,74,16894,25215,35724,5090,10027,25200,1,64
48684	3610,3616,3649,3634,3650,3626,3641,3615,3629,3636
48685	4389,22927,24550,33898,3880,6019,20561,22934,22947,23065
48686	23075,5307,10855,11757,19444,26520,30009,32307,32361,40070
48687	3134,3145,25593,48691,48700,48701,48702,48712,3152,3159
48688	25593,48702,48723,48701,48709,48694,48699,48711,48712,48730
48689	1809,2524,3152,6298,6995,15639,25157,25593,26112,30305
48690	48708,48710,48049,48700,48720,48730,48734,1809,3152,6995
48691	3134,3145,4835,3171,12346,42082,48687,48698,48699,48701
48692	1809,3152,6995,10435,14808,15639,25593,26112,31952,45468
48693	1809,3152,6995,15639,25593,26112,31952,45468,45515,48681
48694	48723,48699,48698,48688,48697,48701,48709,48711,48712,48730
48695	36908,1809,3152,5202,5320,6995,8004,8008,15639,21850
48696	48700,14925,48049,48720,48730,48734,1809,3152,6995,14181
48697	48700,48707,48712,48720,48723,48734,48694,3147,3152,18054
48698	48720,48723,48734,48694,48707,48691,3211,12346,48687,48709
48699	48720,48723,48694,48734,48688,48691,12346,48709,48710,48711
48700	48701,48707,48734,48697,48712,48732,48730,48687,48696,48708
48701	48702,48700,48712,48688,48707,48711,48730,48687,48691,48694
48702	48701,48688,48712,48709,48711,48730,48687,48691,48732,12346
48703	1809,3152,6995,15639,25593,26112,31952,45468,45515,48681
48704	6623,12790,33299,45581,1356,1387,1787,4957,5307,5460
48705	1809,3152,6995,15639,25593,26112,31952,45468,45515,48681
48706	1809,3152,6054,6062,6094,6995,14441,15639,25593,26112
48707	48700,48720,48697,48698,48701,48734,48712,27917,27965,28555
48708	48690,48700,48049,48720,48730,48734,1809,3152,6995,14181
48709	25593,48727,48688,48702,48711,48723,48694,48701,26112,48687
48710	48690,48720,48727,25593,48688,48694,48698,48699,48702,48723
48711	48701,48702,48709,48723,48688,48694,48700,48712,26112,48687
48712	48700,48701,48702,48697,48687,48688,48694,48707,48711,48723
48713	25593,26112,48687,48688,48694,48700,48701,48702,48709,48711
48714	1809,3152,6995,15639,25593,26112,31952,45468,45515,48681
48715	44761,39394,11757,18024,19116,1388,4509,4522,5307,5402
48716	1809,6556,36023,39523,40668,111,439,1110,1458,2588
48717	1809,3152,6995,15639,25593,26112,31952,45468,45515,48681
48718	1809,3152,6995,15639,25593,26112,31952,45468,45515,48681
48719	1809,3152,6995,15639,25593,26112,31952,45468,45515,48681
48720	48734,48698,48699,48707,48697,3211,48710,35396,45468,45515
48721	3152,25593,48697,1809,3146,3147,3185,3189,3216,3583
48722	9490,26617,26640,26745,26626,26646,26651,26629,26644,4087
48723	48694,48699,48688,48698,48697,48709,48711,48730,48712,3211
48724	25593,48688,48697,48699,48700,48701,48702,48712,1809,3152
48725	1809,3152,6995,15639,25593,26112,31952,45468,45515,48681
48726	1809,3152,6995,15639,25593,26112,31952,45468,45515,48681
48727	48709,48710,1809,1823,3152,3796,6019,6995,11349,11353
48728	1809,3152,6995,15639,25593,26112,31952,45468,45515,48681
48729	1809,3152,6995,15639,25593,26112,31952,45468,45515,48681
48730	48700,48701,48702,48723,48688,48694,48712,26112,48687,48690
48731	25593,26112,48687,48688,48694,48700,48701,48702,48709,48711
48732	48700,25593,48701,48702,48734,3147,26112,48687,48694,48698
48733	1809,3152,6995,15639,25593,26112,31952,45468,45515,48681
48734	48720,48700,48698,48697,48699,48707,48694,48732,48690,48691
48735	11164,43048,7630,8872,9553,12835,20422,21153,22511,29695
48736	0,2782,4736,5682,21295,22071,22950,25952,30142,30691
48737	3562,3712,4153,5265,5990,8593,10240,13909,20943,21790
48738	22061,23476,564,3376,5080,12196,14861,21171,21948,28203
48739	48756,13107,13179,16324,21848,22061,22087,22560,28361,31460
48740	13107,13179,16324,21848,22061,22087,22560,28361,31460,43167
48741	20554,21338,22312,25840,36602,201,336,364,365,372
48742	3685,9656,9696,9997,10018,10066,10086,10119,10812,12226
48743	3023,25855,42860,535,2820,2823,3307,5429,7204,8101
48744	7651,13179,222,2044,2231,2554,2862,3958,6140,7630
48745	13088,2156,5479,11162,11164,11181,13081,13105,13107,13109
48746	42103,98,319,1216,2253,2287,2323,2820,3052,3151
48747	113,210,1361,2413,3890,4772,4835,6214,6318,6341
48748	13107,13179,16324,21848,22061,22087,22560,28361,31460,43167
48749	1244,6158,6195,6204,7290,7307,11246,12714,14474,42712
48750	13107,13179,16324,21848,22061,22087,22560,28361,31460,43167
48751	1854,2017,2820,2823,2939,3482,4011,4086,4115,4267
48752	13107,13179,16324,21848,22061,22087,22560,28361,31460,43167
48753	242,1680,2167,2233,2444,3409,3796,5460,6933,7549
48754	13107,13179,16324,21848,22061,22087,22560,28361,31460,43167
48755	6917,9949,20577,22061,24227,25487,42971,48738,49088,49846
48756	48739,13107,13179,16324,21848,22061,22087,22560,28361,31460
48757	13107,13179,16324,21848,22061,22087,22560,28361,31460,43167
48758	13107,13179,16324,21848,22061,22087,22560,28361,31460,43167
48759	2773,11220,44454,16218,30852,30873,164,6802,13498,14289
48760	48765,48777,48785,48772,48776,48782,48784,48790,10469,11198
48761	44504,48775,48781,48800,523,1043,4171,4281,9882,9957
48762	48767,48803,48804,44504,48763,48774,48776,48780,48781,48782
48763	11198,44504,48762,48767,48780,48781,48782,48783,48791,48793
48764	48790,48776,48784,48772,48782,10469,11198,14569,15040,19644
48765	48760,48776,48772,48782,48800,10469,11198,14569,15040,19644
48766	48775,48781,48795,48799,44504,47674,48761,48776,48779,48780
48767	48780,48798,48803,44504,48776,48782,48783,48762,48768,48774
48768	48798,48767,48772,222,232,3950,4806,11198,11538,13279
48769	11198,44504,48760,48761,48762,48763,48764,48765,48766,48767
48770	11198,44504,48760,48761,48762,48763,48764,48765,48766,48767
48771	8520,11198,21580,21612,44504,48760,48761,48762,48763,48764
48772	48779,48787,48795,2773,48793,48796,11220,30852,30873,44454
48773	44504,48789,48793,11198,48760,48761,48762,48763,48764,48765
48774	48767,48776,48803,48762,48772,48780,48798,48804,11198,11572
48775	48795,48779,48781,2773,30852,30873,44504,48761,48766,11220
48776	48803,48780,44504,48767,48764,48765,48774,48782,48785,48790
48777	48760,48772,48784,48775,48782,48794,48795,48800,338,2773
48778	4839,79,232,581,2196,3320,3937,3943,4103,4182
48779	48772,48787,48795,2773,48775,11220,44454,48786,164,14289
48780	48776,48767,48782,48793,48783,44509,48787,48791,2610,2617
48781	48775,48803,2773,48761,48766,48786,48791,164,11220,20555
48782	48780,48783,48767,48793,16218,48776,48791,48803,23015,48760
48783	44504,48782,48767,48780,16218,48803,23015,48761,48762,48763
48784	48764,48777,48785,48790,48760,48772,48776,48782,10381,10469
48785	48760,48776,48784,48772,48782,48800,10469,11198,14569,15040
48786	48779,48781,164,2773,11220,20555,44510,48772,48780,48782
48787	48772,48779,48793,48780,48761,48767,48786,48791,48794,48797
48788	544,561,973,1134,1392,1680,1741,2343,3234,3394
48789	44504,48773,48793,11198,48760,48761,48762,48763,48764,48765
48790	48764,48776,48784,48760,48772,48782,10469,11198,14569,15040
48791	48780,48781,48782,48793,48762,48763,48767,48772,48783,48786
48792	40455,4364,8399,23685,6016,6019,6688,23065,23696,23697
48793	48780,48772,48782,48787,48803,11848,48767,48776,48791,95
48794	3305,27305,34816,35094,44943,48761,48772,48775,48777,48787
48795	48772,48775,48779,48766,48796,2773,11220,30852,30873,48761
48796	48772,48795,48799,48775,48779,48781,3752,11198,14498,21926
48797	9415,2904,7018,7022,9428,11120,12697,12723,13055,13060
48798	48767,48768,47670,48776,48803,44504,47666,47682,48761,48762
48799	48766,48796,48772,48795,3752,11198,14498,21926,26091,34123
48800	48761,48765,48777,48785,11198,44504,48762,48763,48766,48767
48801	11198,44504,48760,48761,48762,48763,48764,48765,48766,48767
48802	11198,14251,14252,14253,30285,30296,30297,30299,44504,46125
48803	48776,44504,48767,48781,48793,48762,48774,48782,48783,48798
48804	48762,48767,48803,44504,48763,48774,48776,48780,48781,48782
48805	48892,48924,48921,48940,44943,48901,48934,48927,13179,48889
48806	136,2824,3128,3883,4008,6995,9570,15429,20500,20728
48807	1605,9570,13179,48817,48826,48831,48833,48837,48842,48848
48808	9570,136,2689,2719,2824,3128,3721,3883,4008,4038
48809	48831,48837,48848,48862,48816,48817,48822,48833,48834,48839
48810	48831,48817,48833,48837,48848,48849,44943,48809,48816,48818
48811	48866,136,2022,2824,3128,3873,3926,3971,4008,4035
48812	48828,48849,48816,48820,48832,48833,48836,48837,48848,48852
48813	20761,48857,3857,9748,20738,48863,48865,48879,48884,136
48814	136,34816,48809,48810,48812,48815,48816,48817,48818,48820
48815	48848,48831,48833,48837,48882,48816,48852,48892,48839,48858
48816	48834,48836,48820,48842,48882,48818,48862,48868,48934,48822
48817	48834,48839,48882,48818,48842,48823,44943,48883,48901,48832
48818	48817,48816,48828,48834,48842,48833,48822,48836,44943,48820
48819	48817,48828,48831,48833,48837,48839,48848,48852,48872,43254
48820	48892,48816,48837,48849,48833,48834,48836,48852,48883,48924
48821	12131,27653,47642,48897,13,101,136,162,168,351
48822	48816,48818,48831,48833,48834,48842,48862,48817,48848,48809
48823	48817,48848,48831,48882,48816,48833,48834,48837,48868,48872
48824	48859,136,2824,3128,3883,4008,6850,6995,9570,15429
48825	48848,48817,48858,48872,48836,48837,48815,48816,48833,48834
48826	48831,48837,48842,48816,48817,48828,48834,48849,48869,48872
48827	23745,23769,41069,1448,2627,2632,4521,5235,5249,10616
48828	48849,48852,48924,48842,48818,43254,44943,48862,48832,48855
48829	3128,1854,12222,28204,136,168,185,555,1100,1423
48830	15429,20728,4531,12184,49429,136,235,362,541,1673
48831	48921,48940,48882,48924,48815,48855,48883,43254,48822,48823
48832	48852,48882,48816,48817,48837,48818,48828,48833,48834,48839
48833	48848,48861,48862,48882,48815,48818,48820,48868,48927,48934
48834	48816,48817,48836,48818,48882,48820,48862,48868,44943,48822
48835	4103,202,6255,20597,47904,13,87,136,555,622
48836	48816,48834,48849,48892,48921,48940,48820,48818,48862,43254
48837	48820,48868,48882,44943,48815,48858,48934,48832,48897,48809
48838	48855,48883,48854,48872,48882,15471,33044,39654,42709,44943
48839	48852,48848,48817,48882,48921,48927,48940,44943,48832,48858
48840	2337,2389,2824,4264,4591,10849,10987,13621,20845,23958
48841	3883,46516,19,136,283,439,668,1001,1100,1111
48842	48816,48817,48828,48818,48862,48822,48924,44943,48832,48861
48843	48815,48817,48828,48831,48833,48837,48839,48842,48848,48868
48844	9570,12970,23569,24510,34816,48852,49774,0,64,136
48845	48828,48848,48849,48855,48868,136,29463,34816,48809,48810
48846	48816,48834,48837,48839,34816,48809,48817,48818,48822,48831
48847	4118,22098,23486,25514,49036,223,3109,4011,8422,27285
48848	48833,48839,48815,48934,48862,48823,48927,48825,48861,48809
48849	48924,48828,48921,48820,48836,48940,48861,48868,48869,48901
48850	21205,615,14309,19885,25801,48816,48818,48872,48884,136
48851	13956,14056,35722,45163,45852,106,136,143,439,454
48852	48872,48839,48828,48882,48820,48832,48868,43254,48858,48871
48853	48815,48817,48828,48831,48833,48837,48839,48842,48848,48868
48854	48838,48855,15471,39654,42709,48845,48872,48882,48883,136
48855	44943,48831,48883,48817,48828,48858,48816,48818,48834,48837
48856	64,106,136,987,2044,2048,2086,2824,2855,3128
48857	48884,20761,48813,48865,48879,136,3857,20738,34816,48809
48858	48872,48837,48921,48940,48816,48852,48825,48832,48833,48834
48859	31122,48863,12401,20596,22123,43452,48824,136,660,779
48860	20728,48865,48864,48880,136,20742,20761,34816,48809,48810
48861	48833,48849,48831,48848,48872,48927,48817,48828,48842,48873
48862	48816,48833,48848,48834,48842,48822,48828,48836,48809,48858
48863	43452,48859,3857,20738,20742,20761,44738,48813,48816,48831
48864	48860,48865,48879,136,20500,20728,34816,48809,48810,48812
48865	48860,20761,48857,48864,48889,136,20742,34816,48809,48810
48866	46516,9561,16895,41600,48836,532,1382,8621,9600,13730
48867	20728,22199,48846,48860,48864,48865,48872,48879,136,570
48868	48837,48892,48816,48833,48834,48849,48852,48924,48818,48823
48869	48831,48849,48816,48834,48836,48842,48892,48817,48818,48822
48870	136,1326,2063,2084,2431,2824,3128,3560,3883,4008
48871	48872,48816,48834,48852,48817,48828,48831,48842,48848,48873
48872	48852,48921,48924,48858,48940,48871,43254,48861,48901,48823
48873	48817,48833,48852,48831,48834,48848,48861,48871,48872,48901
48874	48845,48876,136,2824,3128,3883,4008,6995,9570,15429
48875	87,113,136,2060,2824,3128,3883,4008,4135,6995
48876	48849,48882,48848,48892,48913,44943,48820,48828,48832,48868
48877	4289,3920,3971,4074,4166,4295,22090,1137,3948,4053
48878	48865,48899,136,210,1361,2413,2824,3128,3883,3890
48879	20728,20742,48857,48864,136,34816,48809,48810,48812,48813
48880	48860,48872,48884,20761,48865,6,19,136,522,594
48881	34816,48809,48810,48812,48814,48815,48816,48817,48818,48820
48882	48817,48816,48831,48837,48883,48833,48834,48852,48832,48815
48883	48882,48817,48831,48855,48816,48820,44943,48818,48834,48837
48884	48857,20761,48880,136,20742,34816,48809,48810,48812,48813
48885	48817,48831,48832,48848,48855,48882,34816,48809,48816,48818
48886	20742,20761,20764,48857,48863,48865,48884,136,2824,3128
48887	136,2824,3128,3883,4008,6995,9570,15429,20500,20728
48888	20829,23626,29463,48805,48845,48874,48876,48895,48900,48913
48889	48805,48865,48857,48864,136,543,6304,9402,17911,20728
48890	
48891	48805,48849,48892,48820,48828,48868,43158,44943,48831,48832
48892	48805,48924,48820,48836,48868,48927,33044,48815,48869,10287
48893	15966,32682
48894	3026,5048,5453,6242,9172,10380,10407,10408,11184,12491
48895	35325,35327,35330,35332,35335,35336,35344,35353,35369,1890
48896	3903,3754,3757,3931,3968,4289,4301,16176,49429,74
48897	48837,48852,48901,48833,48873,48921,48940,14495,48805,48817
48898	48912,2330,2403,21819,2344,2397,21807,2345,2356,2362
48899	43744,48878,48916,210,1361,2413,3890,4772,4835,8514
48900	48805,48872,48934,48820,48848,48849,48883,48892,29463,33051
48901	48921,48817,48940,48805,48831,48834,48849,48872,48828,48848
48902	48805,4044,4129,4549,4571,6860,8492,12401,13726,15039
48903	5137,5242,5252,7035,7970,9391,10195,10784,12832,13453
48904	43221,43238,8908,12401,15039,20578,20596,20835,21166,21592
48905	20728,48805,3857,11707,14991,20738,20762,48879,8670,9748
48906	48925,4289,22090,22163,3971,4033,4296,22149,3903,3948
48907	10898,13237,21928,27734,30803,31415,31433,46856,46860,48871
48908	0,337,352,12143,13596,33786,43152,47681,48029,339
48909	
48910	48805,48872,48828,48849,48852,48858,48892,48816,48820,48832
48911	1783,3947,4053,4137,4189,9615,23250,23958,24423,29372
48912	48898,2397,2403,2344,2364,2395,21807,2330,21811,21819
48913	48805,48848,48872,48828,48849,48876,48892,48832,48858,48868
48914	48805,49429,4044,4549,4571,6860,15429,35872,42120,43452
48915	405,2864,3026,4182,4717,5048,6242,6328,9172,11225
48916	43744,48805,48857,48865,48884,48899,210,1361,2413,3857
48917	20728,36291,38315,48860,48938
48918	48924,48849,48892,21959,44943,48611,48805,48855,48872,48921
48919	
48920	48816,10287,10898,16211,22102,48834,48837,48901,4048,4159
48921	48940,48805,48872,48831,48849,48836,48901,43254,44943,48858
48922	3857,20761,352,2690,2798,4095,6962,9397,9748,10596
48923	
48924	48892,48849,48805,48872,48828,48831,48820,48842,48868,48815
48925	48906,4289,22090,22163,3948,4033,4160,3903,3920,3971
48926	15471,25791,33044,33531,39654,41244,42709,44943,48838,48854
48927	48892,48833,48848,48839,48861,48805,48834,48820,48828,48849
48928	48837,48805,48816,48833,48839,48848,48892,48897,48901,48920
48929	48805,20728,3857,11707,14991,20738,20762,6304,7174,7177
48930	6304,20761,48805,48860,48865,48872,48880,48884,48889,48929
48931	3857,9759,15429,20728,20731,20738,20763,33368,33498,38315
48932	136,27305,34816,44943,48805,48809,48810,48812,48814,48815
48933	7803,9572,10303,15490,33368,33570,35071,38315,48805,48824
48934	48848,48816,48833,48837,48805,48817,48834,48839,48820,48828
48935	4101,46654,48912,455,2027,3540,5463,10675,20844,20845
48936	
48937	6304,20761,48805,48860,48865,48872,48880,48884,48889,48929
48938	38315,570,979,1823,2630,3801,3850,3857,5218,5320
48939	
48940	48921,48805,48872,48831,48849,48836,43254,48858,48901,44943
48941	48946,2370,23450,23737,23741,30148,39657,40391,48942,48950
48942	23450,6468,6623,6654,8156,9130,11302,12252,13072,13084
48943	3916,3956,3984,4021,4097,4128,7639,7699,13408,19080
48944	81,343,2044,8689,8861,8865,8866,8880,8882,8886
48945	48957,48947,800,1368,1787,2375,7018,10896,12713,15236
48946	23776,43692,48941,1797,6595,6623,6653,7929,10611,12699
48947	48961,48959,5085,9461,18385,41855,48945,48957,366,800
48948	3527,2995,3463,3519,4046,12066,14880,20820,21935,22049
48949	22147,10898,20844,3006,3702,3958,4004,4189,4197,4204
48950	2145,8156,18015,32361,34026,40606,48941,48946,131,321
48951	23227,26833,12714,14348,18385,21712,22085,29217,37899,40710
48952	10896,22055,22147,23450,27178,27686,28296,42449,48941,48942
48953	394,1689,3702,4516,6333,7640,7696,9490,10377,10896
48954	23450,48941,48942,48951,372,2124,2971,10500,10896,11612
48955	29189,3052,3101,13402,29225,29243,123,434,659,1388
48956	1860,7195,7274,10896,11244,18973,22055,22147,23450,27178
48957	48945,48947,800,1368,2375,7018,10896,12713,15236,17267
48958	10896,22055,22147,23450,27178,27686,28296,42449,48941,48942
48959	23450,48947,3842,3872,5085,7282,9950,22055,25527,29223
48960	7882,10896,21501,21503,21506,21510,22055,22147,22303,23450
48961	48947,18385,48951,48959,366,1432,5085,6110,9461,10783
48962	23450,48942,10896,12252,22055,22147,26833,27178,27686,28296
48963	10896,22055,22147,23450,27178,27686,28296,42449,48941,48942
48964	20506,1264,2276,4736,9770,11865,13654,15761,17059,18432
48965	1388,140,986,1036,1137,1342,1409,1741,1772,1791
48966	1790,6998,7649,19343,19359,33955,35490,35940,43563,48967
48967	1790,19343,48966,48968,48969,48970,48971,48972,48973,48974
48968	995,1078,1180,1458,1790,2574,2993,3001,3450,3894
48969	4261,5933,15285,30409,41794,52,98,1357,1790,2523
48970	1668,10622,17248,48974,478,1975,6802,7511,8273,8315
48971	1959,13147,39762,41025,41311,45,238,478,995,1347
48972	48981,48982,48983,48986,1790,19343,26622,48966,48967,48968
48973	48985,48981,48986,1790,19343,26622,48966,48967,48968,48969
48974	48970,19444,45389,45,238,478,1085,1111,1347,1393
48975	986,1409,1790,2904,4331,5307,7022,8104,8993,10652
48976	3376,3796,5307,7279,15984,38375,304,319,606,854
48977	48979,48980,48987,48988,48982,48983,48985,1790,19343,48966
48978	1790,19343,48966,48967,48968,48969,48970,48971,48972,48973
48979	48977,48985,48988,48982,48983,1790,4087,9490,13323,19343
48980	48988,48977,48981,48982,48983,48986,1790,19343,26622,48966
48981	48972,48973,48980,48986,48987,1790,19343,26622,48966,48967
48982	48972,48977,48979,48980,48983,48987,48988,1790,19343,48966
48983	48972,48977,48979,48980,48982,48987,48988,1790,19343,48966
48984	4527,1382,1787,5314,7018,7279,11139,17200,17604,23993
48985	48973,48979,48987,48977,1790,19343,48966,48967,48968,48969
48986	48972,48973,48980,48981,48987,1790,2009,7011,14746,16971
48987	48977,48985,48988,48981,48982,48983,48986,1790,19343,26622
48988	48980,48977,48979,48987,48982,48983,1790,19343,48966,48967
48989	8686,37753,39232,39243,39293,1617,4364,6679,7713,12650
48990	1790,19343,48966,48967,48968,48969,48970,48971,48972,48973
48991	1790,19343,48966,48967,48968,48969,48970,48971,48972,48973
48992	131,198,285,368,2041,2370,3422,3612,4457,5641
48993	2370,6388,11882,16276,20852,23218,25883,27890,38326,38327
48994	74,2370,2388,2904,5661,5684,6388,6933,6947,7268
48995	38327,38328,38331,38326,38329,38330,49017,2370,6388,11882
48996	282,2083,2108,2370,6388,6450,6453,6456,6458,6474
48997	2370,6388,11882,16276,20852,23218,25883,27890,38326,38327
48998	2370,6388,6920,6928,6930,11882,16276,18803,20852,23218
48999	38326,38329,38332,38333,38337,49000,49002,8919,38330,38331
49000	38326,38329,38332,38333,38337,48999,49002,8919,25972,38330
49001	2370,6388,11882,16276,20852,23218,25883,27890,38326,38327
49002	38326,38332,38333,38329,48999,49000,8919,38330,38336,38340
49003	2370,6388,11882,16276,20852,23218,25883,27890,38326,38327
49004	2370,3237,6388,10778,11882,16276,20852,23218,25883,27890
49005	38326,38328,38337,38330,38331,38332,38333,48999,49000,49002
49006	25930,43152,49016,49031,49038,342,555,2017,2036,2059
49007	38326,38328,38329,38330,38331,38332,38333,38337,48999,49000
49008	1019,1034,1052,2370,3684,4056,4525,4858,5294,5873
49009	2370,6388,11882,16276,20852,23218,25883,27890,38326,38327
49010	23476,37857,47350,1890,3625,4591,6882,8672,9850,10671
49011	20845,22090,22158,2939,4202,4279,4289,4295,4707,6417
49012	6388,23218,49011,49044,161,222,229,2370,2580,3437
49013	2370,6388,11882,16276,20852,23218,25883,27890,38326,38327
49014	2370,6388,11882,16276,20852,21559,23218,25883,27890,38326
49015	17,146,164,2370,6207,6388,6935,7398,8169,9172
49016	49006,49031,49038,49058,342,951,1661,1825,1860,2370
49017	38326,38327,38328,38331,38333,48995,1001,1378,2370,4934
49018	43738,1113,1220,2281,2370,2802,3040,3054,3630,3897
49019	49047,2370,3948,4053,4190,4289,6388,10240,11882,15088
49020	126,2032,2034,2370,3230,3926,3968,6388,7325,7350
49021	223,909,1698,1703,1772,2370,2855,2904,3232,3250
49022	479,2370,4103,4516,6388,11882,13723,13729,16276,20852
49023	2017,2027,2052,6109,8501,25166,26872,26887,29753,29760
49024	1111,2370,2549,5661,6388,6614,7927,10489,11284,11882
49025	1855,2370,2496,3005,6388,7426,11882,12308,12329,12339
49026	8068,9414,49187,49248,49252,49257,49261,49293,9415,42449
49027	229,2370,3305,5429,6388,7175,7211,7214,7215,10445
49028	1413,5263,6519,7907,22660,22666,24046,32050,32224,32582
49029	8861,8865,8866,8872,8882,8886,8887,10435,12714,22089
49030	2370,6388,11882,16276,20852,23218,25883,27890,38326,38327
49031	49006,49016,49038,342,2370,2694,4104,4122,6388,6941
49032	47259,21828,47267,47269,47282,47289,47263,47290,47317,47319
49033	2370,6388,11882,16276,20852,20966,20968,20969,20971,20973
49034	6928,45483,6917,40490,45438,45610,47569,3541,6920,9955
49035	2370,6388,11882,16276,20852,23218,25883,27890,38326,38327
49036	20596,25514,48847,3873,4139,4289,10456,12401,19196,20820
49037	2370,4320,5555,6388,6614,11882,12770,12784,14980,16276
49038	6388,49006,49016,49031,49044,49066,342,1276,1278,1280
49039	2370,6388,11882,16276,20852,23218,25883,27890,38326,38327
49040	2370,6388,11882,16276,18080,19187,20852,22100,23218,25883
49041	1255,1329,1331,2370,2444,2940,4074,4101,5268,6388
49042	11603,20004,42078,2231,2370,3151,3171,3230,3559,5937
49043	45833,49023,372,1137,2370,4182,6388,8982,10534,11184
49044	6388,6359,12219,23218,31229,49011,49012,49038,49066,161
49045	1857,6264,18591,20422,31429,45290,45647,47492,467,1245
49046	20852,2370,6388,6884,7012,10413,11882,16276,21738,23218
49047	49019,464,2370,2540,2827,2971,3456,3518,3548,3549
49048	25866,2099,4742,5078,5960,8508,9920,13408,20852,21205
49049	1688,2370,2972,3337,6388,11858,11882,16276,20852,20864
49050	2370,6388,11882,16276,20852,23218,25883,27890,38326,38327
49051	2370,3360,4254,6388,6778,8530,9920,10314,11018,11246
49052	576,11649,12043,12549,13495,13544,14408,19211,25865,26880
49053	2370,6388,11882,16276,20852,23218,25883,27890,38326,38327
49054	605,2204,2249,2370,2802,3547,4738,4782,5086,5089
49055	47612,168,258,1657,1670,1685,1694,1864,2370,2667
49056	1036,2370,6388,9339,11882,15234,16276,17871,20852,23218
49057	2370,6388,11882,16276,20852,23218,25883,27890,38326,38327
49058	12048,12067,25781,25808,25863,25897,25938,26499,33701,46979
49059	2370,6388,11882,16276,20852,23218,25883,27890,38326,38327
49060	2370,6388,11882,16276,20852,23218,25883,27890,38326,38327
49061	2370,6388,11882,16276,20852,23218,25883,27890,38326,38327
49062	7549,25864,25866,30862,1301,2370,6388,7617,11882,13621
49063	2370,4223,4415,6180,6388,7425,8468,11882,11897,13264
49064	2370,6388,11882,16276,20852,23218,25883,27890,38326,38327
49065	13933,343,356,368,370,390,658,672,680,696
49066	11903,11912,11911,11914,11916,8947,11944,6388,8957,8958
49067	4008,1357,2370,2544,3050,4875,6388,8185,9490,11246
49068	2370,6388,11882,16276,20852,23218,25883,27890,38326,38327
49069	2370,6388,11882,16276,20852,23218,25883,27890,38326,38327
49070	2370,6388,11882,16276,20852,23218,25883,27890,38326,38327
49071	38893,3888,14266,38906,39856,40403,40808,41974
49072	
49073	17180,17267,17278,17286,39753,39837,41531,501,1954,5799
49074	
49075	1600,1673,1689,2956,3011,3039,4664,6115,7177,8061
49076	
49077	1036,1329,1387,1928,2544,3825,4531,4533,4535,4542
49078	4561,10652
49079	4561,10652
49080	38252,8184,16436,22851,23799,3516,3528,4051,5142,5722
49081	49087,49096,7654,10318,11668,11672,13244,16435,16440,19786
49082	35392,44910,202,351,438,1617,2514,3885,3923,3935
49083	49089,49091,49096,7654,10318,11668,11672,13244,16435,16440
49084	16437,49085,49086,49087,49088,49089,49091,49093,49094,49095
49085	38252,49084,49088,49093,49094,49095,49099,7654,16436,23799
49086	49091,38252,49084,49088,49093,49094,49095,49099,624,2826
49087	49081,49084,49088,49093,49094,49095,49099,7654,10318,11668
49088	20577,6882,12714,25491,3541,7612,10384,10424,25505,26264
49089	49083,49084,49088,49093,49094,49095,49099,7654,10318,11668
49090	49096,7654,8168,11741,40756,49081,49082,49083,49084,49085
49091	49086,49083,49084,49088,49093,49094,49095,49099,7654,10318
49092	7359,49096,1390,4410,4412,5277,5460,5910,6671,6962
49093	33299,37884,49084,49085,49086,49087,49088,49089,49091,49094
49094	21464,22851,49084,49085,49086,49087,49088,49089,49091,49093
49095	42958,49084,49085,49086,49087,49089,49091,49093,49094,49099
49096	49081,49083,38252,49098,7654,49090,49092,588,612,1390
49097	22841,7654,26069,22282,22827,22867,49094,623,2019,3347
49098	612,13257,16439,16459,588,13265,49096,16422,16429,16433
49099	49084,49085,49086,49087,49088,49089,49091,49093,49094,49095
49100	7557,11909,14681,8958,14643,26451,36181,4631,6165,7630
49101	26451,10548,11246,21734,22054,26439,26453,46592,47548,47549
49102	49154,49119,49129,49132,49134,49149,49156,49133,49152,49112
49103	49157,49163,49169,26445,49159,49170,10548,11246,22054,49102
49104	5382,170,221,1725,2639,7024,9386,10548,10865,11102
49105	28385,28409,28404,28441,28448,28449,28393,28418,28446,28395
49106	49170,26451,10548,11246,21734,22054,26439,26453,46592,47548
49107	49131,49129,49140,49153,49168,49108,49114,49152,49155,49128
49108	49126,49107,49124,49129,49130,49131,49138,49144,49119,49132
49109	49102,49107,49108,49111,49116,49119,49122,49124,49126,49129
49110	49102,49117,49118,49122,49128,49141,49154,49156,49161,49107
49111	49115,49168,49114,49113,49148,49146,4631,7557,14643,14681
49112	49138,49130,49132,49168,49102,49134,49126,49129,49137,49141
49113	49111,49141,49118,49102,49117,49124,49130,49131,49138,49107
49114	49111,49107,49117,49124,49140,49115,49127,49141,49126,49131
49115	49111,49118,49149,49124,49135,49114,49102,49126,49132,49141
49116	49124,49130,49135,49102,49126,49132,49133,49119,49129,49137
49117	49141,49126,49133,49137,49144,49154,49114,49119,49131,49134
49118	49137,49115,49153,49123,49135,49128,49142,49113,49148,11909
49119	49126,49154,49102,49132,49133,49149,49117,49127,49152,49156
49120	10548,11246,22054,26445,49101,49102,49103,49104,49105,49106
49121	49107,49112,49116,49117,49124,49138,49102,49108,49119,49123
49122	49134,49148,49145,11909,49146,7557,14681,14643,49109,49110
49123	49118,49153,49138,49124,49149,49130,49102,49132,49126,49133
49124	49116,49108,49153,49114,49115,49123,49140,49128,49168,49113
49125	28736,1137,1278,1287,1404,3994,7409,9642,10548,11142
49126	49119,49132,49117,49149,49108,49116,49127,49112,49135,49114
49127	49149,49140,49130,49132,49133,49135,49102,49119,49126,49141
49128	49118,49107,49124,49129,49130,49138,49144,49154,49161,49119
49129	49107,49102,49132,49137,49134,49156,49149,49152,49108,49112
49130	49138,49133,49156,49116,49112,49127,49135,49108,49140,49152
49131	49107,49137,49132,49117,49133,49108,49149,49155,49127,49113
49132	49126,49102,49149,49119,49129,49144,49131,49154,49112,49127
49133	49130,49117,49141,49144,49119,49102,49127,49131,49154,49116
49134	49122,49138,49141,49102,49129,49117,49154,49112,49156,49116
49135	49118,49116,49127,49130,49138,49115,49140,49149,49126,49133
49136	10548,11246,22054,26445,49101,49102,49103,49104,49105,49106
49137	49118,49131,49129,49117,49154,49156,49112,49116,49127,49135
49138	49130,49112,49134,49156,49123,49135,49108,49155,49168,49128
49139	10548,11246,22054,26445,49101,49102,49103,49104,49105,49106
49140	49107,49127,49114,49124,49130,49135,49133,49102,49126,49129
49141	49117,49134,49133,49149,49155,49113,49127,49142,49112,49114
49142	49118,49141,49144,49107,49129,49130,49137,49152,49154,49117
49143	25433,25440,25443,25447,46579,49102,49111,49112,49115,49116
49144	49132,49133,49117,49149,49156,49152,49108,49127,49142,49116
49145	49117,49122,49140,49107,49112,49123,49127,49130,49138,49126
49146	49107,49117,49122,49127,49140,49111,49153,49168,49114,49118
49147	49107,49118,49124,49129,49130,49131,49137,49138,49141,49102
49148	49111,49118,49122,49153,49107,49115,49114,49123,49124,49127
49149	49127,49132,49126,49102,49115,49119,49141,49144,49129,49123
49150	26451,10548,11246,21734,22054,26439,26453,46592,47548,47549
49151	49167,26445,49159,10548,11246,22054,49102,49104,49105,49107
49152	49154,49102,49107,49129,49144,49119,49130,49132,49133,49137
49153	49107,49118,49123,49124,49130,49148,49168,49102,49132,49133
49154	49102,49119,49117,49132,49137,49152,49133,49134,49149,49155
49155	49141,49107,49130,49131,49133,49138,49154,49117,49144,49152
49156	49138,49130,49102,49129,49144,49117,49119,49133,49134,49137
49157	49169,49103,49170,26445,49159,49167,10548,11246,22054,49102
49158	49108,49113,14643,46552,46565,46583,25440,36197,46562,46564
49159	49103,49151,49157,49163,49167,49169,49170,26439,49128,10548
49160	49107,49127,49130,49111,49112,49116,49117,49118,49119,49123
49161	49128,49102,49118,49129,49154,49107,49112,49116,49123,49124
49162	10548,11246,22054,26445,49101,49102,49103,49104,49105,49106
49163	49103,26445,49159,49167,10548,11246,22054,49102,49104,49105
49164	10548,11246,22054,26445,49101,49102,49103,49104,49105,49106
49165	17468,24066,7897,24310,4227,22085,2540,9490,9919,12805
49166	5689,5701,5703,5712,5720,5728,5731,10548,11246,22054
49167	49151,26445,49157,49159,49163,49169,49170,10548,11246,22054
49168	49111,49107,49112,49138,49102,49124,49127,49149,49153,49129
49169	49157,49103,26445,49159,49167,10548,11246,22054,49102,49104
49170	49106,49157,49103,26445,49159,49167,10548,11246,22054,49102
49171	1025,1615,1875,2849,3873,3926,3948,3958,3994,4033
49172	49178,49175,49176,49180,49181,1373,3920,4405,9675,19440
49173	3920,49172,49174,49175,49176,49177,49178,49179,49180,49181
49174	49184,1092,5654,11721,15285,18841,19984,24514,25174,26853
49175	49172,49174,49176,49178,49180,3920,49173,49179,49181,49182
49176	49172,49174,49175,49178,49180,1220,1534,2036,2059,2104
49177	49186,49181,49184,1615,3920,9675,21784,27755,27761,32367
49178	49172,49175,49176,49180,3920,4405,9675,21784,27755,27761
49179	37,478,857,3009,3376,3920,4527,6057,9240,9245
49180	49172,49174,49175,49176,49178,3920,49173,49179,49181,49182
49181	49177,49186,49172,49184,3920,9675,21784,27755,27761,34986
49182	3920,49172,49173,49174,49175,49176,49177,49178,49179,49180
49183	132,934,2184,2876,3920,5262,5383,7194,7246,9961
49184	49174,49177,49181,3920,4405,32367,49173,49175,49176,49179
49185	3920,49172,49173,49174,49175,49176,49177,49178,49179,49180
49186	49177,49181,2914,3407,3920,4396,4398,4401,4408,4450
49187	49293,49289,49292,49291,49290,1538,44628,8068,22950,33119
49188	49217,49213,49242,49259,49245,49261,49246,49257,49231,49291
49189	49248,49213,49196,49200,49206,49217,49236,49199,49212,49222
49190	49248,49188,49214,49237,49192,49196,49242,49189,49197,49198
49191	49217,49222,49257,49195,49228,49203,49212,49199,49204,49210
49192	49196,49293,49200,49206,49213,49203,49221,49258,49218,49236
49193	49189,49197,49248,49209,49216,49258,49201,49213,49218,49221
49194	18523,49188,49189,49190,49191,49192,49193,49195,49196,49197
49195	49191,49209,49237,49192,49228,49201,49213,49217,49242,49199
49196	49198,49216,49192,49291,49252,49189,49211,49258,49199,49236
49197	49292,49258,49274,49290,49235,49269,1538,49239,49202,49243
49198	49196,49206,49200,49204,49237,49222,49228,49257,49259,49220
49199	49191,49206,49196,49200,49216,49189,49212,49236,49192,49198
49200	49198,49192,49189,49219,49199,49258,49292,49235,49236,49269
49201	49216,49219,49245,49292,49214,49258,49290,49269,49274,49195
49202	49197,49204,49206,49196,49228,49242,49248,49212,49213,49218
49203	49237,49191,49257,49221,49261,49246,49192,49291,49293,49216
49204	49206,49191,49198,49220,49237,49293,49257,49259,49218,49221
49205	49196,49197,49200,49203,49206,49209,49217,49218,49228,49237
49206	49204,49257,49293,49198,49272,49192,49189,49199,49219,49258
49207	49191,49196,49209,49212,49213,49222,49246,49248,49252,49259
49208	49213,49248,49200,49222,49191,49196,49203,49228,49246,49252
49209	49245,49219,49195,49243,49278,49290,1538,49235,49266,49225
49210	49191,49218,49237,49217,49228,49198,49203,49293,49192,49195
49211	49196,49248,49212,49242,49188,49218,49220,49231,49257,49259
49212	49248,49217,49191,49213,49231,49216,49259,49261,49246,49293
49213	49188,49222,49220,49212,49231,49189,49245,49192,49242,49272
49214	49201,49237,49217,49245,49196,49219,49228,49206,49213,49200
49215	663,2334,2831,5933,8022,8499,8834,10326,10539,13734
49216	49201,49196,49228,49293,49259,49212,49218,49222,49261,49199
49217	49191,49237,49188,49212,49289,49214,49245,49189,49210,49292
49218	49248,49228,49246,49261,49293,49242,49204,49216,49192,49210
49219	49201,49209,49200,49204,49206,49214,49221,49222,49257,49216
49220	49248,49213,49204,49293,49242,49198,49272,49289,49192,49211
49221	49203,49242,49258,49293,49222,49292,49192,49204,49245,49257
49222	49213,49228,49191,49231,49198,49221,49216,49219,49252,49292
49223	2956,1600,3039,4046,8003,8004,8681,10103,12409,12444
49224	1389,386,394,676,1358,1505,1668,1673,2611,2914
49225	49209,49248,49189,49197,49201,49213,49221,49237,49192,49193
49226	35605,15175,16894,20075,9194,13870,21556,25228,35622,42051
49227	20943,22093,29425,31122,64,143,161,169,191,343
49228	49222,49191,49218,49216,49261,49246,49259,49198,49195,49210
49229	18523,49188,49189,49190,49191,49192,49193,49194,49195,49196
49230	49213,49222,49228,49188,49196,49231,49248,49272,49218,49220
49231	49213,49222,49248,49212,49188,49191,49242,49261,49221,49259
49232	11547,16513,17434,18523,20465,24196,29427,29463,41539,43407
49233	49248,49201,49206,49237,49196,49199,49200,49213,49242,49259
49234	87,934,960,989,1085,1100,1113,1129,1158,2969
49235	49197,49200,49209,49248,49196,49201,49221,49258,49189,49213
49236	49189,49192,49196,49198,49199,49206,49216,49228,49200,49222
49237	49217,49203,49246,49198,49204,49261,49214,49259,49289,49245
49238	18523,49188,49189,49190,49191,49192,49193,49194,49195,49196
49239	49197,49248,49200,49191,49196,49206,49217,49237,49257,49188
49240	49191,49196,49209,49212,49213,49222,49246,49248,49252,49259
49241	49206,49213,49261,49191,49197,49200,49201,49204,49209,49217
49242	49188,49221,49259,49213,49218,49220,49261,49204,49246,49293
49243	49209,49201,49197,49188,49219,49196,49198,49200,49213,49217
49244	49213,49290,49197,49200,49201,49209,49217,49222,49191,49196
49245	49209,49188,49201,49213,49214,49217,49221,49237,49293,49196
49246	49259,49237,49291,49188,49218,49203,49228,49242,49212,49216
49247	29693,40998,0,12580,26905,29399,29688,34905,36354,41131
49248	49212,49218,49252,49189,49220,49233,49231,49211,1538,49208
49249	49188,49198,49201,49209,49214,49236,49246,49258,49261,49189
49250	49191,49198,49213,49219,49245,49248,49255,49256,49257,8068
49251	49191,49197,49274,49198,49221,49209,49248,1538,49192,49235
49252	49248,49261,49196,49257,49216,49218,49222,49228,49237,49259
49253	49246,49197,49200,49206,49259,49196,49198,49201,49209,49216
49254	25949,14315,18511,22147,23234,45989,49226,319,555,1673
49255	49248,49257,49191,49196,49197,49200,49201,49206,49209,49293
49256	49213,49219,49257,49191,49198,49204,49206,49245,49252,49268
49257	49206,49191,49203,49188,49291,49204,49259,49198,49221,49252
49258	49197,49221,49192,49196,49201,49200,49206,49218,49261,49274
49259	49188,49246,49242,49204,49216,49228,49237,49257,49198,49212
49260	5472,12578,35435,35439,33,64,995,1458,1625,1790
49261	49252,49188,49228,49203,49218,49237,49242,49212,49216,49221
49262	49248,49188,49196,49206,49218,49200,49242,49261,49191,49198
49263	663,2831,5933,8499,10539,15745,17857,18085,18523,19260
49264	2565,10500,25168,197,343,366,368,502,541,575
49265	49188,49200,49201,49206,49212,49217,49192,49228,49237,49261
49266	49248,49198,49209,49237,49206,49192,49199,49200,49210,49218
49267	2956,13430,16680,21855,23623,26883,29783,29846,43560,44887
49268	49248,49246,49191,49198,49209,49217,49219,49278,49196,49197
49269	49197,49196,49201,49200,49237,49206,49188,49204,49220,49292
49270	49188,49189,49191,49193,49197,49198,49209,49216,49233,49242
49271	49197,49201,49203,49209,49217,49202,49222,49228,49237,49191
49272	49206,49213,49204,49220,49188,49218,49293,49221,49231,49261
49273	18523,49188,49189,49190,49191,49192,49193,49194,49195,49196
49274	49197,49196,49198,49201,49206,49258,49192,49200,49236,49218
49275	49197,49189,49209,49214,49258,49195,49200,49221,49237,49198
49276	49246,49248,49197,49217,49257,49278,49191,49196,49198,49201
49277	101,1534,1661,3037,3892,4394,7444,7938,8008,12967
49278	49209,49196,49200,49217,49293,49206,49237,49246,49198,49204
49279	18523,49188,49189,49190,49191,49192,49193,49194,49195,49196
49280	770,8492,9872,40335,40725,47190,87,897,1147,1301
49281	18523,49188,49189,49190,49191,49192,49193,49194,49195,49196
49282	49201,49191,49200,49203,49221,49222,49217,49220,49228,49259
49283	18523,49188,49189,49190,49191,49192,49193,49194,49195,49196
49284	13467,18511,22147,49226,1673,2413,2659,2662,2864,3004
49285	442,982,1085,1088,1417,2915,4430,5588,6961,9780
49286	49197,49191,49200,49201,49196,49206,49209,49217,49246,49290
49287	
49288	
49289	49187,49217,49237,49188,49198,49220,49242,49291,49204,49218
49290	49187,49197,49201,49209,49200,49217,49244,49206,49196,49204
49291	49187,49246,49196,49257,49188,49203,49261,49191,49221,49289
49292	49187,49197,49201,49221,49200,49206,49198,49217,49222,49237
49293	49187,49206,49216,49192,49204,49218,49220,49221,49242,49245
49294	1445,1797,5797,6827,16700,17207,17235,18159,23977,24334
49295	18523,4188,4233,10027,11214,18118,18803,24249,25491,42712
49296	41970,19,909,925,1245,1433,2409,5410,6955,6976
49297	
49298	
49299	
49300	
49301	
49302	
49303	49304,49309
49304	49303
49305	
49306	
49307	
49308	
49309	49303
49310	12011,15708,39633,49033
49311	49312,49313,49314,49315,49316,49317,49318,49319,49320,49321
49312	49318,49311,49313,49315,49316,49319,49320,49321,49322
49313	49311,49312,49314,49315,49316,49317,49318,49320,49321,49322
49314	49317,49311,49313,49315,49316,49319,49320,49321,49322
49315	21053,24966,47267,49311,49312,49313,49314,49317,49318,49319
49316	49321,49033,49311,49312,49313,49314,49317,49318,49319,49320
49317	49314,49311,49313,49315,49316,49319,49320,49321,49322
49318	49312,49311,49313,49315,49316,49319,49320,49321,49322
49319	49311,49312,49314,49315,49316,49317,49318,49320,49321,49322
49320	12009,12037,49311,49312,49313,49314,49315,49316,49317,49318
49321	49316,49033,49311,49312,49313,49314,49317,49318,49319,49320
49322	106,3412,4584,7697,8401,8837,9336,9976,13016,14982
49323	3474,49331,49333,49338,49325,49328,49335,49339,49346,49347
49324	49325,49338,49343,49354,49356,49369,3474,10302,26106,49323
49325	49338,49339,49354,49369,3474,49331,49349,49356,49357,10302
49326	4302,49364,319,2287,2409,2755,3052,3474,4048,4231
49327	49335,4231,49328,49339,49343,49345,49348,49349,49354,49369
49328	49335,49343,4231,49356,49358,49327,49331,49369,49371,3474
49329	6696,6771,6717,6723,6705,6730,6702,6729,6745,6754
49330	3474,49323,49325,49327,49328,49331,49333,49335,49337,49338
49331	49335,3474,49339,49323,49325,49328,49343,49347,49349,49369
49332	3474,9930,10302,20789,22105,26106,28577,44945,49323,49324
49333	4302,49371,49323,49338,49356,3474,49325,49328,49331,49339
49334	3474,4302,8193,9490,10302,26106,43609,44417,49323,49324
49335	49327,49328,49331,49343,3474,49344,49349,49354,49357,49369
49336	49354,49356,49328,49335,49357,3474,6839,10302,26106,49323
49337	49327,49348,49354,49369,3474,49323,49325,49328,49330,49331
49338	49325,49354,49369,3474,49323,49333,49344,49345,49349,49357
49339	49325,49331,3474,49327,49347,49349,49354,49356,49357,49369
49340	4302,49328,49336,49354,49356,49358,3474,5027,6839,6842
49341	4302,4231,49356,49371,49343,49354,49347,4159,44410,49344
49342	5564,21711,29757,30580,49328,123,434,659,1388,2939
49343	49328,49335,49369,49341,49356,49327,49331,49344,49345,3474
49344	49335,49338,49343,3474,10302,49325,49328,49331,49349,49357
49345	49369,49327,49338,49343,4302,49325,49328,49331,49335,49348
49346	4302,49356,3474,49323,49328,49333,49335,49339,49347,4231
49347	49356,49331,49339,49341,3474,4159,4231,49323,49325,49328
49348	49327,4302,49337,49345,49369,3474,49325,49328,49330,49331
49349	3474,49325,49327,49331,49335,49338,49339,49369,49373,10302
49350	49327,4302,49323,49325,49328,49330,49331,49333,49335,49337
49351	47115,47124,47134,3140,3149,11858,13245,27689,28462,32875
49352	548,3474,4302,8122,8457,9490,10302,12026,12549,13279
49353	3920,6250,6255,11645,22158,31122,42832,1849,3304,3315
49354	49338,4231,18511,4035,4202,4281,49325,49341,3882,3948
49355	49328,49335,49338,3474,4302,49323,49325,49327,49330,49331
49356	49341,49328,49343,49347,4231,49325,49333,49336,49339,49346
49357	49325,49335,49338,49339,49354,3474,10302,44388,49331,49336
49358	49328,49338,4231,49325,49327,49331,49339,49343,49345,49347
49359	3474,49323,49325,49327,49328,49331,49335,49338,49339,49349
49360	3474,4302,8193,9490,10302,26106,43609,44417,49323,49324
49361	3474,4302,8193,9490,10302,26106,43609,44417,49323,49324
49362	3474,4302,8193,9490,10302,26106,43609,44417,49323,49324
49363	3474,10302,22147,26106,49323,49324,49325,49327,49328,49329
49364	8004,8008,16440,19786,38260,8003,12403,21958,30866,33624
49365	49354,4074,13263,18511,30818,30860,49338,49369,3474,3882
49366	4281,4187,28505,31122,43783,146,457,595,1667,1704
49367	3474,4302,8193,9490,10302,26106,43609,44417,49323,49324
49368	3474,10302,26106,49323,49324,49325,49327,49328,49329,49331
49369	49338,49343,49325,49345,3474,49327,49328,49331,49335,49339
49370	3474,4302,8193,9490,10302,13616,26106,43609,44417,49323
49371	4302,49341,49333,4231,49328,49335,4159,49327,49331,49339
49372	3474,4302,8193,9490,10302,26106,43609,44417,49323,49324
49373	3903,22147,4035,4189,4202,4206,4234,10987,49349,3474
49374	3474,4302,8193,9490,10302,26106,43609,44417,49323,49324
49375	343,6802,10454,20849,28613,45438,338,362,384,390
49376	36389,26101,49391,338,1380,2802,2937,6508,6802,6868
49377	10424,26101,49386,32136,36374,49391,2206,2937,3931,4741
49378	1787,6900,3437,10652,20060,20869,1388,1668,1680,2233
49379	11181,13400,622,4135,5071,7630,7639,7651,8457,9920
49380	3304,3365,3368,562,3315,3322,3327,3332,3347,3352
49381	9920,22158,22165,223,336,455,574,704,728,2099
49382	622,2937,4736,5030,9385,10293,10424,14803,18283,20447
49383	6899,6920,2194,2937,4162,6925,6929,6933,6944,7036
49384	2937,10293,10424,14803,26101,36389,45610,47637,49023,49376
49385	2937,10293,10424,14803,26101,36389,45610,47637,49023,49376
49386	49390,49377,6802,11350,30870,45438,45527,338,343,354
49387	5231,10334,338,351,362,438,466,1617,2514,2937
49388	9401,9406,9412,9418,9419,9423,21580,21586,26448,28905
49389	23323,10280,10306,10343,10392,22234,22281,22500,23343,23348
49390	36389,49386,3560,9730,10454,45438,87,204,338,343
49391	10424,14346,4839,7266,9393,9398,9920,13411,14372,22069
49392	728,36559,371,704,726,778,821,1433,2027,2118
49393	11369,3094,9099,12715,31370,47577,348,351,453,457
49394	562,351,622,5078,5080,7651,10459,10469,21171,21935
49395	351,1357,2969,3521,4456,4498,4947,5119,5265,5586
49396	31270,45389,2145,4340,5249,5250,8307,8685,11779,17999
49397	26300,14004,15896,21703,21709,23099,35919,48270
49398	15918,1111,6455,7415,11181,11839,14004,14334,15012,15574
49399	21633,21672,21693,351,1704,2862,5682,7248,8514,10359
49400	15918,49398,49399
49401	522,22165,31122,4048,4717,9920,12401,13400,14900,18561
49402	37917,37919,37938,37925,37936,37931,37935,37939,37942,13620
49403	4053,4189,27059,27120,1137,2929,22194,27087,27121,27125
49404	47574,49410,49413,5011,10314,12401,14911,22194,49403,49406
49405	457,4736,20567,22239,351,575,4835,5011,5231,7651
49406	4048,11570,22158,22165,26600,49418,3006,4101,4206,4295
49407	3412,25342,39697,39720,1137,3971,4202,5011,7697,9976
49408	11609,222,457,533,569,572,580,2699,2820,2823
49409	385,387,457,533,569,572,580,728,732,3006
49410	4121,49404,5011,10314,22194,49403,49406,49407,49411,49413
49411	10314,5011,22194,47574,49403,49404,49406,49407,49410,49413
49412	562,2841,10469,13400,4782,10468,22338,25747,1216,3560
49413	49404,49417,5011,10314,22194,47574,49403,49406,49407,49410
49414	22194,457,533,548,566,569,572,574,580,1416
49415	49423,5011,10314,11645,22194,49403,49406,49407,49411,49413
49416	49419,3958,4036,4046,4118,4163,4289,10314,11547,16532
49417	3971,4179,8008,14332,15456,49413,595,3006,3304,3315
49418	4206,22158,22165,28132,4046,4048,4295,10408,10987,12403
49419	49416,3958,4036,4046,10323,10845,10848,10909,10921,16240
49420	457,522,533,554,569,570,574,576,580,597
49421	10314,3958,16215,20845,22158,4045,11018,16240,4069,4153
49422	11018,42766,1100,3518,4101,4295,4296,8008,10240,22265
49423	49415,4121,5011,10314,15625,22194,47574,49403,49406,49407
49424	26741,13236,9630,9626,26739,28050,38628,38636,38646,38658
49425	340,354,3238,4139,4285,5062,5066,6416,6421,6432
49426	4121,49418,4045,4166,6271,10450,14900,22160,22830,29364
49427	5011,10314,22194,47574,49403,49404,49406,49407,49410,49411
49428	5011,10314,22194,47574,49403,49404,49406,49407,49410,49411
49429	15032,22091,2995,4044,3903,4046,20829,44718,3958,4103
49430	21930,81,343,351,362,457,533,562,569,572
49431	7611,9105,25906,580,7651,14346,21930,22077,25801,1301
49432	11598,6405,9962,11608,14315,15020,25331,28132,36289,36293
49433	457,533,569,572,580,3006,4121,5011,6271,7549
49434	7994,10510,5086,7549,7612,10504,11244,11576,14264,14309
49435	49428,457,533,569,572,580,2088,3006,4121,4590
49436	22158,4202,4289,22090,31122,10987,22147,4099,4231,4295
49437	7254,7268,7307,7324,7409,7415,7438,7599,9386,9553
49438	7430,17446,42774
49439	17446,49437
49440	6121,18051,29095,42714,49437
49441	15827,19664,566,3362,10869,12860,15834,15835,15844,15847
49442	6917,2773,5429,10424,10435,11250,12714,13840,16401,20577
49443	49445,49446,19664,49026,566,728,2201,3362,4530,8180
49444	2398,3304,3315,3322,3327,3328,3347,3352,3353,3363
49445	49443,49446,19664,49448,566,3362,7390,10869,15653,15818
49446	49443,49445,19664,566,3362,10869,21073,22055,26601,29024
49447	1409,1927,2714,4516,5132,6594,10360,12837,12844,12852
49448	15818,15839,15820,15863,15821,15842,15852,15876,15824,15841
49449	138,566,3205,3231,3362,3882,3928,4106,5006,5458
49450	17157,17155,17333,23751,46870,11800,17334,32755,36367,196
49451	5086,7847,27547,34412,48685,49861,19,21,69,350
49452	8318,12722,8292,8295,8348,8399,17181,36091,48090,48091
49453	49476,17333,49460,49472,49473,49491,49499,49502,11779,17334
49454	49459,17698,17333,36338,36367,44958,45274,46868,46869,46875
49455	6982,1787,3394,12839,18499,48444,1356,1366,1680,2904
49456	1448,23762,131,198,285,1382,1485,2627,3099,3422
49457	6979,17698,49451,49452,49453,49454,49455,49456,49458,49459
49458	49460,49473,49491,49499,49507,17698,49459,49472,49482,49484
49459	49482,49508,49471,46868,49454,49488,49497,49507,17157,36338
49460	49488,49477,49501,17333,49458,49486,49489,49453,49500,6979
49461	2557,4875,6087,6979,7342,8154,8186,9789,12730,14797
49462	6626,40418,6962,12774,19108,23738,23763,32456,35374,40135
49463	49471,49476,49502,6979,17698,49451,49452,49453,49454,49455
49464	14239,23657,14244,23672,13965,14209,14234,23669,23674,23682
49465	1489,32791,49502,1394,4455,4527,5869,6955,6962,6976
49466	3702,4925,4933,4936,4939,6397,6979,7216,7221,7651
49467	49465,49502,132,1356,1394,1489,1535,2129,2169,2641
49468	11756,32355,32356,32729,32740,32782,4397,4425,4447,4471
49469	49577,49652,1366,33772,49581,49594,49606,11756,35186,5236
49470	29305,35186,49502,49594,49630,5242,23745,32603,49606,49648
49471	49476,17698,49459,49487,49508,49472,49482,49488,49497,49484
49472	49499,49487,49496,49508,49471,49507,17333,49479,49486,49488
49473	49507,49458,17699,46870,49453,49493,49500,6979,11779,17154
49474	4398,5339,6962,6976,7012,7022,12825,17755,29305,45604
49475	1347,1399,1435,32342,52,100,131,207,351,543
49476	49471,49497,49488,49501,17155,17334,46870,46893,49453,49477
49477	49460,49476,17698,49459,49482,49484,49491,49502,17154,17159
49478	17698,49454,49458,49459,49460,49472,49473,49479,49482,49484
49479	17698,49459,49472,49482,49484,49487,49491,49496,49499,49502
49480	6654,16067,42921,5376,6609,6653,6979,7046,10778,12196
49481	6979,17698,49451,49452,49453,49454,49455,49456,49457,49458
49482	49459,17698,49487,49499,49508,49471,49496,49507,17157,49479
49483	49495,1515,7086,1392,1513,2201,4364,6979,7011,10302
49484	49491,17698,49487,49499,49496,49508,17157,49471,49479,49486
49485	17200,40868,7036,33299,44761,7051,11139,40402,1382,5307
49486	49460,49472,49476,49484,49491,17698,49459,49471,49487,49488
49487	17698,49507,49472,49471,49482,49484,49479,49489,17157,17333
49488	49460,49508,49476,49459,49471,49499,17698,49472,49482,49496
49489	17698,49460,49472,49484,49487,49491,49496,49499,49502,17333
49490	6979,17698,49451,49452,49453,49454,49455,49456,49457,49458
49491	49484,49501,17157,17333,49458,49479,49486,49489,17155,49453
49492	6979,17698,49451,49452,49453,49454,49455,49456,49457,49458
49493	17698,49459,49471,49472,49473,49476,49482,49484,49487,49491
49494	40717,1797,2137,2924,6979,7259,7509,8808,10504,11863
49495	49483,6979,1392,17698,23794,33143,36198,49458,49459,49460
49496	49499,49502,17698,49472,49508,49482,49484,49497,49471,49479
49497	49502,49476,49459,49471,49496,49499,17698,49472,49482,49501
49498	6979,295,1347,1382,1383,1390,1393,1408,1433,1446
49499	49472,49496,49508,49482,49484,49507,49488,49497,17333,49458
49500	17698,49459,49460,49471,49472,49473,49476,49482,49487,49488
49501	49460,49476,49491,49459,49488,49497,49499,17698,49471,49472
49502	49497,49496,49470,13119,17157,17333,32603,49479,49489,49577
49503	17698,49459,49460,49471,49472,49473,49476,49482,49487,49488
49504	17698,49459,49471,49472,49473,49476,49479,49482,49484,49487
49505	6979,17698,49451,49452,49453,49454,49455,49456,49457,49458
49506	49460,49491,1077,1201,1431,2145,2174,4493,5250,6460
49507	49473,49487,49499,17698,49459,49472,49482,49458,49484,49496
49508	49459,49488,49499,17698,49471,49472,49482,49496,49484,49479
49509	6979,17698,49451,49452,49453,49454,49455,49456,49457,49458
49510	4114,18084,4240,8468,13306,42891,566,576,1234,3883
49511	2838,11865,12715,12766,13640,13773,17717,18081,18086,18130
49512	1356,5263,5274,6472,6482,6508,6514,6637,6959,6963
49513	13773,18130,26144,26146,49511,49512,49514,49515
49514	13773,18130,26144,26146,49511,49512,49513,49515
49515	7509,10887,13270,13678,13773,14332,18131,18137,18139,19125
49516	146,325,342,995,1741,2216,2923,3134,3574,3867
49517	1809
49518	44377,24517,23489,35408,43052,966,1136,1660,16166,28747
49519	49521,49520,49523,1660,6782,16621,24510,24683,24686,33559
49520	623,692,4795,18184,21873,22505,28704,28717,28718,28723
49521	49519,49520,49523,1660,6782,16621,24510,24683,24686,33559
49522	49520,49523,1660,6782,16621,24510,24683,24686,33559,35048
49523	49519,49521,49522,49524,966,1099,1136,1664,1667,1689
49524	49520,49523,1216,1657,1658,1659,1662,1663,1668,1678
49525	49519,49520,49521,49522,49523,49524
49526	7297,24399
49527	16644,17468,18425,24397,24398,24400,49528,49529,49530
49528	49527,49529,49530
49529	7240,11594,23214,49527,49528,49530
49530	49527,49528,49529
49531	49534,49536,49548,49564,49592,49561,49655,49570,49616,49624
49532	49592,49555,49585,49691,49692,49694,49560,49562,49564,49565
49533	1923,6979,20554,30002,49532,49534,49539,49540,49541,49549
49534	49531,49592,49557,49691,49540,49621,49671,49690,49698,49541
49535	40820,49546,1230,13808,16621,25215,25224,25228,25256,27659
49536	49531,49592,49766,49555,49561,49564,49565,49616,49641,49668
49537	49596,33135,40634,49559,49579,49588,124,1356,1400,1719
49538	49532,49539,49555,49565,30002,49536,49540,49541,49548,49549
49539	49540,49693,49698,49565,49730,49755,49541,49555,49585,49608
49540	49539,49534,49560,49585,49621,49693,49698,49541,49551,49562
49541	49539,49592,49532,49534,49540,49555,49565,49578,49691,1085
49542	17881,34010,12226,27653,101,124,162,168,195,208
49543	45743,45749,45752,45751,45761,49573,3307,18148,45758,8670
49544	49549,16630,33027,33160,41446,43228,49531,49546,49550,49581
49545	49559,29904,29909,29943,29975,30032,49579,49588,124,208
49546	27555,35613,35678,19920,35630,35633,35685,17636,23512,32532
49547	6101,22954,23511,41405,48326,19,124,443,951,1031
49548	49531,49560,49621,49642,49555,49692,49561,49690,49730,49564
49549	49550,43152,44256,46622,49544,161,3036,25153,26872,30537
49550	49549,25153,16630,19999,30002,35570,49700,8536,15356,16532
49551	49534,49540,49557,49587,49613,49676,30002,49532,49533,49538
49552	30002,49549,10370,19039,33010,43228,44413,49531,49550,49593
49553	30002,49549,16630,28298,49532,49533,49538,49539,49540,49541
49554	9127,13854,19039,33010,49546,12,116,124,134,186
49555	49565,49623,49532,49548,49536,49539,49592,49538,49541,49580
49556	4717,7022,11139,41335,87,124,351,579,621,785
49557	49534,49621,49690,49691,49562,49592,49642,49551,49564,49616
49558	7346,1390,4447,6962,7325,7356,13278,13997,23717,23747
49559	9666,10606,19034,23718,49545,49588,3394,6524,6961,11722
49560	49548,49532,49540,49531,49539,49534,49555,49642,49690,3
49561	49531,49536,49548,49616,49532,49564,49565,49534,49541,49557
49562	49691,49532,49557,49621,49534,49536,49540,49592,30002,49533
49563	49577,42911,1366,5242,6979,33767,5243,49581,49610,5236
49564	49531,49532,49536,49614,38746,45854,49548,49557,49561,49586
49565	49555,49539,49578,49623,49532,49536,49693,49538,49541,49548
49566	40038,49575,49577,87,124,1360,1392,1400,1437,1489
49567	33767,8294,9453,43896,49581,124,285,1366,1394,1400
49568	49753,49603,49539,49619,638,45854,48381,49531,49540,49541
49569	9453,41069,32804,1392,5243,8727,11756,23745,23787,25268
49570	49531,49587,49703,16630,30002,49532,49536,49538,49539,49548
49571	1458,45854,49622,49750,49765,528,6019,7849,13797,27595
49572	32433,8687,8727,23731,49577,49606,5243,32364,40038,48344
49573	49543,29455,45743,45754,3307,18147,45749,45751,25184,45752
49574	1,4261,49589,0,1359,1943,5930,7521,8932,12722
49575	49577,1520,5243,6979,8687,8727,9665,23718,24316,33231
49576	49619,49622,49765,638,48381,49531,49539,49540,49541,49578
49577	23745,5243,6979,8727,11756,49469,5236,10616,23718,32354
49578	49565,49703,49539,49540,49541,49623,30002,49532,49533,49538
49579	49596,49537,49545,124,1036,1329,1366,1387,1400,1719
49580	49539,49540,49555,30002,49532,49533,49538,49541,49548,49549
49581	35186,49630,26386,33772,3885,23718,25268,23770,23787,32804
49582	2637,2666,2667,2689,2709,30002,41467,49549,168,1688
49583	124,1400,1719,1860,4447,6979,7667,7852,7929,9245
49584	29749,25184,34751,41407,52,1458,1577,1667,3034,4260
49585	49532,49539,49540,49534,49668,12636,30220,49531,49555,49562
49586	49531,49539,49564,49532,49536,49540,49548,49561,49565,49580
49587	49625,49704,49570,49703,49551,49555,49676,30002,49532,49533
49588	49559,6979,35186,49537,49545,49577,49581,49596,62,124
49589	49574,5930,8932,12722,12938,17809,22732,22955,22994,23012
49590	124,186,973,1378,1400,1484,1719,1782,1839,1860
49591	5242,9453,35186,41069,49652,5243,8687,32045,32354,33767
49592	49532,49534,49531,49536,49541,49555,49557,49642,49562,49564
49593	25200,29720,32532,35685,1814,10842,13795,14064,19138,35621
49594	49648,49606,35186,5242,5243,1366,6979,23787,25276,49469
49595	49531,124,161,210,1060,1400,1719,1860,2300,2496
49596	22239,6589,4741,12836,1520,6482,6496,6508,6516,49537
49597	49531,49565,2822,6980,7010,7059,7066,12713,17559,17901
49598	23527,338,439,1001,1167,1891,3895,4133,4542,5474
49599	10469,249,458,1093,2565,2827,3045,3081,7174,7975
49600	49736,5,338,1001,1167,1891,2905,3895,4542,5474
49601	106,146,3023,3115,3126,5538,7644,7675,10813,12647
49602	8667,10842,20070,25488,27840,30002,40633,41467,43152,43158
49603	49568,49753,40633,49622,638,48381,49614,1458,10427,20516
49604	3885,11746,39157,10606,6482,6542,8268,32045,36062,6496
49605	23718,7329,11726,6496,6976,19034,5236,6508,11093,11723
49606	49594,1366,8687,49610,5236,6979,26386,32435,49648,23731
49607	44671,49577,1428,8687,11752,11790,23751,49637,485,1352
49608	49539,49621,49694,40633,49548,49698,1846,10758,49540,49557
49609	23717,23787,23730,36198,20154,23748,23755,23770,23814,32045
49610	49606,23751,35186,49581,49594,1366,6979,8687,33767,5243
49611	444,1404,2121,2606,3852,8268,8273,8284,8286,8287
49612	1534,1551,1562,1567,1569,1575,1591,1594,1602,1610
49613	40633,4820,6994,49720,6487,6969,7015,9683,11123,28672
49614	49564,40633,45854,49557,49571,49576,49603,49760,49765,20516
49615	40633,49620,49757,638,28972,48381,49531,49539,49660,1458
49616	49531,49536,49561,40633,49532,49557,49534,49564,49565,49592
49617	6966,23717,6962,23719,23762,23792,6977,7024,23759,10616
49618	49648,452,5242,9453,13119,32804,7011,49581,49652,4455
49619	49564,49568,49576,45833,49539,49571,49660,49750,49757,2273
49620	49615,40633,49531,49532,49536,49548,49564,49568,49660,49757
49621	40633,49548,49534,49557,49692,49540,49562,49608,49671,49698
49622	49539,49571,49576,49603,40633,45854,49753,49765,638,1458
49623	49555,49565,49578,40633,49570,49580,49703,49704,49759,49764
49624	49531,49565,26093,26148,26184,38039,40633,49555,49578,49629
49625	49587,49676,40633,49540,49551,49557,49565,49570,49578,49580
49626	3293,6348,7884,12449,12973,38746,42526,49531,49532,49536
49627	6545,24556,29552,39633,40633,46319,124,339,1342,1837
49628	10611,23747,23779,23787,42920,7364,8319,23745,23749,23763
49629	49531,40633,49655,49540,49613,49624,49676,49693,49769,1
49630	49581,49652,11756,13119,32435,36198,5531,9453,23755,25268
49631	11756,23762,36198,23786,32355,49617,5242,7039,23717,23718
49632	40633,49539,49532,49548,49555,49621,49692,49703,49730,49766
49633	40633,49531,49534,49540,49551,49557,49625,49629,49655,49676
49634	1002,1139,3011,12435,12445,14182,21866,22131,22355,22624
49635	37830,37841,37842,37827,37852,37856,4509,6493,6574,6986
49636	35186,7011,25268,49581,1366,1390,1678,1772,4455,5242
49637	49577,13119,9453,5242,8727,196,5531,11790,49648,1390
49638	357,439,732,910,1270,1277,1289,1292,1294,1297
49639	
49640	35186,32782,4420,4425,4426,7014,11756,32740,32813,1384
49641	49532,49536,49642,20486,1846,10758,44949,44966,49534,49565
49642	49548,49690,40633,49531,49557,49592,49641,43509,49691,49692
49643	36053,35977,35982,35992,35993,35999,36024,37834,35987,36039
49644	2687,1692,168,1688,2637,34278,204,1666,1670,1679
49645	1534,1551,1562,1567,1569,1575,1591,1594,1602,1610
49646	31366,41267,501,7740,15244,15250,23768,32589,33123,33124
49647	1366,49577,5243,19714,23751,30749,33767,49563,49581,49652
49648	49594,49581,49606,5243,37950,3885,23769,26386,32355,25276
49649	7024,17584,17666,20140,20141,20146,20150,20153,20156,20165
49650	1347,1393,1371,1382,1390,1446,10408,16833,16836,32366
49651	
49652	49630,11756,32045,452,13119,33767,1366,5243,9453,49469
49653	5236,1453,5243,5531,6959,6979,11756,16380,21171,32263
49654	17644,18294,24064,48021
49655	49531,49629,40633,49565,49570,49578,49676,49767,49769,2822
49656	5249,5799,6578,6976,6997,13278,16625,17664,18439,19463
49657	32804,33143,41293,49594,49648,11715,41069,49606,452,1390
49658	6161,6893,8813,11594,24011,24018,24032,24048,28364,2611
49659	6117,27881,40633,43152,43270,113,2121,2285,8002,8136
49660	49568,49615,49619,49620,49757,49539,49564
49661	7039,6980,11477,15234,23721,23733,23738,23747,23753,23780
49662	12222,1090,1689,1897,2413,2667,3294,3971,4133,4206
49663	622,800,1100,1230,1357,1664,3094,4782,5089,5928
49664	30749,32763,33784,49617,269,6962,6997,7024,7279,9891
49665	7712,9664,10606,10782,11127,12666,32249,32317,32532,34229
49666	49581,5243,6955,6966,13119,23719,23745,23751,33767,35186
49667	25300,32355,41069,23745,23787,5236,11756,36198,49577,49606
49668	40633,49532,49536,49539,49555,49585,49698,49562,49592,49691
49669	1359,1393,1541,1782,2503,2572,3398,5854,5930,7244
49670	
49671	49534,49621,49766,49539,49698,40633,49540,49548,49557,49689
49672	49743,49985,29,936,975,1073,1375,1670,1689,1911
49673	2400,5948,6461,6577,6963,6977,7024,7044,7049,9076
49674	
49675	5569,9861,14890,16645,17531,33299,87,1382,1431,1432
49676	40633,49551,49587,49613,49625,49769,49534,49540,49557,49621
49677	16380,5263,6678,7789,10606,32263,35661,38242,39157,208
49678	0,439,134,1694,2646,2648,3734,13818,13829,13911
49679	6545,9940,16643,17883,24422,24444,24446,25342,33051,0
49680	1113,1375,1390,3885,4431,5242,6979,6997,10611,11756
49681	7740,15244,23768,32589,33123,33124,40633,45247,1428,4765
49682	800,1418,1441,1448,2036,2324,3094,3395,4782,6307
49683	23789,5242,5249,6543,6959,6976,6997,19463,23717,23718
49684	23717,23748,6966,7049,23747,23750,23780,32763,1410,7024
49685	87,311,438,3734,3873,3950,3966,4173,4246,4460
49686	2971,4990,4993,9822,10027,10236,13828,13868,13870,13889
49687	934,962,1797,2059,3407,5924,8289,8737,12647,13616
49688	960,991,1156,1158,1159,1169,1170,1175,1184,1191
49689	40633,49539,49540,49548,49730,49534,49557,49608,49621,49642
49690	49557,49642,49691,40633,49534,49548,49540,49541,49560,49561
49691	40633,49534,49532,49557,49562,49690,49540,49541,49592,49642
49692	49532,49548,49621,40633,49555,49557,49565,49632,49642,49694
49693	40633,49539,49536,49540,49565,49532,49557,49621,49538,49551
49694	49532,40633,49608,49557,49621,49691,49692,49698,49730,49540
49695	1814,3437,3586,5179,6782,6995,8871,17026,17694,23591
49696	959,3358,3875,7680,13789,13978,19023,24776,24777,26301
49697	1404,2606,3789,3852,6027,8268,8273,8284,8286,8287
49698	40633,49539,49534,49540,49621,49531,49608,49668,49671,49694
49699	95,5093,15156,16906,16915,18045,18074,19668,20003,23184
49700	49549,49550,25153,30002,49706,1129,2641,2696,2992,4069
49701	40633,49531,49532,49534,49536,49548,49557,49561,49562,49564
49702	195,1754,2659,2674,3586,4389,6108,6782,6995,17694
49703	49578,49587,40633,49555,49570,49632,49691,49692,49532,49538
49704	49587,40633,49534,49551,49570,49621,49623,49625,49676,49691
49705	29229,1550,1578,1630,18086,22506,25853,48087,48088,48090
49706	25153,30002,49549,49700,124,1233,8201,12693,15710,17443
49707	49546,29723,134,1923,2640,7717,13616,16861,16862,16871
49708	
49709	49532,49536,49539,49608,49632,49694,49730,49766,12517,20419
49710	13930,13937,13967,14134,14159,14173,14179,14207,14209,23512
49711	32477,1814,22242,26164,29246,32476,40633,47460,134,339
49712	15710,25027,27150,28298,30008,40633,44276,44949,44966,46664
49713	2827,14569,16261,25863,41456,114,129,249,372,458
49714	3586,6782,6995,17694,23591,25178,28298,30002,40633,48537
49715	49565,49613,49693,49704,3586,6782,6995,17694,23591,25178
49716	1083,1280,1283,1287,7479,9553,10265,11189,13072,13089
49717	40633,49531,1081,23077,48354,49534,49743,49763,49969
49718	2048,5564,6025,7371,8862,10077,13722,13835,14206,19143
49719	1497,24585,24587,343,728,909,1169,1238,1357,1571
49720	49531,49613,49565,40633,16299,49534,49564,49623,49624,49655
49721	40633,49540,49551,49557,49625,49676,49693,49707,3586,6782
49722	44926,16630,20070,27150,28298,30008,43158,43430,44276,46664
49723	28298,30002,40633,49532,49538,49539,49549,49553,49555,49565
49724	
49725	3298,19025,20492,22495,24851,26954,31398,32488,46147,48020
49726	45744,45750,45753,19,1918,2413,3684,14260,14261,20023
49727	22983,40633,49551,49587,49613,49621,49676,49691,49703,49704
49728	45743,45749,45751,18112,18147,45750,45754,49543,49573,211
49729	2558,3205,6490,12343,19039,21859,25185,25203,27063,27093
49730	49539,40633,49548,49621,49540,49632,49689,49694,49698,1810
49731	40633,43152,33027,41467,44937,46661,2957,8501,10842,19238
49732	40633,49539,49540,49557,49621,49690,49765,3586,6782,6995
49733	1920,6802,30913,31818,31859,31865,31880,31885,31931
49734	35633,15175,35621,35678,47425,1814,9194,16862,16863,16878
49735	
49736	13930,13937,13967,14134,14159,14173,14179,14207,14209,23512
49737	13202,14770,23819,26848,26849,26871,29390,33416
49738	113,239,2059,12683,13962,15179,16871,16901,16992,17022
49739	
49740	452,1366,1545,1590,1638,3458,4034,4734,5091,5250
49741	3789,25061,46039,49697
49742	340,385,807,1560,2017,2031,2036,2040,2066,2699
49743	13616,9471,49546,1814,6782,33121,40633,49581,1809,2576
49744	25809,29723,33011,43152,44966,58,72,1392,1550,1668
49745	12123,12146,49580,1,1237,3606,7830,12122,12126,12131
49746	40633,44949,44966,49565,49641,138,609,1884,2421,2659
49747	43430,15201,44926,44937,49722,64,84,1528,1874,2031
49748	21790,28644,44256,45854,49603,49614,49615,49620,49622,49669
49749	24106,28644,44256,49748
49750	45854,49564,49571,49568,49619,49753,20516,40633,49614,49622
49751	548,21873,26872,48087,48102,48125,48135,48849,48892,1
49752	3586,6782,6995,17694,23591,25178,28298,30002,40633,41523
49753	49568,40633,49603,638,45854,48381,49532,49539,49540,49541
49754	1692,25401,27249,27299,29519,41073
49755	49539,49536,49531,49532,40633,49540,49561,49562,49565,49585
49756	
49757	49615,49564,49619,49620,49660,29769,40633,49539,49571,49576
49758	34631,49743,2503,2516,2544,2601,2602,2603,2634,5148
49759	49565,49578,49587,49623,49625,49703,49704,49764,2822,3586
49760	49557,49614,40633,49531,49532,49534,49536,49548,49561,49562
49761	20486,25995,44949,44966,49565,49641,2659,2682,2700,3966
49762	304,4055,7183,7184,7189,7198,7201,7207,7211,7212
49763	202,2059,2657,2720,2857,3230,4876,5341,6215,7209
49764	49565,49578,49587,49623,49625,49703,49704,49759,2822,3586
49765	49564,49571,49576,40633,49614,49622,49732,3586,6782,6995
49766	49536,49539,49671,40633,49548,49632,43509,49540,49621,49641
49767	49531,40633,49570,49578,49602,49623,49624,49655,49703,49704
49768	4396,4428,4429,4432,4435,4438,4440,4462,4474,4478
49769	49531,49676,40633,49534,49551,49587,49613,49625,49629,49655
49770	7074,280,287,288,289,290,292,294,298,299
49771	15435,387,680,690,1061,1201,1680,2244,2802,3173
49772	
49773	
49774	1904,41632,44899,18911,23569,24919,29472,42426,45411,1085
49775	211,340,439,638,1100,1113,1181,1232,1404,1831
49776	45370,19,1113,1233,1823,2720,3109,3825,4097,4498
49777	2720,6016,8016,19439,19671,41581,49775,49776,49778,49779
49778	439,1100,10027,25195,27609,211,340,638,937,1099
49779	49780,49807,49802,49782,49810,49834,49785,49803,49821,49822
49780	49802,49810,49779,49834,49781,49784,49783,6995,49844,1520
49781	49782,49784,49791,49804,41581,49785,49807,49780,49803,49779
49782	49809,49791,49779,49781,49784,49783,6995,49844,1520,1809
49783	49782,49804,49807,49809,49822,49780,49791,49795,49810,49821
49784	49793,49791,49804,41581,49781,49782,49803,49807,49780,49785
49785	49797,49802,49803,49812,49795,49779,49781,49784,49783,49844
49786	49798,49815,1904,10251,18113,18365,20067,41581,45467,45692
49787	16621,49848,3014,6038,10240,19150,29608,35732,41573,49790
49788	18113,49792,49841,49852,1895,2413,8423,24935,27253,41581
49789	10720,11246,12333,15800,18385,26136,29883,30860,36130,42458
49790	6573,21168,1137,1232,1871,1950,2565,3037,3891,3931
49791	49804,49782,49794,49784,49781,49803,49812,49822,49783,49844
49792	49788,49840,49786,49789,49798,49799,49811,49841,49849,49852
49793	41581,49803,49784,49783,6995,1520,2720,3438,6016,6802
49794	49795,49802,41581,49791,49821,49822,49783,123,434,659
49795	49794,41581,49810,49822,49785,49821,49834,49781,49783,2720
49796	49790,49806,49825,49826,143,1232,1563,1871,1950,2565
49797	49785,49810,49844,19,925,1520,2409,2514,2720,3438
49798	49786,31337,41581,42449,43155,45598,49788,49792,49840,176
49799	3904,4048,4153,4179,4196,22158,41775,4044,4211,4231
49800	49801,49841,41695,975,1113,1890,2043,3625,3927,15320
49801	49800,49841,1904,49832,49837,49845,439,1113,1220,1689
49802	49780,49785,49794,49812,49779,6995,49844,1520,2514,2720
49803	49793,41581,49785,49791,49779,49784,49781,49834,49821,6995
49804	49791,49784,49821,49781,49783,6995,49844,1520,2514,2720
49805	2720,6016,8016,19439,19671,41581,49775,49776,49777,49778
49806	23569,13112,13834,27334,728,3926,15567,17894,23297,24218
49807	49822,49779,49834,49821,49781,49784,49783,49844,2514,2720
49808	49806,49817,2720,4190,4308,6016,8016,8672,9892,12983
49809	49782,49834,49821,49822,49783,49844,2514,2720,6016,6802
49810	49797,49780,49834,49795,49821,49779,49812,49822,49783,49831
49811	49831,49853,6859,20852,49788,49792,49799,49837,49852,1694
49812	49802,41581,49785,49791,49810,49784,49834,49781,49821,49783
49813	660,3518,3889,4044,4053,4086,4234,10240,11645,15471
49814	49815,49819,49844,49788,49824,49828,49852,1904,2720,6016
49815	10251,49786,49814,1904,18113,18803,45545,49823,49827,49828
49816	439,2027,4086,10240,10456,22151,22163,22518,23305,29462
49817	49825,49806,49808,49818,49826,49848,84,209,1140,1232
49818	49806,49817,2720,4190,4308,6016,8016,8672,9892,13847
49819	49814,49844,49788,49824,49852,2720,6016,6929,8016,19439
49820	2720,3131,4524,6016,6577,6956,6966,7035,7938,8016
49821	49809,49794,49804,49807,49810,49795,49822,49779,49803,49812
49822	49807,49809,49794,49795,49810,49821,49834,49791,49779,49783
49823	49815,49849,2720,6016,7654,8016,13600,14349,16282,18113
49824	49846,41581,43382,49786,49788,49789,49814,49819,49834,16
49825	49817,49826,1232,3891,46099,49790,49796,49806,49841,49848
49826	1950,49825,49844,49848,1232,2557,2565,3891,8154,9181
49827	1897,49786,49806,49815,49829,49844,49848,340,660,1404
49828	49789,49814,49815,49841,1904,1945,2720,2929,2961,2967
49829	49786,49815,49827,49833,49844,274,660,1897,1904,1925
49830	4046,11619,25949,3505,4173,4202,4289,4295,4300,10456
49831	49837,49811,49853,2496,8446,49810,49852,112,439,1100
49832	49801,49837,49841,49845,49853,2496,2720,6016,8016,8446
49833	8435,8446,6859,8400,28712,30811,40638,42726,49829,49841
49834	49809,49810,49780,49807,49779,49795,49822,49803,49812,49783
49835	3004,31122,4113,10390,20569,20596,22091,28563,29540,595
49836	2720,6016,8016,19439,19671,41581,49775,49776,49777,49778
49837	49831,2496,1904,8446,31121,49787,49801,49810,49811,49832
49838	2720,6016,8016,19439,19671,41581,49775,49776,49777,49778
49839	2720,6016,8016,19439,19671,41581,49775,49776,49777,49778
49840	49792,49786,49788,49789,49798,282,1412,1505,1523,2720
49841	49800,2413,13510,31121,49788,49801,49852,49853,168,204
49842	2720,6016,8016,19439,19671,41581,49775,49776,49777,49778
49843	49844,49826,12,74,351,439,975,1078,1083,1094
49844	49843,49814,49819,49826,8154,12107,25085,25421,32313,34775
49845	49800,49801,49832,49841,2720,6016,8016,19439,19671,41581
49846	49824,48755,49834,362,2576,2720,2785,3842,5362,6016
49847	6543,49848,576,1099,1219,1823,2187,2576,2694,2720
49848	1232,3926,8671,44899,10240,13855,22954,25264,43593,49787
49849	49787,49792,49800,49815,49823,49837,975,1113,2043,2496
49850	2720,6016,8016,19439,19671,41581,49775,49776,49777,49778
49851	2720,6016,8016,10164,14719,19439,19671,41581,49775,49776
49852	49788,49841,31121,49792,49799,49810,49811,49814,49819,49831
49853	49811,49831,49841,8446,18911,49788,49792,49799,49830,49832
49854	2720,6016,8016,19439,19671,41581,49775,49776,49777,49778
49855	4295,235,254,542,591,615,625,683,2050,2191
49856	2720,4716,4724,5144,6016,7162,7468,7488,8016,12622
49857	2720,2905,2940,3005,6016,8016,8287,8402,12333,12714
49858	13616,48020,5588,6016,7458,8401,44417,8,36,52
49859	1875,2720,2849,3873,3926,3948,3958,3994,4033,4035
49860	4817,7717,8671,16882,20561,23543,24866,27536,28865,28873
49861	1100,29379,6030,19550,27736,34163,34164,34299,37035,19
49862	49864,49866,49867,49869,49870,49875,49878,49880,49881,49884
49863	49865,20561,49868,49871,49873,49875,49876,49877,49884,1
49864	49871,49872,49878,49862,49866,49867,49870,49880,49881,108
49865	49863,49877,49868,49869,49873,49882,223,8671,9438,18071
49866	27536,48381,49862,49864,49868,49873,49874,49877,49881,26
49867	23696,23697,23698,49870,186,4364,4389,23022,23694,24595
49868	7717,49863,49865,49866,49869,49874,49882,2406,2588,2857
49869	16861,7521,41438,1943,9850,16923,16930,30214,34229,49546
49870	49867,49874,4817,28873,49862,49864,49869,49881,49882,223
49871	8674,49864,49876,35548,49863,49872,49888,591,618,1915
49872	49864,49871,49878,49880,9620,20309,32482,49861,49862,49863
49873	23685,3999,22927,40455,3880,4364,22934,528,3879,10236
49874	49870,7717,28865,32586,49866,49867,49868,1787,4817,7814
49875	49880,49884,33461,41579,49862,49863,339,1114,1137,1180
49876	49871,49878,49863,49884,4725,8672,9620,20309,32482,32496
49877	49865,7521,16880,16882,28864,32586,41438,49863,49866,1754
49878	24866,49864,49876,13661,35580,35593,35596,35671,35722,49862
49879	49861,49862,49863,49864,49865,49866,49867,49868,49869,49870
49880	49875,49884,33461,41579,49862,49864,49872,48,2606,3796
49881	49862,49864,49866,49867,49870,27536,49861,49865,49868,49869
49882	7717,28865,49865,49868,49870,1413,1787,1939,4415,4454
49883	1382,4679,6450,6534,6542,6563,6574,6991,7329,7937
49884	49875,49880,33461,35548,41579,49862,49863,49876,4725,8672
49885	49861,49862,49863,49864,49865,49866,49867,49868,49869,49870
49886	49861,49862,49863,49864,49865,49866,49867,49868,49869,49870
49887	62,525,973,991,1018,1918,2504,2925,5100,5971
49888	23512,13616,13722,34140,1923,23523,27536,8672,17636,20554
49889	49861,49862,49863,49864,49865,49866,49867,49868,49869,49870
49890	49861,49862,49863,49864,49865,49866,49867,49868,49869,49870
49891	49861,49862,49863,49864,49865,49866,49867,49868,49869,49870
49892	33909,33914,33943,33958,34404,44366,49861,49862,49863,49864
49893	32087,32035,32046,32058,32140,32210,32212,33194,30305,32004
49894	30305,32004,32006,32008,32009,32013,32031,32034,32035,32038
49895	32004,32278,30305,32006,32008,32009,32013,32031,32034,32035
49896	49987,5002,439,12347,27536,35687,49546,4992,5925,8284
49897	49927,49987,49899,49902,19017,49931,49937,347,1216,5023
49898	13870,35617,49901,1031,8685,14048,16894,19550,25199,27536
49899	49900,49916,49940,49958,49959,49897,49913,49915,49936,49950
49900	49899,49931,49970,49940,49951,49958,49959,49961,49986,15356
49901	49898,49916,49927,138,5002,5020,5024,5031,5032,8501
49902	49987,49897,49916,49931,49951,49970,1357,44815,49901,49937
49903	49911,49899,49907,49914,49921,49931,49937,49947,10,347
49904	347,1216,4872,5023,8323,13689,18561,19017,19039,19139
49905	42464,49900,49916,49918,49919,49928,49944,49970,347,1216
49906	347,1216,5023,8323,19017,34390,35560,42062,42464,42866
49907	49546,41457,49899,49903,49909,49911,49914,49931,49937,347
49908	49946,347,1216,1854,5023,8002,8136,8323,9149,9153
49909	42051,8501,16862,26872,15356,17022,17740,35585,41452,161
49910	49898,347,591,618,637,941,1135,1196,1216,1357
49911	49903,49914,1,2680,4996,5001,5005,5019,5022,5031
49912	45,347,1216,1845,2919,2997,5023,6157,8323,10681
49913	49952,49955,49899,49915,49936,49963,49964,18587,32508,32578
49914	49911,49898,49899,49903,49907,49931,49937,49943,347,1216
49915	49955,49963,49957,49964,49979,49899,49913,49949,49973,1778
49916	49899,49928,49940,49958,49959,49970,49901,49902,49950,49951
49917	25228,15175,23690,35633,21556,32968,35692,43593,49226,13870
49918	42464,49905,49944,49969,347,1099,1196,1216,1232,1680
49919	42464,49905,49944,347,1216,2563,5023,8323,19009,33955
49920	347,589,960,1088,1139,1148,1216,1601,1617,1657
49921	1129,1078,1083,1220,2646,10052,12649,25054,25195,29453
49922	49952,347,1216,1750,2041,2559,2646,2648,5023,5481
49923	347,528,987,1099,1216,1274,1458,1829,2142,2513
49924	34390,7,347,1111,1216,2762,3879,5023,6958,8323
49925	3575,8862,11377,12578,13801,13811,13886,13891,13896,13959
49926	42047,42050,42054,42060,42071,42072,42073,347,1216,1667
49927	49950,49897,49967,49901,49937,49965,49977,117,135,1944
49928	49916,49970,49931,49951,49940,49958,49959,49961,49986,24642
49929	7247,24916,29080,29081,47094,47099,347,967,1110,1137
49930	27086,180,347,439,638,987,1216,1754,1776,1895
49931	49961,49967,49900,49928,49937,49951,49965,49970,24642,49902
49932	161,210,347,1216,5023,5114,6042,6061,6085,7343
49933	8268,8273,8290,8298,8301,8302,8307,8308,8315,8318
49934	347,1216,5023,8323,19017,34390,35560,42062,42464,42866
49935	101,162,168,347,543,1216,2680,3230,3242,3573
49936	49957,49960,49899,49913,987,2086,9062,16532,19315,23513
49937	49931,49927,18977,18998,49897,49898,49900,49902,49903,49907
49938	49988,22954,22963,27536,40455,186,528,850,973,3879
49939	8347,9150,9162,9170,32,134,347,1031,1216,1392
49940	49965,49899,49916,49900,49928,49951,49970,49988,24642,49901
49941	239,347,442,982,1085,1088,1216,1417,2915,4430
49942	210,35617,35621,39761,43129,43210,49973,49978,1,19
49943	35633,4996,4998,5025,12347,16862,17289,32968,34909,35570
49944	42464,49905,49918,49919,17,95,99,103,115,120
49945	347,1216,5023,8323,19017,34390,35560,42062,42464,42866
49946	22265,3931,7246,10240,34200,1689,4101,4118,11562,12222
49947	25200,29750,35560,43456,47425,49903,49911,10,161,347
49948	35731,4781,8323,9569,10380,17032,18576,21500,24202,24336
49949	49951,49964,49973,49977,49915,49913,49972,49978,347,1045
49950	49927,49899,49916,49900,49901,49928,49951,49970,49988,347
49951	49949,49973,49960,49928,49931,49970,49900,49902,49916,49940
49952	49913,49899,49922,49927,49972,49978,49982,347,1045,1216
49953	347,1216,5023,8323,19017,34390,35560,42062,42464,42866
49954	29504,168,1099,1667,1689,6101,6107,13847,14746,19599
49955	49979,49915,49913,49899,49927,49972,49978,49982,347,1045
49956	1216,5071,10500,25801,336,372,405,455,591,854
49957	49936,49963,49915,49973,49979,49899,49927,347,1216,5023
49958	49899,49916,49900,49928,49951,49970,49988,24642,49901,49902
49959	49899,49916,49900,49928,49951,49970,49988,24642,49901,49902
49960	49936,49951,49963,49973,49977,49979,49913,49915,347,1216
49961	49931,49965,49899,49900,49916,49928,49951,49970,24642,49902
49962	12715,14026,14056,14101,14104,15719,23665,34319,42866,98
49963	49957,49915,49960,49899,49913,49927,49972,49978,49982,347
49964	49949,49977,49979,49915,49913,49899,49927,49972,49978,49982
49965	49940,49961,49931,49987,49927,347,1216,5023,8323,19017
49966	347,1216,3283,5023,6781,8323,8501,9891,12975,15142
49967	49927,49931,49899,49900,49916,49928,49951,49970,347,1216
49968	19017,64,74,81,150,347,1216,5023,8323,14132
49969	13616,6782,2062,34751,40976,95,2410,7018,8509,9107
49970	49928,49900,49916,49931,49951,49902,49940,49958,49959,49961
49971	12442,12649,16881,27086,1031,1129,2662,3786,12444,12445
49972	49915,49949,49951,49952,49955,49963,49964,49973,49977,49978
49973	49951,49949,49977,49957,49960,49915,49942,49972,49978,347
49974	49898,49911,1,347,1216,2324,2659,2680,2704,3250
49975	347,98,586,1216,1356,2204,2375,2554,2798,3843
49976	347,457,542,549,995,1216,1237,1489,1754,1863
49977	49964,49949,49973,49979,49960,49927,49901,49902,49928,49931
49978	49915,49942,49949,49951,49952,49955,49963,49964,49972,49973
49979	49955,49964,49977,49915,49957,49960,49899,49913,49927,49972
49980	347,1216,5023,8323,19017,34390,35560,42062,42464,42866
49981	347,1216,5023,8323,19017,34390,35560,42062,42464,42866
49982	49936,49952,49955,49963,49964,49979,347,487,1216,5023
49983	347,1216,5023,8323,19017,34390,35560,42062,42464,42866
49984	46774,49969,347,1216,1234,1414,1918,2025,2059,2802
49985	34390,15175,35560,35613,35633,35678,43121,35685,23520,35570
49986	49900,49916,49928,49970,24642,49896,49899,49931,49940,49951
49987	49896,49897,49902,49965,12628,49901,49937,49938,49977,2
49988	49938,4364,4389,12650,22927,22954,23508,23569,34174,34909
49989	49896
49990	1083,1280,1287,10265,13073,32476,32477,32485,40999,49716
49991	
49992	15278,1,5,1457,1814,1923,2022,2438,5588,5925
49993	
49994	87,1113,1158,2969,3500,4981,5086,5924,6650,8054
49995	49896,49927,49928,1489,3129,19138,27020,44816,44859,49900
49996	
49997	239,5166,10525,16861,16862,16865,16867,16871,16874,16882
49998	11377,34439,34450,45133,7785,11383,11385,13852,13863,23510
49999	
