12791	
12792	2249,6920,7866,10709,12714,13238,14469,15635,15989,21000
12793	12765,12789,12811,12818,466,1520,1797,2014,2249,4148
12794	12820,48281,48285,48287,48289
12795	2249,6452,11220,12732,12766,12789,12811,466,1520,1797
12796	12777,546,10301,13621,14385,21227,52,347,351,362
12797	7018,7022,2249,7046,12735,12800,37827,6452,6621,6984
12798	12813,12786,4125,27312,1113,2249,20569,28969,28972,28977
12799	
12800	2249,12797,7018,6452,10623,11791,12816,13138,14823,19108
12801	12333,42692,42697,42703,42746,29884,29886,42468,42698,42741
12802	2249,8354,12633,13746,17290,30721,31145,31161,31171
12803	2249,12767,28150,41807,8439,10268,11324,11325,11536,11557
12804	28768,2802,39396,12715,15662,17099,18197,21872,23951,27939
12805	22312,43061,13287,8468,9892,42870,22085,26119,4223,7248
12806	
12807	
12808	6626,7022,23792,23748,6984,6986,7044,12735,40418,6982
12809	638,2249,2535,3796,6802,6935,7211,7457,7479,8370
12810	8427,12822,551,2249,5373,6879,11562,12749,12759,12760
12811	12759,12789,2249,12771,8400,8407,8425,8436,8440,8760
12812	
12813	12798,606,3931,12983,2282,4194,4431,4446,5373,6653
12814	
12815	254,362,541,1404,4717,4819,5071,5234,5776,5931
12816	7029,12797,12800,2249,2535,3306,3376,3399,3896,4516
12817	12768,2147,2189,2195,2205,2241,2260,2262,2319,2129
12818	2129,2147,2193,2240,2254,2283,2212,2213,2248,2278
12819	
12820	12794,48281,48285,48287,48289
12821	15369,20140,20146,20150,20154,20156,20161,20166,20176,48519
12822	2249,8439,12766,42815,551,7025,11562,12749,12783,12810
12823	
12824	2249,12718,12766,12776,12795,28528
12825	6654,1421,1426,9983,14456,15063,28820,37884,918,1356
12826	30952,30969,686,911,916,920,1220,1863,2915,4509
12827	12785,39893,390,527,575,676,689,728,809,1421
12828	615,621,15761,22528,12715,13140,13681,13688,20505,22536
12829	12732,16067,5809,12750,12759,12760,20853,39207,473,858
12830	15297,858,2623,4782,5085,5809,6184,7211,7509,9905
12831	12714,5460,5467,6642,6670,30964,2249,5250,6472,6490
12832	12822,1797,2249,5137,5373,7970,8427,9391,10195,10784
12833	6508,6452,6514,7015,19547,30964,37872,39394,40397,40520
12834	9553,25527,26267,5766,6397,18803,27362,45453,1220,2249
12835	6140,1680,5460,7018,8509,10778,26905,35374,35991,1787
12836	11767,6524,22239,30956,37837,49596,6595,48359,282,1445
12837	7989,6487,6622,12444,12445,12647,12729,27498,33666,41552
12838	12848,12861,6487,12862,33670,41552,3401,5588,9773,11160
12839	6611,6961,26910,1356,3394,6654,7064,14582,6994,8217
12840	12729,12861,33666,3401,6487,6956,9467,11160,12853,12859
12841	12875,12859,7989,12843,12848,12874,33666,41552,3401,6487
12842	3622,6961,7989,12700,12848,16830,19046,33667,40062,40840
12843	12841,12859,12874,12863,7989,12723,12729,12838,12839,12840
12844	19108,6531,24706,33988,37833,1382,1919,2081,2370,3376
12845	12847,12863,12866,12444,12445,12849,16905,27498,2105,3734
12846	31232,12860,26425,27778,28193,30144,42412,42699,43145,43162
12847	12851,12845,12863,12866,2956,8681,8686,11860,12143,12409
12848	12838,12875,12841,12842,12861,41552,98,596,611,622
12849	12866,12845,12847,12851,12854,12862,12864,12444,12445,12838
12850	1595,1647,12839,12853,29,106,490,957,1111,1536
12851	12847,12855,2956,8681,8686,11860,12143,12409,12442,12849
12852	14318,1,20,161,338,350,578,1230,1387,1393
12853	40756,33840,38242,6515,11092,11110,40593,40840,11107,11122
12854	12855,12857,12864,12444,12445,12849,12862,12872,3702,6998
12855	12851,12854,12857,12864,2956,8681,8686,11860,12143,12409
12856	12838,12839,12840,12841,12842,12843,12844,12845,12846,12847
12857	12854,12855,12444,12445,12872,3702,6998,12132,12602,12838
12858	265,5803,5806,5816,5832,5846,5849,5870,9195,9204
12859	12841,12843,12874,7989,12839,12840,12842,12863,12875,288
12860	12846,6622,5376,5460,6140,8773,12780,12831,12835,12838
12861	12838,12840,12723,12839,12842,12848,12863,12875,32184,38219
12862	12838,12839,12853,40415,288,2249,11120,12840,12842,12849
12863	12845,12847,12841,12843,12851,12859,12861,12874,27498,12444
12864	12854,12855,12849,12862,12838,12839,12840,12841,12842,12843
12865	12838,12839,12840,12841,12842,12843,12844,12845,12846,12847
12866	12845,12847,12849,12851,12862,12444,12445,12838,12839,12840
12867	11100,14456,1356,6542,6611,6654,6976,6994,12272,12700
12868	12838,12839,12840,12841,12842,12843,12844,12845,12846,12847
12869	5814,12838,12839,12840,12841,12842,12843,12844,12845,12846
12870	918,2142,3930,5055,5803,5807,5814,5832,5846,5849
12871	12839,30608,29,490,957,1111,1536,1595,1633,1647
12872	12854,12855,12857,3702,6998,12444,12445,12602,12838,12839
12873	12838,12839,12840,12841,12842,12843,12844,12845,12846,12847
12874	12841,12843,12859,12723,12863,7989,12729,12838,12839,12840
12875	12841,12848,6513,8156,33666,41552,45584,3401,6487,6969
12876	12838,12839,12840,12841,12842,12843,12844,12845,12846,12847
12877	5945,7615,14289,41807,43501,1520,2409,4103,5957,5981
12878	11324,11325,11328,12882,12883,12886,12904,12914,12916,12923
12879	6965,20199,20218,20227,20240,20250,20253,20255,20258,20263
12880	1685,19669,19,347,733,1673,1677,1680,1689,1692
12881	3230,4185,12912,12919,12920,17038,28625,29753,29783,33701
12882	12904,11324,11325,12878,12905,12923,1388,1680,4509,4516
12883	12899,11328,11324,11325,12878,12885,12905,12923,522,575
12884	15583,24361,7615,12890,12905,12907,14289,41807,42660,237
12885	4494,6496,1366,22239,23476,6452,6575,10778,23741,45481
12886	12902,12904,11328,12899,11324,11325,12878,12905,12923,1680
12887	1680,2869,4103,5981,6283,9995,10089,10095,11324,11325
12888	1680,2337,2869,3537,3926,3971,4044,4046,4198,4202
12889	3896,12878,1404,1680,2869,11324,11325,11328,12879,12880
12890	5945,12884,1680,2104,2869,11324,11325,11328,12878,12879
12891	12906,12904,11328,1680,7204,10727,11139,11324,11325,12878
12892	12922,12894,22159,350,1680,2869,11324,11325,11328,12878
12893	1680,2869,4875,11324,11325,11328,12878,12879,12880,12881
12894	10500,12901,12927,21159,25863,350,2864,3036,4742,7611
12895	2869,550,14281,21113,22175,30113,377,388,444,622
12896	12922,12894,22159,350,1680,2869,4161,5165,11324,11325
12897	4717,22159,29802,336,338,1680,2040,2827,2869,3360
12898	1680,123,167,468,660,1388,1564,1668,1676,1787
12899	12883,12914,12886,12906,12916,11328,11324,11325,12878,12910
12900	1680,2869,4707,11324,11325,11328,12878,12879,12880,12881
12901	12894,350,1595,1647,1680,2869,2989,3914,3972,6492
12902	12886,12904,12906,12916,11328,1680,10727,11324,11325,12878
12903	186,195,624,638,975,1648,1680,2021,2754,2869
12904	12882,12886,12891,12902,12916,11324,11325,11328,12878,12923
12905	12882,12883,12884,12886,11324,11325,11328,12878,12891,12904
12906	12891,12902,7615,12899,14289,41807,1680,10727,11292,12750
12907	12884,1680,2104,2869,5924,5975,5999,6228,6244,6251
12908	1680,2869,11324,11325,11328,12878,12879,12881,12882,12883
12909	638,2003,4184,8671,12650,12884,12906,21843,48596,101
12910	11324,11325,11328,12878,12882,12883,12886,12891,12899,12902
12911	11324,11325,11328,12878,12882,12883,12886,12891,12899,12902
12912	43501,12881,8501,24165,28625,46969,46972,46977,46980,166
12913	2667,16713,21574,185,555,1131,1559,1680,1810,2123
12914	12916,12899,11328,11324,11325,12878,12923,1680,10727,12905
12915	1680,2869,11324,11325,11328,12878,12879,12880,12881,12882
12916	12914,12902,11328,12899,12904,6479,11324,11325,11772,11774
12917	1680,2014,2601,2869,4145,4716,5809,7654,8186,8514
12918	11324,11325,11328,12878,12882,12883,12886,12891,12899,12902
12919	12920,12881,3230,26936,29753,43162,43284,82,87,134
12920	12919,12881,43284,4185,29753,43162,48568,82,87,134
12921	1680,2869,9949,10383,10517,11324,11325,11328,12878,12879
12922	12892,12896,22159,42256,43266,350,1680,2040,2827,2869
12923	11324,11325,11328,12878,12882,12883,12886,12904,12914,12916
12924	17736,15445,41374,14484,15703,15771,15774,570,979,1680
12925	1680,2869,11324,11325,11328,12878,12879,12880,12881,12882
12926	1680,2869,11324,11325,11328,12878,12879,12880,12881,12882
12927	12894,350,1595,1647,1680,2869,2989,3914,3972,6492
12928	576,544,3882,11572,13257,15729,16176,16455,16459,26311
12929	1031,41415,44849,1688,1856,2684,2692,8860,13847,14746
12930	12938,134,284,455,612,1085,2445,2686,3094,3420
12931	612,3094,4196,8195,12929,12930,12932,12933,12934,12935
12932	12938,12939,612,3094,8195,10240,11003,11014,11540,12929
12933	612,3094,8195,12929,12930,12931,12932,12934,12935,12936
12934	612,2830,3094,3437,8195,8713,12929,12930,12931,12932
12935	161,541,612,1113,1725,2606,2782,3094,3390,3880
12936	10976,12939,20826,28132,30573,19,439,490,541,601
12937	9391,48614,612,2017,2184,3094,3685,8195,8607,8986
12938	26297,8685,8932,17809,23543,1778,2823,5263,5854,5930
12939	12932,12936,612,3094,8195,12929,12931,12933,12934,12935
12940	25912,3926,3931,3948,4035,4036,4160,4187,4231,4234
12941	3127,3481,4264,6220,6260,11547,11619,20956,22119,23958
12942	612,12946,325,522,536,545,559,566,572,573
12943	1180,10390,12401,16433,16440,612,3305,3702,4053,4086
12944	612,3094,8195,12929,12930,12931,12932,12933,12934,12935
12945	16532,34825,572,612,1689,3094,3721,3753,3873,3903
12946	26118,15869,612,4114,14385,522,3549,4102,6840,8583
12947	132,612,1535,2169,2641,3039,3094,6108,8195,9404
12948	612,3094,8195,12929,12930,12931,12932,12933,12934,12935
12949	612,3094,5341,8122,11572,12929,12930,12931,12932,12933
12950	13472,45977,9030,16959,21135,1589,2103,3407,3903,4104
12951	12952,444,6789,12954,12960,14281,16433,21121,23487,204
12952	12960,12951,12954,13472,239,3407,3430,3857,3903,4046
12953	12960,20765,444,6789,14281,21111,21121,23487,550,957
12954	12951,12952,12955,12958,3407,12956,12957,12959,12960,12961
12955	13472,12954,12960,21135,45977,1589,3407,3903,6107,6277
12956	235,467,472,576,2017,2050,2084,2090,2524,2678
12957	25537,48043,23112,23111,25633,8169,15076,22011,23109,23116
12958	21135,45977,9030,12954,16959,20765,444,574,1589,2084
12959	623,2019,3347,4203,4299,4703,6277,6825,8008,9070
12960	12952,12953,12951,12955,134,239,1613,1688,2857,3291
12961	12951,12952,12953,12954,12955,12956,12957,12958,12959,12960
12962	180,1135,1220,2915,2919,3964,4364,6077,6304,6778
12963	1085,1689,25409,33046,1100,1823,2413,3518,3876,3879
12964	242,1230,1343,2507,8685,8809,10236,11834,12973,13616
12965	12963,12964,12966,12967,12969,12970,12971,12972,12973,30485
12966	134,2031,2052,2083,2894,5005,7699,8323,9171,9172
12967	101,168,433,906,973,975,982,1016,1085,1106
12968	12974,12963,12964,12966,12967,12969,12970,12971,12972,12973
12969	12963,12964,12965,12966,12967,12968,12970,12971,12972,12973
12970	23569,48844,49774,1837,1867,2478,2798,2820,2823,2919
12971	25215,25224,9453,24700,25186,27552,29331,40178,40204,40802
12972	19,135,168,442,910,1084,1230,2642,2784,2902
12973	2,1085,2411,4875,12964,14514,168,343,356,366
12974	12968,12963,12964,12966,12967,12969,12970,12971,12972,12973
12975	26236,10377,23860,26248,26249,34904,24433,26238,26242,26247
12976	7640,12992,12998,13005,13043,33469,615,4182,9824,12828
12977	13026,7640,12978,12985,12987,12998,13002,13004,13016,13023
12978	13037,13016,13028,7640,12981,12998,13004,13023,13043,39720
12979	7640,12983,13051,10701,12981,12985,12987,12988,12992,13003
12980	166,134,138,146,155,159,359,368,566,699
12981	12983,13023,12978,13004,13012,12985,12987,13016,13037,12977
12982	1432,4527,5775,12714,13002,13004,13005,13014,13016,13025
12983	13012,12344,13024,39684,12981,13036,16643,16650,7242,7246
12984	812,2034,3958,4048,4187,4270,4295,5775,7266,7640
12985	7640,13004,13023,12977,12978,12981,12987,12998,13012,13016
12986	371,394,728,774,812,3927,4522,5775,7640,10626
12987	13012,13023,13005,13024,13026,12977,12981,12985,12988,13028
12988	12983,12987,7640,12979,12992,12996,13005,13008,13014,13019
12989	812,5775,7640,12976,12977,12978,12979,12980,12981,12982
12990	7640,12992,12998,13005,13016,13043,40235,2249,4431,5250
12991	340,13035,354,2802,3238,4139,6421,7994,10302,20846
12992	13005,4447,32394,4425,32738,32352,32423,32767,32784,4455
12993	304,812,2857,3403,4158,5179,5775,7369,7374,7387
12994	812,2223,2679,3376,3377,4058,5058,5075,5310,5775
12995	12992,13005,7640,12976,12977,12978,12987,12990,12998,12999
12996	12977,12983,12988,13002,13022,13024,13025,13026,13051,812
12997	812,5775,7640,12976,12977,12978,12979,12980,12981,12982
12998	13043,7640,12978,13004,13023,12976,12977,12985,12990,13005
12999	7640,12976,12977,12978,12985,12987,12990,12992,12995,12998
13000	13031,13007,812,5775,7640,12976,12977,12978,12979,12980
13001	12977,12983,13002,13007,13022,13025,13026,13051,812,5775
13002	13025,12977,12983,13026,4455,12978,12982,12996,13001,13003
13003	5775,26232,26235,43341,3237,3248,4871,6143,6151,12977
13004	13023,12978,12981,12985,12998,13012,13016,13043,10377,12977
13005	12992,12987,13016,12976,12978,12990,12995,12998,13014,13026
13006	13022,13031,12977,12979,13016,13024,13042,24345,26236,33760
13007	12978,12981,12992,13000,13001,13004,13005,13016,13023,13025
13008	1422,3422,12983,12987,12988,13019,13026,13296,15154,17200
13009	32620,35920,10627,30992,43982,43988,529,812,1201,2253
13010	812,5775,7640,12976,12977,12978,12979,12980,12981,12982
13011	12248,12262,12265,812,5775,7640,12286,12294,12976,12977
13012	12983,12987,12981,13004,13016,13023,12985,13024,13036,34904
13013	8156,12784,6606,6631,7378,12714,13035,16708,17556,20057
13014	13005,5775,7640,12982,12983,12987,12988,12992,13031,23860
13015	35899,35907,5312,6496,6626,10625,35882,35890,35903,35926
13016	16532,14982,3702,7697,4234,6545,16620,16623,23943,3931
13017	5005,9153,10842,12226,13501,17881,22307,24352,26872,26877
13018	812,5775,7640,12976,12977,12978,12979,12980,12981,12982
13019	12983,12987,12988,13008,745,812,1250,1809,2572,3246
13020	7640,12976,12992,12998,13005,13043,812,4482,4693,5775
13021	13040,43810,43822,564,812,1196,2942,3217,3305,3702
13022	5775,26232,12992,13006,13026,13028,23714,26233,26235,26236
13023	12981,12987,13004,12978,12985,12998,13012,13043,12977,13026
13024	12983,7640,12987,13026,12985,12998,13004,13012,13043,12977
13025	13002,12977,12978,12983,13026,4455,12981,12982,12992,12996
13026	13028,45467,7640,12977,12987,13024,22633,45427,4516,10701
13027	812,1433,5775,5986,6191,7351,7640,9772,10504,11207
13028	12978,13026,13037,7640,12985,12987,12998,13004,13016,13022
13029	656,664,680,705,714,735,744,774,778,807
13030	12977,12983,13002,13007,13022,13025,13026,13051,812,5775
13031	12992,13000,26236,12978,12987,13006,13028,13032,13037,7640
13032	12983,13031,12992,13002,13003,13025,13028,13042,13052,285
13033	812,5775,7640,12976,12977,12978,12979,12980,12981,12982
13034	1680,11261,4498,6496,6935,7930,20869,33299,1387,1787
13035	12991,2802,14264,14880,20500,30334,45981,340,354,575
13036	12983,13016,12992,12987,13012,16623,7204,10709,11101,13023
13037	12978,13028,4516,7640,12977,12981,12985,12987,12998,13004
13038	812,5775,7640,12976,12977,12978,12979,12980,12981,12982
13039	265,696,738,800,812,831,5775,7427,7640,8347
13040	13021,43810,43822,564,812,1196,2942,3217,3305,3702
13041	812,5775,7640,12976,12977,12978,12979,12980,12981,12982
13042	12981,12983,12992,13006,13022,13028,13031,13032,13052,23484
13043	12998,7640,12978,13004,13023,12976,12977,12985,12990,13005
13044	23506,40771,40773,45,238,478,812,1347,1445,1959
13045	12977,1113,3248,12982,13002,13025,24208,29559,559,576
13046	304,812,2857,3403,5775,7369,7374,7387,7640,7938
13047	812,5775,7640,12976,12977,12978,12979,12980,12981,12982
13048	812,5775,7640,12976,12977,12978,12979,12980,12981,12982
13049	812,5775,7640,12976,12977,12978,12979,12980,12981,12982
13050	812,5775,7640,12976,12977,12978,12979,12980,12981,12982
13051	12979,13026,12977,12982,12983,12996,13001,13002,13004,13022
13052	12983,12992,13022,13028,13031,13032,13042,812,1608,5775
13053	812,5775,7640,12976,12977,12978,12979,12980,12981,12982
13054	13056,13058,13060,13061,13063,13068,13057,13059,13064,13066
13055	16384,16397,15806,16387,16398,16399,16378,16386,16391,16393
13056	13054,13058,13060,13061,13063,13068,13057,13059,13064,13066
13057	13071,13058,13060,13068,13054,13056,13059,15806,16384,16397
13058	16397,13057,13068,13054,13056,13059,13064,15806,16378,7592
13059	16397,13068,15806,13058,13061,13062,13070,16384,13054,13056
13060	13063,16384,13070,13054,13056,13057,13064,13068,16378,16391
13061	15806,13070,16391,13068,16378,13054,13056,13059,16398,13066
13062	16397,13064,13070,13059,15806,16378,16391,13065,13066,13067
13063	13060,16384,13064,16399,13070,16378,13054,13056,16386,16391
13064	13063,13062,13058,13060,16384,16397,13054,13056,13059,13066
13065	13062,13071,13054,13056,13057,13058,13059,13060,13061,13063
13066	13054,13056,13058,13059,13060,13061,13062,13063,13064,13067
13067	13054,13056,13058,13059,13060,13061,13062,13063,13064,13066
13068	13059,13058,13061,13054,13056,13057,13060,16378,16384,16397
13069	16328,22617,4223,7678,9386,13054,13056,13058,13059,13060
13070	13061,13060,13062,13063,16378,16391,13059,15806,16398,13054
13071	13057,16386,21704,16393,16394,3937,7592,13065,16067,16396
13072	27383,31358,31445,7475,8370,13158,19444,31454,32496,44452
13073	13075,13115,44387,362,1280,2014,6935,7254,7430,7460
13074	44815,1099,9659,12625,13077,13100,13121,13122,13141,13151
13075	7472,7483,13109,19444,22707,2188,7280,7462,7471,11190
13076	19063,16621,23525,13801,13870,14174,19550,23509,23523,33466
13077	18121,7432,9386,13306,1244,2084,2253,7409,8468,11315
13078	2588,13993,14006,23615,375,503,1067,1073,1382,2014
13079	5353,7897,8104,8185,11259,12983,13107,13152,15967,19187
13080	13111,13114,44847,503,1382,2014,2231,2253,3500,4275
13081	13089,13115,13127,13131,23188,42414,42698,17,83,2188
13082	48026,5456,42727,42751,19117,42692,42725,42726,42766,19113
13083	6318,12576,31358,32496,2176,3795,7924,8292,8324,10299
13084	2253,9130,48942,36,503,1382,1841,2014,2188,2231
13085	2253,13077,13095,13116,13133,13149,16872,32547,33126,33192
13086	2244,20884,30834,347,503,1382,1455,2014,2099,2101
13087	287,3500,6935,7204,11190,13076,13082,13144,26126,34145
13088	6935,11246,24487,44387,47492,2176,2231,6152,6397,7477
13089	13105,2188,13075,13081,13115,13127,123,2156,6318,11190
13090	503,1250,1382,1388,1485,2014,2231,2253,2329,3237
13091	6935,7254,13088,503,1382,2014,2231,2253,2329,2922
13092	168,800,1673,2662,7463,11164,13101,13166,22511,23951
13093	503,1382,2014,2231,2253,3500,4275,6935,7012,7254
13094	223,503,1382,2014,2231,2253,3500,4275,6549,6935
13095	13133,6935,2253,4484,9983,12516,13077,13085,13088,13089
13096	7712,503,1382,2014,2231,2253,3500,4275,6534,6935
13097	6935,13129,1,20,161,503,1382,1393,2014,2231
13098	503,1382,2014,2231,2253,3500,4275,6935,7012,7254
13099	24801,472,503,543,582,626,627,909,1382,1698
13100	13074,13111,13121,13122,13141,503,1382,2014,2231,2253
13101	44082,37047,44065,36874,44063,44132,36765,36784,44074,44078
13102	503,1382,1787,2014,2231,2253,3376,3377,3500,4275
13103	13117,13143,503,1382,2014,2231,2253,3500,4275,6935
13104	13113,13107,1,131,338,454,503,1382,2014,2054
13105	13089,13109,2156,13133,19457,31358,123,1347,6318,6653
13106	11190,503,375,544,572,576,1230,1357,1382,2014
13107	13306,4240,26100,4114,22561,22617,22646,26144,4219,11897
13108	98,4161,5052,5803,7999,10496,13081,13131,13654,14271
13109	13075,7477,11190,13105,41025,7261,11164,12466,13127,13147
13110	1421,5314,5382,33716,33717,39394,503,916,1382,1397
13111	13076,13080,13100,13121,13122,13135,13141,13145,313,503
13112	352,343,20068,12581,24188,336,728,12600,13834,371
13113	13104,13107,13152,21738,116,284,285,464,503,590
13114	13077,13080,13135,13145,13151,503,1382,2014,2231,2253
13115	1432,6653,4527,6611,12196,14454,23755,39473,18013,5250
13116	31756,2253,13077,13085,13095,13133,20799,19,105,325
13117	2176,19113,42692,2231,42715,2255,7254,23359,42693,90
13118	1382,8370,13101,13112,13124,19211,168,258,351,478
13119	9453,49652,452,23755,33772,49630,49637,30887,32804,41069
13120	503,532,1382,1605,2014,2181,2231,2253,3500,4114
13121	13074,13100,13111,13122,13141,503,1382,2014,2231,2253
13122	13074,13100,13111,13121,13141,503,1382,2014,2231,2253
13123	9839,5986,9912,4782,13618,14324,21260,29817,43068,186
13124	36450,35193,44358,2014,11563,13075,13109,13118,17842,20518
13125	503,1382,2014,2231,2253,3500,4275,5803,6935,7012
13126	10301,503,549,727,887,1043,1382,1418,2014,2204
13127	11190,13115,7477,13075,13081,13089,13109,2188,5265,6318
13128	13147,36091,39479,285,467,503,812,964,1083,1157
13129	7051,13097,17200,503,1382,1393,1397,1414,1432,1680
13130	7254,503,522,574,598,1220,1382,1703,2014,2231
13131	23367,23377,23403,23406,12005,14976,23398,23404,23411,23417
13132	6653,14454,23476,4527,5250,6631,7012,7831,10636,13115
13133	13095,13105,19457,2253,4484,9983,12516,13075,13077,13081
13134	14101,8726,14190,23613,34566,35731,8295,13973,13999,14013
13135	13145,13111,13114,23005,503,1382,2014,2231,2253,3500
13136	503,1382,2014,2231,2253,3500,4275,6935,7012,7254
13137	10792,13117,49464,131,503,1382,2014,2188,2231,2253
13138	12729,17218,18499,1382,4509,7018,7051,11142,17748,23885
13139	13077,503,858,1382,2014,2231,2253,3500,4275,4839
13140	14390,30182,10723,12828,24011,606,3831,4839,7989,9863
13141	13074,13100,13111,13121,13122,503,1382,2014,2231,2253
13142	503,1382,2014,2231,2253,3500,4275,6935,7012,7254
13143	11164,11542,13075,13103,13105,13109,17199,26905,34943,41966
13144	6935,11190,13076,13087,13107,503,1382,2014,2231,2253
13145	13135,13111,13114,23005,503,1382,2014,2231,2253,3500
13146	19,168,204,503,1220,1382,1657,1666,1670,1677
13147	13115,15594,6935,13109,18309,31270,90,131,1347,1393
13148	503,1382,2014,2231,2253,3500,4275,6935,7012,7254
13149	18036,2253,13077,13085,13095,13133,13509,13648,20799,23505
13150	503,1382,2014,2231,2253,3500,4275,6935,7012,7254
13151	13074,13077,13114,503,1382,2014,2231,2253,3500,4275
13152	13079,13113,15017,15022,15024,15027,15028,15031,15033,15048
13153	9553,39394,30951,33299,35193,1382,2014,7012,7022,18118
13154	6935,11190,13075,13109,13127,125,503,1250,1382,2014
13155	1404,1670,1687,5588,8715,12581,14130,16619,19032,21243
13156	28736,18803,20060,45467,40857,45427,45571,9553,14467,23883
13157	
13158	8468,26144,43058,4415,13072,18110,22312,36130,4223,9277
13159	1378,1404,1680,2838,7511,14588,16477,18008,23994,23996
13160	17200,5376,12729,16067,23993,1077,10652,17203,17649,18005
13161	5236,9666,11093,11132,19034,23718,27581,35559,38141,49581
13162	6935,13072,1424,1445,2610,4505,4764,5586,6195,6204
13163	454,6000,7476,8726,8932,9798,11399,13793,13800,13807
13164	34641,8677,9816,13970,13998,14232,17451,18575,23360,34304
13165	23993,1397,1680,1969,4509,5307,6934,7036,10622,10623
13166	1404,6978,32231,1520,11860,503,1113,1680,2409,4717
13167	105,239,2059,3227,3295,3450,4114,5232,6143,7866
13168	5314,12352,17203,17315,35374,36385,44761,48,140,237
13169	7751,9714,27542,27640,38082,41616,42229
13170	
13171	7036,788,1387,1426,4522,4527,6851,7022,17649,23993
13172	4223,9892,13069,17352,18121,22319,22617,22641,36130,310
13173	1347,3885,4527,6515,6534,6596,6623,7036,11794,14454
13174	1382,17218,3250,5376,6934,7457,7472,17199,17203,19108
13175	
13176	7473,17059,82,1698,3232,5040,6935,7241,7254,7457
13177	40870,4527,5250,5407,6654,17999,18006,27959,40830,1347
13178	
13179	48805,4185,4415,6165,9386,9567,9577,48807,576,2862
13180	338,8468,9277,10751,11370,12805,13072,13133,13158,13233
13181	
13182	22756,11387,23616,19427,19431,11404,34159,34179,19428,23507
13183	1685,2324,2645,5387,6482,8685,10264,11609,12445,27653
13184	13072,13074,13077,13114,13151,31300
13185	6304,23726,27736,41415,0,12,19,41,55,204
13186	1545,3885,4450,7758,8685,8701,9453,9662,11747,11756
13187	11169,15574,15585,29480,15498,15551,15570,38746,45743,45749
13188	15496,33269,3307,5314,14691,15510,15523,18112,45744,45745
13189	13190,13191,13195,13198,2946,4350,6697,6755,6759,6831
13190	13189,13195,13197,13198,1505,4408,4425,4433,4447,6958
13191	13199,13189,13196,13198,9878,13188,13192,13193,13197,13200
13192	13199,13194,12881,13188,13190,13191,13193,13195,13196,13198
13193	13201,15498,15551,15570,15574,15585,38746,45743,45749,31
13194	13197,29480,13192,13196,19,154,390,556,2030,3500
13195	13190,13189,13198,13199,9878,13188,13192,13193,13196,13197
13196	13191,13194,13199,168,1031,1609,1689,2644,2646,2701
13197	13194,13190,29480,1146,3770,8671,13188,13191,13193,13195
13198	13189,13190,13191,13195,13199,1502,1529,5971,8008,8055
13199	13191,13192,13195,13196,13198,87,186,528,575,638
13200	15496,3307,15521,18112,45744,45745,45746,45747,45748,45750
13201	13193,11169,15496,15498,15521,15551,15570,38746,45743,45749
13202	18139,16452,338,4231,8468,11843,16441,4246,11668,13107
13203	26841,42259,43422,131,386,394,676,807,1135,1389
13204	6214,13209,13217,13221,13222,13224,13225,13241,13247,13248
13205	8501,26877,138,9170,26883,29719,43369,95,168,4935
13206	3903,4035,4202,34825,4207,3926,4074,4160,4302,11571
13207	111,2591,3895,7284,13225,13835,13854,14005,14015,14049
13208	13234,13212,13213,13214,13219,13220,13221,13231,13232,13238
13209	13204,13217,13221,13222,13224,13225,13238,13241,13247,13248
13210	11867,13222,13223,13233,13236,13243,13267,13270,338,2017
13211	4276,5355,7024,7167,10748,21948,22025,47746,48615,473
13212	3134,3142,3153,3204,6214,13208,13213,13214,13217,13219
13213	13208,13212,13214,13217,13219,13220,13221,13231,13232,13234
13214	13208,13212,13213,13217,13219,13221,13231,13232,13234,13238
13215	13306,6180,8468,12032,16133,16136,16140,22646,26100,43061
13216	13239,82,106,338,2412,3706,4059,4180,4208,5901
13217	13221,13219,13222,13224,13248,13253,13255,13256,13271,13204
13218	7704,13263,13270,14544,25829,43249,250,522,572,597
13219	13248,13217,13208,13212,13213,13214,13220,13231,13232,13238
13220	38353,7254,9386,13208,13212,13213,13217,13219,13221,13231
13221	13217,13222,13224,13234,13253,13254,13255,13256,13271,43237
13222	13217,13221,13223,13243,13253,13255,13271,338,12805,13204
13223	8468,338,6195,13306,18109,18121,22617,22646,26449,6204
13224	13107,10751,13217,13221,13253,13255,13265,13271,13306,18136
13225	48026,7254,19113,42720,42724,42727,42766,13082,13204,13207
13226	13270,13252,13250,13268,4180,13215,13229,13247,13254,13258
13227	13270,93,2533,2825,2827,3328,4065,4180,5071,5080
13228	4737,9490,13224,13261,21077,21078,28957,48026,146,161
13229	13205,13226,3450,4113,5138,6214,7651,7663,9187,9628
13230	9386,4059,6214,13206,13263,19978,20062,21578,23496,26101
13231	13245,4104,4180,13208,13212,13213,13214,13217,13219,13220
13232	13208,13212,13213,13214,13217,13219,13220,13221,13231,13234
13233	2864,4841,5722,8468,9553,9986,10523,10723,10751,13236
13234	13208,13221,13212,13213,13214,13220,13231,13232,13238,13240
13235	43695,4053,28211,43707,366,576,624,677,2028,2059
13236	49424,10751,12805,13233,26741,38645,338,8468,13180,13210
13237	48871,13212,44943,48849,48855,48872,48892,48921,48924,3134
13238	22553,351,2181,5766,6397,9095,10328,10370,10462,10709
13239	13216,93,338,439,442,606,615,622,975,1001
13240	13208,13212,13213,13214,13217,13219,13220,13221,13231,13232
13241	3931,4841,13267,28760,762,2027,3463,4197,4234,4246
13242	6214,13208,13212,13213,13214,13217,13219,13220,13221,13231
13243	16452,22561,22852,4174,8468,12805,13107,13222,13223,22833
13244	13265,612,16426,16445,588,16436,16455,16459,11669,16451
13245	13231,3140,3149,4180,11858,13208,13212,13213,13214,13217
13246	13621,21205,23173,40344,2554,8154,9804,11207,11660,12331
13247	13204,13208,13209,13221,13222,13224,13225,13226,13234,13241
13248	13219,13217,13256,13258,13260,13204,13208,13209,13212,13213
13249	4180,6214,10751,13203,13204,13205,13206,13207,13208,13209
13250	13226,13252,13268,13270,13219,13254,13269,367,956,1359
13251	4180,6214,10751,13203,13204,13205,13206,13207,13208,13209
13252	13226,13250,13268,13270,13234,13254,13258,13260,13269,44318
13253	13217,13221,13222,13224,13255,13271,13204,13209,13225,13241
13254	13221,13268,13204,13209,13217,13222,13224,13225,13226,13241
13255	18130,13217,13221,13222,13224,13253,13271,13204,13209,13225
13256	13217,13221,13248,13204,13208,13209,13212,13213,13214,13219
13257	19786,11669,11672,26072,11897,13264,26320,28562,38252,43004
13258	13248,13219,13226,13252,13268,13269,13270,367,956,1359
13259	4180,6214,10751,13203,13204,13205,13206,13207,13208,13209
13260	13248,7970,13219,13226,13252,13268,13269,13270,956,1617
13261	6214,11315,13257,22841,22852,161,4174,8511,13205,13223
13262	4180,6214,10751,13203,13204,13205,13206,13207,13208,13209
13263	4204,22147,34825,3903,4074,11571,3926,19077,4160,4202
13264	13306,16452,16456,22303,13257,13276,15464,18136,22312,26143
13265	13244,588,16433,4240,16440,16460,16430,16441,16445,13306
13266	4180,6214,10751,13203,13204,13205,13206,13207,13208,13209
13267	4234,4254,3931,9940,9944,13263,13430,3926,3948,4035
13268	13226,13250,13252,13254,13204,13209,13217,13219,13222,13224
13269	6214,13219,13226,13248,13250,13252,13258,13260,13268,13270
13270	13226,12805,13233,13250,13252,16452,4223,4240,6174,6214
13271	13217,13221,13222,13224,13253,13255,13204,13209,13225,13241
13272	4180,6214,10751,13203,13204,13205,13206,13207,13208,13209
13273	20688,20651,20653,15464,20657,26100,26119,4223,8468,20655
13274	13289,13292,13295,13302,13322,20658,20661,13291,13293,20654
13275	4240,8531,13277,22241,4102,4415,13107,13305,13316,13317
13276	13306,13287,13309,22305,22646,36130,13277,13312,15464,22303
13277	8468,18136,6180,22617,22646,22312,36130,4194,7425,13275
13278	25300,49577,5249,10616,25276,49581,32822,1366,5236,5243
13279	222,232,284,292,6180,9533,10502,12884,13282,13284
13280	13632,11863,13681,18357,18359,18463,5933,9467,9774,9839
13281	13289,13292,13295,13322,20658,20661,13291,13293,13302,13331
13282	20656,20662,20665,13294,20652,20671,6180,13304,13305,13306
13283	13302,13296,13304,13331,7194,13314,13315,13332,6180,13276
13284	20845,48662,6423,16009,6427,25836,1137,4302,6417,13317
13285	0,232,1001,1113,6180,13279,13282,13290,13301,13307
13286	20661,13322,20654,13302,20658,20664,20665,20672,13291,13294
13287	13306,43061,12805,26100,8531,13276,13312,13317,22670,4114
13288	13306,15464,6180,8468,13277,22603,22617,36130,1416,2106
13289	13274,13281,20654,20673,20682,9961,13302,20658,20664,20665
13290	5052,13277,13311,21863,21878,26121,576,4114,4285,4707
13291	13292,13274,13281,13286,13289,13299,20661,13293,13294,13295
13292	13274,13281,13293,20658,13322,20673,13291,13303,20672,13296
13293	13292,20653,13299,13303,20651,20655,20657,20684,13274,13281
13294	13282,13286,13289,13299,13274,13281,13291,13295,13298,13307
13295	13299,20654,20657,13274,13281,13322,20651,20661,13303,20665
13296	13303,13283,13293,13286,13292,13295,13299,13322,13331,20651
13297	13327,13287,13311,26144,3347,7011,13119,621,1367,1390
13298	13310,13315,45022,13294,13301,13795,18163,19365,23202,27736
13299	13295,20661,13293,20654,20658,20664,20672,20688,13291,13294
13300	229,6180,6955,6992,7000,7027,7252,8947,8954,8956
13301	13333,13298,13318,13330,20688,6180,13279,13282,13283,13285
13302	13274,13283,13286,13289,13281,13291,13292,13299,13315,13332
13303	13322,13293,13296,20685,13286,13292,13295,13299,20651,13274
13304	13283,13282,13292,13274,13281,13286,13289,13295,13299,13315
13305	18136,22617,8468,22312,13277,13312,13320,18120,4415,13275
13306	26100,4114,13107,13287,18136,42870,13276,4219,7248,9892
13307	13333,13318,13294,13330,20688,6180,13279,13282,13285,13290
13308	13305,13306,22670,4415,8468,13277,13312,18120,18136,6143
13309	4240,43061,5682,13276,22299,22617,22646,6180,13277,13773
13310	13298,6180,13282,13294,13274,13276,13278,13279,13280,13281
13311	13287,13306,13297,13107,13276,13290,13317,13327,15458,26144
13312	13287,13306,8531,13276,13305,22319,13277,22646,22670,26119
13313	16624,18039,18040,242,909,1137,2036,2849,2995,3004
13314	13315,13318,13283,6180,13274,13276,13278,13280,13281,13282
13315	13314,13298,13274,13281,13283,13286,13287,13302,13305,13306
13316	8531,13275,13317,22289,22305,3347,7446,8468,15462,22241
13317	8531,22283,22298,22294,4240,22257,22295,13287,22320,3010
13318	13314,13307,6180,13282,13301,13274,13276,13278,13279,13280
13319	13275,13305,13306,13316,576,6180,7252,7425,8468,8531
13320	13305,13306,4415,8468,18120,18136,22670,13277,13287,13312
13321	79,232,3943,4232,4839,6180,6186,7252,9397,10469
13322	13286,13292,13303,13274,13281,13295,20657,13293,20651,20661
13323	26638,26617,15999,26745,26644,23224,26641,26645,26649,26747
13324	13283,13292,13301,13314,13330,6180,7252,13215,13274,13275
13325	6180,7252,13215,13274,13275,13276,13277,13278,13279,13280
13326	8003,8004,21864,21900,21902,5052,6038,6284,6306,11696
13327	13297,13287,7011,13119,13311,26144,1367,1390,3347,4398
13328	6180,7252,13215,13274,13275,13276,13277,13278,13279,13280
13329	6180,13279,13282,13285,13290,13301,13307,13310,13316,13318
13330	13301,13307,13333,13283,13292,13310,13318,13324,788,1084
13331	13281,13283,13299,20651,20688,13289,13292,13293,13295,13296
13332	13274,13283,13286,13289,13302,13303,13322,7194,9961,13281
13333	13307,13301,20688,13330,6180,13279,13282,13285,13290,13294
13334	5264,6016,6502,7789,8330,8338,13152,13335,13336,13337
13335	285,1371,1377,1405,1419,1667,2601,4033,4813,5264
13336	5090,13337,13339,13347,28089,33805,5068,7458,13343,13473
13337	13336,13347,1520,1534,6556,8685,13340,13343,17767,20260
13338	576,4114,6143,556,2680,6204,9386,12561,12584,13755
13339	13336,13347,20260,6934,13343,13355,13361,13387,13390,13391
13340	13350,13394,13337,1563,3429,3431,5264,6016,6502,7789
13341	5264,6016,6502,7789,8330,8338,13152,13334,13335,13336
13342	195,208,291,293,351,638,973,1087,1120,1255
13343	13336,13337,13339,13347,13350,106,2917,5264,6016,6502
13344	7661,16163,0,36,284,311,575,1347,1371,1390
13345	6502,8330,13361,13362,13393,1409,4741,5264,6016,6690
13346	2864,5264,6016,6465,6502,7789,8330,8338,10352,13152
13347	13336,13337,13339,13343,20260,25157,106,1045,1563,2917
13348	5264,6016,6502,7789,8330,8338,12618,13152,13334,13335
13349	2324,7269,7299,16663,45927,2674,3901,6109,15045,15122
13350	13340,13343,13378,13395,106,1534,1550,2917,3429,3431
13351	7789,74,1114,1417,1458,2574,2914,3885,4494,5262
13352	2118,2153,3273,5264,6016,6027,6502,7789,8287,8330
13353	5264,5266,7789,9645,11146,4875,5269,5303,5406,6016
13354	5264,6016,6502,7003,7789,8330,8338,13152,13334,13335
13355	13339,13361,13387,13390,13391,13393,17790,40080,1388,1431
13356	13359,569,3903,3992,4021,4163,4184,4300,4301,5264
13357	6653,7915,8773,13147,13366,13388,17556,20927,23476,23484
13358	5264,6016,6502,7789,8330,8338,13152,13334,13335,13336
13359	11315,13356,15061,33955,566,569,3903,3992,4021,4163
13360	1347,1352,1354,1355,1359,1364,1371,1373,1375,1380
13361	13391,1431,13393,45373,3401,4741,6016,6487,6502,6508
13362	6502,8330,13345,13361,13393,14487,93,368,727,750
13363	5264,6016,6502,7789,8330,8338,13152,13334,13335,13336
13364	131,1607,2181,5264,6016,6502,7789,8287,8330,8338
13365	18013,1382,1387,1431,1432,4509,7022,7051,8122,17200
13366	6653,6549,6654,12463,13357,13388,16067,17556,23476,23484
13367	8330,14821,5264,5365,5406,11779,13384,17748,19487,21338
13368	5148,15531,2684,5201,7803,19935,34406,109,1220,1689
13369	5264,6016,6502,7789,8330,8338,13152,13334,13335,13336
13370	1354,5264,6016,6502,6966,6980,7024,7789,8330,8338
13371	5264,6016,6502,7789,8330,8338,13152,13334,13335,13336
13372	14800,14818,14821,14831,14838,1077,14804,14815,14841,14805
13373	23377,23389,23406,23411,23378,23379,23403,23404,23423,12005
13374	4741,5264,6016,6502,6574,6587,6659,6985,6991,7022
13375	28779,28840,24735,28796,28809,28812,28815,28781,28782,28795
13376	6653,19529,23791,40859,17582,24396,5264,6574,6631,10628
13377	5314,10783,13365,14865,24706,37876,41276,1445,2191,3238
13378	5087,33850,4193,13426,3918,4048,4197,4246,5033,5041
13379	5264,6016,6502,7789,8330,8338,9490,10715,11167,13072
13380	24361,15583,26461,237,299,1887,11198,12884,14764,19473
13381	5264,6016,6502,7789,8330,8338,13152,13334,13335,13336
13382	5264,6016,6502,7789,8330,8338,13152,13334,13335,13336
13383	5264,6016,6502,7789,8330,8338,13152,13334,13335,13336
13384	1382,5264,13367,1400,1448,1485,3099,5275,5307,5339
13385	5264,6016,6502,7789,8330,8338,13152,13334,13335,13336
13386	5264,6016,6502,7789,8330,8338,13152,13334,13335,13336
13387	1388,1797,5402,13339,13355,13361,13390,13391,13393,17556
13388	4527,6653,13357,13366,14454,17556,23993,131,223,311
13389	5264,6016,6502,7789,8330,8338,13152,13334,13335,13336
13390	13339,13355,13361,13387,13391,13393,1388,4509,5264,6016
13391	13361,13339,13355,13387,13390,13393,1388,1421,1445,2179
13392	1421,4527,5264,6016,6502,7789,8133,8207,8220,8330
13393	13361,6502,8330,13339,13345,13355,13362,13387,13390,13391
13394	1563,13340,13378,13395,24875,95,338,987,1550,2086
13395	13350,13378,13394,4210,5087,5264,6016,6502,6802,7789
13396	5264,6016,6502,7789,8330,8338,13152,13334,13335,13336
13397	5264,6016,6502,7789,8330,8338,13152,13334,13335,13336
13398	5264,6016,6502,7789,8330,8338,9995,10013,10029,10042
13399	3096,3088,3089,3056,3064,3074,3081,3094,3099,3048
13400	21273,4782,10468,3937,12328,14318,14391,4717,12715,39012
13401	7608,8154,10801,10814,13400,30112,336,1404,1433,2327
13402	3040,3074,3097,3064,3053,3042,3056,3077,3081,3089
13403	4841,14264,20793,535,564,1405,2328,2789,3053,3097
13404	28381,30818,30851,198,343,4101,4839,6140,9376,10413
13405	354,7019,10792,18436,22078,30787,42866,351,537,1186
13406	3040,3048,3066,3072,3054,3075,3092,3103,3044,3060
13407	3053,13409,3088,3089,3096,3097,13402,13414,44437,1250
13408	3097,3056,3064,3074,3081,3099,3062,3066,3040,3048
13409	3053,3040,3048,3062,3072,3075,3060,3080,3103,3041
13410	615,622,6328,7612,10801,13418,14309,14318,15297,23188
13411	14264,21935,569,3831,4782,7651,8154,9920,10526,13400
13412	17755,5382,6565,7789,9983,26905,33717,36019,1376,1387
13413	2092,2328,3053,3094,3097,3560,5995,9099,10521,11369
13414	13077,13406,13407,13408,13423,15800,31857,1617,2328,3053
13415	2637,2659,2678,2670,2666,2667,2691,29432,2647,2687
13416	2328,2843,3053,3097,13077,13400,13401,13402,13403,13404
13417	2328,3053,3097,3273,3943,7639,12549,13077,13400,13401
13418	7608,10533,10801,13400,14379,5986,8154,10381,10453,10532
13419	13529,957,1676,1813,2060,2068,2112,2258,2328,2617
13420	4736,7651,10469,14264,351,2101,2554,7608,8508,8711
13421	6,95,176,575,1855,2328,2610,2617,2773,2831
13422	3053,13409,3088,3089,3096,3097,13402,2328,2694,2827
13423	3053,13077,13409,3088,3089,3096,3097,13402,13414,21215
13424	2328,3053,3097,13077,13400,13401,13402,13403,13404,13405
13425	2328,3053,3097,13077,13400,13401,13402,13403,13404,13405
13426	13546,15843,576,13551,13553,4738,13524,13531,16816,621
13427	10461,13430,14332,16539,22282,39131,40423,98,541,637
13428	10461,13463,13487,13490,13504,909,1704,6062,7021,11323
13429	13500,13480,12894,13430,13442,13446,13457,13462,13466,13474
13430	4247,16532,4202,4254,7240,9940,16643,22265,34825,621
13431	13454,486,6062,7021,10461,11323,13246,13427,13428,13429
13432	6062,7021,10461,11323,13246,13427,13428,13429,13430,13431
13433	13514,13463,13497,13437,13509,3950,4163,13435,13443,13470
13434	239,2680,6062,7021,7211,7279,8593,10461,11323,13246
13435	13433,13438,13439,13443,13444,13447,13450,13455,13458,13470
13436	13499,14529,14544,43249,47209,548,554,597,1228,2869
13437	13497,13509,13433,13438,13463,13484,13440,13447,13454,13470
13438	13470,13497,13437,13442,13509,13435,13439,13440,13443,13447
13439	13435,13438,13443,13444,13450,13455,13458,13470,13479,13489
13440	13509,13444,13514,13442,13454,13461,13503,13551,31756,6062
13441	13450,482,3043,4604,5961,6062,7021,10461,11323,13215
13442	13484,13461,13470,13515,13438,13440,13447,13519,13553,9921
13443	13497,13509,597,13470,13474,13498,13514,325,522,554
13444	13514,13440,13503,13509,13551,13498,13435,13439,13442,13443
13445	13444,13454,13484,13498,13503,13514,13551,5902,6062,7021
13446	13429,13430,13457,13480,13481,13492,13500,13508,621,3237
13447	13442,13470,13474,13497,13435,13437,13438,13476,13479,13484
13448	6062,7021,10461,11323,13246,13427,13428,13429,13430,13431
13449	15889,4046,10323,12222,12401,20596,22842,22880,24426,29880
13450	13435,13438,13439,13441,13443,13444,13455,13458,13470,13479
13451	160,4302,13477,15061,28320,28356,28360,30809,44462,17
13452	13454,13480,6062,7021,10461,11323,13246,13427,13428,13429
13453	235,48600,3733,7970,13462,14272,16007,21666,21815,22495
13454	13484,13440,13497,13503,13514,13431,13437,13442,13445,13452
13455	13435,13438,13439,13443,13444,13450,13458,13470,13479,13489
13456	11743,30964,918,6543,6577,6579,6599,11748,16383,16485
13457	13429,13430,13446,13480,13481,13492,13500,13508,621,3237
13458	13435,13438,13439,13443,13444,13450,13455,13470,13479,13489
13459	6062,7021,10461,11323,13246,13427,13428,13429,13430,13431
13460	522,573,619,621,4160,4202,13206,13430,13443,13506
13461	13442,13440,13474,13509,13514,13444,13454,13470,13484,13498
13462	4738,7599,13485,23623,25912,36383,42832,44483,49644,566
13463	13433,13437,13497,13509,13514,5803,10461,13428,13443,13487
13464	13438,6062,7021,10461,11323,13246,13427,13428,13429,13430
13465	13481,10461,38912,541,1918,4965,5226,5824,6062,7021
13466	7863,13470,13484,13497,8399,8685,10596,13076,13429,13442
13467	10461,13462,13468,13473,13477,13487,13489,13499,42774,45977
13468	10461,13462,13467,13473,13477,13487,13489,13499,6062,7021
13469	13454,6062,7021,10461,11323,13246,13427,13428,13429,13430
13470	13438,13442,13474,13522,10596,13443,13447,13466,13498,13519
13471	11401,13182,13478,23695,34159,34189,34207,34220,543,626
13472	550,12950,12955,12952,21111,21127,30114,35325,45870,45935
13473	13499,21958,12403,20844,22158,3971,4011,4166,4182,25822
13474	13470,13484,13443,13447,13461,13498,13515,13519,13553,10596
13475	579,613,5234,553,595,605,616,628,3937,4738
13476	13447,13479,13489,13493,13496,6062,7021,10461,11323,13246
13477	13487,13544,160,269,6021,9859,10461,13451,13462,13467
13478	12519,7506,11395,11404,19431,6804,11387,19428,34176,34326
13479	13489,13435,13438,13439,13443,13444,13447,13450,13455,13458
13480	7175,13429,13495,3918,4048,4104,4193,4738,6062,6094
13481	13501,4841,43196,13465,43604,161,551,606,4835,5143
13482	6062,7021,10461,11323,13246,13427,13428,13429,13430,13431
13483	3882,4231,8492,15843,16643,16650,19077,21417,21434,21444
13484	13442,13454,13474,10596,13437,13466,13519,13553,13076,13443
13485	4875,13462,16662,3831,4049,5960,6674,9453,11562,12054
13486	48662,4206,3882,4035,4279,4295,22247,22277,27866,28132
13487	13544,13495,13477,13510,5995,10461,12715,13520,2092,5988
13488	15889,4046,7657,10323,12222,12401,20596,22883,24426,28026
13489	13479,10461,13435,13438,13439,13443,13444,13447,13450,13455
13490	13428,415,417,418,419,420,421,423,425,427
13491	1703,3237,7458,13429,13430,18425,26903,105,114,162
13492	621,13429,13430,13446,13457,13480,13481,13500,13508,522
13493	13447,13476,13479,13489,13496,6062,7021,10461,11323,13246
13494	347,542,2092,2820,5066,5807,5954,5960,5988,6062
13495	13510,13487,1670,1864,24334,43293,168,1657,2667,2698
13496	13447,13476,13479,13489,13493,6062,7021,10461,11323,13246
13497	13430,13437,13438,168,13433,13443,13495,13510,1670,2698
13498	13514,13443,13444,13470,13474,13497,13509,601,2269,2547
13499	13513,13473,3931,4279,6306,13510,14408,16240,28132,3238
13500	13429,13430,621,13446,13457,13480,13481,13492,13497,13508
13501	13481,15130,26877,29719,4841,8501,10461,11863,12226,12313
13502	13429,13442,13474,219,5856,6062,7021,10461,11323,13246
13503	13444,13514,13440,13454,13497,13509,13551,13437,13442,13445
13504	13428,422,909,1704,6062,7021,10461,11323,13246,13427
13505	13440,13443,13509,6062,7021,10461,11323,13246,13427,13428
13506	3798,13556,23309,522,536,559,590,601,612,619
13507	6062,7021,10461,11323,13246,13427,13428,13429,13430,13431
13508	134,3237,6121,13429,13430,13446,13457,13478,13480,13481
13509	13440,13437,13551,13443,13444,13433,13438,13461,13463,13498
13510	13520,13495,4234,4197,7697,14982,18153,18463,22542,35494
13511	6062,7021,10461,11323,13246,13427,13428,13429,13430,13431
13512	552,576,7425,10461,15552,18053,343,522,523,524
13513	13499,3931,3903,4234,4254,4321,10725,13263,13267,13473
13514	13433,13444,13498,13440,13503,13522,13443,13454,13461,13463
13515	13442,13474,13497,13514,4102,4240,5730,8531,13317,13440
13516	545,13430,13443,13506,325,522,536,559,572,573
13517	6062,7021,10461,11323,13246,13427,13428,13429,13430,13431
13518	6062,7021,10461,11323,13246,13427,13428,13429,13430,13431
13519	13442,13470,13474,13484,13514,10596,13440,13444,13461,13466
13520	13510,18153,2687,4234,6545,7242,13487,13495,14982,15567
13521	6062,7021,10461,11323,13246,13427,13428,13429,13430,13431
13522	13470,13514,13426,10596,13438,13440,13442,13444,13474,13519
13523	4118,21676,4206,8685,10939,12329,14265,27478,31763,31765
13524	13426,10596,13076,13442,13466,13470,13484,13497,13515,14503
13525	3237,7458,10493,10778,11884,12759,18418,20648,24890,26903
13526	6296,12975,13009,15497
13527	2986,13477,21940,222,444,550,2999,3499,3703,4166
13528	13426,13553,16624,20793,23445,25847,223,2090,3126,3770
13529	13419,16961,140,957,1036,1676,1741,1772,1813,2060
13530	14777,39442,46015,39464,46026,39470,46019,39467,39450,39462
13531	13426,13437,13497,13509,13514,219,5856,8528,9105,13429
13532	16675,16677,3805,11060,16676,16678,48608,232,472,624
13533	21614,7191,8617,13426,15983,23911,28779,45819,321,503
13534	4738,9805,39012,542,575,2812,2841,4032,5776,9832
13535	4299,8859,10293,10461,11262,11268,11269,11270,11272,12768
13536	4590,13426,15895,20563,21855,22830,30678,38918,42888,555
13537	566,3322,3327,3328,3347,3353,3365,3366,3368,3372
13538	4745,4808,10496,10500,10714,10838,11310,20010,27703,28361
13539	3407,5429,5933,6964,7551,9872,9889,9903,9913,10504
13540	4048,532,568,666,698,2850,2998,3500,3857,3992
13541	957,1676,1813,2060,2068,2258,2657,2855,3008,3120
13542	25615,548,602,1137,3407,7181,13543,21135,25633,25647
13543	13542,21135,46892,411,444,522,555,560,587,621
13544	13487,18436,5954,5960,8154,12715,13495,23173,30824,5995
13545	522,560,572,576,587,621,2103,3544,7166,7173
13546	13426,13454,13433,13452,13480,13514,13528,13553,23445,27913
13547	10652,1387,8122,8215,8217,17199,556,2914,6675,7211
13548	25615,25647,550,602,6227,7216,7677,8528,10903,13472
13549	468,628,660,1564,1676,2971,3305,4092,4118,4138
13550	10596,13426,13470,13484,503,681,1694,1854,2687,7425
13551	13426,13509,13444,13440,13503,13553,13442,13445,13454,13474
13552	13497,13514,13426,13438,13440,13444,13503,13509,13522,4846
13553	13426,13442,13474,13484,13509,13551,13440,13444,13528,23445
13554	13426,13484,13514,5902,13444,13454,13464,13470,13497,13498
13555	13426
13556	13506,552,7425,15552,18053,343,522,523,524,526
13557	352,20078,24209,265,339,343,367,12581,13112,24218
13558	24693,35071,13478,24648,24701,7816,8671,9572,10052,22946
13559	23690,35605,35613,35630,35633,35678,43593,8674,9194,13870
13560	64,363,13558,13559,13561,13562,13563,13564,13565,13566
13561	13584,64,222,223,232,363,444,5461,13558,13559
13562	48328,48351,48364,48376,48361,48353,48408,48356,48363,48370
13563	2027,2295,4752,8004,16424,20959,32858,32869,32874,32876
13564	64,363,7970,9436,9439,9445,9446,9447,13558,13559
13565	64,363,367,381,770,800,821,1346,1977,4813
13566	64,363,2934,2968,2988,4166,5102,9975,13558,13559
13567	64,351,363,1382,2437,4509,5799,6143,6995,7242
13568	343,656,2699,4774,4782,4792,6573,13570,13578,13583
13569	2324,4053,8492,11577,13847,19032,22846,27249,27286,29462
13570	680,13568,13587,13599,13613,14514,64,265,320,336
13571	64,363,13558,13559,13560,13561,13562,13563,13564,13565
13572	24211,352,728,770,1680,4169,4789,4839,6804,9289
13573	339,363,24188,24249,93,359,382,663,14514,20078
13574	64,13573,13595,13601,81,84,336,339,343,359
13575	24253,24260,25490,64,363,371,396,664,677,1393
13576	13573,13584,16861,16881,16883,43608,239,339,352,663
13577	4774,13834,680,12594,13112,13606,24203,36559,93,246
13578	13584,352,13568,13583,13594,13601,13602,0,64,337
13579	13569,13584,13595,13599,13602,36559,64,265,278,343
13580	343,4053,12597,13573,13583,13586,13593,17995,20488,24212
13581	64,363,13558,13559,13560,13561,13562,13563,13564,13565
13582	64,363,13558,13559,13560,13561,13562,13563,13564,13565
13583	343,368,13568,13578,13580,13584,13601,13602,64,352
13584	352,4787,13576,13578,20078,336,382,728,4782,7438
13585	13573,343,368,4784,13601,27728,34265,64,81,232
13586	363,695,4169,24188,24201,24203,336,380,385,387
13587	363,13570,13573,13577,16340,20078,23967,40848,64,242
13588	7316,18176,21111,38991,64,343,363,368,381,7314
13589	64,363,13558,13559,13560,13561,13562,13563,13564,13565
13590	64,363,1155,5799,5854,7938,12550,12562,12730,13558
13591	64,363,2085,2942,3337,3503,3702,3721,3910,3920
13592	64,363,561,973,1134,1392,1495,1680,1782,2343
13593	64,13573,13580,265,278,339,359,363,368,370
13594	13573,13576,13578,13584,21513,45251,64,339,352,359
13595	64,13573,13574,13579,13599,13601,13602,81,84,336
13596	336,367,4774,24219,352,390,680,728,1346,13607
13597	64,363,13558,13559,13560,13561,13562,13563,13564,13565
13598	64,363,13558,13559,13560,13561,13562,13563,13564,13565
13599	680,13568,13570,13572,13579,13595,13602,13613,19980,20038
13600	42748,18358,29594,29622,42694,64,338,363,1113,2678
13601	368,64,343,81,12581,13568,13572,13574,13578,13583
13602	64,343,352,12581,13112,13568,13578,13579,13583,13584
13603	64,363,13558,13559,13560,13561,13562,13563,13564,13565
13604	7240,18080,22866,25526,36754,42872,660,3505,3518,3525
13605	64,363,13558,13559,13560,13561,13562,13563,13564,13565
13606	385,363,13577,64,246,279,4775,4813,9553,12594
13607	336,13596,21526,64,367,371,381,739,2802,13601
13608	64,363,13558,13559,13560,13561,13562,13563,13564,13565
13609	64,363,13558,13559,13560,13561,13562,13563,13564,13565
13610	64,363,13558,13559,13560,13561,13562,13563,13564,13565
13611	64,363,13558,13559,13560,13561,13562,13563,13564,13565
13612	64,363,13558,13559,13560,13561,13562,13563,13564,13565
13613	13568,13570,13599,21146,64,343,356,363,370,379
13614	343,12488,13584,64,81,363,695,1817,6171,7036
13615	728,13596,21526,64,336,355,367,387,656,660
13616	49743,13722,44248,49969,18612,49888,6782,29720,41244,42897
13617	52,64,69,74,363,1357,1692,2789,3435,5058
13618	15761,29817,5933,14271,22697,30881,7704,8783,9467,13708
13619	7509,13640,15757,15761,22529,43001,2551,5681,5933,7704
13620	13676,578,11863,2554,5682,9841,13681,17489,18348,18463
13621	15310,2554,6328,8154,13246,13654,28381,546,622,3937
13622	13632,13653,578,4736,5086,6317,7509,9105,9453,9770
13623	5933,19576,21260,18348,21185,43064,8786,8790,12554,13280
13624	13631,578,609,2551,4364,5681,7473,7509,7702,7704
13625	7704,13632,13636,17489,18809,4364,6214,8501,8935,9839
13626	13627,13628,13635,9806,13691,578,609,2551,4364,5681
13627	13626,13634,13635,9806,13691,578,609,2551,4364,5681
13628	13626,13634,13635,9806,13691,578,609,2551,4364,5681
13629	42897,15761,22536,578,2698,4738,5681,7485,7704,7882
13630	13676,578,8813,11863,13280,13632,13670,13681,13682,13688
13631	13624,11863,13640,13656,13683,17064,40326,542,578,609
13632	13653,18576,13280,11863,13640,15757,17351,18450,7704,13622
13633	1956,13651,15239,31239,31264,31304,31307,1954,31225,31236
13634	13627,13628,13635,9806,13691,578,609,2551,4364,5681
13635	13626,13627,13628,13634,9806,13691,578,609,2551,4364
13636	9839,13640,15761,7509,13632,14271,5809,11863,18459,32671
13637	11863,13638,13640,13648,13703,15297,34801,1433,4233,5681
13638	11863,13654,578,13632,13637,17059,47809,6121,6170,7704
13639	578,621,7702,7704,9839,11863,13280,13430,13629,13632
13640	15761,7509,13632,11865,13636,14324,15757,8783,9839,13701
13641	17489,7473,9839,11863,13280,13632,13637,13638,13640,13648
13642	7882,13625,13636,13704,40723,578,609,2551,4364,5681
13643	4364,35793,1354,1362,1371,1379,1380,1384,1392,1394
13644	13676,9467,9839,13632,13677,16067,20480,23550,29260,548
13645	5681,13666,146,578,609,2551,4364,6961,7473,7509
13646	5681,17842,11863,13629,13636,13637,13644,13648,13656,13665
13647	13622,578,609,2551,2855,4364,5681,7473,7509,7702
13648	2281,5681,7882,13656,13698,41786,44803,6121,13637,13638
13649	11863,13656,1433,8233,13648,18845,30881,2286,5681,5933
13650	12715,63,2281,2793,3400,5102,5681,9504,9822,12107
13651	13633,15239,31270,1954,1956,1960,13636,13670,15256,15267
13652	11863,13638,5809,5986,8401,13430,13637,13678,13688,13721
13653	13632,18576,18459,5933,11863,13622,13636,17351,18463,23366
13654	9770,13638,12107,18441,18560,575,5996,10709,13621,14267
13655	10468,2802,9920,12107,13621,14390,14391,14788,20615,44446
13656	17059,7509,13648,13649,13697,18450,18845,24135,24166,42897
13657	8154,9436,9969,13644,18576,49011,52,69,74,362
13658	578,609,2551,4364,5681,7473,7509,7702,9806,9839
13659	9839,5996,7509,9467,9912,13123,18030,18084,18577,18584
13660	13629,171,578,609,2081,2551,2694,3547,4364,4717
13661	35636,35611,23510,35621,15175,35613,35633,23568,35661,35692
13662	13619,13623,13643,13705,18314,18342,116,367,377,387
13663	578,609,1422,1450,2551,4364,5681,7473,7509,7702
13664	13640,15761,578,609,4314,5681,7473,7702,9839,11863
13665	13681,17359,30881,7704,9839,11863,13621,13632,13688,13691
13666	6142,13621,578,2831,5948,6121,7509,8233,10477,11208
13667	44700,7044,23776,41384,45662,7029,7034,7049,12735,40400
13668	6121,11863,13632,13681,609,4841,5681,7479,7509,9839
13669	11863,17039,522,3450,4364,6191,8790,9839,11244,12195
13670	13280,13632,9467,578,4782,5996,6161,7473,9778,9839
13671	29724,42256,44256,154,3036,8680,13623,13690,18558,22773
13672	31202,31193,31181,31197,31208,31211,1382,31190,31198,36407
13673	578,7702,11863,13639,13649,13665,13686,13691,13721,14518
13674	13643,578,609,2551,4364,5236,5681,7473,7509,7702
13675	11863,13620,254,578,609,1375,2286,2551,4364,5085
13676	13644,13620,15761,17059,25837,578,5960,7509,7661,7667
13677	13644,548,7509,13640,13646,13676,578,609,2551,4364
13678	7509,13688,14318,9839,13680,14271,17059,18441,22697,28876
13679	578,609,2551,4364,5681,7473,7509,7702,9806,9839
13680	4224,13678,15761,7509,548,4782,8812,8813,9806,9839
13681	13280,20505,5809,7479,13688,30881,578,5681,6161,12828
13682	13636,13676,14271,5188,5681,7473,9834,11863,13619,13630
13683	5681,13631,13648,13656,13681,13688,13690,14271,17064,578
13684	13676,4314,4782,9839,9944,11863,13123,13620,13640,13678
13685	161,551,578,609,1216,2551,4364,4835,4839,4841
13686	15761,17059,7479,7509,9467,11214,11863,13632,13654,13681
13687	31178,13667,13707,31187,31198,31202,31212,578,609,1437
13688	13632,13678,13681,20505,22536,12828,13280,13689,17478,615
13689	15757,13430,13632,13681,13688,7509,13280,13638,13640,20505
13690	13280,20521,5681,8797,13681,14271,15297,615,4254,5670
13691	7509,9839,13280,17478,18608,35726,579,609,5937,10494
13692	609,7509,13280,43063,43068,578,6121,6161,9467,9839
13693	13632,13640,13709,73,575,578,609,1080,1431,1680
13694	7473,9839,13632,13640,11863,12049,13280,13629,13637,13638
13695	578,609,2551,4364,5681,7473,7509,7702,9806,9839
13696	2523,8806,8933,9839,13638,13689,13700,18359,24147,34886
13697	5681,13656,7509,13648,17059,18347,535,578,2161,2281
13698	13648,621,5681,13430,17059,47448,2281,3237,4103,6840
13699	13670,291,377,387,578,609,632,2018,2551,4364
13700	18101,578,16477,18347,18829,20472,3937,6477,8766,9776
13701	13640,13656,13686,5681,5809,7509,13632,13636,13638,13654
13702	168,1688,11709,1670,1679,1685,1864,2698,15285,29521
13703	13637,605,3847,11863,13629,13636,13646,522,578,621
13704	9839,13648,30275,2281,2802,5681,5933,7425,11863,13625
13705	12107,13623,18441,146,9467,9778,11865,13620,13643,13644
13706	5681,13621,13665,35800,439,577,578,609,918,1001
13707	13687,1437,1513,1521,4738,5382,5395,6676,8150,8217
13708	40725,13618,9950,18829,24147,7882,13280,13501,15757,17067
13709	4590,13693,624,660,1423,2423,2644,2658,2662,2686
13710	13618,12351,15761,250,522,557,918,1613,3305,4224
13711	549,3307,5265,6143,7024,8154,9657,10475,12602,15297
13712	0,7,87,127,753,975,1255,1347,1673,1982
13713	9832,12107,12626,12650,18634,35852,48381,549,575,1609
13714	22303,13264,16284,17489,18523,22294,29189,41697,43089,3010
13715	13618,609,7509,13708,15297,15706,17050,17478,24135,28876
13716	13618,558,1950,2281,2680,2802,2843,3237,3407,4060
13717	40725,13632,13637,13638,13714,17489,18460,40723,595,2797
13718	2161,2281,5681,9902,13648,13649,13656,13697,13704,17051
13719	1415,3446,3622,5799,6523,6540,6652,6667,6669,6684
13720	
13721	47804,11863,13618,13652,13673,18845,24166,338,438,578
13722	6782,13616,49888,23512,32469,34390,1923,6016,22927,23542
13723	2678,4103,9570,9581,10936,14926,15386,16895,17022,17038
13724	13725,13726,13727,13728,13729,13730
13725	184,1695,2324,3466,3928,4935,6063,6109,6214,8270
13726	25908,31122,43548,622,2680,2827,2869,2923,3751,3754
13727	13724,13725,13726,13728,13729,13730
13728	239,2324,2682,2996,3295,3568,3926,4201,4935,5114
13729	534,1391,1454,3450,3958,4103,4231,4246,4254,7419
13730	4185,48568,48805,1605,9561,9567,13179,17450,19388,28050
13731	18123,23968,16103,34468,1137,5928,8070,12520,15622,16109
13732	13735,13737,18123,13740,23968,34468,5928,12511,13738,13739
13733	13742,13736,13741,23968,1137,5928,6195,6204,11163,12520
13734	13740,13741,1137,3037,10236,10245,12343,20319,20447,22267
13735	13732,13736,13737,18123,13741,23968,973,2855,2943,5928
13736	13733,13735,13741,13737,19260,961,1140,1502,1529,3037
13737	13732,13735,13736,18123,13740,23968,43748,49835,1078,1180
13738	13732,13733,13734,13735,13736,13737,13739,13740,13741,13742
13739	13740,16109,594,1148,2080,2094,4011,4069,6428,7599
13740	13734,13732,13742,18123,13737,13739,23968,13738,16103,16109
13741	13736,13733,13734,13742,8070,13735,16031,22102,594,4247
13742	13733,13740,13741,34468,1137,4247,5928,6195,6204,12520
13743	8735,3291,4178,4509,9244,9250,9258,14157,15122,15713
13744	19430,1,19,159,166,184,442,623,1694,1814
13745	13744,13746,13747,13748,13749,13750,13751,13752,13753,13754
13746	8354,12633,12734,12802,13744,13745,13747,13748,13749,13750
13747	9240,9247,9252,9257,9260,9272,9278,9279,9285,9287
13748	16476,2043,2413,3305,3337,3721,3770,4034,4046,4074
13749	605,1809,1943,3237,3281,3622,5403,6646,6893,8005
13750	13752,300,918,1077,1406,1407,1421,1432,1445,1515
13751	13744,13745,13746,13747,13748,13749,13750,13752,13753,13754
13752	13750,29775,43190,161,239,2169,3230,5099,6222,6283
13753	13744,13745,13746,13747,13748,13749,13750,13751,13752,13754
13754	13207,13744,13745,13746,13747,13748,13749,13750,13751,13752
13755	13758,13769,13785,21679,556,576,2680,6143,12584,13338
13756	13785,4527,5250,6549,6611,6648,6660,6893,6955,8156
13757	6208,13780,13783,13756,13760,13766,13775,13779,556,576
13758	13755,13774,13769,13789,13785,21679,556,576,2680,6143
13759	13762,13780,13756,13766,13775,13779,556,576,2680,6143
13760	6208,13769,13757,13759,13762,13767,13780,13783,556,576
13761	3948,4046,4202,4289,4295,22177,22182,3971,4206,4254
13762	13767,13759,13756,13766,13789,556,576,2680,6143,12584
13763	556,576,2680,6143,12584,13338,13755,13756,13758,13759
13764	2680,13761,13784,556,576,3935,4053,6143,8897,12584
13765	2680,556,576,6143,6162,8501,12584,13338,13755,13756
13766	13785,13759,13762,13767,13780,556,576,2680,6143,12584
13767	13762,13789,13756,13766,556,576,2680,6143,12584,13338
13768	21383,21377,21388,21393,21401,21409,22440,21365,21394,21413
13769	13755,13758,13774,13760,556,576,2680,6143,12584,13338
13770	21363,21403,21377,21397,21408,21385,21413,21399,21390,21384
13771	13786,4053,2680,13764,13781,13784,556,576,663,696
13772	2680,29719,556,576,6143,12584,13338,13755,13756,13758
13773	22305,22294,22224,22241,22257,22282,22315,24331,11571,13306
13774	13758,13769,13785,21679,556,576,2680,6143,12584,13338
13775	13759,13779,556,576,2680,6143,12584,13338,13755,13756
13776	556,576,2680,6143,12584,13338,13755,13756,13758,13759
13777	556,576,2680,6143,12584,13338,13755,13756,13757,13758
13778	556,576,2680,6143,9854,12584,13338,13755,13756,13758
13779	3549,13759,13775,556,576,2680,3518,3525,3546,5858
13780	13757,13759,13756,13766,13783,556,576,2680,6143,12584
13781	13784,4053,8861,13786,556,576,2680,6143,8895,8898
13782	556,576,2680,6143,12584,13338,13755,13756,13758,13759
13783	13757,13780,6208,13756,13759,13760,13766,13767,556,575
13784	13781,897,2680,4053,13764,556,576,6143,8861,8869
13785	13756,13766,13755,13758,13774,556,576,2680,6143,12584
13786	13771,4576,8898,13781,22147,24423,26892,31131,556,576
13787	556,576,2680,6143,12584,13338,13755,13756,13758,13759
13788	556,576,2680,6143,12584,13338,13755,13756,13758,13759
13789	13758,13767,13762,32072,49546,556,576,638,1378,2680
13790	556,576,2680,6143,6785,12584,13338,13755,13756,13758
13791	13770,476,556,576,577,584,754,1326,1458,2031
13792	22355,22357,34204,11399,34207,19428,23507,34159,34299,34326
13793	13983,13867,14015,13930,13938,14234,14140,13800,13966,14152
13794	13867,13800,13832,13846,13981,14027,7476,11417,13795,13805
13795	14131,13966,13981,14044,14094,14140,13854,13898,13948,14138
13796	13872,35722,23556,13846,14048,14149,14171,23611,454,7476
13797	528,13877,186,1458,3880,4389,4439,6016,6085,7789
13798	13805,14131,13793,13800,13960,14005,14064,14101,14149,23556
13799	87,117,1783,2608,3260,3347,3883,5138,5957,7371
13800	13867,14027,13793,14015,13911,13960,14044,13981,14123,14231
13801	14094,13934,23608,13835,13886,14095,13793,13867,13911,14027
13802	87,117,1783,3260,3347,3883,5138,7476,11181,12519
13803	13807,13867,13793,13800,13801,13818,13832,13833,13835,13846
13804	35179,37188,37649,8686,10047,10050,10066,10086,14097,23270
13805	44891,14209,13846,14234,13983,14040,14134,14231,23556,8932
13806	1100,12519,13795,13818,13875,25195,439,3883,7254,11843
13807	14094,13867,14134,13960,13914,14131,14152,14162,8932,13800
13808	13847,13818,35613,35630,43052,3714,13800,13870,19920,23550
13809	13814,9181,13795,1810,2689,10842,13800,13815,13820,13867
13810	19,13800,12714,14056,14064,33374,3931,4160,8685,13430
13811	13867,13967,13898,14027,14191,13800,13832,13960,14218,14231
13812	454,13793,13835,13846,13867,14234,23633,32513,11417,12650
13813	13854,44891,14078,14162,13867,14073,14150,13914,14094,14134
13814	13800,13828,13809,13846,2054,9181,13795,13808,13891,14048
13815	8726,14179,23611,7476,11417,12578,13809,13814,13816,13833
13816	12578,13805,14043,7476,8726,13793,13898,13938,14040,14125
13817	9731,33236,7818,9718,9740,12578,13796,13805,13844,13846
13818	1100,19,13793,13800,13898,13911,13965,14027,18163,13832
13819	3575,14047,15314,22756,21243,34332,34364,2107,13182,13872
13820	1673,5588,13795,13800,13801,13809,13814,13829,13847,13849
13821	1,87,117,351,672,824,926,947,1061,1120
13822	13867,14102,9735,12578,13801,13812,13825,13835,13846,13865
13823	13854,13889,35722,13967,13979,14134,12578,13818,13846,13959
13824	13801,13807,13846,13854,13867,7476,13793,13794,13795,13800
13825	13835,13867,7476,9735,13793,13798,13800,13801,13805,13810
13826	13867,14044,14162,8932,13911,13960,13981,14130,13807,13846
13827	13805,13846,13800,8932,13829,13877,13914,13983,14134,454
13828	13832,14014,14138,13959,13867,13886,14044,38626,13948,13981
13829	13800,8932,13898,14015,14049,2054,13793,13930,13967,14138
13830	10018,10063,37448,10002,10016,10022,10028,18912,23259,36672
13831	13832,13828,13846,23592,1,7476,11181,13793,13801,13805
13832	14027,14140,13828,13981,14014,14138,13867,13966,13891,13917
13833	9289,13182,34159,34364,11395,34207,6804,11398,11399,11404
13834	13960,14162,14191,14231,13867,14040,14131,14138,14229,13967
13835	13930,13948,13793,13801,13983,14149,11417,13832,13846,13867
13836	14230,13800,13812,13852,13929,13973,14013,14154,14164,17497
13837	21556,35621,35633,35678,1689,15175,25199,35692,13793,13847
13838	87,117,1783,3260,3347,3883,5138,7476,11181,12519
13839	5100,1783,13795,13806,13835,27772,29870,43191,87,117
13840	14027,14065,14162,11417,13828,13854,13867,13960,13981,14005
13841	14152,13807,7476,13898,13832,13867,13960,13966,13983,14027
13842	13846,13800,13898,13914,13961,14058,23546,23619,34356,44891
13843	13801,13846,13858,13959,14095,34356,13793,13796,13800,13812
13844	8692,13817,13846,25199,87,117,208,239,351,525
13845	13870,17636,21556,35605,35621,35630,35633,35678,49226,117
13846	13867,13983,14094,14078,14095,23592,14040,14130,14134,14055
13847	25186,37035,10072,36687,36909,36947,10000,10026,10103,13898
13848	439,2054,13793,13818,13846,13854,14015,23551,32630,117
13849	11395,14047,34220,3575,9289,19427,34207,13182,23616,23693
13850	13800,14049,7476,13793,13811,13828,13867,13898,13998,14134
13851	13796,13801,13823,13843,13846,13854,1,87,117,143
13852	14014,14027,8726,13867,13948,13917,13959,13966,13998,14015
13853	13793,7476,13832,13867,14040,143,2588,13800,13801,13811
13854	14044,14150,13846,13867,14162,13886,14134,14152,14094,44891
13855	31978,42692,48026,19117,42724,42730,5456,7254,7268,21078
13856	13828,13478,13819,13872,13877,17998,23603,25057,29720,31300
13857	13846,13854,13867,13886,14123,14162,13807,13828,13858,13911
13858	13793,13800,13930,13891,14152,44891,13867,13948,13960,14013
13859	22103,3883,4086,4132,4289,13795,13806,13818,13848,13875
13860	10043,13804,36821,36929,37224,39247,87,117,1783,2603
13861	8136,13820,13865,19388,25170,27595,29780,78,87,117
13862	13793,13801,13818,13835,87,117,575,1783,2484,3260
13863	34207,19431,34159,34205,34413,14013,34176,34183,7476,8677
13864	3040,3072,3053,3080,3091,19950,29228,3041,3043,3047
13865	13867,13983,13832,13846,14015,14073,13805,13901,13934,13948
13866	35621,13870,14065,23520,7476,13867,14118,14152,14162,23512
13867	14234,13966,14044,14140,23660,13886,13981,14231,14237,13891
13868	32513,32523,13793,13832,13867,13896,13959,14078,23633,13800
13869	7476,13793,13798,13800,13805,13810,13811,13825,13829,13834
13870	35630,13993,21556,23512,35605,35633,49226,14048,14125,14174
13871	44895,12107,38737,9793,12577,35628,35738,38734,38825,40443
13872	19427,9289,22756,11387,11404,19428,34179,34207,15207,34189
13873	13854,13826,13867,13981,14049,14229,8932,13828,14039,14134
13874	12519,13872,1378,8667,8677,11383,11384,11387,11414,13819
13875	13806,3883,13795,13818,13848,13859,25195,27741,19,87
13876	12519,8726,14073,7494,13867,13872,13877,13993,14026,14101
13877	23507,14014,14140,14027,7476,13832,13917,13793,14044,14138
13878	11387,34220,3576,3577,11395,11401,19427,22756,34244,34304
13879	13870,439,7521,7785,12519,12578,13795,13797,13800,13818
13880	12578,13896,13872,13876,13988,14048,17636,543,626,3575
13881	13854,13807,14131,14134,14140,13800,13846,13934,13981,14005
13882	14234,14209,14134,14231,14174,14244,23672,13828,13889,14140
13883	95,112,439,1100,1596,3883,3931,4118,6027,6903
13884	13800,2054,13793,13966,14107,14131,14149,14162,1113,1350
13885	14015,13930,13981,14027,13934,2054,13793,13867,13966,14043
13886	13911,13966,13867,14027,13891,13960,14130,13965,13981,13917
13887	129,2142,2530,2657,5595,8430,8564,8725,8760,8828
13888	14095,14094,34356,14162,14044,14078,14150,14015,14207,13959
13889	13891,13960,14162,23592,8932,13981,14027,13917,14130,13828
13890	14094,13846,13914,14134,14117,23560,454,13867,14095,14150
13891	13911,13981,7476,13898,14162,13867,13917,13960,13886,13966
13892	8959,8963,8979,8983
13893	18372,18381,18386,18391,18408,18380,18382,18400,18421,18383
13894	14234,13877,13959,14073,14231,14236,2588,7476,13891,13917
13895	26325,14416,8726,14055,21131,35731,2588,8932,11591,12409
13896	14140,13917,14125,34319,12578,13911,14026,14040,23592,32513
13897	14191,32513,8726,13867,13898,13966,14015,14044,14065,23556
13898	13891,13867,13911,13983,13886,13966,13981,14015,14140,14162
13899	14207,14152,14173,23592,13889,13891,14095,14150,14209,14231
13900	13896,23661,13889,14015,14073,14179,14244,23525,23613,11417
13901	14095,14094,14044,13867,14131,14207,13983,14040,14134,14140
13902	14152,14195,13886,14064,14134,14138,7476,8932,13805,13966
13903	13800,13898,14005,14044,14123,14150,14162,14180,23512,34786
13904	
13905	3630,3897,3974,4057,4093,24585,25099,27285,39248,43738
13906	5026,8706,8932,17636,4990,8667,25256,34205,34304,4330
13907	2669,8348,8685,14064,19,105,114,162,168,439
13908	19,154,390,556,2030,3500,3703,3894,3901,4646
13909	13854,13961,13966,14073,13867,13951,13967,13973,13982,14030
13910	14073,18163,13867,13967,14152,14191,23674,439,13793,13983
13911	14027,13886,14140,13891,14138,23660,14044,13867,13960,13966
13912	12263,12292,16863,16867,16875,16876,16882,16891,16898,16900
13913	14140,14152,14191,8932,13793,14043,14094,14138,14171,14173
13914	14094,34356,13846,14162,44891,14095,454,14117,13867,13911
13915	13834,13998,14043,14064,14138,14173,14180,14191,42768,454
13916	1135,1787,4755,6944,8686,9879,10041,10043,10047,10066
13917	14015,13981,14014,13891,14027,13965,14044,13886,13948,13966
13918	454,2588,7476,9774,11392,13801,13811,13832,13868,13886
13919	14043,14049,13930,13981,14073,2588,11417,13867,13938,13959
13920	13795,19,439,454,459,532,568,666,698,1084
13921	14209,13934,14150,13854,13889,13939,13981,14094,14130,14134
13922	13983,4160,13818,13911,14005,14125,14131,23551,439,522
13923	13867,14044,14058,14152,1392,7476,8725,9181,12097,12102
13924	14118,2054,13914,13934,13958,13961,13982,14221,23619,454
13925	21514,454,532,568,666,698,2588,2850,3500,3570
13926	18823,27797,27829,29841,161,3968,16816,18050,44796,46135
13927	24,532,568,666,698,993,1857,2850,3395,3500
13928	13976,18841,7796,13870,13959,13960,13967,14073,14162,14174
13929	9820,14242,34498,35738,5588,9770,9773,9869,11377,18604
13930	13983,13793,13966,13867,13898,14015,14095,14234,13959,14206
13931	
13932	1664,21199,19,283,439,454,668,1001,1100,1111
13933	821,368,370,390,658,680,1346,2699,6327,7476
13934	13911,14095,14162,32513,14015,14094,13939,14027,14078,14125
13935	8726,14014,14046,13948,14013,14026,14123,14165,34319,454
13936	14117,14078,14229,14094,14174,14209,11417,13888,14054,14073
13937	13983,454,13917,13967,14043,11378,13948,13965,14014,14055
13938	14015,14234,2588,13793,14055,14043,13891,13948,13967,7476
13939	14206,13967,14043,14191,14231,14209,13934,13982,14095,14134
13940	
13941	13956,13982,14058,2588,11417,13898,13934,13938,13983,13998
13942	11395,11402,11405,14049,15314,22355,22756,34326,34364,34427
13943	14058,13793,13818,14073,14149,18163,23551,1100,11417,13882
13944	19,454,1083,1378,2588,2830,3883,4330,5353,6220
13945	342,1113,1137,1842,2999,3858,3904,3908,4906,5467
13946	13983,13959,14055,12578,13793,13938,13967,14134,23633,454
13947	36870,10014,36693,10059,36742,10086,36728,37701,39237,19365
13948	14015,14140,14014,13917,13960,14138,13911,13983,14130,14049
13949	2054,13959,14055,14078,14094,14162,14174,14207,23592,23617
13950	19,150,270,532,568,666,698,2054,2454,2850
13951	10849,3895,13801,14027,13828,13835,13854,13889,13934,13966
13952	13981,13854,13867,13960,14044,14134,14162,13828,13846,14027
13953	
13954	4871,4884,4930,1137,4897,8519,22234,202,269,551
13955	961,3023,3875,3883,3931,4004,4053,5027,5089,7476
13956	13891,13898,13983,14015,13917,13948,13959,32513,454,14027
13957	13960,13805,14040,14094,14191,8932,13930,14118,14134,14152
13958	13898,13846,13891,14049,14055,14094,14162,23592,13914,14173
13959	454,14055,13867,13917,14095,14117,14207,34356,13828,14150
13960	13966,14027,14044,13891,13911,13867,13886,13965,13981,14130
13961	13898,13965,13846,13981,13886,13891,13911,13966,13983,14073
13962	4364,22946,3999,23696,528,638,3880,12650,22927,22934
13963	19,154,390,556,2030,3500,3703,3894,3901,4646
13964	39233,8686,10013,10041,10066,13980,14008,23557,30232,36850
13965	13981,13983,14027,14138,13917,13886,13960,14231,13891,13911
13966	13867,14044,13886,13983,13960,13981,14130,13891,13911,14138
13967	13981,14043,14231,14234,14191,14237,14162,23592,13867,13891
13968	43067,439,455,577,597,1181,1228,1689,2092,2099
13969	
13970	14162,14055,14094,13793,13891,14015,14044,14150,13867,13917
13971	10849,11400,11404,13930,14077,34347,19,113,439,454
13972	14044,13828,13898,23551,13948,14049,14065,13896,14043,14140
13973	23611,13998,14026,14138,12578,14101,14131,14173,23695,34319
13974	210,1361,2413,3890,4772,4835,7251,7714,7763,7818
13975	8726,13882,13979,14014,14078,14117,14123,23551,24683,27555
13976	13998,14026,13982,14101,14191,14218,23672,14174,14134,14203
13977	14026,9871,13876,23562,2409,2747,2752,4696,7494,8862
13978	13846,14162,13939,14095,44891,13800,14107,14131,14134,2054
13979	13828,14244,34356,45194,13888,13959,14117,14152,32513,11417
13980	39233,39273,8686,10022,13947,19365,36821,37172,37188,37473
13981	14027,13891,13967,13867,13983,13917,13965,13966,14040,14162
13982	13966,14179,14171,14206,13939,14131,14162,23611,7476,13911
13983	13966,14130,13981,13965,13793,13930,14040,14055,13867,14027
13984	8742,9808,11404,14109,14146,14232,17493,19428,22354,22355
13985	
13986	47470,48217,48219,48222,48227,48228,48231,48234,3692,3746
13987	12519,13938,34212,34463,2588,8677,8726,11384,11387,11395
13988	11395,34179,34326,11400,11404,14047,34220,34329,626,11387
13989	433,547,926,966,1129,1142,1518,1688,1797,1943
13990	12578,13896,14138,13948,13965,13967,14027,14043,23614,34319
13991	6804,23684,34207,627,629,11387,11391,11399,11424,12330
13992	13800,13967,18163,19,13898,14182,14209,3968,4160,7476
13993	14171,2588,7476,14027,14073,13793,14095,454,13898,13982
13994	4059,4737,5353,7248,11300,11427,11843,22852,27236,42413
13995	3937,23173,2786,4738,9950,10468,10709,10732,13246,14346
13996	23690,25224,9998,12625,13818,16899,19443,21556,23305,25186
13997	2054,13939,44891,14134,14191,14196,14209,14231,14236,2588
13998	14231,13966,14043,14138,14179,23682,13891,13917,14131,14191
13999	13998,14234,14244,23592,13896,7476,13981,14029,23674,23682
14000	11387,11399,11402,34159,34669,626,6804,8677,9289,11383
14001	37580,37597,37734,37735,10055,30220,37215,37537,37675,37701
14002	13793,13835,13983,13967,14027,14152,14171,14191,454,7476
14003	2036,2142,3151,3926,4102,4202,4207,6038,6108,7714
14004	336,364,365,372,438,468,546,615,660,1564
14005	14123,13828,13867,14125,13793,14015,35722,13832,13959,14040
14006	14015,13917,14005,13930,14055,14140,13828,13886,13898,13911
14007	13981,14206,14095,14209,13793,13867,14044,14094,2054,13998
14008	10029,39234,39243,39333,41367,39233,39247,23274,30232,39242
14009	3931,8536,8685,9940,14911,15567,3702,4234,4247,6545
14010	14064,13983,2054,13854,13867,13948,13965,13966,13993,14014
14011	8685,23685,26567,32505,34388,34418,34466,211,439,638
14012	13948,14173,14175,14049,14138,14179,14189,14244,23517,23603
14013	14244,454,14014,14040,14123,13891,13965,14117,14138,13959
14014	13917,14027,14015,13948,14140,13828,13832,13981,14040,13886
14015	13917,13938,13867,13948,13891,14014,13981,14043,14125,14140
14016	
14017	8862,13872,13960,23517,5143,6804,11399,12301,13182,13792
14018	439,1100,1664,4160,13818,13847,19365,24208,43052,336
14019	8667,8708,8723,12578,13793,13917,14232,143,576,1649
14020	13877,13917,13948,14015,14027,14029,14049,14101,7476,8726
14021	22356,18575,6121,9289,12330,12578,13973,14036,14164,14189
14022	
14023	
14024	13846,14015,14044,14094,13948,14095,14117,14150,13886,14125
14025	14040,14105,14149,14171,14207,14218,14231,7476,13846,13917
14026	14101,8726,13896,14131,14179,23592,34319,13973,14013,23617
14027	13911,13981,13886,13960,14014,13917,13965,14043,13832,13891
14028	4104,13982,14030,14157,19,168,390,439,576,638
14029	23611,14094,14149,14171,23592,34319,8726,14130,454,13948
14030	14094,14134,13939,14095,7476,13846,13911,14138,14150,14171
14031	16,89,1426,1520,4339,6152,12562,16608,18027,19009
14032	11401,11405,11410,22756,34244,11395,11398,14047,34179,623
14033	9289,11402,11404,11405,13877,13993,14013,14058,14106,14132
14034	13982,13998,14130,7476,13948,13966,13981,13983,13999,14013
14035	10259,36151,40235,40236,48453
14036	13973,14216,17497,23695,14242,14131,14173,7494,12578,14101
14037	14058,13846,13983,34342,454,8725,13867,13891,13901,13930
14038	11395,14047,34205,34364,15207,19428,2107,8677,11400,19431
14039	14207,14234,14244,14162,14231,24761,13891,14134,38626,13854
14040	14125,14234,14130,14138,14140,14231,13981,13983,14152,14191
14041	14244,13981,14095,14207,18163,23657,23674,11417,13888,13901
14042	34250,34204,34364,3575,15207,19431,22355,34159,34326,626
14043	13967,14027,14191,13891,14237,14231,13911,14015,14125,14206
14044	13966,13867,14125,13911,13960,14123,14162,13917,14027,23660
14045	14047,23693,34200,34326,6804,13182,34304,34364,34440,8677
14046	14123,34356,13867,14043,14044,14027,14130,14150,13960,14095
14047	11387,34159,22756,34207,3575,11395,13182,19428,23616,34364
14048	13917,14073,23633,14040,14131,14149,14229,13982,14026,14049
14049	13891,13981,13983,13886,13966,13911,14130,14138,14206,23592
14050	11404,22346,6804,9289,13872,14047,34364,11400,34304,11401
14051	14054,14203,13939,13948,14179,13898,13982,14040,14130,14138
14052	13810,13891,13911,14049,660,1617,2588,2686,8492,8683
14053	13973,14101,13998,14043,29848,13917,14138,23611,23682,23695
14054	14149,14073,14130,14132,7476,14048,14055,23611,34356,13981
14055	13983,13867,13959,14040,14138,454,23660,13917,14191,14207
14056	8726,23611,8932,13930,13967,13983,34356,13960,13966,14013
14057	14073,13877,14140,14234,14237,13832,14029,14058,14085,14101
14058	454,14015,13898,11417,13938,14043,14095,14149,14203,13867
14059	9289,8677,11400,11425,14047,22357,3575,11387,11395,11401
14060	13877,14132,13872,13917,14130,14131,14179,7476,8932,13888
14061	47667,47670,47687,47689,47690,47701,4059,14498,26101,32769
14062	8726,13849,13901,13979,14005,14085,14149,23617,34277,34316
14063	14123,7476,13867,14044,14013,14094,14105,23660,14125,14150
14064	14014,13832,13886,13960,13966,14027,13948,13965,13983,14138
14065	13867,13966,13886,13917,13960,13981,14162,13911,13983,14040
14066	11395,13182,19431,11383,11387,22756,12519,34207,3575,11399
14067	13888,13934,13939,13951,13982,14005,14030,14120,14134,14148
14068	
14069	14102,8725,13846,13937,13966,13981,13982,14094,14105,14130
14070	18163,439,1100,1234,2413,2659,3895,5588,13800,13829
14071	14206,14207,14055,14117,14203,14040,14150,23660,13889,13959
14072	14171,23695,13973,13998,14049,14173,14179,23611,8726,13967
14073	14150,23674,14237,23672,13867,13966,14078,14130,13981,14095
14074	16431,343,566,569,705,741,766,812,816,1617
14075	13854,14189,14207,14244,35722,13863,13959,13976,13993,14014
14076	8726,13832,13867,13886,13898,13911,13938,13981,14048,14058
14077	11404,14134,34266,34326,3575,13872,14123,14152,34176,34205
14078	14150,23660,14207,44891,13867,13981,14073,14095,14162,13966
14079	13917,13930,14015,13938,13966,13983,14055,14058,14073,14095
14080	19,375,556,1784,2572,2684,4995,5026,5226,6114
14081	1230,11387,11395,11400,13872,22355,31435,34189,11392,11399
14082	23617,9399,13805,13835,13846,13854,13914,13930,13948,13956
14083	384,1613,1685,2036,3034,3877,3945,5045,5115,5203
14084	14029,14094,13896,13998,14078,14171,34319,11378,13888,13966
14085	13938,14048,14015,14152,13934,14054,14094,14149,454,14123
14086	13896,14029,14123,14130,23611,35731,13939,13999,14101,454
14087	454,13967,14006,14015,14039,14056,14058,14085,14095,14127
14088	13886,14131,13846,14105,13793,13795,13867,13877,13914,13917
14089	14134,14040,14138,13867,13886,13939,14027,14044,14055,14105
14090	14231,14234,13960,14140,13898,14162,13911,13982,14027,14073
14091	14173,20073,338,454,2054,2588,8725,11417,13793,13795
14092	13866,13976,13982,14060,14094,14179,14216,18313,18574,19424
14093	14027,14171,13793,13886,13983,14014,14043,14044,14055,14084
14094	14095,14150,14117,13867,13914,14073,14078,14123,14131,13846
14095	14094,14150,23672,13867,14117,14162,13981,14078,14206,14207
14096	13914,13957,14026,14054,14060,14105,14118,14128,14137,14149
14097	13804,35179,36732,8932,10055,10058,13793,13800,13850,13898
14098	14140,13800,13930,14234,13981,14013,14014,14015,14044,14105
14099	5498,5812,8583,10479,14408,235,325,441,522,536
14100	13263,576,2862,4059,4114,4208,4415,4737,5809,5924
14101	14026,14043,14027,14191,14131,23611,8726,13998,14179,14029
14102	23695,13959,14029,14105,14123,35731,454,12578,13846,13872
14103	5498,7902,8710,15552,27743,146,161,441,576,1863
14104	14026,14123,34319,8726,13872,13896,13917,13948,14013,14101
14105	13867,14123,14055,13888,14094,14095,14152,454,13846,14040
14106	14132,11399,14054,19428,23507,23616,34159,3575,9289,11402
14107	23556,13914,14094,14005,14131,13801,13889,13966,14048,14149
14108	13828,14044,14094,14117,14123,23608,13832,13854,13890,14005
14109	23611,14101,14029,8726,14048,14130,34356,12578,13896,14073
14110	14152,8932,13867,13966,14049,14118,14149,14206,23649,2054
14111	2588,13849,13938,23682,1378,4452,5353,8682,8726,8932
14112	35630,19,7476,14064,15175,13870,14014,14056,14065,14152
14113	2508,2588,3575,11417,12519,13877,13894,13896,13898,13901
14114	
14115	13886,13966,13981,14134,14234,8726,13917,14005,14014,14015
14116	1342,1854,3702,5377,9391,9678,12344,12767,14378,15389
14117	14150,14095,14123,14207,44891,14094,23592,13959,14078,14234
14118	13983,14152,13793,14040,14044,14094,13966,13981,14162,14095
14119	13805,13901,13983,14060,14130,14131,14150,23515,23556,44891
14120	13934,13982,14043,14044,14094,14095,14171,14191,14207,23611
14121	14244,14134,14207,14205,14203,14242,14150,14138,2054,13867
14122	13795,13888,13901,13960,13981,14044,14094,14095,14105,14131
14123	14044,13867,14117,14125,23660,14150,454,14094,14095,13911
14124	
14125	14040,14044,14123,13867,13966,14015,14043,14140,13917,14162
14126	14232,14236,14242,23611,23695,14013,14209,14218,23669,23682
14127	14078,14094,14095,14206,13966,13981,13982,14207,13867,14150
14128	14244,14150,7476,13967,13998,14152,14179,14203,14207,14234
14129	41851,10022,10043,23279,37029,37247,37425,39332,39337,39365
14130	13983,14138,14040,13966,13867,13886,13981,14073,13960,7476
14131	14094,13998,13966,8726,14173,13800,14191,13982,14026,14101
14132	14152,14054,23611,34319,11399,13967,14234,11410,13939,14013
14133	14013,13828,14044,14094,14123,14218,11417,13811,13832,13854
14134	14234,14244,13846,13960,14140,14231,14179,14193,7476,13998
14135	14131,14026,23695,13801,13982,13993,14134,7476,8726,12578
14136	
14137	13872,14026,14085,14152,23551,454,13846,13886,13889,13914
14138	13911,14130,14040,7476,14140,14231,13867,23660,13891,13965
14139	23360,13182,22355,34257,543,11399,11404,23507,34169,34384
14140	13911,13867,14040,14234,14138,14171,14152,13832,13966,7476
14141	6804,11387,11404,13872,13982,14149,14179,15207,22355,34204
14142	13967,14150,14191,14209,14218,13854,13882,14043,14171,18163
14143	36854,37031,37207,37242,10055,10058,36695,36763,36809,36813
14144	19428,629,11391,11400,13182,13872,15207,15314,16027,19427
14145	14040,14149,14171,14191,14029,14209,14231,13898,13982,13983
14146	14101,13973,35731,8726,12578,14029,14131,14179,14216,23638
14147	17497,12578,13965,14101,23674,23682,13973,13982,13998,14029
14148	13982,14179,13934,13939,13966,13973,13983,13993,14049,14094
14149	14130,13898,14029,13938,14140,14171,13867,13911,13948,13960
14150	14078,14117,14073,14095,44891,23592,13867,13891,13981,14162
14151	14221,13983,14118,14152,454,13867,13898,14162,14234,13981
14152	14140,13867,14040,14234,13983,14138,7476,14130,14207,14150
14153	13966,14044,14055,14064,14094,14165,14207,14218,22355,2588
14154	14013,14150,13948,14132,8726,13917,13981,14073,14123,14131
14155	23613,35621,14040,14229,23568,23657,7476,7508,8726,8932
14156	14142,14191,14218,13967,14040,14140,14171,14209,14231,14234
14157	23611,8726,13965,14244,23592,23682,13967,13973,13982,14179
14158	14040,7476,13917,14140,14152,44891,13891,13966,14013,14043
14159	14179,13965,14140,14152,14191,14207,14231,13930,13960,14138
14160	14132,34641,543,623,9289,11389,11399,11402,11410,11425
14161	7476,13983,14027,14173,14231,13882,14049,14073,14138,14237
14162	13891,14044,14095,13966,13981,44891,14027,14078,14150,13867
14163	14090,14174,14234,14236,13938,13993,14189,23631,13800,14027
14164	13973,23611,14026,14101,13998,14173,23695,12578,13976,13982
14165	13998,13966,14131,14043,7476,14027,14095,14138,14152,14206
14166	13930,23608,13965,14178,14189,14209,14231,23617,23669,23674
14167	13960,7476,14027,14039,14152,14162,14191,14244,13811,13832
14168	26872,32,134,375,575,606,2802,2876,3466,4104
14169	23695,14101,14176,14191,13967,13998,14171,14173,14179,23611
14170	14140,13898,13966,14056,14203,14231,14234,23669,23682,2054
14171	14140,13911,14027,14138,14162,14043,14055,7476,13867,13891
14172	616,1417,7476,7494,8932,9824,9962,10723,11417,13793
14173	14191,13998,14131,14231,13891,14162,14179,14207,14138,14171
14174	14234,14207,14231,23672,14171,14040,23611,14055,14138,14152
14175	13939,14207,14236,23611,14174,13982,14040,14189,14234,13998
14176	14101,23611,14029,14171,13998,11417,14191,23695,7476,13967
14177	14210,14219,14242,23657,2054,8932,13867,13882,13886,13898
14178	14134,34319,14140,14162,14231,13896,14027,14234,35731,8726
14179	13998,14138,14207,14237,13982,14134,14191,14231,14244,13867
14180	14138,13998,14150,14152,13828,13981,14040,14094,14131,14149
14181	35633,35630,35692,1,1031,15175,34185,35661,41553,41680
14182	14150,14237,14231,14049,14209,23592,13898,13967,14138,14152
14183	14237,14244,14013,14191,14207,2588,13800,13981,13983,13998
14184	7457,8712,8738,16987,544,1139,4723,5093,5098,5100
14185	14204,22357,22756,29827,34386,34441,34657,34762,973,1813
14186	448,2658,5809,7527,22159,27736,40354,40358,40730,42224
14187	8677,11395,22351,626,9735,14117,14236,18575,23595,34179
14188	14207,14231,14203,14237,14150,14206,23592,23661,13898,13981
14189	14234,14152,14134,14203,14207,454,13967,14040,14231,23638
14190	14040,23660,8726,14101,14138,14140,23682,23695,7476,14130
14191	14237,14206,14207,14043,14231,14040,14209,14234,13967,13981
14192	13939,14191,14203,14206,14207,14173,13967,14131,14162,14209
14193	14134,14044,23672,14203,14206,14244,2054,14231,14234,14237
14194	14209,14134,14173,14207,13939,13981,14159,14179,14191,14231
14195	14207,14179,14231,14234,14237,14191,14203,14244,23592,13981
14196	14191,14231,14209,14234,13800,13867,14048,14207,38626,13967
14197	7476,8932,11378,13805,13846,13854,13866,13886,13901,13902
14198	19428,23616,14140,14218,19427,34464,34553,34634,13182,13872
14199	13901,14040,14109,14165,14175,14191,14234,23611,23638,23682
14200	13849,13882,13914,14029,14053,14105,14128,18575,23636,34762
14201	14244,14242,14138,23672,13998,14013,14040,14236,19424,14174
14202	14150,13967,13981,14055,14095,14134,14138,14188,14203,14231
14203	14207,14231,14191,13967,14244,13891,14138,14234,13981,23669
14204	7506,14246,19431,34205,626,9289,9291,19427,3573,14242
14205	14244,14150,14117,14207,14134,14229,14013,14234,13959,14095
14206	14207,14191,23674,14095,14231,14234,14237,23672,13981,14043
14207	14234,14206,14203,14231,14078,14237,14191,14244,23672,13867
14208	8726,14101,23682,13998,14040,14109,14179,19424,23611,35731
14209	14191,14207,14231,14140,13898,13939,14027,14206,13805,13867
14210	14207,14234,23657,14123,14134,14152,14174,14175,8932,14040
14211	14231,13967,14138,14175,14203,14209,14242,14244,23669,13981
14212	439,18163,13847,13882,14145,22486,27808,1100,1135,2054
14213	14207,14203,14179,14094,14191,13901,13981,14150,14205,14244
14214	8932,14209,23515,13889,13998,14162,14242,13805,13826,13867
14215	14207,14179,13800,14237,14078,14095,14191,14238,14244,13998
14216	14207,13998,14131,14206,14231,23682,14040,14134,14138,14244
14217	7476,13854,13967,14027,14044,14128,14162,14203,14206,14207
14218	14231,14174,14237,13967,13998,14171,14244,13976,14043,14131
14219	23669,14203,14209,14244,23657,14174,14231,14242,14138,14206
14220	622,4086,7385,7389,7408,10267,12342,13859,19077,22312
14221	14234,14244,13983,14040,14118,14207,23672,13959,14152,14191
14222	14207,14234,14237,14040,14244,14191,14203,23660,13888,14078
14223	14121,16027,31435,2107,3298,3573,5588,6783,7506,11401
14224	
14225	13993,14174,23682,14054,14203,2588,13982,14051,14149,14163
14226	13993,8686,10028,13870,13982,14179,14218,17328,30220,34352
14227	14203,14207,13998,14191,14231,23672,7476,13867,13891,13960
14228	14191,14242,14244,23695,14101,14236,23611,23638,23672,23682
14229	14231,14207,13981,14095,14234,14150,38626,14040,14078,14206
14230	14229,14244,23672,14073,14231,14234,23611,13998,14131,14174
14231	14237,38626,14234,23672,14207,13867,14040,14138,23592,14191
14232	14244,8726,14013,14040,14231,23682,26911,23611,11404,14229
14233	14134,23674,13889,13998,14027,14244,13835,13891,13911,13981
14234	13867,14231,14207,14237,23674,38626,14040,14140,23592,23660
14235	14231,14237,14191,14140,14209,14236,14244,14134,14171,14174
14236	14244,23682,14237,14191,14234,14242,13982,14095,23674,14015
14237	14231,14191,14234,23674,38626,14207,13867,14073,23672,14043
14238	14242,13998,23674,7506,14073,14191,14204,14205,14207,14236
14239	14234,23672,14231,14229,38626,14073,14095,14191,14237,2054
14240	19,2054,13800,13967,14203,14206,14209,14231,14239,18163
14241	23674,13930,14173,14209,14231,14234,23695,14140,14171,7476
14242	23682,14138,13998,14209,13867,14236,34205,7476,14131,14174
14243	14152,14234,14073,14138,14140,14221,14237,14242,23674,23682
14244	14207,24761,14150,14237,14134,14234,23672,14013,14078,14203
14245	338,1196,1918,2036,2680,3230,3805,5030,6063,6142
14246	19431,15207,7506,34204,34484,6804,34179,34207,34200,9291
14247	14236,7713,13870,14191,14203,14231,23362,34553,35692,8726
14248	0,5,20,135,623,629,2409,3040,3046,3047
14249	1,3091
14250	30285,30294,30295,30296,30297,30299,30300,30303,30284,30286
14251	19021,223,242,638,1397,1689,2167,2233,4522,5320
14252	30284,30287,30290,30298,242,2167,2233,8287,14254,14255
14253	30289,30301,30286,106,558,1423,2081,3117,3126,3412
14254	14251,14252,14253,14255
14255	14251,14252,14253,14254
14256	3748,2559,2615,4774,7383,12351,27312,30870,31300,32644
14257	4781,7369,14258,14259,14260,14261,14262,14263,44589
14258	4781,14257,14260,14261
14259	4781,14257,14260,14261
14260	14261,19,1918,3684,4781,14257,14258,14259,14262,14263
14261	14260,19,1918,3684,4781,14257,14258,14259,14262,14263
14262	4781,14257,14260,14261
14263	4781,14257,14260,14261
14264	22586,7651,562,5960,13411,14346,21273,44446,14379,3831
14265	12329,8154,338,10939,12318,12340,13523,14284,21676,31763
14266	28381,10473,14288,14309,198,3869,4101,5085,6318,9376
14267	13654,8783,10469,3937,10500,12029,13621,14283,14310,14321
14268	14309,14339,4738,6328,6397,11244,12227,12319,13621,13654
14269	13654,14880,291,606,5986,6397,6577,9394,11878,12715
14270	2864,6328,14301,291,487,589,622,973,1216,1230
14271	575,4782,14324,15297,5670,7509,8813,9861,10494,13618
14272	34086,3360,4841,6328,8154,9969,10469,13453,13621,14293
14273	4782,14317,1137,2554,2802,3869,6397,10469,10539,12315
14274	21171,351,10500,11878,12715,23173,372,3283,7611,7651
14275	714,2413,2944,3869,7852,9970,10539,12781,14266,14273
14276	8154,13654,14293,291,523,589,1489,2786,2831,2894
14277	10500,20567,22049,22068,48440,2092,2554,2827,5776,8154
14278	291,522,579,621,1230,3869,10504,10539,12060,12577
14279	14319,22450,87,281,291,439,547,580,589,660
14280	1680,9874,9969,11878,14277,14304,17343,20506,23789,26944
14281	6328,14309,444,5085,6789,7473,8154,10445,11516,12227
14282	14277,1186,3505,3684,3729,3733,3742,12556,13621,14297
14283	22069,28381,10469,11878,13400,13411,13621,14318,24096,546
14284	7612,10801,11244,14318,14332,42717,42741,338,3005,5040
14285	4046,4053,4196,4254,4320,6877,9892,10240,11021,14296
14286	3937,14271,14880,28381,338,351,575,577,2802,4738
14287	13654,14267,14329,208,291,351,525,589,1169,1174
14288	28381,4101,7630,14266,14283,14309,18349,22049,30818,198
14289	7615,12906,2053,3466,3898,8455,8508,11292,11309,12877
14290	9774,11181,14315,21171,338,351,1301,4717,5682,5965
14291	3937,14318,2795,5933,10468,10534,575,578,3549,4104
14292	14318,580,12715,13681,14274,14296,14297,14300,14304,14315
14293	3360,5986,10500,12714,13621,13654,14312,28381,606,8154
14294	8685,9453,23717,27334,1366,1545,1600,3869,3885,4104
14295	10709,1613,2827,10469,10732,14301,14311,14318,14326,14339
14296	22147,615,662,1137,4159,4202,4206,8529,14274,14315
14297	12715,11166,13246,13621,14312,14335,20567,40344,41697,42527
14298	49268,3869,5085,8047,8514,10539,12781,14266,14273,14275
14299	14340,19,204,291,340,589,660,667,1181,1904
14300	3937,14318,41697,10454,14271,14304,16659,30182,595,2204
14301	14318,4717,30773,535,546,1216,2827,3230,3437,3548
14302	4717,10469,46700,2802,2827,5071,7173,13621,30793,223
14303	9301,9319,2802,9310,9311,9315,9316,9329,9335,9337
14304	14300,20849,20899,202,546,602,606,615,622,2827
14305	4104,8154,14286,291,342,589,1036,1329,1387,1404
14306	11540,2080,4264,12401,14339,622,2093,2841,3903,4090
14307	6397,10469,13408,14273,14317,14318,21158,22077,42971,291
14308	3869,10539,12781,14266,14273,14275,14278,14289,14294,14298
14309	12328,15310,579,622,12195,13621,21935,22069,22234,28381
14310	30125,10500,11369,14321,23333,25926,7549,8154,11660,11878
14311	10709,14295,45501,291,589,1787,1927,2535,2576,2786
14312	8154,14315,6328,13621,14293,47577,606,12715,13400,14297
14313	291,589,3360,3869,4104,4845,5085,5965,5986,6328
14314	3937,12227,13621,14368,21094,579,622,2805,3869,4717
14315	7651,615,4289,7611,14312,15761,21238,564,606,7566
14316	453,2059,2104,2850,3230,3450,4159,4185,8501,10459
14317	7651,4782,14273,22069,340,3360,6328,8154,10469,11560
14318	4841,2786,17059,41697,562,575,4782,10469,10534,13400
14319	9393,42547,6778,7611,7651,8154,11369,11881,12715,13621
14320	4046,14324,595,616,3869,4246,5986,6279,8593,10468
14321	14310,30125,12043,12227,13621,14267,25801,25807,25823,25824
14322	291,339,439,503,589,1088,1100,1110,1113,1220
14323	8154,11878,13400,14330,14332,14339,25823,622,3094,3360
14324	14271,13640,7678,17359,22589,490,546,3937,4782,5085
14325	578,2786,3937,8794,10469,14271,14562,14928,16272,16280
14326	5085,14295,14319,14339,22069,222,291,366,589,1196
14327	14318,14271,2827,5957,11244,16275,20853,22623,23608,589
14328	8199,6397,25992,30866,49364,219,222,291,472,569
14329	4279,22158,3971,4046,9389,13621,14267,21958,22069,47632
14330	11878,28381,12715,13621,14310,14323,28241,45108,606,3360
14331	28381,9925,10469,11878,12067,14271,30787,354,3869,4104
14332	5589,5603,5609,5615,5616,5590,5612,5621,5632,1823
14333	14284,17557,5986,6624,6691,7479,8217,8773,9770,9969
14334	14333,265,291,589,1111,1283,1719,1794,2122,3360
14335	25747,16007,25864,7635,30125,535,20500,25837,30862,8154
14336	21672,338,6397,10709,14267,14317,14321,22158,25771,232
14337	14431,21963,22586,291,589,3360,3869,4104,4188,4845
14338	4717,5670,7611,9882,13654,21227,27480,52,291,347
14339	12227,8529,14346,22089,622,4782,8154,9105,11878,14268
14340	3937,562,4101,4167,4839,4841,8154,10504,10510,11522
14341	22395,7897,22382,22385,22386,23441,3869,10469,11260,12227
14342	30836,562,6328,10801,11576,14318,25830,28613,33051,154
14343	579,14302,14314,20567,223,338,366,546,575,578
14344	30862,1301,3305,6785,6902,7635,7639,7672,9940,10305
14345	579,4988,5234,9102,11860,12321,12715,13475,13621,22528
14346	7651,14390,22089,39012,9920,14264,4839,11878,4736,9861
14347	22158,4048,566,4167,4198,4270,4281,6650,8698,10408
14348	595,5809,12714,13654,14293,14377,14393,14411,18385,21712
14349	13411,15556,562,3937,6328,8508,12047,13621,14264,14283
14350	21583,21594,21598,14264,21580,21587,21592,577,579,591
14351	9928,15660,23234,606,5986,7611,7638,9861,14346,14379
14352	22069,1216,4782,24025,557,1113,4184,4839,5957,8233
14353	4782,9925,20500,25168,33505,52,223,284,557,562
14354	22089,522,5986,42555,1230,4782,4839,5948,7181,9861
14355	3685,7181,10505,10522,23043,39005,39006,39007,39008,39009
14356	16276,30307,30312,30316,30320,30321,30324,30328,30334,30338
14357	82,951,1041,2238,3133,5934,8136,8154,8813,8816
14358	3518,3549,4988,7266,13654,43971,43982,44012,146,202
14359	42692,29622,42697,42702,42748,1220,2496,4059,11220,12715
14360	3948,3958,3971,4046,4070,4101,4162,4182,4189,4196
14361	4296,3920,21958,2849,4035,4166,4295,22089,22158,22164
14362	20567,4234,4254,4782,7651,12210,14264,14941,20333,22069
14363	98,3488,3831,3937,5049,5482,5501,5516,5971,9105
14364	14309,909,1433,3237,3250,4210,6977,7473,7590,8233
14365	22247,4295,22158,42811,4206,4279,16215,22827,28563,31122
14366	575,14264,22577,579,2802,4965,5924,9925,11180,12060
14367	4717,5097,7630,11218,13422,14274,14379,16670,30870,49100
14368	3937,14421,4032,14314,15328,30125,30870,535,546,579
14369	534,535,579,591,595,608,613,616,622,626
14370	22199,4048,4166,4196,4279,4289,4300,4301,20959,4033
14371	48441,48446,48476,6223,10498,12195,20565,20599,21077,24850
14372	30881,3937,10468,13400,580,4839,5373,8508,9940,12497
14373	43190,591,16878,158,161,577,579,608,618,1670
14374	13621,14310,15985,15989,15992,15993,15996,15997,15999,16000
14375	20500,30125,44746,4717,7549,7599,7651,7675,10500,11660
14376	21238,9928,20500,21171,562,9986,10500,23173,5948,5986
14377	11885,13654,14303,14348,20500,546,547,579,582,595
14378	10454,12331,14264,1357,3831,3937,9391,9861,10483,10533
14379	9861,21273,14264,6328,7651,14346,15761,21171,23178,577
14380	9928,3937,9398,9890,11576,12331,14264,14382,15328,30178
14381	4988,5960,25728,82,236,548,578,951,1041,1043
14382	13400,9861,12328,12331,12438,21935,30867,2034,2841,4139
14383	223,405,450,887,1404,1502,2608,2864,3879,3971
14384	9861,14412,6303,9872,12331,12438,12537,14346,17441,22089
14385	48501,562,8685,285,575,4104,4841,14264,14318,14529
14386	5766,7989,10500,41775,549,575,606,615,3937,5186
14387	472,546,571,580,1235,1241,1257,2444,3230,4265
14388	134,1380,1976,2648,5533,8270,8273,8286,8292,8293
14389	6142,12326,15869,16280,20798,4112,5948,6121,6191,7024
14390	14421,14346,4839,30860,10468,615,7639,12328,13140,14410
14391	13400,14318,5995,9950,18362,18844,22089,26055,35875,338
14392	
14393	595,14348,168,285,366,499,553,579,1196,1413
14394	22158,4182,4198,4048,4196,10987,14414,20845,20955,22282
14395	22165,2789,3937,4036,4046,4076,4101,4279,4832,4841
14396	22158,4048,4279,6279,18049,25955,25993,46013,4069,4103
14397	15761,13654,14315,14318,28612,606,615,3175,4782,11660
14398	16007,25837,25864,45999,551,14335,25772,25788,26134,30125
14399	14264,14928,3903,3937,5265,7675,10500,10532,12828,13267
14400	1722,2648,2904,4983,4990,4993,5234,6671,6966,8319
14401	44031,577,591,608,618,2034,3831,4782,5085,5809
14402	8492,4069,4104,10408,10976,11326,14318,14372,15064,15567
14403	575,5373,319,5854,7010,13400,14562,30476,31942,41025
14404	4279,5080,10744,10987,12403,14456,14594,22099,23860,26134
14405	14413,7611,11878,15556,22069,22074,47610,79,98,364
14406	30435,19211,26101,549,5186,5498,5986,7989,9114,11249
14407	577,9925,10459,12392,14264,14332,14410,16272,21948,22069
14408	5990,10987,3931,4279,6413,9391,16007,606,1137,3238
14409	
14410	14390,4841,10468,14264,562,1405,9920,14391,38719,4717
14411	522,9986,20899,3937,7639,9928,9985,10532,12828,14318
14412	14384,3525,3937,7994,9861,9872,10443,10498,14283,14346
14413	4104,5234,14405,22398,2802,2867,4965,5986,7639,10865
14414	14394,26069,7651,13486,22247,22282,22864,28393,28402,28407
14415	21935,3958,9928,10723,15843,223,580,594,3882,3948
14416	21131,13895,26325,12409,14264,18083,21128,22160,22195,22838
14417	9462,14264,7651,9805,14300,14413,17911,18845,35726,41697
14418	11522,522,7675,7989,9986,14569,15858,17478,595,621
14419	9950,10753,10801,14562,16272,18296,22034,23471,28354,44474
14420	578,5960,575,1043,2601,4416,4561,4806,4988,5948
14421	14390,30860,2196,3937,4841,9861,12328,14271,20500,522
14422	2554,9805,9832,9847,14327,20505,30324,35811,19,82
14423	595,13140,14289,28704,45992,338,541,579,580,594
14424	1245,37945,9727,9737,14271,14284,14324,14332,26101,33236
14425	40449,4832,10350,14318,17478,18298,24154,41775,41778,235
14426	8508,10531,16272,606,5995,9986,10350,10532,10723,13495
14427	2596,2623,3407,4246,5353,7617,7644,7667,8407,9490
14428	9861,522,576,579,591,616,2855,3003,3530,3903
14429	48964,4069,4281,5957,7479,7492,8494,8774,8806,9885
14430	
14431	14337,14411,21963,579,595,2802,3869,4188,4233,8068
14432	42543,78,161,223,771,861,1404,1665,1680,1737
14433	960,1139,1657,1679,5008,6304,14434,14435,14436,14437
14434	8671,22968,13478,4389,22927,22946,23040,23685,23696,23697
14435	13792,26853,0,338,352,493,544,631,838,995
14436	7476,8932,13805,13866,13886,13960,13966,14049,14065,14101
14437	34909,8025,9770,22575,26815,26963,45180,6,52,116
14438	14996,161,626,1814,2059,2294,4737,4965,5429,5689
14439	457,542,860,862,1237,1738,1739,1754,1879,2512
14440	6653,6893,8773,12196,14817,14861,16067,16830,17234,19607
14441	5142,2864,4223,4992,6062,8268,8315,8318,8321,8328
14442	17478,18560,109,232,472,556,575,666,685,691
14443	1382,1431,1441,6483,1421,1432,1438,4516,10626,11142
14444	8685,9892,1448,4734,6456,6472,6611,6631,6639,6654
14445	6976,14454,14455,321,624,919,1356,1397,1400,1409
14446	6654,6600,10628,29273,40664,6648,40842,6514,6536,6623
14447	11791,28820,6487,11139,19529,33299,6574,7051,11142,12729
14448	6626,14458,40418,49462,920,1156,1170,1175,1191,1202
14449	5262,168,285,300,499,1406,1413,1448,1797,2400
14450	1448,11120,11794,12784,14444,14445,14446,14447,14448,14449
14451	1356,1382,1387,1421,1448,1772,4494,4509,5402,6458
14452	14454,13115,1432,13177,39584,131,1347,4527,5250,5407
14453	5250,1432,1445,4527,6611,1347,6472,14454,1077,4431
14454	4527,40610,6653,14857,5250,17999,19506,31270,39473,13115
14455	6654,8773,16810,6600,14456,6611,12272,14861,39479,40664
14456	6654,4527,14455,6611,12272,39473,40606,45594,6515,13115
14457	14455,8773,12272,16810,23784,23916,32751,1390,1413,4398
14458	10920,6508,6514,12784,12916,30962,38694,1488,6173,6479
14459	1432,4527,6631,11794,14453,14456,32751,40606,41733,42213
14460	17556,1409,2802,12744,12774,12784,20060,23482,4208,5460
14461	6622,14482,14487,26413,6606,6621,6626,6654,7022,7341
14462	3541,6920,16811,20565,20820,30903,40490,42867,45323,45438
14463	12714,45398,2802,6653,6939,6973,7472,7862,10670,10849
14464	14461,14465,14467,14468,14470,14472,14474,14475,14477,14480
14465	14461,14464,14467,14468,14470,14472,14474,14475,14477,14480
14466	9553,14461,14462,14463,14464,14465,14467,14468,14469,14470
14467	35193,14472,6925,9553,20869,6928,28736,40857,6929,14487
14468	14461,14464,14465,14467,14470,14472,14474,14475,14477,14480
14469	23471,12714,45416,45467,45537,15989,24064,39396,45514,2802
14470	14482,14487,14461,14463,14464,14465,14467,14468,14472,14474
14471	1393,7036,7244,19032,23866,33331,35406,37856,44758,90
14472	14467,6925,6929,4494,6920,9553,10701,18803,23471,23883
14473	14477,14490,9553,14461,14462,14463,14464,14465,14466,14467
14474	732,367,385,336,339,739,4806,12207,14472,20068
14475	14461,14464,14465,14467,14468,14470,14472,14474,14477,14480
14476	9553,6925,14469,20058,25527,45528,785,3931,9950,10709
14477	26773,12341,13495,13534,14268,14461,14464,14465,14467,14468
14478	9553,14472,1263,1772,1894,2618,4755,5402,5460,6670
14479	2687,9553,10876,14461,14462,14463,14464,14465,14466,14467
14480	14461,14464,14465,14467,14468,14470,14472,14474,14475,14477
14481	14487,14467,14472,9553,14461,14464,14465,14468,14470,14474
14482	14487,40850,14461,14470,14472,3376,7261,14464,14465,14467
14483	14461,14464,14465,14467,14468,14470,14472,14474,14475,14480
14484	12924,15769,14477,15703,15771,15774,15779,17732,17735,17736
14485	9553,14461,14464,14465,14467,14468,14470,14472,14474,14475
14486	14461,14464,14465,14467,14468,14470,14472,14474,14475,14477
14487	20067,9553,42921,14467,14481,14482,23307,3430,6598,10163
14488	14461,14464,14465,14467,14468,14470,14472,14474,14475,14477
14489	14482,14487,19978,24428,29130,37857,45519,45546,45558,45672
14490	17556,1409,5460,12259,12784,14463,14473,20060,23482,24198
14491	23468,10716,14461,14482,15063,20060,23469,23471,24487,27959
14492	9553,10670,14461,14462,14463,14464,14465,14466,14467,14468
14493	338,2825,4059,6925,7254,8813,9386,9553,14467,14472
14494	16816,38910,38915,31386,522,570,576,4224,566,21805
14495	14501,14542,48837,4069,14547,21822,24127,48817,48849,48852
14496	559,14500,35278,35301,35304,35311,548,2820,2823,3023
14497	21816,14501,21805,559,4069,14525,21824,48892,48924,548
14498	30852,18081,554,5262,5886,9309,12064,13276,14061,14504
14499	14519,14526,14536,559,14538,14546,14564,3305,14495,14508
14500	548,559,14496,14507,14548,536,3882,3931,4231,4234
14501	14497,14495,14513,14521,14522,14532,14503,14507,14508,16816
14502	14563,559,14497,14519,14525,14536,14546,14564,14526,14528
14503	14519,14532,16816,572,14549,38910,522,576,13426,14497
14504	559,570,572,14549,14554,11523,14503,14512,14544,14559
14505	285,1390,3896,4503,6893,6993,8685,11101,13119,14529
14506	548,559,14496,14497,14500,14501,14507,14512,14513,14520
14507	14495,14500,14501,14513,14521,14522,14532,14543,14546,14547
14508	14501,536,559,14495,14497,14499,14500,14504,14507,14510
14509	14538,14542,21842,2403,14495,14533,21809,536,3305,14499
14510	536,559,8528,10461,14500,14504,14507,14508,14514,14515
14511	559,14497,14519,14525,14536,14546,14564,14526,14528,14538
14512	597,559,14504,14513,14520,14521,14522,14548,14559,548
14513	597,14501,16816,554,14507,14512,14520,14546,14547,14548
14514	343,380,680,6573,13573,368,536,559,4774,4795
14515	14567,4133,14510,15040,22101,22265,19,242,536,548
14516	14544,362,522,548,554,559,560,572,576,597
14517	25450,25451,29078,29103,29117,14948,25434,25469,3494,4311
14518	7702,13618,22450,13267,22599,536,559,2204,3010,3937
14519	14503,14499,14543,14526,14528,14536,14539,14551,16816,554
14520	14548,559,14512,14513,14521,14522,14547,548,554,597
14521	597,14501,16816,554,14507,14512,14520,14546,14547,14548
14522	14551,31386,14501,554,597,14507,14512,14520,14546,14547
14523	536,559,8492,14495,14497,14500,14501,14504,14507,14508
14524	548,559,14496,14497,14500,14501,14506,14507,14512,14513
14525	14547,14497,559,14495,14502,14511,14539,14546,14563,14564
14526	14499,14519,14536,14538,559,3305,14533,14547,14502,14509
14527	548,559,10678,14496,14497,14500,14501,14506,14507,14512
14528	14519,14547,14536,554,597,14495,14499,14502,14503,14507
14529	6653,5250,13115,17999,12210,14385,14544,14582,14818,14857
14530	554,597,3305,14497,14501,14503,14507,14513,14519,14521
14531	7564,7531,7540,7581,10740,536,559,1301,4069,4101
14532	14503,14543,14501,14551,14507,14546,14547,31386,548,554
14533	14538,3305,14509,14526,14542,21842,559,14499,14519,14520
14534	20812,20794,20813,20782,20808,20809,25960,45307,548,554
14535	536,559,572,597,4104,14514,134,325,522,545
14536	559,14499,14519,14526,14546,14497,14502,14511,14528,14538
14537	14569,27762,46089,229,232,472,536,548,554,559
14538	21842,14509,2403,559,14526,14533,21809,3305,14499,14519
14539	14547,14519,14495,14525,14564,554,597,14499,14502,14503
14540	572,559,14544,522,8494,14503,14529,14549,14554,14558
14541	536,548,554,559,572,597,3305,8528,11523,13323
14542	21824,2403,14495,14509,14533,21809,3305,8492,14499,14501
14543	14519,14532,38915,597,554,14507,14548,536,621,11190
14544	554,14529,14540,572,14504,38910,43249,522,548,559
14545	7242,22158,4295,4590,11018,20465,22091,22163,23202,25791
14546	14536,14497,14499,14502,14507,14511,14513,14521,14522,14525
14547	14525,14539,14495,14528,14507,14513,14520,14521,14522,14526
14548	559,14520,14500,14507,14512,14513,14521,14522,14538,14543
14549	14503,14504,14554,14568,14570,38910,522,559,572,8528
14550	597,548,554,576,1228,2177,2188,2864,6935,13072
14551	14522,597,14519,14532,38915,554,14507,14548,536,621
14552	536,548,554,559,572,597,3305,8528,11523,13323
14553	5854,8468,8528,13107,536,548,559,638,1404,5773
14554	15818,559,4246,14504,14549,522,572,576,3322,3327
14555	559,3702,11523,14554,235,536,548,554,572,576
14556	146,201,536,548,554,559,566,572,597,3250
14557	554,597,14561,522,38910,536,574,576,598,619
14558	597,11523,14559,14561,536,559,572,14503,14540,14568
14559	559,572,14558,11523,14503,14504,14512,14540,14554,38920
14560	2820,2823,8101,14519,106,554,597,689,2190,2211
14561	597,14557,11523,14558,522,536,559,574,598,619
14562	575,43064,20567,338,2540,3937,14318,23306,472,578
14563	14502,559,14497,14519,14525,14536,14538,14546,14564,536
14564	559,14499,14502,14511,14519,14525,14539,14546,14563,14495
14565	536,548,554,559,572,597,3305,8528,11523,13323
14566	536,548,554,559,572,597,3305,8528,11523,13323
14567	14515,22265,19,168,2680,4133,8454,9326,12122,12636
14568	14549,14503,14558,14570,559,572,597,11523,14504,14519
14569	522,2554,10468,14271,3305,3926,9861,9986,14346,14390
14570	14549,554,559,14503,14504,14554,14568,536,572,14500
14571	536,548,554,559,572,597,3305,8528,11523,13323
14572	12352,24269
14573	3702,5854,13644,14575,14576,14830,16639,16644,17340,24251
14574	14575,14576,24269
14575	14573,14574,14576
14576	5988,7690,8154,12342,12392,13620,14573,14574,14575,14860
14577	16894,11,110,168,242,638,1356,1376,1453,1638
14578	2040,2076,43506,2017,2060,2857,3474,3770,4591,5005
14579	14586,14580,16894,3734,6679,9206,12633,14578,14582,14583
14580	14579,14581,14586,9206,12633,14578,14582,14583,14584,14587
14581	14181,15175,20075,21556,23550,33051,35613,35621,35633,35692
14582	6611,6654,6660,6653,6542,5250,7950,10778,12272,13115
14583	2059,2091,6809,10764,12633,14579,14580,14581,14582,14584
14584	38949,12047,12633,14578,14579,14580,14581,14582,14583,14585
14585	8670,25912,35678,38704,581,815,1137,2027,2059,2496
14586	14579,14580,16894,3734,6679,9206,12633,14578,14582,14583
14587	12633,14578,14579,14580,14581,14582,14583,14584,14585,14586
14588	1431,4410,5458,6487,7511,8122,8163,8191,8215,14447
14589	1428,1380,1382,1384,1393,1415,1934,2520,2914,3394
14590	9490,14562,24310,609,754,1967,2238,2540,5048,5498
14591	503,1250,1389,1670,1797,1860,2662,6109,6888,6962
14592	2681,168,2687,4659,8685,12784,18587,19032,24661,29444
14593	2554,10723,12677,14421,23173,79,339,528,638,1244
14594	2802,7649,3412,4679,5080,10670,10799,12784,14404,14456
14595	14614,14602,14599,14613,14596,14598,14618,9553,10799,14601
14596	22718,22711,11242,14595,14597,14598,14599,14600,14605,14607
14597	14605,14617,14599,14613,14596,14598,9553,10799,14601,14603
14598	6660,7034,14582,6653,10778,1356,1397,3395,6473,6654
14599	14595,14600,14607,14614,14597,14602,14613,14596,14598,14618
14600	14599,14596,14598,14618,9553,10799,14601,14603,14611,14615
14601	10744,14595,14596,14597,14598,14599,14600,14602,14603,14605
14602	10744,14595,14614,14599,14613,14617,14596,14598,14601,14603
14603	4672,7950,6556,9453,10744,10809,11743,14595,14596,14597
14604	14620,14617,1858,4672,7950,9453,9553,11743,11779,14609
14605	14597,14617,14596,14598,9553,10799,14601,14603,14611,14615
14606	6654,6508,23906,37866,39394,6496,6514,6982,7041,7047
14607	14599,14613,14596,14598,14618,9553,10799,14601,14603,14611
14608	14613,14596,14598,14618,9553,10799,14601,14603,14611,14615
14609	3023,8401,14604,30604,42421,439,1876,2820,2823,2862
14610	12280,7660,7696,9553,12647,14596,14615,14616,16470,28382
14611	7279,17604,1680,5307,7012,44626,45581,1397,1787,4509
14612	9553,10744,12280,14595,14596,14597,14598,14599,14600,14601
14613	14607,14608,14595,14597,14620,14599,14602,14617,14596,14598
14614	14595,14602,14599,14596,14598,14618,9553,10799,14601,14603
14615	14616,15987,36383,7667,9553,12060,30133,44639,338,606
14616	14615,15987,7667,16620,14596,36383,1432,4527,5078,5089
14617	14605,14604,14620,14597,14602,14613,9553,14596,14598,14615
14618	10744,14595,14599,14600,14607,14608,14614,14602,14604,14613
14619	9553,10744,12280,14595,14596,14597,14598,14599,14600,14601
14620	14604,14617,14613,9553,14596,14598,14615,14616,14618,20729
14621	29888,38711,17687,42207,1854,14038,17690,20569,29597,36181
14622	338,575,1421,1809,3328,3819,3937,3947,4104,4276
14623	14640,14649,14662,14672,14680,14630,14645,14658,14625,14633
14624	1809,3819,6394,14622,14623,14625,14626,14627,14628,14629
14625	14634,14640,14642,14644,14633,14623,14658,14682,14637,14645
14626	14660,14630,14633,14637,14652,14656,14662,14665,14671,14673
14627	14660,14661,14680,14662,14666,14673,14678,29888,14634,14647
14628	14636,14640,14649,14657,14667,14668,14677,1809,3819,6394
14629	14638,14642,14644,14664,14665,14667,14672,1809,3819,6394
14630	14665,14653,14685,14640,14671,14675,14684,14623,14634,14657
14631	14660,4112,14645,17684,17689,18167,29888,1809,3819,6394
14632	14671,14684,14672,14649,14637,14639,14646,14660,14661,14623
14633	14645,14649,14625,14637,14642,14658,14623,14630,14646,14651
14634	14665,14625,14642,14684,14630,14660,14667,14672,14680,14652
14635	656,820,1809,3819,6394,14622,14623,14624,14625,14626
14636	14667,14661,14645,14684,14649,14653,14658,14665,14666,14671
14637	14665,14683,14649,14671,14682,14642,14632,14633,14644,14650
14638	14671,14632,14633,14639,14640,14644,14646,14656,14672,14678
14639	14632,14671,14644,14649,14672,14684,14633,14638,14646,14658
14640	14645,14642,14623,14630,14649,14662,14673,14680,14625,14653
14641	14630,14636,14645,14653,14655,6394,14623,14634,14640,14650
14642	14665,14640,14680,14625,14634,14637,14679,14633,14652,14667
14643	49100,49111,49113,49122,49141,49158,7557,36197,46593,49102
14644	14649,14625,14658,14682,14637,14660,14661,14667,14623,14639
14645	14640,14662,14633,14636,14650,14666,14673,14623,14658,14642
14646	14671,14632,14633,14640,14684,14638,14639,14645,14649,14651
14647	14662,14680,14637,14627,14642,14645,14661,14673,14678,14682
14648	14671,14684,14636,14651,14662,14665,14623,14625,14632,14633
14649	14672,14637,14640,14644,14623,14632,14633,14658,14662,14680
14650	14645,14637,14640,14655,14660,14632,14662,14671,14680,14623
14651	14630,14633,14640,14649,14671,14684,14623,14625,14632,14646
14652	14679,14665,14640,14642,14633,14634,14644,14682,14623,14626
14653	14630,14673,14640,14662,14636,14685,14623,14634,14658,14667
14654	14667,14625,14630,14634,14665,14626,14636,14637,14642,14648
14655	14685,14667,14640,14665,14623,14650,14657,14675,14682,14634
14656	14678,14662,14671,14673,14684,14626,14630,14632,14634,14636
14657	14630,14637,14640,14665,14680,14655,14678,14683,14661,14675
14658	14644,14649,14623,14630,14633,14636,14640,14645,14660,14661
14659	14668,14623,14626,14651,14652,14665,14671,14679,1809,3819
14660	14667,14673,14627,14666,14671,14678,14683,14684,14685,14634
14661	14636,14667,14678,14627,14644,14658,14671,14687,14623,14632
14662	14675,14640,14645,14623,14649,14653,14666,14684,14647,14671
14663	14630,14636,14637,14645,14653,14655,14658,14660,14661,14662
14664	14660,14667,14638,14642,14644,14658,14662,14671,14672,14677
14665	14634,14642,14637,14680,14630,14679,14682,14652,14655,29888
14666	14645,14660,14662,14673,14636,14678,14627,14683,14688,29888
14667	14636,14660,14661,14655,14684,14634,14642,14644,14671,14672
14668	14637,14649,14623,14633,14636,14640,14662,14665,14671,14625
14669	14630,14662,14623,14632,14634,14636,14637,14639,14640,14644
14670	6394,14623,14627,14630,14634,14636,14640,14641,14645,14652
14671	14684,14632,14630,14637,14660,14636,14639,14646,14648,14661
14672	14649,14632,14623,14634,14637,14658,14667,14636,14639,14645
14673	14660,14640,14653,14645,14666,14682,14627,14642,14649,14656
14674	14637,14636,14665,14673,14683,14630,14633,14649,14680,14626
14675	14662,14630,14680,14649,14683,14623,14655,14665,14684,14685
14676	169,554,566,597,1809,3362,3819,3994,4104,4254
14677	14649,14625,14672,14623,14632,14637,14640,14657,14664,14667
14678	14661,14660,14682,14640,14642,14656,14666,14627,14645,14657
14679	14652,14665,14642,14640,14682,14633,14634,14644,14626,14630
14680	14665,14640,14642,14623,14627,14649,14675,29888,14634,14647
14681	49100,7557,49122,46565,49111,49141,25440,46570,49102,49117
14682	14637,14665,14644,14678,14640,14660,14667,14673,14679,14625
14683	14637,14660,14685,14665,14675,14640,14645,14649,14657,14666
14684	14671,14632,14630,14634,14636,14660,14662,14667,14648,14639
14685	14655,14630,14660,14683,14653,14667,14640,14645,14675,14623
14686	1137,3926,4264,4295,4296,6280,14761,16009,22090,30716
14687	14661,14680,14627,14630,14636,14645,14660,14662,14666,14678
14688	14660,14680,14630,14636,14645,14662,14665,14666,29888,14627
14689	1617,1673,2646,7549,16007,20107,26921,32477,38862,38881
14690	6487,6563,6611,6671,23791,37856,19,6451,6452,6524
14691	12107,15301,342,2545,10500,12627,15285,18311,20500,20588
14692	14711,29869,1099,13074,14690,14693,14698,19141,19149,19154
14693	2681,9775,12580,14690,14692,14697,14698,14701,14704,14705
14694	5931,10077,49946,12,87,378,386,576,910,1136
14695	14690,14691,14692,14693,14694,14696,14697,14698,14699,14700
14696	14700,14704,14713,14711,14697,7016,7061,10166,12647,14690
14697	14701,14704,14705,14706,14713,14716,14719,14751,14765,14690
14698	14690,14692,14693,14697,14701,14704,14705,14706,14711,14713
14699	660,10468,10516,14346,15330,20846,22068,23168,24011,24259
14700	14707,14750,14696,32476,1099,1100,1617,1797,7016,7061
14701	14697,14690,14693,14698,32477,40822,3931,4024,6038,7016
14702	570,979,1823,2630,3801,3850,5218,5320,6362,6368
14703	4114,6151,7869,11843,13176,14690,14691,14692,14693,14694
14704	14705,14719,14696,14711,14751,14697,14690,14693,14698,32477
14705	14704,14751,14697,14690,14693,14698,32477,7016,7061,10166
14706	14711,14751,14697,6999,7006,7057,7060,14690,14693,14698
14707	14700,14751,12647,14697,25197,7016,7061,10166,14690,14691
14708	14690,857,909,957,1250,1389,1676,1813,2060,2068
14709	23386,9615,38886,9640,9649,14756,17302,38865,38870,38885
14710	484,4354,5681,7661,9467,10097,10519,12272,13618,13686
14711	14692,14706,14713,14716,14719,14696,14704,14765,14751,14690
14712	14690,14691,14692,14693,14694,14695,14696,14697,14698,14699
14713	14716,14765,14696,14711,14751,14697,14690,14693,14698,32477
14714	14690,14691,14692,14693,14694,14695,14696,14697,14698,14699
14715	14690,14691,14692,14693,14694,14695,14696,14697,14698,14699
14716	14713,14711,14751,14697,14690,14693,14698,32477,7016,7061
14717	14690,14691,14692,14693,14694,14695,14696,14697,14698,14699
14718	14690,14691,14692,14693,14694,14695,14696,14697,14698,14699
14719	14704,14711,14697,14690,14693,14698,32477,1045,7016,7061
14720	14690,14691,14692,14693,14694,14695,14696,14697,14698,14699
14721	14690,14691,14692,14693,14694,14695,14696,14697,14698,14699
14722	18845,21273,22081,472,522,1832,2841,3622,3904,5265
14723	1022,10264,11609,14782,30223,44570,44579,44593,19,198
14724	10653,10663,624,1431,1933,2904,3437,5458,8123,10651
14725	14690,14691,14692,14693,14694,14695,14696,14697,14698,14699
14726	5803,8488,918,1270,1394,1655,2142,2225,2542,2894
14727	14690,14691,14692,14693,14694,14695,14696,14697,14698,14699
14728	9095,12669,21958,28297,28611,32865,34174,44360,44363,44364
14729	19,622,1100,1230,1357,1502,1529,1534,1537,1543
14730	24689,39025,39037,39044,24280,32364,35586,35608,35748,1019
14731	1782,3685,4364,5924,5951,6061,6117,11417,13917,13993
14732	3466,7556,14690,14691,14692,14693,14694,14695,14696,14697
14733	4839,5143,13501,14690,14691,14692,14693,14694,14695,14696
14734	13569,22101,22164,24885,29462,36587,660,2512,2782,3519
14735	14690,14691,14692,14693,14694,14695,14696,14697,14698,14699
14736	7860,7867,7880,7879,21376,7873,7874,7887,21386,21405
14737	14690,14691,14692,14693,14694,14695,14696,14697,14698,14699
14738	33498,37981,1114,3734,7001,7721,7723,7736,8685,8816
14739	20563,4118,6807,14941,45109,569,1137,2949,3903,6279
14740	2640,2684,4133,7755,13808,15175,15356,19920,20075,25205
14741	569,3903,3992,4021,4163,4184,4300,4301,7246,8519
14742	14690,14691,14692,14693,14694,14695,14696,14697,14698,14699
14743	1085,1100,19,439,1088,2644,4791,6220,13848,14746
14744	36735,36698,36808,10055,34644,36674,36688,36699,36708,36711
14745	14693,14752,186,554,850,975,1011,1113,1383,1534
14746	1694,2687,2667,1689,2689,2413,2659,1692,1705,1677
14747	208,350,543,2567,2690,2915,3230,3577,6171,8516
14748	14690,14691,14692,14693,14694,14695,14696,14697,14698,14699
14749	14690,14691,14692,14693,14694,14695,14696,14697,14698,14699
14750	14700,14765,14751,14697,7016,7061,10166,12647,14690,14691
14751	14705,14706,14716,14765,14707,14713,14750,14704,14697,14711
14752	43046,975,1113,6038,14693,14745,34265,43038,45587,186
14753	14690,14691,14692,14693,14694,14695,14696,14697,14698,14699
14754	11064,11072,14690,14691,14692,14693,14694,14695,14696,14697
14755	14690,14691,14692,14693,14694,14695,14696,14697,14698,14699
14756	11595,14709,38866,43242,9615,9616,9640,17302,23386,38861
14757	30862,7635,7612,25747,25807,25820,25823,25864,25866,30165
14758	503,1488,1489,1513,1518,2914,7289,7343,8737,14690
14759	14690,14691,14692,14693,14694,14695,14696,14697,14698,14699
14760	576,2929,2948,2949,2957,2961,2967,2973,2986,2999
14761	39203,39205,1137,14686,16009,30872,39193,1186,2802,3721
14762	14690,14691,14692,14693,14694,14695,14696,14697,14698,14699
14763	4782,5886,6236,9309,10369,11572,14498,14690,14691,14692
14764	36011,299,17748,24362,24363,35978,35993,35994,35996,36013
14765	14750,14713,14751,14711,14697,14690,14693,14698,32477,7016
14766	1436,6496,6498,6508,6523,6530,6574,6575,6601,6623
14767	11192,42414,44379,45870,28,338,575,2773,2786,3328
14768	14746,14770,29444,19,82,168,438,1657,1664,1667
14769	14690,14691,14692,14693,14694,14695,14696,14697,14698,14699
14770	13973,3880,4389,34641,528,6115,11389,12578,17497,22346
14771	14690,14691,14692,14693,14694,14695,14696,14697,14698,14699
14772	14690,14691,14692,14693,14694,14695,14696,14697,14698,14699
14773	14690,14691,14692,14693,14694,14695,14696,14697,14698,14699
14774	19130,40735,15710,27247,48537,105,114,162,439,670
14775	14690,14691,14692,14693,14694,14695,14696,14697,14698,14699
14776	14690,14691,14692,14693,14694,14695,14696,14697,14698,14699
14777	46026,13530,46012,39451,39470,46028,39462,39446,39450,39453
14778	7635,14757,14931,23447,24381,25764,25795,25796,25807,25814
14779	14690,14691,14692,14693,14694,14695,14696,14697,14698,14699
14780	14690,14691,14692,14693,14694,14695,14696,14697,14698,14699
14781	4103,4182,4195,4279,5551,11551,12549,14396,14690,14691
14782	14723,27584,31078,19,110,168,198,339,374,971
14783	14690,14691,14692,14693,14694,14695,14696,14697,14698,14699
14784	14690,14691,14692,14693,14694,14695,14696,14697,14698,14699
14785	130,2785,4561,6428,7639,7989,9451,9928,9949,11214
14786	14690,14691,14692,14693,14694,14695,14696,14697,14698,14699
14787	14690,14691,14692,14693,14694,14695,14696,14697,14698,14699
14788	13655,579,9986,10532,13233,16272,26104,30142,291,457
14789	14690,14691,14692,14693,14694,14695,14696,14697,14698,14699
14790	
14791	
14792	
14793	
14794	37035,37168,37030,37011,44101,10103,36672,36707,36735,36892
14795	
14796	37273,39234,971,1782,1823,2142,4184,7521,7713,8667
14797	14029,45194,204,1670,2413,2689,3231,8154,8271,9487
14798	
14799	9770,74,88,4104,4454,4502,5639,5809,6214,6513
14800	40630,1077,40627,1076,17588,40625,1421,13372,17555,38209
14801	14820,14824,14827,14835,14840,1076,14806,14825,14813,14826
14802	14821,14837,14840,14809,14838,14842,14801,14817,14820,14824
14803	14809,14811,14821,26349,223,284,338,536,2946,4446
14804	14819,14818,14813,14825,14830,14838,14826,14834,14836,14850
14805	14818,14831,14838,14841,14801,14804,14806,14813,14815,14820
14806	14825,14827,1077,14801,14813,14815,14818,14819,14820,14830
14807	14818,14831,14834,14835,14836,14801,14809,14819,14820,14821
14808	28722,45569,6928,45493,45514,45528,20058,22645,25527,45444
14809	14825,14834,14837,40627,7930,40625,40641,1421,14802,14833
14810	14818,14822,14815,14836,14819,14824,14834,1077,14801,14804
14811	14806,14810,14816,14822,14849,14801,14803,14804,14805,14813
14812	14804,14806,14813,14821,14830,14831,14838,13372,14801,14805
14813	14831,14804,14820,14806,14838,14801,14818,14819,14841,14850
14814	14828,14806,14850,14801,14804,14805,14810,14811,14813,14815
14815	14824,14828,1077,14818,14826,1076,14806,14810,14836,40630
14816	14806,14810,14811,14822,14849,1077,14801,14804,14805,14813
14817	6653,14836,14837,14802,14833,14838,14840,14842,17588,40641
14818	6654,6611,14822,14804,14815,14841,4527,14823,14845,22239
14819	14804,14822,14836,14834,14806,14825,14830,14840,14810,14813
14820	14801,14838,14831,14824,14835,1421,14825,14813,14827,14806
14821	14830,14828,14840,40630,14835,29163,14842,14802,14837,7051
14822	14819,14818,14841,14810,1076,14836,14834,40630,14805,14811
14823	16486,7019,7022,18024,17755,7036,17200,17218,1772,7327
14824	14815,14801,1077,14820,14826,14827,14828,10792,39394,1076
14825	14809,14804,14820,14806,14838,14801,14819,14841,1077,4670
14826	14815,14824,14828,14804,14818,14850,14801,14820,1076,14810
14827	14830,14824,14801,14806,14820,14818,14819,14838,14841,14850
14828	14815,14821,14824,14826,6970,14818,37836,49635,6535,6986
14829	14820,14836,14838,14801,14819,14824,14831,14834,14835,14842
14830	14821,14827,14804,14806,14818,14819,14801,14838,14841,14810
14831	14813,14820,14838,14841,1077,14836,14850,1076,13372,14805
14832	6565,23484,1247,1388,6580,10707,14801,14802,14803,14817
14833	14836,14838,1421,6934,14809,14820,14802,14817,14837,17218
14834	14809,14819,14845,1077,14824,40629,14804,14810,14815,14822
14835	14820,14821,14801,14845,14824,1077,14819,14831,1421,14810
14836	14819,14842,14833,40625,40629,1077,14810,14815,14822,14824
14837	14840,14809,14838,14802,14821,17588,14817,14842,40626,40630
14838	14820,14831,14804,14841,14825,14837,14813,14833,40627,13372
14839	14838,14818,14820,14824,14850,14801,14804,14805,14806,14811
14840	14821,14837,14801,14802,14819,40627,1077,14824,17555,17588
14841	14818,14822,14831,14838,14806,14805,14813,14827,14830,14836
14842	14836,14821,40630,14801,14802,14819,14820,14837,40625,14810
14843	14801,14802,14803,14804,14805,14806,14807,14808,14809,14810
14844	14801,14819,14820,14821,14824,14829,14831,14835,14836,14838
14845	14818,14834,14835,14838,14809,1356,6609,6653,6654,14820
14846	14804,14805,14806,14809,14812,14813,14818,14819,14821,14822
14847	14821,14804,14816,14822,14824,14826,14831,14850,1076,1077
14848	14850,14809,14821,14849,362,4288,6609,11350,11802,13657
14849	14806,14810,14811,14816,14822,14801,14804,14805,14813,14814
14850	14824,14826,14831,14804,14813,14815,14820,14827,14828,14838
14851	14801,14804,14806,14809,14815,14818,14819,14822,14824,14825
14852	14801,14802,14803,14804,14805,14806,14807,14808,14809,14810
14853	14801,14802,14803,14804,14805,14806,14807,14808,14809,14810
14854	311,1077,1387,1406,1426,1432,1436,1772,1973,1982
14855	82,543,626,627,3575,5283,5389,5396,5408,6783
14856	14821,14802,14809,14819,14823,14824,5382,5407,6671,7051
14857	1432,14454,6653,4527,17999,6611,13115,17649,5250,17238
14858	14809,14818,14824,14833,14834,14835,14838,14839,14840,10644
14859	1397,10638,11120,17748,559,1393,1664,1666,1673,1680
14860	6611,8180,35148,41106,6542,6600,6653,6660,8773,11715
14861	6653,17234,1657,12196,17999,1670,5249,14455,17235,39479
14862	8536,13430,3702,3931,4197,4234,6545,7697,8763,12344
14863	1858,12885,14604,17300,18009,26254,26269,31358,40668,1397
14864	503,11092,11100,11105,11115,11138,12729,24396,1382,1387
14865	15480,15495,15514,5460,10783,12733,15487,37876,918,1375
14866	14860,14861,14862,14863,14864,14865,33521
14867	3450,14990,14992,29003,4246,15843,23013,541,5086,15689
14868	20500,4782,10652,11369,22069,2287,5760,5995,8154,8233
14869	4153,4270,22099,22158,25807,3971,4048,4179,8698,10408
14870	14872,14875,14878,14880,14884,14885,14892,14894,14897,14900
14871	42240,4717,7638,9488,11865,14151,14899,14913,18581,20539
14872	14875,14905,14915,20567,30409,44417,1918,9467,10499,14870
14873	47315,14941,21828,47259,47263,47269,47289,47290,47317,47325
14874	472,2864,12210,14868,14869,14870,14871,14872,14873,14875
14875	562,9928,11208,14872,21926,28613,47577,546,4717,4927
14876	472,2864,12210,14868,14869,14870,14871,14872,14873,14874
14877	12308,12339,14921,2831,3937,4687,5089,6121,6142,6477
14878	5033,14870,14872,14875,14880,14884,14885,14892,14894,14897
14879	590,4041,4052,6328,8492,10632,11658,14873,14896,14911
14880	7248,30155,562,5986,14318,23173,27312,30148,45992,546
14881	14873,14911,14926,14941,202,269,472,551,1137,2059
14882	472,2864,12210,14868,14869,14870,14871,14872,14873,14874
14883	472,2590,2864,4642,4766,5178,5262,5337,5375,6529
14884	14897,14900,14905,14913,8101,14870,14872,14873,14875,14878
14885	2864,14870,14872,14875,14878,14880,14884,14892,14894,14897
14886	472,2484,2485,2489,2497,2864,12210,14868,14869,14870
14887	11833,12210,14900,14926,14927,17122,24801,27301,32486,123
14888	472,566,2864,3173,3304,3315,3319,3327,3328,3331
14889	28296,25768,28300,28313,28330,472,1201,2864,6941,7638
14890	146,33898,33945,33947,33950,33953,49675,131,185,472
14891	472,2864,3516,9950,9954,12210,14868,14869,14870,14871
14892	14870,14872,14875,14878,14880,14884,14885,14894,14897,14900
14893	14898,3702,4197,4234,4244,5114,6545,7242,7694,7697
14894	14870,14872,14875,14878,14880,14884,14885,14892,14897,14900
14895	36,472,2864,4360,7257,11594,12210,14868,14869,14870
14896	14879,472,2864,3134,3150,3153,3171,3184,3204,12210
14897	14884,14900,2864,8101,10368,14870,14872,14875,14878,14880
14898	4197,4234,12210,13016,13510,14893,14982,15702,16532,16620
14899	1357,2864,14930,30384,2554,3950,5033,5090,5231,5353
14900	4295,14938,20569,3903,4045,10240,15032,22091,27443,3450
14901	14905,14913,541,8325,13807,14870,14872,14875,14878,14880
14902	472,2864,12210,14868,14869,14870,14871,14872,14873,14874
14903	472,2864,12210,14868,14869,14870,14871,14872,14873,14874
14904	24890,24974,26902,472,908,2864,3237,3281,5507,6966
14905	14915,14872,14884,14901,14870,14875,14878,14880,14885,14892
14906	14913,14870,14872,14875,14878,14880,14884,14885,14892,14894
14907	351,2554,5049,10328,14052,14880,472,3937,6318,8783
14908	1919,2081,2370,2876,5150,6473,6531,6894,7290,7511
14909	10549,10560,10576,10577,10578,472,2864,10558,10565,10581
14910	472,2864,12210,14868,14869,14870,14871,14872,14873,14874
14911	4201,12401,4841,14009,15567,30860,522,1423,2686,4090
14912	2864,14949,472,522,622,662,1137,1232,2440,2558
14913	14884,14901,14906,14930,14992,1357,4096,4769,5045,5086
14914	20852,472,541,583,1904,2017,2036,2040,2076,2496
14915	14905,14872,541,8325,13807,14870,14875,14878,14880,14885
14916	6106,13373,14880,23367,23372,23377,23378,23379,23385,23386
14917	1137,31122,34025,1843,3770,4190,4281,4295,6303,14924
14918	21958,3960,25497,46669,8861,8886,22846,46725,3903,3904
14919	22158,3971,10987,16532,3931,4011,4046,4053,4202,4289
14920	40470,14935,18586,40437,40443,40484,40489,40492,1357,1918
14921	14877,575,2831,3937,4981,5231,5951,7651,20567,28356
14922	11553,11582,14739,14873,14884,14941,14945,20563,472,544
14923	14550,23381,27502,27511,27518,472,550,1423,2864,3023
14924	14917,14931,30876,325,472,2864,3549,4159,5052,5086
14925	48680,48696,472,2864,12210,14181,14868,14869,14870,14871
14926	12210,14941,4247,343,762,1383,3931,4139,4197,4234
14927	15626,23193,4246,13773,14870,14872,14875,14878,14879,14880
14928	3937,9774,13621,21273,41697,7611,7651,9872,10532,11369
14929	12210,14884,14901,14913,36499,36514,36525,472,680,1381
14930	5231,22954,1617,16584,31567,31572,31608,31614,31617,33621
14931	25806,25819,25824,562,5971,7644,14310,14346,14778,14928
14932	472,2864,12210,14868,14869,14870,14871,14872,14873,14874
14933	20567,4782,5568,7175,7651,11207,11225,12210,14920,14949
14934	3882,3948,4231,4234,4246,4254,4315,14941,22147,22283
14935	14920,14870,14872,14875,14880,14884,14885,14892,14894,14897
14936	472,1449,2864,8859,9823,12210,14868,14869,14870,14871
14937	472,2864,12210,14868,14869,14870,14871,14872,14873,14874
14938	14900,12210,4114,4240,15623,16426,22091,22219,22283,25520
14939	472,2864,12210,14868,14869,14870,14871,14872,14873,14874
14940	14899,52,223,472,596,1069,1085,1357,1617,1950
14941	14926,30818,4139,4234,4254,12210,13263,14362,14739,14873
14942	576,7183,7222,13430,15996,17620,39135,317,472,566
14943	21,575,9973,14920,14935,18560,22541,23542,34140,41412
14944	472,2864,12210,14868,14869,14870,14871,14872,14873,14874
14945	14873,14884,14922,14941,472,544,662,2068,2864,4118
14946	2644,7852,14983,22303,27364,38011,47904,472,601,667
14947	472,1230,2864,2865,3450,4959,5490,6311,12210,12577
14948	14517,25450,25451,26002,29078,29103,29112,29117,25434,25469
14949	38723,580,5085,7639,14426,19554,30142,522,576,606
14950	472,2864,12210,14868,14869,14870,14871,14872,14873,14874
14951	22265,3549,7852,9872,9901,13003,14919,16470,18916,23958
14952	472,2864,12210,14868,14869,14870,14871,14872,14873,14874
14953	14963,472,545,562,576,590,594,614,800,2324
14954	28563,3958,4036,4179,4202,4206,4279,4281,6275,10987
14955	3882,4234,14983,18532,22158,3920,3926,3948,4033,4035
14956	472,2864,2969,3472,3521,5119,10804,12046,12210,14868
14957	595,3304,3328,3332,3347,3352,3353,3359,3362,3366
14958	579,5933,7989,8783,9882,10534,13670,14928,14955,17880
14959	14880,90,265,472,1235,1794,2122,2864,4810,4838
14960	472,2864,12210,14868,14869,14870,14871,14872,14873,14874
14961	472,2864,12210,14868,14869,14870,14871,14872,14873,14874
14962	472,2864,7282,8813,9467,11863,12210,13684,14868,14869
14963	14953,472,594,2864,4139,5436,12210,14868,14869,14870
14964	6,472,2864,6005,6477,12210,12469,12660,14868,14869
14965	566,3407,14494,535,548,554,574,597,1416,1490
14966	
14967	
14968	
14969	2554,2864,5086,8154,18588,5760,5960,6015,6016,9394
14970	14978,541,692,778,2184,2855,3450,3971,4179,4182
14971	3494,4311,5730,6168,10485,14517,18051,18136,24128,24129
14972	
14973	18511,34825,3931,4074,4234,4254,4321,10390,12210,13510
14974	15775,612,1661,1923,2249,2328,3304,3333,3353,3368
14975	34740,45340,45354
14976	13131,25728,26136,44003,9892,22293,24487,30742,46319,1148
14977	1685,1875,4364,4646,4991,5971,7511,7667,9949,9958
14978	14970,523,541,551,574,580,606,608,615,695
14979	
14980	13618,4246,12154,13430,16532,18612,577,2048,2324,3931
14981	
14982	16532,3702,7697,13016,4234,6545,9976,16620,16631,21614
14983	22241,4240,4234,22294,3882,4254,22282,3903,4314,13263
14984	
14985	
14986	
14987	
14988	
14989	
14990	14867,15843,23013,4053,4074,22158,23193,541,583,1391
14991	1534,1543,1545,1549,1550,1554,1557,1562,1564,1565
14992	14867,14913,2680,4118,8101,8584,14739,14873,14897,14900
14993	21647,21629,21639,21642,21619,21643,38923,9220,10709,18113
14994	15003,21642,15008,15013,21619,21629,14562,15010,15014,21626
14995	4764,5329,5357,5371,10896,14562,14994,14996,14997,14998
14996	10500,10849,14438,21171,41697,338,340,2034,2389,4805
14997	21077,22707,42699,45480,2188,13117,18591,31989,37857,2276
14998	15008,15000,15001,15006,42468,575,809,2194,4415,4509
14999	3347,3528,6166,7425,7666,9397,11018,11315,15003,23441
15000	21647,15008,15001,21619,21626,15006,21632,21643,14391,14998
15001	15000,15008,15006,21626,21639,21647,38628,45288,14998,15689
15002	4764,5832,5870,6397,9226,10896,14562,14994,14995,14996
15003	21619,14994,21634,14562,15010,15013,15014,21620,21636,10161
15004	21965,28160,21973,28162,11336,21978,21984,28183,21981,21990
15005	146,3250,5991,9886,14052,35325,46135,566,1867,3736
15006	21642,21647,15000,15001,21619,21626,21639,21643,14998,15010
15007	4764,10896,14562,14994,14995,14996,14997,14998,14999,15000
15008	15000,21634,21636,15001,21620,14562,14994,14998,15013,15689
15009	15000,1685,4764,5265,10896,14562,14995,14996,14997,14998
15010	15003,21619,21629,21642,14562,14994,15006,15013,15014,21626
15011	14996,15004,4764,5444,10287,10896,14562,14994,14995,14997
15012	10773,4839,10709,12774,16339,17064,24504,45412,31,145
15013	14994,15003,15008,21629,21639,21642,10896,14562,15010,15014
15014	3971,3903,3920,4184,4300,7246,15003,21958,31349,2846
15015	
15016	
15017	46895,36289,11654,43814,694,4053,4247,4423,7672,13152
15018	7475,8788,15020,15021,15022,15023,15024,15025,15027,15028
15019	3230,7254,11843,13806,15034,20533,20567,21078,27454,34040
15020	15023,15024,15027,15037,15022,15028,15032,15033,15038,15048
15021	15029,15030,15032,15037,46895,15042,15044,36289,15053,15052
15022	15025,15037,15020,15039,15047,15053,36289,4423,13152,15018
15023	15032,15030,15037,15042,15020,15044,15047,15053,36289,4423
15024	15048,15042,15020,36289,15039,15047,15052,15053,13152,15018
15025	15022,15027,15033,15038,15028,15032,15029,15047,15030,15053
15026	7444,15018,15019,15020,15021,15022,15023,15024,15025,15027
15027	15048,15025,15020,15037,15047,15039,15053,11654,13152,15018
15028	15032,15025,15037,46895,15042,15044,15020,15047,15053,4423
15029	15021,15031,46895,15030,15025,15037,15044,4423,15018,15020
15030	15034,15021,15023,15038,15029,15032,15037,15025,15044,46895
15031	15048,15029,15042,46895,15044,15047,15052,11654,11633,13152
15032	15023,15028,15033,15021,15025,20569,15030,22147,44718,49429
15033	15032,15025,46895,15042,15044,15020,15047,15053,4423,13152
15034	15030,15042,36289,46895,15044,15052,11633,15039,29215,4423
15035	4070,11583,42195,2249,2827,6877,7444,12801,15018,15019
15036	15020,15021,15022,15023,15024,15025,15027,15028,15030,15032
15037	15021,15023,15022,15028,15038,15020,15027,15029,15030,15032
15038	15025,15030,15037,15020,15039,15047,15053,36289,4423,15018
15039	31122,10352,15022,15024,15027,15034,15038,15040,22102,363
15040	22265,2855,4011,22102,22124,2996,3004,4159,4246,15039
15041	15051,15989,45467,286,1076,5382,8167,12714,14826,16307
15042	15024,15023,15034,15048,15031,15021,15028,15033,15044,15030
15043	7444,15018,15019,15020,15021,15022,15023,15024,15025,15026
15044	15021,15023,15028,15029,15031,15032,15033,15034,15030,15042
15045	11648,11620,20596,2324,2674,4046,7269,12401,28712,30630
15046	15020,15018,15021,15022,15023,15024,15025,15027,15028,15029
15047	15025,15031,15027,11654,15022,15023,15024,15028,15032,15033
15048	15024,15027,15031,15042,15020,15044,15047,15052,13152,15018
15049	16212,11064,16197,16208,16246,16194,16222,16241,27410,11072
15050	93,24203,24208,758,2413,4254,10307,10390,15040,15645
15051	15041,16643,16650,591,854,1433,4139,4246,5071,6523
15052	15034,15031,15021,15024,15048,11633,11654,15023,15033,15042
15053	15021,15025,15022,15023,15024,15027,15028,15032,15033,15037
15054	26569,26563,28322,46695,28306,28296,28303,28330,2331,6397
15055	15056,15058,15060,15061,15059,26551,28322,46668,46735,28303
15056	15057,15055,15061,15060,28310,28355,12748,22188,26551,28301
15057	15056,15058,15059,15060,15061,26551,28303,28330,46668,46692
15058	15057,15059,28296,15055,15060,15061,46685,12748,26551,28305
15059	15058,15057,28296,15055,15060,15061,26563,28303,28305,28330
15060	15055,15056,15057,15058,15061,15059,26551
15061	46668,15056,15055,15057,15058,15060,16333,26442,30134,46674
15062	343,385,1137,3004,3206,3549,4036,6549,6631,6653
15063	20869,18005,39394,11808,4516,17198,17649,44761,6623,10701
15064	31122,6224,8492,10898,10987,12401,20596,22118,42081,3518
15065	10823,10837,5766,6142,7511,9925,10826,10827,10832,10834
15066	624,1031,10824,10828,10840,14996,15067,44815,45238,46646
15067	10823,10826,10827,10828,10833,10840,6397,10824,10830,10839
15068	448,3548,6020,18058,33316,39125,46505
15069	147,372,437,447,966,1048,1059,1595,1625,1633
15070	25589,25537,25556,25564,25566,25577,25581,25591,25602,25607
15071	15072,15076,503,1196,1233,3748,5872,7262,8169,9852
15072	25567,25624,25640,25586,25609,25635,25558,25571,25600,25616
15073	2181,3376,7262,11190,11694,13125,13261,15071,15072,15075
15074	140,198,1409,1680,2770,3099,3304,5277,5460,6452
15075	13072,191,198,250,420,482,506,1516,1720,1723
15076	25567,25624,25640,25586,25609,25635,25558,25571,25600,25616
15077	
15078	
15079	1431,5300,14885,22990,23132,23447,36387,47613,49402
15080	15083,1431,5300,14885,15084,22990,23132,23447,36387,47613
15081	15085,1431,5300,14885,15084,23132,36387,47613,49402
15082	15083,15085,1431,5300,14885,15084,23132,36387,47613,49402
15083	15080,15082,15085,1431,5300,14885,15084,23132,36387,47613
15084	15080,15081,15082,15083,15085,15086
15085	15081,15082,15083,1431,5300,6338,6395,7637,7656,7657
15086	21209,27923,101,1077,1347,1356,1375,1397,1417,1439
15087	31841,31898,31909,31915,31900,23599,31846,8705,10326,10909
15088	16882,20199,223,975,995,1137,2223,2602,2639,2669
15089	15099,31909,15101,15096,15109,31883,31898,31900,15090,15092
15090	15089,15096,15105,15092,15094,15101,15102,15106,15108,15111
15091	15099,31898,15094,15109,31818,31860,15103,15112,17886,31846
15092	15102,15105,15106,15089,15110,31841,15064,15090,15096,15107
15093	15091,15106,31818,31858,31860,31883,31898,1919,8773,12196
15094	15091,15099,15108,15089,15105,15090,15096,15097,15098,15104
15095	1453,6024,15088,15089,15090,15091,15092,15093,15094,15096
15096	15089,15106,15108,15090,15101,31883,31915,10863,15092,15094
15097	15089,15091,15094,15099,15101,15104,15106,15111,15112,15119
15098	15113,15115,15089,15091,15094,15099,15101,15104,15106,15111
15099	15091,15089,15094,15109,31846,31909,31915,31818,31883,31900
15100	1453,6024,15088,15089,15090,15091,15092,15093,15094,15095
15101	15106,15089,31841,15110,31898,15096,15109,15111,15112,15121
15102	15108,15105,15092,15103,15110,31841,31915,8705,10326,11707
15103	15091,15102,15105,15106,15064,15089,15109,15110,15112,15121
15104	15089,15091,15094,15097,15098,15099,15101,15106,15111,15112
15105	31900,15102,31860,15092,31818,31846,15103,17886,31857,15090
15106	31883,15101,31860,15109,31818,31857,15092,15096,15110,15112
15107	15091,15092,15102,15105,15106,15108,15110,15112,1453,6024
15108	31883,15102,31818,31846,31857,15094,15096,15110,17886,15121
15109	15106,15091,15099,15089,31883,31915,15101,31818,31860,15092
15110	15101,15102,15106,15108,15092,31841,31915,4397,5249,8685
15111	15089,15101,15106,15090,15092,15094,15096,15097,15098,15099
15112	15091,15106,15099,15101,15105,10326,15092,15094,15097,15098
15113	15098,41885,1814,3576,11504,11508,13872,15708,15728,22756
15114	15707,15089,15712,15723,15736,2857,3754,3757,6237,8501
15115	15116,15098,15089,15091,15094,15099,15101,15104,15106,15111
15116	15115,15089,15091,15094,15099,15101,15104,15106,15111,15112
15117	31818,15089,15091,15093,15099,15105,15106,15108,15109,31860
15118	30913,31818,31848,31849,31870,1453,6024,15088,15089,15090
15119	15097,15102,15114,15115,15116,1453,2342,3702,3943,5058
15120	242,660,713,1137,1453,1633,1689,3971,4045,4190
15121	15089,15101,15108,15090,15094,15096,15099,15102,15103,15105
15122	17069,17436,26872,2680,134,8501,17038,17450,29845,43175
15123	15133,17063,2680,4839,4841,7183,7211,15122,15126,15138
15124	4839,5681,13426,15122,15126,15133,15134,15136,15138,134
15125	191,198,250,420,482,506,1416,1516,1563,1720
15126	4841,12328,14318,562,2036,2841,4839,14421,15122,15133
15127	22386,22382,22561,7255,7630,11246,23306,21103,22051,22377
15128	4839,4590,15129,19,222,232,339,362,572,589
15129	15134,9961,13273,13274,13281,13286,13289,13291,13292,13293
15130	6142,16680,43560,606,13400,13501,15138,29719,239,615
15131	4839,4835,15122,15126,15133,15138,43196,161,523,551
15132	15129,15134,15139,4839,10461,13426,13501,15122,15123,15124
15133	15123,17063,15122,4839,15126,15138,45833,7183,7211,13426
15134	7477,18081,3937,7241,7457,7480,24135,7250,7254,9927
15135	4839,10461,13426,15122,15123,15124,15125,15126,15127,15128
15136	15126,17047,17062,17072,4839,13426,15122,15124,15127,15133
15137	15129,15134,15139,81,797,2543,4839,5137,7438,10461
15138	15130,615,4839,15126,15133,522,573,3175,4201,5995
15139	13501,15129,15130,15132,15134,15137,606,615,4839,5934
15140	1546,1602,2678,6109,15386,22945,38081,42268,42391,43202
15141	17022,17740,161,2036,6109,15356,15394,15731,21855,26872
15142	6109,239,1546,1602,15386,22945,29741,38081,42245,42268
15143	186,973,1099,1220,1378,1484,1664,1667,1889,1950
15144	2699,20078,24230,24249,336,343,24213,24217,24218,24228
15145	168,8685,10023,13810,15148,15359,2,19,366,367
15146	15148,184,4835,16878,17450,17894,29753,33416,161,1534
15147	576,1674,2554,11448,11810,13460,15141,15142,15143,15144
15148	15146,17450,3231,4835,23623,26887,161,184,1534,2324
15149	23184,30709,36178,113,4165,6944,7214,7249,7279,9553
15150	15161,15171,15151,15152,15153,15154,15156,15157,15160,15165
15151	15165,15171,15150,15155,15162,3004,4182,4302,9553,11571
15152	15156,15171,15150,15155,15162,15159,15161,15166,15167,319
15153	15155,15159,15162,15150,113,15166,15167,23206,30709,36178
15154	15160,15165,15171,15150,15155,15162,13008,13296,15159,15161
15155	15153,15159,15162,15156,15165,15151,15152,15154,15157,15160
15156	15152,15165,15169,15155,15150,15159,15162,15161,15166,15167
15157	15171,15150,15155,15162,15159,15161,15166,15167,23184,113
15158	15167,12052,15150,15151,15152,15153,15154,15155,15156,15157
15159	15155,15153,15162,15170,15156,15165,15151,15152,15154,15157
15160	15154,15165,15169,15171,15150,15155,15162,15159,15161,15166
15161	15164,15150,15170,15171,15151,15152,15154,15156,15157,15160
15162	15155,15153,15159,15151,15152,15154,15156,15157,15160,15165
15163	25996,26035,25998,26024,26041,15150,15151,15152,15153,15154
15164	15169,15171,15161,4165,15167,17556,23184,113,285,338
15165	15151,15154,15156,15160,15155,15150,15159,15162,15161,15166
15166	15150,15151,15152,15153,15154,15155,15156,15157,15159,15160
15167	15150,15151,15152,15153,15154,15155,15156,15157,15158,15160
15168	15170,15150,15151,15152,15153,15154,15155,15156,15157,15159
15169	15164,15170,15156,15160,15171,15161,4165,7279,11220,12491
15170	15169,15159,15161,15166,15168,23184,113,591,854,4139
15171	15164,15157,15150,15151,15152,15154,15160,15161,15169,15162
15172	35659,14142,13998,13938,23611,32513,19,5225,13793,13891
15173	1787,1936,1946,1953,2037,2894,2898,2905,3551,7728
15174	3576,11377,11399,15181,15186,34159,34176,34183,34326,34413
15175	20075,49226,43447,15356,32968,3734,16862,35685,1031,23568
15176	595,10466,11214,13654,14264,14346,15660,15983,22519,22528
15177	15182,15174,15175,15181,15186,15196,15199,15200,15205,15209
15178	15212,15174,15175,15181,15182,15186,15196,15199,15200,15205
15179	16898,16861,17740,239,8675,16901,16963,16983,17022,23031
15180	15174,10,97,120,180,181,182,442,623,2062
15181	15186,34220,543,3576,11387,11399,14047,15174,15200,19357
15182	15186,543,11395,23616,34464,3298,3576,8677,11384,15175
15183	15191,15210,14160,15173,15174,15175,15176,15177,15178,15179
15184	8675,9891,11086,14160,15173,15174,15175,15176,15177,15178
15185	6021,6029,14160,15173,15174,15175,15176,15177,15178,15179
15186	34466,12519,27609,3298,11399,14246,18539,22357,23690,25224
15187	34326,9289,11404,11424,15314,19431,34212,34220,34566,34601
15188	14160,14306,14324,14931,15173,15174,15175,15177,15178,15179
15189	14160,15173,15174,15175,15176,15177,15178,15179,15180,15181
15190	15207,11404,34439,19428,22756,3575,6804,7506,11395,13872
15191	15183,15210,14160,15173,15174,15175,15176,15177,15178,15179
15192	2,168,366,367,371,394,529,660,918,1085
15193	15175,15197,19,110,168,339,439,971,975,1001
15194	15212,4262,6079,8399,11397,12625,14046,14115,14142,14160
15195	14160,15173,15174,15175,15176,15177,15178,15179,15180,15181
15196	15174,15175,15177,15178,15181,15182,15186,15199,15200,15205
15197	15182,15186,15193,15212,15220,543,3298,4817,5588,6804
15198	13973,14173,14232,15222,7476,8725,8726,9719,11378,11394
15199	15174,15175,15177,15178,15181,15182,15186,15196,15200,15205
15200	14101,34566,626,11404,14047,14237,15181,15207,34319,34435
15201	10433,11705,11706,19439,28580,28582,44926,44927,44928,44929
15202	37537,37580,37597,37734,37735,36699,37675,37701,37822,34644
15203	223,629,934,937,1009,2107,2427,3575,3703,4135
15204	342,14160,15173,15174,15175,15176,15177,15178,15179,15180
15205	15174,15175,15177,15178,15181,15182,15186,15196,15199,15200
15206	14160,15173,15174,15175,15176,15177,15178,15179,15180,15181
15207	19428,11404,11395,34266,34364,543,34205,19431,34304,14246
15208	2667,126,161,185,628,1694,1705,2036,2659,2687
15209	15175,23550,35621,3734,7508,13866,15174,15177,15178,15181
15210	15183,15191,14142,14160,15173,15174,15175,15176,15177,15178
15211	14160,15173,15174,15175,15176,15177,15178,15179,15180,15181
15212	15178,15186,15220,543,3298,15174,15175,15181,15194,15196
15213	14160,15173,15174,15175,15176,15177,15178,15179,15180,15181
15214	15174,15175,15177,15178,15181,15182,15186,15196,15199,15200
15215	14160,15173,15174,15175,15176,15177,15178,15179,15180,15181
15216	14160,15173,15174,15175,15176,15177,15178,15179,15180,15181
15217	15174,15175,15177,15178,15181,15182,15186,15196,15199,15200
15218	15207,3573,5519,9289,9291,11385,11393,11395,11405,13846
15219	14160,15173,15174,15175,15176,15177,15178,15179,15180,15181
15220	15186,34464,3298,15182,15212,23690,35621,543,15174,15175
15221	9607,14237,24697,33990,43207,1589,2919,5490,7501,7508
15222	8677,14242,18338,19431,34484,19427,19428,6783,6804,11404
15223	15220,1234,2659,5143,5224,5226,7755,13076,14160,15173
15224	43901,10003,11087,20280,20504,20541,25184,31300,32490,32830
15225	21253,114,1648,5588,6082,7723,8677,8685,9836,11086
15226	114,1535,11075,11084,11086,15225,15227,15228,15229,15230
15227	15228,15229,15230,4006,9995,13818,13906,14694,15226,19315
15228	15227,15229,15230,15226,20280,20504,20541,25184,32490,32830
15229	15227,15228,15230,20504,20541,35743,313,1080,2847,4781
15230	15227,15228,15229,15226,20280,20504,20541,25184,32490,32830
15231	39900,1976,20544,1967,17185,24402,31307,37830,39820,40109
15232	8380,15250,15267,17157,17767,39782,39819,39963,40418,1406
15233	17180,39753,4527,5059,17207,39784,10620,10622,15252,15259
15234	23717,23730,33267,23753,23762,23763,23787,23736,23780,23792
15235	1406,8798,11132,15232,15233,15234,15236,15237,15238,15239
15236	31223,31304,26114,31288,1967,1972,11132,15239,17478,18065
15237	15251,15258,15266,15239,15247,15248,15256,15267,972,1406
15238	17649,10797,17746,7036,1426,6531,7019,7022,11757,15063
15239	1967,13633,15267,31304,15236,18065,31288,13651,15251,17478
15240	1406,4213,15242,15250,25372,25376,25391,25392,25394,37999
15241	6524,6627,1520,6491,6496,6516,6554,6561,6999,7950
15242	15240,1406,8798,11132,15232,15233,15234,15235,15236,15237
15243	8798,15239,15246,15248,15256,15266,15267,15268,1406,1694
15244	7740,15234,15259,23768,31366,32589,33123,33124,40633,41267
15245	1406,2037,8798,11132,15232,15233,15234,15235,15236,15237
15246	26114,15256,43014,31280,17478,31304,1966,31225,31236,31254
15247	1976,39900,8284,15251,15265,17204,31223,31229,168,501
15248	15267,15246,15256,15265,15266,15268,1976,15237,15239,15243
15249	17268,17234,31223,1077,1397,1976,2687,3009,4419,4498
15250	501,1406,1976,12187,15232,15236,15240,15246,15247,15249
15251	1976,1967,13633,15237,15239,15246,15247,15258,15266,1956
15252	15233,15241,17161,1406,4320,5059,8798,10620,11132,15232
15253	1406,4431,4527,6200,6642,15246,17999,19506,31270,300
15254	1085,1100,1129,1381,1406,1677,8668,8798,11132,15232
15255	6542,6612,8160,11195,12705,12774,12844,14865,15233,15234
15256	15246,26114,15265,15248,15266,15268,18065,43014,1954,1972
15257	39835,1406,1432,1445,3404,4400,4431,5250,5407,6662
15258	15237,15251,15266,15248,15256,15267,15268,972,1406,1967
15259	17223,17187,17233,17196,17226,15233,17217,17219,17220,17221
15260	1406,8798,11132,15232,15233,15234,15235,15236,15237,15238
15261	211,897,986,1383,1390,1397,1406,1420,1439,1928
15262	6528,6544,6660,7950,10778,11132,12710,15246,15265,15268
15263	1406,8798,11132,15232,15233,15234,15235,15236,15237,15238
15264	39753,40285,158,223,501,1388,1406,1736,2678,4182
15265	15256,1976,7882,15246,15247,15248,15267,17059,31270,41783
15266	15237,15248,15251,15256,15258,15267,15268,8798,15239,15243
15267	15239,15248,1967,13633,15265,15266,15268,18065,8798,11132
15268	15246,15248,15256,15266,15267,8798,15243,15251,15258,15262
15269	1406,4464,8798,11132,15232,15233,15234,15235,15236,15237
15270	1406,2827,2971,3456,3518,3549,3558,3714,3731,5990
15271	1406,14385,16810,17295,24361,38565,39169,39479,40548,40606
15272	1406,7051,300,1407,2400,2505,2806,4859,6184,6452
15273	23755,27312,208,351,525,1169,1174,1364,1406,1510
15274	1356,1406,5250,6654,14454,15238,17649,18031,20045,39424
15275	8122,8212,8163,8182,8186,1406,6493,6496,6671,7018
15276	23755,4527,40606,44761,1432,1445,6654,14456,39473,40562
15277	4981,9774,4736,9657,14271,20506,20567,23173,25168,42219
15278	1814,13616,34161,6782,33121,34398,41406,41412,43121,49546
15279	15300,15301,15314,15327,23525,1,106,478,577,629
15280	5102,15285,21163,24786,42219,6,63,577,602,909
15281	125,577,2287,2496,2928,3291,3920,4069,4160,4742
15282	29693,2928,15326,15339,15340,15346,29688,29694,29704,29707
15283	44892,9777,12107,12637,14271,19109,43107,2576,5533,6477
15284	9701,1366,1545,5236,6979,9667,23731,23799,32045,5242
15285	12618,17880,35494,168,1688,18437,31255,1417,1670,2698
15286	1685,1705,2687,15285,15339,15346,17234,24334,29513,19
15287	26164,9730,15304,15312,15324,24106,37951,37998,38011,38017
15288	577,1489,2894,2928,3038,5936,5957,6961,7509,8154
15289	52,35738,15285,32203,2921,12653,13618,14271,18299,32830
15290	8760,24106,577,1220,1404,1500,1617,1782,1797,2928
15291	15311,577,2125,2928,3091,5957,7509,9882,10333,12351
15292	577,1433,2928,5957,7509,8233,9442,9858,9882,9892
15293	140,577,1036,1741,1772,2928,3796,5957,6079,7327
15294	9847,12667,18299,9794,9841,12645,34412,575,2281,9793
15295	12652,21205,21,69,79,154,350,351,368,546
15296	2929,3991,12983,13810,18110,20845,21948,24733,26306,29015
15297	22697,7509,14271,15757,30881,43063,4782,9940,1433,2827
15298	5933,5955,15310,134,1694,2641,9834,9882,9885,10532
15299	15283,15332,15345,15349,42240,366,577,579,627,1230
15300	43970,44016,15279,15321,25790,25914,43967,43979,44012,44014
15301	12107,14691,1417,12618,13654,13661,15319,15327,18634,38734
15302	38734,12627,34412,40443,5933,9796,18299,44892,575,5588
15303	8402,8400,8438,8443,11575,17439,37026,439,577,1113
15304	29688,9774,15325,29689,29694,1235,1841,15315,15338,15340
15305	5955,9805,52,3400,9467,12107,15307,15309,15310,15333
15306	5957,15309,15318,22089,52,575,2027,5058,5075,8530
15307	15761,20500,52,2795,5933,5955,7509,9774,9784,10333
15308	15304,15340,29692,31,577,671,1382,1409,1790,1873
15309	4736,7611,13654,39012,457,1230,4717,5955,9082,9657
15310	2694,13621,14309,9925,22234,579,2238,4717,5776,5933
15311	15291,13,111,142,167,241,338,439,577,934
15312	15310,14339,15325,15338,1870,5933,5957,7266,9105,9504
15313	16619,19009,31310,100,117,135,273,577,1688,1797
15314	22756,11395,11387,11404,19428,19431,23616,34364,13182,34326
15315	15310,5955,5957,13654,15304,15309,627,2238,4716,4717
15316	14056,15285,2928,12330,12618,13818,13829,13863,13962,13983
15317	1230,3577,9874,11865,13867,13983,14118,15309,15310,15321
15318	15306,22697,351,4819,5957,10505,14271,15297,15309,15347
15319	15301,25728,15331,15333,21867,44017,132,577,2281,2645
15320	9905,42897,621,1890,3927,5933,5948,5957,7211,7651
15321	3230,11399,11400,11425,15300,15317,34233,34663,39,206
15322	5957,15298,210,577,2928,3926,7492,7509,8774,8806
15323	4981,15283,15327,284,577,1489,1841,2694,2928,4736
15324	9504,15287,15304,15312,18654,351,577,1235,1242,1845
15325	15338,15304,15312,5957,14283,15310,27542,38045,39012,42219
15326	2928,9494,12632,15282,15289,15339,18296,18357,27666,29695
15327	5957,15301,20473,1918,2534,2554,4717,5188,5766,7181
15328	43662,546,2805,4738,5776,13621,14309,14368,14880,28381
15329	15348,87,281,439,547,577,660,667,686,1078
15330	18450,19554,30324,577,2786,4254,9099,9928,10468,14391
15331	577,2831,7651,14264,14297,15298,15310,15314,15319,15320
15332	1870,9504,15283,15299,15312,15341,15345,15349,20525,577
15333	2523,2793,2928,5086,5588,9467,9773,9824,12632,12667
15334	4738,577,3003,5957,9976,12341,12540,14268,14309,14569
15335	15340,29704,43173,31,33,204,577,1666,1692,1694
15336	575,577,1035,1810,1841,1857,1884,2233,2324,2831
15337	69,242,577,2551,2928,3400,5957,7509,9778,9841
15338	15325,15304,15312,5957,15310,16621,27542,38045,69,204
15339	1242,2928,15282,15286,15326,15346,29703,127,130,133
15340	29704,15304,15335,29688,29694,29707,31,5040,9882,13166
15341	9793,2554,13871,15285,18348,24900,43064,637,3875,4736
15342	577,2928,5957,7509,9882,10333,15278,15279,15280,15281
15343	15761,15297,30881,7509,9640,9649,9839,9882,9940,9942
15344	577,2928,5957,6117,7509,9773,9882,10333,15278,15279
15345	15283,15284,15299,15332,15349,19,74,343,546,547
15346	15282,15286,15339,254,297,506,577,850,975,1113
15347	2928,10333,15285,15307,15309,15316,15318,134,577,1380
15348	8492,660,1156,2686,4049,4222,4875,5957,6038,7515
15349	15283,15299,15315,15332,15345,34886,577,1870,2294,2563
15350	15318,457,577,1357,2101,2928,3435,3937,4819,5085
15351	
15352	
15353	17235,25199,1695,8270,39759,40807,43282,1661,1670,1702
15354	23550,2641,3736,15356,16878,20074,43190,43314,161,1099
15355	1657,15380,15386,15390,1083,1461,1660,1661,1719,1731
15356	35633,42051,35621,35570,15175,16883,1,16861,16894,19920
15357	15362,15356,22945,33416,490,2036,2142,3151,3175,3926
15358	1689,25184,35678,439,1100,2659,2678,4364,13795,13808
15359	2324,15356,168,2680,6109,8685,10023,13810,13837,15145
15360	3734,2413,2662,15378,22265,19,439,1085,1664,1667
15361	1432,1772,3422,6458,6468,6472,6483,6550,6563,6579
15362	44279,41499,44305,29741,44276,44286,44298,15356,17022,22945
15363	9453,13119,452,9439,17570,23770,32045,33772,40398,40810
15364	1356,2118,2191,2648,4527,5468,9774,9983,11325,11745
15365	2681,2687,15388,168,1432,1670,1677,1679,1688,1692
15366	15354,15355,15356,15357,15358,15359,15360,15361,15362,15363
15367	2919,532,541,1113,1360,1384,1415,1437,1489,1519
15368	19032,15389,100,1186,1382,1409,1790,1841,1873,2501
15369	19594,27296,19606,19618,19672,19602,19608,19693,27334,1694
15370	10096,36988,44079,36903,10066,36765,37035,10021,10086,36680
15371	15376,15384,39853,39861,39926,39939,501,1969,1982,5926
15372	15359,15373,15377,15380,15390,15391,15398,15399,184,1695
15373	15377,15398,13837,15146,15359,15372,15380,15390,15391,15399
15374	15376,17234,90,131,1183,1389,1393,1394,1406,1522
15375	15354,15355,15356,15357,15358,15359,15360,15361,15362,15363
15376	15371,15374,15388,15398,39783,39939,40240,40805,390,501
15377	6109,15373,15390,17022,29513,1657,1673,1679,1687,1692
15378	11860,15360,3734,15358,15390,24334,19,185,482,492
15379	10622,8294,15233,15385,15386,15400,18968,39753,576,1421
15380	15355,15359,15372,15373,15377,15390,15391,15398,15399,143
15381	15386,35494,239,8735,12347,15356,15360,16894,17022,20074
15382	6965,15354,15355,15356,15357,15358,15359,15360,15361,15362
15383	44065,37156,44099,36933,10002,44078,44102,36854,44063,36765
15384	15371,39753,39846,438,1421,1673,1969,4892,4927,6178
15385	15379,15386,15403,576,1431,1434,2043,2114,2496,4185
15386	17022,1670,29260,43202,2678,12347,15731,16878,29741,29783
15387	15354,15355,15356,15357,15358,15359,15360,15361,15362,15363
15388	15386,15365,15376,39783,19,161,438,1440,1673,1689
15389	26872,2681,2687,4104,8501,14315,14861,15368,16716,32751
15390	15377,161,1657,1695,1940,6106,7611,8276,9983,11713
15391	15359,15372,15373,15380,15390,15398,15399,39759,184,559
15392	186,319,972,2324,2798,3250,5651,5652,5933,5986
15393	5178,5236,15354,15355,15356,15357,15358,15359,15360,15361
15394	26872,6109,161,2036,8700,15141,15731,17436,29719,32779
15395	17180,501,1661,1676,8306,12213,12772,14861,15354,15355
15396	15354,15355,15356,15357,15358,15359,15360,15361,15362,15363
15397	15354,15355,15356,15357,15358,15359,15360,15361,15362,15363
15398	15373,15359,15369,15372,15376,15377,15380,15390,15391,15399
15399	15359,15372,15373,15377,15380,15390,15391,15398,184,621
15400	15379,17267,39857,40284,40776,1982,2662,4352,9182,9983
15401	17022,49226,2657,7812,8675,8879,9194,15175,15354,15386
15402	15354,15355,15356,15357,15358,15359,15360,15361,15362,15363
15403	15385,15354,15355,15356,15357,15358,15359,15360,15361,15362
15404	15354,15355,15356,15357,15358,15359,15360,15361,15362,15363
15405	15354,15355,15356,15357,15358,15359,15360,15361,15362,15363
15406	15386,13810,15377,15390,522,554,560,576,581,597
15407	15386,1670,1694,1778,5174,5236,15354,15355,15356,15357
15408	23838,23840,23846,23849,3943,23839,23842,23844,23845,23848
15409	15411,15414,15415,15417,15418,1809,2854,3908,3937,4075
15410	15416,15417,15411,15418,15419,24128,23844,25793,30082,616
15411	15417,15410,15414,15416,23838,23849,15409,15412,15420,23842
15412	15413,15414,15416,15418,15419,15420,3943,15411,23839,23840
15413	15419,15412,15416,15414,15420,23846,23849,3943,23838,23839
15414	15411,15412,15413,15417,15418,15420,3943,15409,15416,23838
15415	25793,47871,552,24128,7235,15409,25337,31145,46319,47870
15416	23841,15410,15413,15419,15411,15412,23849,24128,25793,2869
15417	15411,15410,23838,15414,23846,23850,15409,15420,23840,23842
15418	15410,15412,15414,15409,15420,23840,23844,23845,518,552
15419	15413,15416,23849,15410,15412,23842,23846,15420,23848,23850
15420	15412,15413,15414,3943,15411,15416,15417,15418,15419,23839
15421	32386,48538,87,160,559,1113,1220,1421,1530,1689
15422	32740,4397,4447,4463,32755,32758,1505,4400,4443,4450
15423	15424,15426,87,101,162,168,1113,1220,1421,1530
15424	42966,150,1530,6062,10058,11844,13426,13544,14503,14868
15425	15424,15426,48538,87,1113,1220,1421,1530,1689,1808
15426	4397,4447,4464,4425,4431,23744,32352,32356,32394,32417
15427	146,325,342,995,1741,2216,2923,3134,3574,3867
15428	16748,25796,559,570,572,1100,1421,2036,2162,2690
15429	20728,48830,11315,566,2876,3092,3095,6180,7248,11645
15430	13108,14557,15429,15431,15432,15433,15434,15435,15436,15437
15431	44462,4069,4135,4302,5061,6802,7357,7429,7983,8003
15432	13108,14557,15429,15430,15431,15433,15434,15435,15436,15437
15433	13108,14557,15429,15430,15431,15432,15434,15435,15436,15437
15434	8894,10942,13108,14557,15429,15430,15431,15432,15433,15435
15435	7692,15436,16007,25337,25747,38628,38629,38630,38634,38644
15436	573,2034,2176,2188,2196,2272,3246,5085,5809,6100
15437	15442,13108,13510,14557,15429,15430,15431,15432,15433,15434
15438	24249,1432,4431,4527,6654,8217,8685,10821,13115,14857
15439	13108,14557,15429,15430,15431,15432,15433,15434,15435,15436
15440	27383,43732,503,1421,2162,2196,3232,3248,3685,6118
15441	6142,17450,24594,31933,87,556,575,579,1002,1139
15442	15437,4104,6108,12920,13069,13108,13510,14557,14774,15156
15443	13108,14557,15429,15430,15431,15432,15433,15434,15435,15436
15444	15769,15772,15773,15776,15779,17732
15445	12924,15697,41374,17736,17731,17735,6397,7342,14472,14484
15446	15445
15447	3304,15465,15468,3317,3379,15448,3325,15451,15458,3365
15448	15447,15465,3304,3326,3333,3334,3338,3346,3354,3312
15449	3304,3333,3346,3354,15464,15465,15467,566,3321,3325
15450	3309,3333,3304,3344,15455,15465,3317,15467,15468,3325
15451	3304,3354,3326,3333,3379,15447,15465,3312,3316,3321
15452	3354,3326,3334,3338,3344,3346,15447,15449,15451,15453
15453	3365,15458,3347,3326,3333,3346,3304,3321,3327,3334
15454	3347,3327,3328,3304,3353,3365,3372,3375,15453,15458
15455	3304,3316,3326,3312,3321,3309,15450,15465,3379,15466
15456	3362,3304,15464,3315,3344,3345,3352,7446,26106,3333
15457	3327,3304,3322,3328,3332,3353,3365,3366,15458,15464
15458	3304,15453,3328,3375,3321,3326,3327,3352,3362,3322
15459	3332,15456,15464,3304,3317,3322,3327,3328,3344,3347
15460	3347,3362,15474,3304,3328,3332,15454,15456,7446,15458
15461	3304,3322,3327,3328,3332,3347,3353,3362,3365,3366
15462	3332,3362,3366,15456,15458,3304,3322,3328,3333,3353
15463	3322,15464,3332,3362,3365,3366,15456,15462,3304,3315
15464	15456,3353,13273,3304,3344,15467,3322,13306,3315,3327
15465	3304,15447,3354,3312,3332,3353,15450,15455,566,3375
15466	3317,15455,3332,15465,566,3333,3365,3375,3379,15458
15467	3333,3344,3304,15464,3309,3316,3334,3338,566,3332
15468	3344,3304,3309,3316,3338,3347,15447,3332,3354,3379
15469	15465,3304,3333,3344,15468,3309,3316,3332,3334,3346
15470	3321,3338,3365,7446,566,3304,3305,3307,3309,3313
15471	16643,12344,16650,4234,4254,24422,12222,16532,16639,24433
15472	566,1918,3304,3305,3307,3309,3313,3316,3317,3321
15473	7240,3304,3313,3327,3333,3347,3362,3365,47627,47640
15474	3362,3328,3347,3304,3332,15460,15458,3327,15454,595
15475	3304,3353,3365,15458,3327,3375,15464,15465,3316,3321
15476	3335,3304,3305,455,566,2135,2424,2989,3309,3313
15477	3317,3332,3344,3379,15451,15453,15455,15466,566,3304
15478	566,3304,3322,3327,3328,3332,3333,3353,3362,3365
15479	566,3304,3305,3307,3309,3313,3316,3317,3321,3322
15480	15514,45370,14865,15525,6899,40831,1375,10778,15516,15547
15481	1375,15484,15496,13166,15482,20190,33299,39374,40831,2409
15482	15481,15486,15487,15495,45370,1375,2902,5307,12780,12800
15483	15486,23906,6472,6481,6567,6653,6654,6671,14582,17556
15484	15481,15486,15489,1375,15490,15483,15487,15496,35886,1426
15485	15489,15490,15514,45370,1355,1410,15483,15487,15547,1347
15486	15489,1375,15483,15484,15487,10778,15525,39374,39519,49617
15487	15486,15514,14865,15483,15484,15485,15490,15525,1375,15482
15488	15481,15482,15483,15484,15485,15486,15487,15489,15490,15491
15489	15486,15484,15485,15490,15483,15547,1431,15496,15516,15518
15490	45370,15484,15485,15489,6899,14454,15483,15487,15525,1347
15491	29163,5339,10792,29138,29150,29155,29156,29178,3503,3796
15492	23471,25491,1409,3376,3377,3825,6472,6631,6654,8156
15493	5407,6202,6609,14454,17607,17762,131,282,348,478
15494	15481,15482,15483,15484,15485,15486,15487,15488,15489,15490
15495	1375,14865,15496,39374,40831,2409,4527,6894,10778,13034
15496	13188,15481,13200,1375,15495,23508,15484,45370,916,7511
15497	140,1680,3099,6452,6544,6994,8283,9154,11132,12700
15498	15551,15570,15574,15585,11169,13187,13193,13201,15521,15531
15499	4690,9799,15497,15498,15500,15501,15502,15503,15504,15505
15500	1157,2750,4690,7450,9799,13188,13200,15483,15497,15499
15501	108,1366,4690,6486,6539,7753,8123,9666,9799,10606
15502	5250,6616,6623,10628,13115,15510,17743,17999,40528,83
15503	4690,9799,15497,15498,15499,15500,15501,15502,15504,15505
15504	15514,15516,15525,15528,15547,24587,918,973,1361,4114
15505	4690,9799,15497,15498,15499,15500,15501,15502,15503,15504
15506	694,696,758,762,783,1625,4053,4690,5681,6684
15507	2528,2501,2502,2505,2507,2534,2574,2608,15510,15514
15508	14052,14865,15514,15518,2,168,366,367,371,394
15509	4690,9799,15497,15498,15499,15500,15501,15502,15503,15504
15510	6654,6611,6653,7915,40536,40606,1432,4527,6579,6596
15511	4690,9799,15497,15498,15500,15501,15502,15503,15504,15505
15512	4690,9799,15497,15498,15499,15500,15501,15502,15503,15504
15513	342,1750,1900,2027,2946,4350,4690,6697,6755,6759
15514	15480,39374,14865,15485,15487,15516,15547,15528,23730,40831
15515	4690,9799,15497,15498,15499,15500,15501,15502,15503,15504
15516	15514,45370,15524,15525,15547,14444,15480,15485,15489,15490
15517	4690,9799,15497,15498,15499,15500,15501,15502,15503,15504
15518	1375,6530,15481,15484,15486,15489,15495,15507,15508,15510
15519	4690,6893,7204,7257,7297,9493,9799,10652,11589,15483
15520	0,10,12,18,83,38,53,89,3966,4690
15521	18296,18634,1357,1417,2917,3400,9805,9820,9841,9850
15522	4690,9799,15497,15498,15499,15500,15501,15502,15503,15504
15523	916,13188,15510,252,285,857,922,1382,1387,1388
15524	6966,12272,23717,34809,6980,15516,23738,23747,23792,40664
15525	45370,15480,15486,15487,15490,15516,15547,1375,14865,15483
15526	4690,9799,15497,15498,15499,15500,15501,15502,15503,15504
15527	5314,5641,6646,9799,17527,25344,25954,28234,39479,41011
15528	15514,15504,15516,15525,15547,38241,918,1361,1927,1937
15529	1415,2187,2727,2730,2735,2739,2744,3446,3622,4690
15530	2165,15551,1135,1155,1159,1235,1241,1257,1417,2180
15531	13368,5148,5182,11169,15498,15521,15551,15562,15570,15574
15532	4690,6935,9799,15497,15498,15499,15500,15501,15503,15504
15533	4690,5095,6534,6580,6966,8136,9799,11159,15497,15498
15534	15514,73,281,286,1410,1918,2190,2330,2333,2337
15535	4690,9799,15497,15498,15499,15500,15501,15502,15503,15504
15536	4690,9799,15497,15498,15499,15500,15501,15502,15503,15504
15537	4690,9799,15497,15498,15499,15500,15501,15502,15503,15504
15538	4690,9799,15497,15498,15499,15500,15501,15502,15503,15504
15539	1409,2141,2545,4690,4741,5429,6502,6690,6935,7702
15540	4690,9799,15497,15498,15499,15500,15501,15502,15503,15504
15541	10688,21141,42413,42417,42418,42434,362,10678,10916,17489
15542	4690,9799,15497,15498,15499,15500,15501,15502,15503,15504
15543	4690,9799,15497,15498,15499,15500,15501,15502,15503,15504
15544	4690,9799,15497,15498,15499,15500,15501,15502,15503,15504
15545	8154,20599,79,338,340,351,575,659,1230,1527
15546	7950,8123,10606,11714,11717,11718,11723,11728,11734,11746
15547	15514,15485,15489,15516,15525,45370,15480,15483,15486,15487
15548	45712,45715,45718,45713,45720,45725,45726,45736,45737,351
15549	1458,1772,2409,2601,4494,4690,6487,6935,6955,7020
15550	4690,9799,15497,15498,15499,15500,15501,15502,15503,15504
15551	15498,15570,15574,15585,15588,11169,13187,13193,13201,15521
15552	19,13898,13818,13854,13956,13958,13961,21171,23525,27743
15553	4690,9799,15497,15498,15499,15500,15501,15502,15503,15504
15554	4690,9799,15497,15498,15499,15500,15501,15502,15503,15504
15555	2177,2251,2331,2370,2683,3230,4690,6320,6802,7467
15556	30787,7472,10709,14318,14349,17556,22069,27312,354,2196
15557	9453,452,11752,11790,13119,32045,32804,49652,5531,7347
15558	4690,9799,15497,15498,15499,15500,15501,15502,15503,15504
15559	4690,9799,15497,15498,15499,15500,15501,15502,15503,15504
15560	15585,88,273,300,1356,1841,1857,2601,4399,4400
15561	45608,208,351,525,1169,1174,1441,1680,1770,1773
15562	15498,15521,15531,15551,15570,15574,15585,15588,4690,5341
15563	38310,4690,9799,15497,15498,15499,15500,15501,15502,15503
15564	3040,3078,3054,3042,3049,3051,3064,3072,3074,3089
15565	4690,9799,15497,15498,15499,15500,15501,15502,15503,15504
15566	4690,9799,15497,15498,15499,15500,15501,15502,15503,15504
15567	12401,31122,4234,8492,4289,1137,4202,3702,3920,3931
15568	4690,9799,15497,15498,15499,15500,15501,15502,15503,15504
15569	4690,9799,15497,15498,15499,15500,15501,15502,15503,15504
15570	15498,15551,15574,15585,11169,13187,13193,13201,15521,15531
15571	4690,9799,15497,15498,15499,15500,15501,15502,15503,15504
15572	4690,9799,15497,15498,15499,15500,15501,15502,15503,15504
15573	4690,9799,15497,15498,15499,15500,15501,15502,15503,15504
15574	15585,13187,15498,15551,15570,11169,13193,15521,15531,15562
15575	4690,9799,15497,15498,15499,15500,15501,15502,15503,15504
15576	4690,5661,6789,9799,15497,15498,15499,15500,15501,15502
15577	800,2331,4616,4690,5954,6397,6934,9799,10413,15497
15578	4690,9799,15497,15498,15499,15500,15501,15502,15503,15504
15579	4690,9799,15497,15498,15499,15500,15501,15502,15503,15504
15580	4690,9799,15497,15498,15499,15500,15501,15502,15503,15504
15581	4690,9799,15497,15498,15499,15500,15501,15502,15503,15504
15582	4690,9799,15497,15498,15499,15500,15501,15502,15503,15504
15583	24361,280,285,12884,24362,42660,9533,11725,13380,26461
15584	15514,15525,15547,1426,4690,6782,6899,8715,9799,15480
15585	15574,13187,15498,15551,15570,15588,338,536,4446,6514
15586	2437,2512,3684,3697,3801,4690,6158,6318,6547,6975
15587	188,242,352,467,469,3048,3050,3092,3095,4690
15588	1397,1772,14821,15551,15585,15594,16486,29152,304,5339
15589	15585,4690,9799,14305,15497,15498,15499,15500,15501,15502
15590	4690,9799,15497,15498,15499,15500,15501,15502,15503,15504
15591	672,3887,4690,9799,9894,10235,13810,14488,15497,15498
15592	4690,9799,15497,15498,15499,15500,15501,15502,15503,15504
15593	4690,9799,15497,15498,15499,15500,15501,15502,15503,15504
15594	18309,14454,31270,918,13147,16851,19444,40891,1347,1393
15595	52,557,1245,2754,2864,3430,4839,5188,6087,7639
15596	
15597	10709,15556,36515,354,358,373,405,1433,2238,2286
15598	
15599	
15600	
15601	
15602	
15603	13188,13200,15496,15523,15530,15604,15605,15606,37830
15604	15530,15551,15603,15605,15606
15605	15530,15551,15603,15604,15606
15606	15530,15551,15603,15604,15605
15607	15496,1237,13188,13200,15523,19021,22477,25181,37830,40204
15608	
15609	
15610	25311,30082,4104,8468,12952,13460,14408,14550,16423,16441
15611	304,2944,4240,7024,7425,7432,8452,8485,9397,10629
15612	15615,612,6214,13257,15614,18110,43078,74,161,235
15613	43004,4104,12952,15611,15614,15615,15616,15617,16423,16441
15614	25321,15612,25333,545,554,572,576,580,614,1113
15615	15612,13460,23840,25337,25340,387,554,1918,3943,4159
15616	15611,15612,15613,15614,15615,15617
15617	15611,15612,15613,15614,15615,15616
15618	22830,43748,541,583,4101,4139,5650,6245,7246,7862
15619	15620,15621,15622,15623,15624,15625,15626
15620	3920,3958,4069,4246,4288,7266,12067,15624,20878,22099
15621	15619,15620,15622,15623,15624,15625,15626
15622	1137,6220,6231,6237,6244,6248,6249,6250,6251,6270
15623	14900,14867,14938,15625,22091,22219,23013,541,583,617
15624	25864,7677,14398,15620,15622,16007,23333,23346,23483,25807
15625	15623,31122,49423,338,3770,4033,4101,4102,4121,4139
15626	14927,12210,12401,13267,15471,16532,522,1137,3920,3931
15627	2678,93,125,369,562,594,628,690,766,854
15628	467,812,3420,3433,4660,4761,5641,5776,5853,5937
15629	6397,10746,12491,14293,15628,15630,15631,15632,15633,15634
15630	44446,45068,14390,28381,4782,4841,5948,6318,7651,9786
15631	3948,4202,4289,22141,19,1137,1689,2637,2640,2684
15632	14293,15628,15629,15630,15631,15633,15634,15635,15636,15637
15633	14293,15628,15629,15630,15631,15632,15634,15635,15636,15637
15634	9493,14065,15631,19,168,638,975,1031,1664,1667
15635	10468,12792,26009,30709,43044,853,916,1409,1414,2328
15636	13264,13276,15464,22303,26132,304,566,918,1099,2019
15637	1421,1432,4527,5988,6609,8154,9556,11480,11721,11723
15638	14293,15628,15629,15630,15631,15632,15633,15634,15635,15636
15639	21241,597,1228,1244,1809,2608,2864,3152,3883,4114
15640	31829,31832,31834,31886,31893,31903,31907,37,300,1772
15641	14293,15628,15629,15630,15631,15632,15633,15634,15635,15636
15642	24188,7427,10240,13573,17649,22265,22639,23297,24249,46319
15643	14293,15628,15629,15630,15631,15632,15633,15634,15635,15636
15644	343,368,8711,13557,13573,13585,13601,14293,14514,15628
15645	15050,18294,46187,93,694,696,758,762,783,1625
15646	17096,24203,27717,47681,0,109,337,343,368,394
15647	7369,7394,7390,7405,7408,467,1754,1809,1918,3503
15648	2027,15656,28983,11,81,134,161,202,462,952
15649	7369,7408,7381,7389,7390,9423,16908,22488,7379,7398
15650	7388,15652,7369,7389,7398,7399,7404,7405,7408,9423
15651	7388,7398,7399,15622,15648,15649,15650,15652,15653,15654
15652	7394,7390,22474,1244,7248,7369,7405,15650,15818,15835
15653	1405,2179,4139,4503,4781,5960,7011,7390,7612,10453
15654	1090,7388,8443,15835,17717,27494,146,325,342,612
15655	1754,1770,6108,17881,161,208,351,467,525,754
15656	15648,1918,7388,7398,7399,15622,15649,15650,15651,15652
15657	33701,29870,42844,45833,45848,45855,45867,161,222,582
15658	23178,362,542,547,575,582,624,2210,2244,2828
15659	4446,14778,20500,22057,25788,25820,33627,42866,522,535
15660	20500,4736,9825,9861,14264,21273,5933,7651,14318,20567
15661	146,325,342,995,1741,2216,2923,3134,3574,3867
15662	45408,2802,4516,7266,7678,12804,14469,16396,16404,16481
15663	9892,13156,16067,16425,18523,18803,23961,27641,30342,38230
15664	2334,10752,21811,2337,2353,2357,2364,2370,2395,2397
15665	15732,15113,15666,15670,15673,15674,15676,15706,15707,25089
15666	2334,21811,2353,2357,2403,21807,342,2337,2364,2370
15667	15668,2334,15676,2337,2395,2397,2399,2403,21807,21812
15668	15667,2334,2337,2353,2357,2364,2370,2395,2397,2399
15669	15675,2330,2350,2356,21821,21801,21803,2343,21806,21815
15670	15673,15674,15665,15669,15675,15676,15678,15679,1809,2330
15671	15666,15668,15675,15677,15678,1809,2334,3751,10670,12388
15672	146,229,325,342,995,1741,2216,2923,3134,3574
15673	15670,15665,15676,15679,265,1794,1809,2122,4810,4838
15674	15670,15665,15676,15677,1809,10670,12388,15666,15667,15668
15675	15669,2344,2330,21821,21837,2350,2356,2343,21801,21806
15676	15667,15669,2334,2353,2357,2403,2405,15665,15670,15673
15677	15671,15674,1809,2334,4782,5809,7509,9117,9839,9986
15678	2364,21811,21812,2337,2344,2353,2357,2370,2397,2403
15679	15670,15673,265,1794,1809,2122,4782,4810,4838,4959
15680	26862,15777,26865,7910,14900,21209,21282,26863,26866,39502
15681	15703,15698,15701,15704,15682,15691,15699,15700,3407,5085
15682	15681,15698,15699,15701,15702,15703,15705,13722,14558,15683
15683	15686,15699,15701,15702,15703,14558,15681,15682,15684,15685
15684	533,5564,15694,21150,26774,48449,319,541,583,2554
15685	9045,14558,15681,15682,15683,15684,15686,15687,15688,15689
15686	15704,15700,7910,15683,15691,15697,26863,26865,26866,39502
15687	5561,12946,14385,20789,20799,20800,20801,317,351,522
15688	26111,2820,3023,3305,3475,3510,3514,4046,4270,5547
15689	12326,14562,5933,5960,9950,12195,14376,14867,15008,21210
15690	1423,3412,7697,9976,16532,23918,106,3023,3432,6306
15691	7246,16643,16650,638,4104,7242,8891,12344,12983,15681
15692	562,2678,9928,14264,14549,14554,15694,20500,30176,566
15693	14558,15681,15682,15683,15684,15685,15686,15687,15688,15689
15694	11668,16436,16437,16438,16439,15692,16423,16426,16429,16430
15695	575,2831,9933,12227,12306,12307,13534,13666,14297,14558
15696	7644,7675,8316,11572,14558,14922,15681,15682,15683,15684
15697	15445,17736,17731,17732,41374,17735,8528,14460,15686,15698
15698	15681,15700,15704,26862,7910,15682,15691,15697,15705,26863
15699	15702,15681,15682,15683,15697,15700,15704,15705,26862,26863
15700	15686,15698,15701,15704,15681,15691,15697,15699,26862,26866
15701	15681,15700,15704,26862,15682,15683,15691,15697,15705,26865
15702	16532,15699,15705,3702,4197,4234,6545,7242,13016,13510
15703	15681,15705,7910,12924,14484,15682,15683,15691,15692,15694
15704	15686,15681,15698,15700,15701,26862,15691,15697,15699,26865
15705	15702,15703,15682,15698,15699,15701,957,1676,1813,2060
15706	38940,2036,12154,15297,25084,45927,1863,2324,4841,5046
15707	15114,15712,15736,3684,3692,3697,3707,9129,15665,15708
15708	15113,38254,15114,15707,15712,15718,15726,15727,15728,15730
15709	6109,2956,13793,161,169,2036,3034,3736,4525,6117
15710	6108,15731,15843,16621,16643,38079,40633,43158,49712,134
15711	2330,2343,2344,2355,2357,2361,2363,2371,2379,2385
15712	439,1100,15114,15707,15730,16532,23305,26577,26603,26609
15713	13,127,220,1814,2011,4518,6333,12828,13202,13636
15714	15716,2985,4518,7970,12828,13636,15113,15114,15707,15708
15715	13632,14271,15761,17059,18283,18359,20500,351,522,621
15716	15714,2929,4518,7970,9302,12828,13636,15113,15114,15707
15717	15113,15114,15707,15712,15736,340,2769,2857,2948,4007
15718	15726,15741,15113,15708,15712,15727,15728,15730,15732,15734
15719	15722,15113,15710,15721,15723,15724,15733,15735,15748,15765
15720	367,1359,1873,2527,2929,4518,6713,7451,7954,8592
15721	15748,15719,15722,15723,15737,15742,612,4518,11664,11665
15722	15719,15742,15113,15710,15721,15723,15735,15748,1036,1329
15723	5046,15114,15710,15736,25084,554,15707,15719,15721,15722
15724	15719,27743,161,343,797,909,1043,1388,1783,1790
15725	4518,12828,13636,15113,15114,15707,15708,15709,15710,15711
15726	15718,15741,15113,15708,15712,15728,15730,15732,15734,15740
15727	15744,15113,15708,15712,15718,15728,15730,15732,15734,15740
15728	15749,15113,15739,11669,15708,15710,15712,15718,15726,15727
15729	3882,12928,16176,26311,4518,4564,11572,12828,13636,15113
15730	15710,15712,15087,15097,15102,15115,15116,15707,15708,15718
15731	15766,2680,15750,17022,17437,43314,2036,15710,16680,17450
15732	15665,11669,15113,15712,15718,15726,15727,15728,15730,15734
15733	15719,15728,15739,186,1617,1823,3037,3335,4518,8008
15734	15113,15708,15712,15718,15726,15727,15728,15730,15732,15740
15735	15113,15710,15719,15722,15728,15737,15742,15749,4518,6109
15736	19077,15114,15707,15723,26577,26603,26609,8536,9129,11060
15737	15742,15749,15113,15710,15721,15723,15735,15739,15748,15756
15738	2027,4738,8564,8606,15747,15750,15758,19488,29841,33416
15739	15728,15733,15737,15749,15756,38940,4518,4992,12828,13636
15740	570,597,15113,15708,15712,15718,15726,15727,15728,15730
15741	15718,15726,2644,2657,15113,15708,15712,15727,15728,15730
15742	15737,15722,15749,15113,15710,15721,15723,15735,15748,15756
15743	14346,7630,8810,11878,14390,15747,15752,15757,21935,21948
15744	15727,4173,15113,15708,15712,15728,15730,15732,15734,15740
15745	10539,21936,1148,5933,7651,9394,10302,14408,22069,22089
15746	30870,1244,7677,10500,14321,17464,18436,25801,25807,25824
15747	42169,42844,15738,15743,17883,21920,42154,42157,42534,52
15748	15721,11664,11665,15719,15722,15723,15732,15737,15742,16422
15749	15728,15737,15710,15742,6109,15113,15731,15735,15739,15756
15750	15731,19406,19422,2659,15758,29719,38947,3450,12347,338
15751	15761,11863,14271,15757,41697,338,6191,9861,17466,22545
15752	15758,38719,43587,5948,6142,6191,7651,13495,14569,15320
15753	15113,15708,15712,15718,15726,15727,15728,15730,15732,15734
15754	4518,12828,13636,15113,15114,15707,15708,15709,15710,15711
15755	606,615,2802,4782,9986,11878,12828,14318,14379,14411
15756	15728,15737,15739,15742,15749,4518,4992,12828,13636,14441
15757	15761,15297,9872,13632,13640,14318,20539,24147,2554,6161
15758	15750,2496,15766,19422,2686,12344,15752,26887,42844,45867
15759	5924,4782,6003,12828,15757,17478,18809,30881,503,589
15760	15297,522,605,6306,7509,13618,15464,16624,23309,23882
15761	15757,13640,5809,11863,13618,15751,17059,8813,9467,17486
15762	15761,12828,13665,15757,22528,615,621,5971,7479,7704
15763	15761,17059,23897,93,2802,3937,5670,7479,10532,11863
15764	4518,12828,13636,15113,15114,15707,15708,15709,15710,15711
15765	15719,15742,4518,12828,13636,15113,15114,15707,15708,15709
15766	15731,15758,6109,6120,15750,16974,44803,2496,3743,9170
15767	4518,12828,13636,15113,15114,15707,15708,15709,15710,15711
15768	1860,2687,1810,2647,2689,13430,15731,15741,21556,21557
15769	15773,17733,14484,15703,15770,15771,15774,15776,15781,1111
15770	15769,15772,15773,15779,12877,14477,14484,15680,15692,15694
15771	12924,14484,15769,15774,15779,6397,14477,15445,15680,15692
15772	15773,17731,17733,17737,15770,15776,15781,26267,161,222
15773	15769,15772,17732,17733,15770,15776,15781,17731,17735,17737
15774	12924,14484,15769,15771,15779,6397,14477,15445,15680,15692
15775	5941,14974,1137,1301,1782,1809,2328,3006,4069,4087
15776	15769,15772,15773,15779,12924,14477,14484,15444,15680,15692
15777	13426,15680,10596,13076,13466,13470,13484,13497,13524,31756
15778	22733,22737,22742,5941,22738,22746,22745,1782,4048,5429
15779	17731,17735,17737,14484,15770,15771,15774,15776,15781,6397
15780	12924,14477,14484,15680,15692,15694,15703,15769,15770,15771
15781	15769,15772,15773,15779,12924,14477,14484,15680,15692,15694
15782	5869,8061,17698,36357
15783	7177,8013,9887,11779,15784,16000,17333,17334,17336,17693
15784	3394,5243,5314,5803,7011,10613,10630,15379,15783,16645
15785	
15786	18114,18118,22061,22852,25527,26264,28296,28314,36130,42725
15787	362,3947,4059,4208,4530,7254,7430,7504,9386,11040
15788	9553,12714,4114,4240,6195,6204,7630,7651,13810,16452
15789	1415,1430,3947,6168,8278,17218,27917,27972,35374,48463
15790	1390,1347,1349,1354,1355,1359,1362,1371,1380,1381
15791	3947,6168,15790
15792	338,714,2019,2944,3873,5456,5682,6143,9386,11039
15793	8635,41768,48566,566,612,1402,1429,1583,1656,2876
15794	15800,15809,15796,15797,15799,15804,15808,850,2894,3014
15795	13414,15794,15796,15797,15798,15799,15800,15801,15802,15803
15796	15797,15800,15802,15804,15794,15799,15809,7882,13414,15795
15797	15796,15800,15802,15804,1347,1352,1355,1359,1362,1371
15798	15808,48566,566,612,1402,1429,1583,1656,2876,2904
15799	4240,20956,21914,22267,4295,7983,11693,27979,576,3052
15800	11303,7425,15794,15796,15797,15804,26144,3347,4223,8528
15801	39637,106,229,3126,3412,4246,6397,7697,7700,8837
15802	15796,15797,15804,15799,15809,566,2876,2904,3026,7248
15803	546,2805,3937,5142,5933,6121,7504,7588,9487,9507
15804	15796,15797,15800,15802,15794,15799,15809,7882,13414,15795
15805	338,6158,6175,9386,10235,11427,12313,13069,13172,13223
15806	13061,16397,16378,13059,13055,13058,13062,13070,9386,13057
15807	15809,1187,2791,8783,8806,13414,15794,15795,15796,15797
15808	15798,15794,566,576,1402,1429,1583,1656,2876,3736
15809	15794,15796,15797,15799,15800,15802,15804,15807,1187,2791
15810	1944,7789,11093,33853,46800,90,186,528,638,973
15811	638,3880,4439,6961,12410,15813,15814,15815,15816,15817
15812	1944,7789,11093,33853,46800,5,90,138,186,528
15813	15815,6019,15811,15816,15817,297,1455,1741,3651,3885
15814	6019,15811,15816,15817,1808,5236,29526,43262
15815	15813,6019,15811,15816,15817,29526,43262
15816	6019,15811,15813,15814,15815,2409,4402,4460,17898,18841
15817	1505,4396,4441,4463,4483,6019,12635,15811,15813,15814
15818	49448,566,14554,38387,10720,3474,4246,7404,18080,22091
15819	15874,15834,15840,7390,15820,15844,7408,15827,15837,15841
15820	49448,15821,15839,15863,15819,15841,15852,15830,15840,15842
15821	15863,15820,15829,15875,15842,15855,15868,49448,7390,15848
15822	15835,15837,15857,15863,15877,7408,15819,15820,15821,15826
15823	15835,15819,15821,15824,15826,15839,15852,15861,15874,7390
15824	15839,15874,15876,7408,15855,15840,15842,15844,15848,15868
15825	7390,15823,15829,15835,15857,3362,3523,4280,4446,7369
15826	15835,15863,15834,15874,15840,15841,15842,15844,15853,15868
15827	15839,15835,15852,15876,15878,7390,15819,15847,15857,15861
15828	15819,15820,15839,15842,7390,7408,15821,15824,15827,15830
15829	15821,15830,15835,15852,15862,15863,15834,15876,7390,15820
15830	15862,15876,15863,15829,15840,15868,15875,15820,15841,15842
15831	4112,5373,20798,44719,3518,3931,3935,4101,4159,4231
15832	455,886,2184,3362,3407,3523,4280,4446,5232,5335
15833	23179,7390,15819,15820,15821,15830,15837,15852,15861,15862
15834	15835,15852,15863,15819,15826,15874,15862,15842,15844,15829
15835	15826,15834,15840,15841,15827,15829,15847,15875,15857,15868
15836	7390,7672,15819,15820,15821,15822,15826,15829,15830,15833
15837	15819,15842,15852,15857,15861,15862,7388,15820,15821,15822
15838	7390,7408,15819,15820,15839,15848,15863,15876,15878,15821
15839	15824,49448,15827,15820,15855,15847,15878,7390,7408,15846
15840	15835,15819,15826,15830,15861,15863,15875,15820,15824,15834
15841	15835,15862,15820,15852,15819,15826,15830,15834,15842,15848
15842	15863,15821,15834,15844,49448,15820,15824,15826,15830,15837
15843	7242,4231,7246,12344,3882,22147,46319,3903,24444,4159
15844	15874,15862,15848,15819,15834,15842,15852,15855,15824,15826
15845	7390,15849,15835,15819,15827,15839,15847,15851,15820,15828
15846	15820,15839,15821,15835,15840,15842,15876,49448,15819,15827
15847	15835,15839,15827,15855,15874,15876,15819,15821,15840,15845
15848	15844,15862,15863,15874,15876,7408,15821,15824,15830,15834
15849	15845,7390,15819,15827,15835,15839,15847,7408,15820,15828
15850	3362,3523,4280,4446,7390,7408,7672,15456,15819,15820
15851	15819,15827,15835,15839,15845,15847,7390,7408,15820,15828
15852	15876,15834,15829,7390,15820,15827,15841,15844,15855,49448
15853	15819,15821,15826,15835,15861,15863,15820,15830,15839,15840
15854	3362,3523,4280,4446,7390,7408,7672,15456,15819,15820
15855	15839,15821,15824,15844,15852,15876,15819,15840,15847,15848
15856	15456,17850,17857,17859,17860,17864,21074,27133,27145,27161
15857	15835,15827,15837,15861,15862,15878,7408,15819,15821,15822
15858	43753,43712,43746,43699,43809,43812,43704,43755,43771,43813
15859	566,3523,15456,15858,15873,23251,26297,45992,385,479
15860	13835,14056,14191,14209,23556,7476,13793,13795,13801,13805
15861	15876,15874,15840,7390,15820,15827,15837,15842,15844,15848
15862	15830,15844,15876,15829,15834,15841,15848,15868,15875,7390
15863	15821,15842,15826,15834,15830,15874,15820,15829,49448,15840
15864	9258,9278,9240,9242,9252,9253,9260,9272,9286,9241
15865	12403,22158,4196,3971,4046,4189,1137,3882,3958,4153
15866	3362,3523,4280,4446,7390,7408,7672,15456,15819,15820
15867	4182,223,622,3309,3313,3316,3321,3326,3334,3338
15868	15875,15821,15830,15835,15862,15863,15819,15824,15826,15848
15869	3549,7266,12946,14385,26118,14389,23305,34825,48501,3004
15870	15456,15824,15843,15863,15871,3362,4104,7404,7408,15697
15871	7408,15824,15830,15837,15842,15862,15863,15870,7404,15819
15872	3366,17850,17857,17859,17860,17864,21074,27133,27145,27161
15873	3523,566,4048,4182,14347,14418,15858,15859,15860,21949
15874	15844,15819,15824,15826,15834,15861,15863,15848,15842,15847
15875	15868,15821,15835,15830,15840,15862,15863,15819,15826,15841
15876	15852,15862,15830,15861,15824,15827,15848,15855,15878,49448
15877	15835,15819,15822,15826,15830,15834,15837,15852,15857,15861
15878	15827,15839,15876,7390,7408,15819,15824,15848,15855,15857
15879	3362,3523,4280,4446,7390,7408,7672,8563,9956,15456
15880	3362,3523,4280,4446,7390,7408,7672,15456,15819,15820
15881	362,465,975,1821,1854,1890,2043,2104,2413,2484
15882	15819,15824,15826,15830,15835,15839,15840,15861,15862,15874
15883	15826,15829,15821,15824,15830,15835,15839,15842,15848,15852
15884	15819,15824,15839,15861,15821,15830,15852,15862,15876,3362
15885	42837,42841,42846,42836,42847,20563,21536,42838,42839,42842
15886	15887,15888,15894,15895,42837,26551,26553,26554,26561,26568
15887	42852,15886,25527,45467,45493,45528,47633,2825,3430,5112
15888	15894,15886,15895,42837,21536,42836,42846,42847,42852,42838
15889	15893,15890,15894,13449,13488,42836,42841,21536,42846,42847
15890	15889,42837,42841,42846,15895,42836,42847,21536,42838,42839
15891	42854,42838,42842,42849,47633,7252,20563,42839,42843,42845
15892	918,1270,1394,1655,2225,2542,2894,5839,5899,5905
15893	15889,15895,21536,47633,7252,1846,2036,2084,3770,3889
15894	15888,42836,15886,15889,15895,42852,21536,42847,42838,42839
15895	15888,15893,15894,4590,15886,15890,30678,42836,13426,13536
15896	47490,47434,44492,9839,10825,18084,27006,134,169,243
15897	6900,8837,10652,125,1370,1485,1488,1657,1722,2121
15898	15900,15931,15929,15945,15947,15954,15899,15903,15910,15915
15899	15900,15903,15915,15916,15925,15930,15936,15951,15952,15954
15900	15916,15949,15898,15905,15921,15933,15938,15951,15953,47490
15901	30305,153,1220,1951,2413,2556,3428,3885,3982,4114
15902	15900,15916,15921,15923,15931,15937,15944,15950,15953,47490
15903	15899,15900,15915,15916,15917,15925,15929,15930,15936,15951
15904	15915,15908,15917,15925,15927,15929,15930,15937,15962,9839
15905	15900,15921,15924,15927,15931,15937,15908,15915,15925,15929
15906	40595,285,634,2806,4755,5384,5776,5937,6177,6611
15907	15931,15952,15904,15929,15937,15905,15908,15910,15921,15924
15908	15925,15904,15916,15924,15930,15932,15937,15950,15951,15905
15909	3798,39633,576,621,3852,3871,6397,11189,12229,16620
15910	15936,15937,15947,15954,15904,15908,15915,15925,15930,15950
15911	325,351,1449,1660,2375,2601,2802,2825,4095,4171
15912	4055,6177,12004,15897,15898,15899,15900,15901,15902,15903
15913	22303,26320,22241,22282,4102,4240,13263,22294,522,3903
15914	15922,15944,15956,15919,15921,15923,15935,15937,15948,15951
15915	15904,15925,15929,15930,15936,15954,15962,44492,9839,15899
15916	15900,15951,15940,15952,15908,15932,15942,15945,15899,15903
15917	15935,15940,15950,15904,15929,15930,15931,15939,15953,15960
15918	49398,6177,12004,14004,15897,15898,15899,15900,15901,15902
15919	15914,15922,15923,15944,15948,15953,15957,6177,12004,15897
15920	15921,15917,15929,15935,15898,15899,15900,15903,15904,15905
15921	47490,15931,15925,15929,15953,15900,15905,15920,15956,15904
15922	15956,15914,15937,15921,15938,15944,15950,47490,15900,15916
15923	15937,47490,15931,15944,15935,15940,15900,15917,15930,15948
15924	15905,15908,15932,15904,15916,15921,15925,15930,15938,15951
15925	15908,15915,15921,15930,15904,15936,15944,15950,15954,9839
15926	15931,15898,15899,15900,15915,15916,15917,15920,15921,15925
15927	15937,15950,15904,15905,15935,15951,15900,15908,15921,15930
15928	15900,15921,15925,15930,15931,15935,15944,15949,15953,15960
15929	15921,15931,15904,15915,15917,15935,15936,15952,15898,15903
15930	15925,15935,15940,15950,15951,15953,15904,15908,15915,15917
15931	15921,47490,15907,15923,15929,15944,15949,15953,15898,15905
15932	15940,15908,15916,15924,15956,15905,15921,15925,15930,15935
15933	15900,15931,15929,15945,15947,15954,15899,15903,15910,15915
15934	15931,15915,15925,15929,15930,15936,15952,47434,15898,15899
15935	15917,15930,15944,15951,15923,15927,15929,15939,15950,15953
15936	15947,15954,15910,15915,15925,15929,15930,15952,15899,15903
15937	15938,15950,15923,15962,47490,15927,15947,15904,15905,15908
15938	15937,15900,15931,15940,15951,15952,15956,15916,15922,15924
15939	15917,15935,15916,15929,15930,15940,15944,15950,15951,15960
15940	15932,15916,15917,15930,15923,15938,15953,15955,15960,15925
15941	15898,15899,15900,15903,15915,15916,15917,15920,15921,15925
15942	15916,15937,15900,15925,15930,15952,15953,15899,15903,15904
15943	15898,15899,15900,15903,15915,15916,15917,15920,15921,15925
15944	15923,15931,15935,15925,15951,47490,15900,15914,15917,15922
15945	15916,15898,15921,15925,15929,15930,15931,15932,15933,15936
15946	166,9170,17070,24352,26877,26936,29817,43175,43190,43253
15947	15936,15937,15910,15954,15898,15904,15908,15915,15925,15929
15948	15923,15944,15905,15908,15914,15916,15919,15922,15924,15925
15949	15900,15931,15963,15928,15944,15953,15954,15960,15899,15903
15950	15937,15917,15927,15930,15908,15925,15935,15951,15953,15962
15951	15916,15930,15935,15953,15900,15908,15927,15938,15944,15950
15952	15907,15916,15929,15930,15936,15938,15951,15953,15954,15899
15953	15921,15930,15931,15951,15900,15917,15935,15940,15950,15952
15954	15936,15910,15915,15925,15930,15947,15952,15898,15899,15903
15955	15940,15929,15932,15935,15900,15904,15905,15907,15914,15915
15956	15922,15921,15932,15938,15951,15908,15914,15916,15917,15924
15957	15935,15923,15944,47490,15919,15921,15927,15929,15937,15948
15958	6177,12004,15897,15898,15899,15900,15901,15902,15903,15904
15959	522,559,560,574,4205,6177,12004,13430,14954,15123
15960	15917,15940,15900,15916,15923,15925,15928,15930,15931,15935
15961	15927,15937,15899,15900,15904,15908,15910,15915,15916,15925
15962	15937,15904,15915,15930,15950,9839,15908,15910,15923,15936
15963	15937,15949,47434,15900,15931,6177,12004,13482,15897,15899
15964	15913,16369,31,223,293,522,544,545,576,606
15965	15904,15908,15910,15915,15925,15930,15936,15937,15947,15950
15966	1886,2126,2431,2444,2739,3042,3043,3230,3682,3918
15967	5353,7615,7897,8104,8185,11259,11292,11309,12983,13079
15968	338,15989,23477,24487,32682,34888,42413,42995,285,362
15969	33595,42099,190,574,1085,1237,2118,2139,2140,2154
15970	1113,1234,2406,2552,3128,4044,4053,4115,4141,4165
15971	3610,15738,15967,15968,15969,15970,15972,15973,15974,15975
15972	1255,1329,1331,2444,2940,5268,6888,6905,8180,8542
15973	3084,3092,29189,3040,3060,3072,3073,13864,19275,29194
15974	10976,10983,10984,138,2196,2855,3026,3993,4104,4210
15975	15967,15968,15969,15970,15971,15972,15973,15974,15976,15977
15976	15967,15968,15969,15970,15971,15972,15973,15974,15975,15977
15977	2865,43037,1918,10702,10783,11284,12238,12729,13103,13117
15978	12248,12292,15967,15968,15969,15970,15971,15972,15973,15974
15979	15967,15968,15969,15970,15971,15972,15973,15974,15975,15976
15980	2088,3873,3928,3974,3978,4146,4252,4267,4274,4277
15981	14132,22355,23674,543,626,629,1837,1867,2105,2478
15982	202,8825,21289,30618,4500,6221,6241,6249,6258,15985
15983	25806,5080,21843,5971,7473,7649,7660,7667,10466,10788
15984	6653,10778,1406,6452,9461,9463,9530,12196,14857,17649
15985	15997,321,2802,4672,4738,4755,7649,14264,14374,15982
15986	1404,2820,2823,2971,7452,7645,12815,12938,12970,12991
15987	14616,36383,1719,5569,7667,14615,5780,12344,12352,12729
15988	1212,912,1913,5960,16875,32579,34208,34409,38052,39445
15989	25527,45467,12744,14469,24487,6397,10671,12714,20869,37857
15990	4118,4166,7216,13523,15985,16009,16715,285,311,544
15991	7651,22075,351,546,562,5071,7663,8003,8154,9919
15992	15993,16009,14374,15982,15985,15989,15996,15997,15999,16000
15993	5854,15992,15996,16000,16009,25747,37833,40633,48288,3376
15994	10575,11678,38353,2484,2487,2494,3941,4295,7672,10563
15995	16000,16001,5760,10881,12317,13411,13621,14329,14931,25476
15996	4163,6287,7599,15993,16000,17558,4264,4295,5033,5078
15997	4738,15985,7473,12331,13621,13995,14310,14374,15987,15989
15998	1404,12815,14374,14931,15576,15982,15984,15985,15986,15987
15999	26617,26638,13323,26745,26746,26747,26641,26647,26760,26618
16000	13411,2841,3560,10526,15993,15995,15996,21935,22053,4782
16001	17441,14264,14346,15995,472,2092,3237,5995,6328,7639
16002	16007,7611,10469,21948,23447,25747,4011,4048,4295,7549
16003	10466,7180,14374,15985,15989,15992,15993,15996,15997,15999
16004	559,570,572,1404,11523,12815,14374,14494,14529,14540
16005	1404,12815,14374,14931,15496,15982,15984,15985,15986,15987
16006	16324,19501,98,578,2782,3937,5234,5933,5960,5986
16007	25747,30125,7549,25864,10500,14335,1137,4295,5990,7675
16008	14374,15985,15987,15989,15992,15993,15996,15997,15999,16000
16009	6423,6427,13284,20845,573,6417,20500,22842,25807,25836
16010	1973,4527,9983,14374,15985,15989,15992,15993,15996,15997
16011	1404,3563,4056,4289,4738,7403,10301,10468,10532,10534
16012	1404,12815,14374,14931,15982,15984,15985,15986,15987,15988
16013	5995,13411,13487,14310,14385,15991,22623,23381,39171,46009
16014	1376,1382,1455,9012,9013,15490,17554,22495,23071,23776
16015	6543,1347,6639,7064,48352,62,311,575,624,1027
16016	16023,16015,16018,16019,16021,16022
16017	16020,16015,16018,16019,16021,16022
16018	16015,16016,16017,16019,16020,16021,16022,16023
16019	8986,342,1617,1943,3438,3565,9385,12444,16015,16016
16020	16017,16015,16018,16019,16021,16022,16023
16021	23795,5249,11756,20154,23738,23762,23777,23780,23784,23800
16022	11756,29,536,1073,1407,1428,1453,2225,4035,4077
16023	16016,16015,16018,16019,16020,16021,16022
16024	23657,13999,14064,14205,14219,14229,14242,14244,23636,23672
16025	2647,16026,16027,16029,16030
16026	11404,34266,626,3573,8677,18539,34204,34205,34304,34326
16027	19431,19427,19428,22357,34200,31435,34159,34207,6783,11404
16028	2647,16026,16027,16029,16030
16029	6783,6804,9291,15207,31435,34204,34205,3575,14242,19428
16030	19431,6783,6804,8677,18338,34450,34484,34657,34803,9289
16031	21189,1404,4133,18511,25937,36552,45959,1220,1617,2084
16032	16061,16073,16033,16037,16046,16081,16111,16052,16056,16070
16033	16082,16084,16111,16105,16070,16093,16042,16054,16056,16073
16034	16054,16046,16074,16087,16093,16111,16063,16080,16036,16056
16035	16081,16100,16056,16075,16101,21189,16061,16119,16055,16086
16036	16052,16055,16111,16081,16038,16054,16042,16106,16034,16056
16037	16061,16097,16081,16056,16052,16042,16084,16073,16083,16036
16038	16052,16081,16036,16040,16043,16090,16111,16041,16046,16047
16039	16061,16082,16033,16046,16085,16093,16038,16052,16059,16070
16040	16038,16061,16081,16093,16036,16055,16074,16087,16111,16033
16041	16077,16097,16047,16087,16058,16075,16100,16085,16062,16044
16042	16054,16052,16045,16047,16062,16077,16100,16116,16036,16037
16043	16038,16081,16097,16036,16052,16085,16034,16041,16061,16093
16044	16061,16081,16100,16115,16041,16071,16097,16049,16054,16070
16045	16087,16052,16059,16071,16072,16042,16058,16111,16116,16036
16046	16087,16052,16111,16034,16075,16116,16120,16079,16085,16093
16047	16087,16041,16059,16052,16075,16042,16071,16077,16074,16085
16048	16033,16084,16085,16093,16097,16034,16041,16061,16094,16105
16049	16100,16056,16073,16061,16072,16054,16120,16098,16116,16071
16050	16097,16071,16057,16084,16085,16093,16046,16061,16082,16110
16051	16116,16081,16102,16111,16056,16073,16079,16119,16091,16106
16052	16055,16073,16046,16080,16036,16069,16059,16074,16042,16045
16053	16105,16052,16061,16074,16034,16036,16081,16090,16106,16111
16054	16042,16071,16034,16062,16100,16036,16049,16052,16083,16078
16055	16052,16036,16069,16101,16115,16114,21189,16085,16106,16112
16056	16097,16111,16049,16071,16098,16037,21189,16079,16033,16034
16057	16071,16041,16046,16087,16097,16050,16061,16070,16077,16100
16058	16041,16081,16087,16077,16045,16042,16097,16075,16078,16101
16059	16052,16087,16045,16047,16072,16081,16098,16111,16116,16037
16060	16052,16074,16082,16034,4074,16037,16046,16055,16061,16080
16061	16100,16037,16106,16049,16120,16078,16098,16101,16040,16063
16062	16054,16042,16100,16081,16041,16045,16049,16077,16083,16086
16063	16034,16061,16105,16052,16074,16111,16036,16055,16090,16094
16064	16081,16035,16049,16051,16073,16087,16116,16118,16119,16120
16065	16055,16033,16056,16070,16079,16083,16097,16111,16036,16037
16066	16077,16041,16059,16056,16061,16097,16058,16071,16073,16037
16067	23993,18008,40868,5307,7019,7022,17649,48472,1680,4527
16068	16100,21189,16056,16073,16075,16114,16101,16055,16061,16079
16069	16052,16055,16073,16114,16117,21189,16101,16111,16046,16098
16070	16081,16052,16033,16075,16111,16034,16101,16116,16120,16044
16071	16106,16087,16054,16056,16073,16110,16045,16117,16047,16078
16072	16059,16100,16045,16049,16120,16116,16052,16071,16077,16097
16073	16052,16111,16049,16098,16069,16071,16083,16078,16033,16034
16074	16052,16105,16034,16111,16063,16080,16090,16041,16047,16053
16075	16100,16101,16116,16097,16041,16047,16046,16117,16042,16070
16076	16081,16100,16041,16044,16049,16070,16071,16075,16116,16117
16077	16041,16058,16042,16047,16087,16100,16033,16066,16072,16075
16078	16061,16071,16054,16073,16036,16042,16045,16058,16087,16100
16079	16120,16056,16116,16046,16075,16081,16102,16051,16097,16114
16080	16052,16106,16090,16034,16061,16111,16074,16036,16042,16094
16081	16097,16070,16084,16037,16101,16114,16058,16059,16036,16038
16082	16033,16111,4074,16087,16037,16042,16083,16041,16075,16088
16083	16097,16073,16052,16054,16081,16037,16042,16084,16085,16098
16084	16081,16033,16037,16110,16083,16087,16041,16077,16042,16046
16085	16106,16087,16110,16041,16055,16046,16083,16108,16047,16114
16086	16081,16100,16056,16049,16061,16062,16042,16054,16070,16075
16087	16046,16047,16045,16071,16041,16059,16058,16085,16093,16034
16088	16052,16082,16097,16101,16111,16033,16036,16038,16084,16087
16089	16059,16061,16070,16074,16055,16071,16073,16077,16083,16084
16090	16052,16080,16034,16074,16036,16038,16061,16111,16063,16094
16091	16116,16100,16106,16056,16061,16071,16055,16081,16097,21189
16092	16045,16054,16055,16034,16046,16061,16070,16033,16036,16042
16093	16087,16110,16034,16033,16040,16098,16116,16041,16046,16075
16094	16071,16061,16105,16111,16033,16034,16080,16081,16036,16063
16095	16041,16056,16059,16077,16097,16117,16042,16045,16047,16054
16096	16052,16074,16105,16033,16034,16084,16090,16093,4074,16038
16097	16081,16041,16056,16037,16083,16117,16075,16101,16114,16100
16098	16073,16056,16061,16081,16059,16049,16033,16083,16093,16105
16099	61,66,106,242,1100,1685,2071,2425,2914,3438
16100	16049,16061,16075,16072,16054,16097,16041,16042,16062,16071
16101	16075,16081,16055,16097,16115,16061,16069,16070,16117,16035
16102	16106,16051,16056,16073,16079,16081,16055,16119,16061,16071
16103	4074,16082,16085,16093,16105,16033,16034,16041,16042,16046
16104	16087,16116,16120,6195,6204,16035,16049,16056,16061,16072
16105	16111,16074,16033,16063,16094,16053,16075,16098,16041,16073
16106	16071,16085,16061,16080,16036,16055,16091,16102,16116,16037
16107	16071,16082,16085,16087,16093,16096,16110,16034,16052,16084
16108	16097,16071,16085,16061,16084,16093,16111,16114,16120,16033
16109	16090,4074,13739,16033,16036,16052,16071,16074,16081,16082
16110	16071,16093,16085,16081,16084,16087,16061,16034,16038,16075
16111	16056,16073,16036,16105,16112,16033,16046,186,3999,4389
16112	16111,16100,16055,16073,16075,16061,16071,16106,16042,16046
16113	280,4074,9397,16032,16033,16034,16035,16036,16037,16038
16114	16081,16097,21189,16055,16115,16069,16071,16079,16085,16117
16115	16055,16097,16101,16081,16114,16100,16044,16061,16034,16041
16116	16075,16091,16042,16051,16046,16049,16071,16072,16079,16106
16117	16097,16052,16071,16120,16075,16069,16111,16036,16101,16033
16118	16052,16120,16055,16116,16117,16073,16075,16101,16056,16072
16119	16081,16051,16101,16035,16073,16075,16098,16102,16111,16061
16120	16061,16072,16079,16117,16049,16097,16046,16071,16118,16041
16121	19866,6884,19821,19850,74,2063,2084,2562,3237,4252
16122	16137,16132,16139,6898,16143,19818,9490,11246,19820,19821
16123	13215,16133,16136,16140,16143,13112,16122,16124,16125,16126
16124	16136,16130,16133,16131,13215,16126,16128,16132,16137,16139
16125	16142,16126,16139,19866,16128,16140,13215,16144,5231,6165
16126	16130,16125,16136,19866,6884,16132,16134,16139,5661,13215
16127	6531,10613,13215,16122,16123,16124,16125,16126,16128,16129
16128	16131,16133,16142,16125,16130,16140,13215,16124,16134,16136
16129	16122,16126,16130,16131,16132,16136,16137,6884,13215,16123
16130	16133,16126,16124,16128,16139,16143,6884,13215,16129,19821
16131	16134,16128,16140,19821,16124,16139,16143,6898,13215,16129
16132	16122,16137,16133,16134,16126,16143,6884,16124,16129,16139
16133	19834,16130,19822,19823,19857,16142,19825,19858,19820,19836
16134	16131,16132,16137,16142,16143,16126,16139,16140,13215,16128
16135	1950,8870,13215,16122,16123,16124,16125,16126,16127,16128
16136	16137,16124,16126,19866,16140,13215,6884,16123,16128,16129
16137	16122,16136,16132,16134,16140,19866,6884,16124,16129,16139
16138	13215,16122,16123,16124,16125,16126,16127,16128,16129,16130
16139	16122,16125,16126,16130,16131,16134,6906,16124,16132,16137
16140	16131,16133,16136,16142,13215,16125,16128,16134,16137,16123
16141	223,9516,10670,14875,21586,23758,31411,45420,674,709
16142	16125,16133,16128,16134,16140,19818,13215,16124,16139,16143
16143	16122,16133,16134,16130,16131,16132,13215,16123,16137,16140
16144	16122,16125,16126,16131,16134,16136,16137,16139,6898,6906
16145	13215,16122,16123,16124,16125,16126,16127,16128,16129,16130
16146	13215,16122,16123,16124,16125,16126,16127,16128,16129,16130
16147	45377,13834,16152,27893,45578,1826,6905,9659,10778,13810
16148	932,1860,6899,8320,8468,9806,10849,12287,14746,18319
16149	16153,285,485,932,1348,1352,1390,1455,1586,1676
16150	16153,932,6899,8268,8283,8345,10849,16151,16154,16155
16151	36289,36302,36285,36290,36287,36293,36282,36295,36299,36305
16152	16147,942,2019,8320,16151,16154,16155,24786,30749
16153	16149,16150,16147,16151,16154,16155,24904
16154	168,1670,4659,14592,29558,204,1186,1423,1664,1667
16155	16147,16149,16150,16151,16152,16153,16154
16156	339,702,6852,7970,12204,14714,20881,24249,24425,28326
16157	12581,13112,13714,64,93,336,343,352,368,371
16158	24442,28776,29694,31,253,503,2437,5188,7479,7568
16159	16157,16158,16160,16161,23860,26431,30800,31448,32496
16160	367,1359,1873,2527,5971,6713,6850,6854,7214,7215
16161	14689,16157,16158,16159,16160,22068,25327,47804,47831
16162	39,30741,47758,593,623,692,1371,1421,1967,3377
16163	16922,17743,32342,32733,44001,1392,4398,4455,8797,24327
16164	16167,16169,8268,8281,8295,8315,16163,16165,16166,16170
16165	30043,30054,32387,35822,35843,38300,43992,0,36,147
16166	28747,28732,28737,28749,28711,28748,28742,778,28736,36574
16167	16164,16169,16163,16165,16166,16170,16171,16172,24330,29313
16168	8303,16163,16165,16166,16170,16171,16172,29355
16169	16164,16167,16163,16165,16166,16170,16171,16172
16170	16163,16164,16165,16166,16167,16168,16169,16171,16172
16171	16163,16164,16165,16166,16167,16168,16169,16170,16172
16172	1406,1077,1432,1445,1515,4431,5250,6611,6639,6642
16173	198,374,1022,1871,2565,3629,3653,3654,3880,4022
16174	362,572,3721,3753,4054,5078,5080,5089,5576,6098
16175	12714,6514,23182,25516,33760,338,536,4446,6568,6621
16176	20826,20569,9285,27526,3882,5033,7611,11572,11645,22091
16177	467,4950,4976,4979,6802,7630,7654,9393,9398,9919
16178	28519,28524,591,618,5547,5553,7011,7672,7956,9824
16179	661,5150,16180,16181,16182,16183,16184,16185,16187,16189
16180	33051,16179,16181,16182,16183,16184,16185,16187,16189,31232
16181	16997,2324,3736,6109,12154,15706,16179,16180,16182,16183
16182	16179,16180,16181,16183,16184,16185,16187,16189,16186,16188
16183	16179,16180,16181,16182,16184,16185,16187,16189,16186,16188
16184	5538,5558,16179,16180,16181,16182,16183,16185,16187,16189
16185	49577,49652,5869,11191,11752,13119,23719,23745,23865,25300
16186	366,541,7549,7566,8783,10500,11660,12029,12043,12046
16187	4516,28520,319,10341,12307,14472,16007,16179,16180,16181
16188	28519,28523,31234,11571,16179,16180,16181,16182,16183,16184
16189	28522,3882,4707,11569,11577,16179,16180,16181,16182,16183
16190	
16191	
16192	11072,16196,16197,16204,16212,16217,6279,16199,16200,16223
16193	16240,16197,16207,16214,16215,16217,4069,16222,16229,16196
16194	16240,16256,16196,16197,16208,15049,16205,16211,16252,16258
16195	16192,16199,16205,16211,16219,16221,16222,16225,16240,16262
16196	16222,16205,16241,16233,16198,16249,16204,16263,7967,23185
16197	16241,16233,16249,16258,16220,16263,16213,16225,16235,16245
16198	16196,16214,16217,16222,16229,6279,16200,16224,16246,16249
16199	16225,16197,16205,16229,6279,16192,16200,16213,16215,11072
16200	16212,16222,6279,16208,16220,16225,16233,16242,16263,16198
16201	16205,16211,16225,16214,16215,16197,6279,16199,16240,4069
16202	16211,16241,16205,16225,16240,16242,16246,6279,16196,16197
16203	16222,16211,16220,6279,16215,7967,11069,16196,16197,16200
16204	16196,16212,16222,16246,16242,6279,16192,16229,16241,16198
16205	16196,16220,16225,16201,16256,10287,16213,16219,16208,16221
16206	16193,16200,16207,16217,16222,16223,16229,16233,16262,16263
16207	16229,16215,6279,16217,16240,16212,16246,16220,16223,16262
16208	16211,16256,16252,16214,6279,16200,16205,16217,16220,16229
16209	16214,16217,16220,16222,16229,16249,2865,3872,4173,4246
16210	16214,16228,16211,16225,16229,16232,16262,6279,16199,16201
16211	6279,10287,16208,16256,16233,16252,16201,16224,7967,16232
16212	10287,16242,6279,16220,16200,16229,16233,11072,16204,16207
16213	16240,16197,16205,16217,16212,16225,16233,16241,16235,16245
16214	16229,16256,10287,16198,16208,16224,16201,16252,34083,4246
16215	16246,16220,16242,16207,16241,16258,16249,24127,4295,16201
16216	64,84,612,638,2031,2036,2112,2324,2865,4201
16217	16249,16223,4069,16235,10287,16207,16213,16245,16256,16262
16218	16192,16196,16197,16198,16200,16204,16205,16208,16211,16212
16219	16223,16240,16205,16241,16215,16233,16263,16217,16229,6279
16220	16205,16233,16215,16212,16197,16229,16256,16263,16200,4069
16221	16205,16215,16225,16211,16217,16219,16220,16232,16241,16262
16222	16196,16242,16235,4069,10287,16200,16259,7967,16204,16224
16223	16217,16219,16241,6279,16196,16207,16240,16192,16197,16200
16224	16246,10287,16211,16214,16222,16242,16198,16215,23185,16205
16225	16205,16197,16199,16201,16240,16242,16246,16200,16212,16213
16226	6279,11072,16192,16199,16202,16211,16213,16214,16217,16219
16227	2865,4246,6279,6840,7967,8532,11069,15843,16192,16193
16228	16214,16211,16229,6279,16210,16215,16217,16225,16240,16254
16229	16214,6279,16240,16207,16212,16220,16233,16246,16198,4281
16230	16214,16219,16223,6279,16205,16211,16217,16228,16240,16263
16231	16215,16240,3958,4069,4279,8508,16198,16214,16220,16222
16232	16211,16214,16225,16229,6279,16212,16220,16221,16240,16262
16233	16240,16220,16241,16196,16197,16211,16212,16229,16200,16213
16234	16211,7967,16196,16213,16214,16219,16222,16230,16235,16240
16235	16245,16240,16222,16197,16217,16249,10287,16205,11072,16213
16236	16196,16205,16214,16222,16192,16197,16198,16200,16204,16212
16237	2865,4246,6279,6840,7967,8532,11069,15843,16192,16193
16238	6279,16211,16214,16246,16208,16212,16213,16242,16199,16217
16239	16196,16222,6279,7967,16211,16214,16235,16242,16245,16246
16240	4069,16233,4281,6279,16235,16229,16213,4202,16219,16251
16241	16233,16196,16197,16263,11072,16215,16219,16223,16259,16213
16242	16246,16212,16222,16215,11072,10287,16224,16225,4069,16200
16243	16222,16214,11069,16205,16256,7967,16203,16211,16220,16246
16244	2865,4246,6279,6840,7967,8532,11069,15843,16192,16193
16245	16235,16217,16222,16240,16197,16205,16213,16215,16241,16249
16246	16242,16215,16224,4069,16204,16225,16229,7967,11072,16207
16247	17883,106,558,1423,2081,2865,3004,3117,3126,3412
16248	617,2865,4224,4246,6279,6840,7967,8532,11069,15843
16249	16217,16197,11072,6279,16196,16235,16215,16251,16258,10287
16250	16240,6279,7967,16192,16195,16196,16199,16202,16204,16211
16251	16240,11072,16249,16205,16220,16242,16197,16212,16217,16235
16252	16256,16208,16211,16214,16196,16205,16220,4246,6279,16215
16253	6279,16196,16207,16211,16214,16215,16217,16219,16220,16222
16254	16228,16211,16214,16220,16225,16199,16205,16210,16229,16232
16255	16197,16249,16258,16198,16208,16246,11072,16211,16213,16214
16256	16214,16252,16208,16211,16205,16220,6279,24127,16217,4246
16257	16240,16233,16211,16220,16241,16245,16258,16259,6279,16197
16258	16197,16215,16222,16249,4069,16217,16241,16246,16263,16220
16259	16222,16241,16246,7967,16196,16205,16211,16235,16242,16217
16260	16214,16222,4246,7967,16196,16242,16243,16246,16249,11069
16261	16205,16214,16229,16240,16198,16212,16225,6279,16196,16197
16262	16217,16215,16196,16207,16241,6279,16192,16240,11072,16197
16263	16241,16197,16196,16220,16200,16219,16233,16242,16246,4069
16264	581,2865,4246,6279,6840,7967,8532,11069,13501,15843
16265	14318,14390,14421,472,7639,11181,14562,22398,22572,40710
16266	98,562,582,596,611,622,1967,2523,3094,3950
16267	28611,546,7468,10477,10504,18088,26349,44358,52,204
16268	562,5995,11066,11208,11214,16266,16267,16269,16270,16271
16269	11208,7644,16280,27870,229,347,551,562,3937,5066
16270	11244,2196,3937,5670,9927,9940,10534,10723,10801,13280
16271	2802,12714,26425,557,604,2971,7989,8180,9921,12463
16272	4839,8508,562,606,615,5085,14315,14390,14426,16276
16273	319,562,4441,16284,16632,33051,44719,134,168,367
16274	5995,7989,10534,14318,15761,25691,45999,3937,5234,5933
16275	14327,16400,11214,14318,14928,16269,16270,16274,16276,319
16276	16272,10531,13280,562,606,615,1216,2827,5960,5995
16277	2802,579,7635,9986,10296,10534,10723,12060,12348,13495
16278	16272,8508,11208,11214,12828,14421,15660,16270,16276,16280
16279	232,472,562,1244,1918,2554,2795,3175,4742,4764
16280	5670,5948,9927,11208,12326,14325,14389,16269,18357,30378
16281	11369,22069,23172,6328,11878,12071,12331,13035,13544,14264
16282	606,615,6328,20500,28613,37902,42481,522,560,1520
16283	617,562,606,621,11208,12785,16281,22398,28546,390
16284	14271,4782,10494,14318,22697,30881,34825,38719,2019,3903
16285	5322,5331,5347,5349,5351,5356,5374,5379,562,5262
16286	562,5995,11066,11208,11214,16266,16267,16268,16269,16270
16287	6650,6573,7639,20585,23809,25790
16288	16289,16292,6573,562,577,708,2694,2699,2798,3692
16289	16288,16291,16292,535,4104,4295,6573,6650,7635,7686
16290	16293,6650,7639,23809,25790
16291	16289,16293,6650,7639,23809
16292	16288,16289,16293
16293	16290,708,2699,4090,4101,4295,4296,4755,6521,6566
16294	1356,4516,6523,12792,15041,15051,35991,37875,44764
16295	37848,913,6574,6626,6654,14821,15017,16296,18006,30709
16296	16295,17238,23476,131,223,811,1201,1347,1392,1431
16297	16298,1356,4516,6523,12792,15041,15051,35991,37875,44764
16298	16297,1356,4516,16295
16299	7645,8487,8491,8493,8497,8502,15986,30811,40633,49531
16300	8500,12768,15983,16301,16302,16303,22551,26091,32198,33409
16301	8500,16300,16302,16303,49587
16302	8500,16300,16301,16303,49587
16303	8500,16300,16301,16302,49587
16304	1421,1507,4498,4509,4669,5319,6904,6962,6978,7012
16305	8685,24573,285,1390,6473,6955,6993,17557,21193,23003
16306	15249,23988,26880,31223,40700,43242,45397,1,1170,1421
16307	286,12714,15041,23864,47209,211,311,501,503,897
16308	5250,6653,1077,1113,1406,1432,1445,4431,4509,4527
16309	16311,16318,2590,4642,4766,5178,5262,5337,5375,5641
16310	16312,16314,16315,16316,16317,16319,16320,16322,4669,5319
16311	16309,16321,4509,4669,7242,13592,16305,16306,16307,16308
16312	16317,16319,16310,16314,16316,16321,16322,4509,4669,7242
16313	16305,16306,16307,16308,16309,16310,16311,16312,16314,16315
16314	16310,16312,16315,16316,16317,16319,16320,16322,4669,16305
16315	16317,16319,16310,16314,16316,16321,16322,4509,4669,7242
16316	16310,16312,16314,16315,16317,16319,16320,16322,4669,16305
16317	16312,16315,16319,16310,16314,16316,16321,16322,4509,4669
16318	16309,16321,16322,1545,1642,4509,4664,4667,4682,6487
16319	16312,16315,16317,16310,16314,16316,16321,16322,4509,4669
16320	16310,16314,16316,6200,8536,15471,16322,16643,16650,18165
16321	16311,16312,16315,16317,16318,16319,4509,7242,13592,16305
16322	16310,16312,16314,16315,16316,16317,16318,16319,16320,16305
16323	87,575,2678,2805,2831,3298,3500,5933,7528,7639
16324	98,2901,12618,16006,34299,577,578,982,1085,1088
16325	13930,14140,35722,13793,13898,13899,14056,454,13795,13805
16326	19,87,168,575,638,975,1031,1664,1667,1689
16327	16324,16325,16326
16328	13069,6886,338,1169,2243,2876,2941,3971,5010,5429
16329	16330,16332,16333,1156,1158,1170,1198,1217,1233,1918
16330	6343,16329,16332,16333,534,2259,3237,3879,6214,6886
16331	2059,2855,5034,8670,16334,108,113,186,434,929
16332	6343,16329,16330,16333,24661,25837,433,456,944,1131
16333	6168,7248,9397,9892,6195,6204,7254,13287,15061,16104
16334	16331,16333,201,1169,2440,2739,2855,4135,4198,4240
16335	2249,2929,2951,2959,6343,6934,9123,10596,12706,12781
16336	1416,1809,2330,2331,2335,2337,2364,2554,3883,3904
16337	11972,11948,11994,11968,11986,11993,11998,11999,11956,11973
16338	11948,11966,11968,11969,11986,11985,11991,11993,11997,11998
16339	3842,29223,42443,14487,15012,18118,19978,20058,20928,25492
16340	93,339,368,4787,4795,13557,13573,13587,14514,15843
16341	145,1407,1928,2802,3430,6472,6598,7129,7293,10176
16342	1521,1524,17642,17662,17680,17650,17658,1513,1515,4364
16343	16362,16346,16349,16354,16356,16364,16366,16369,16372,16376
16344	7086,16346,16357,16358,16361,16367,16373,16374,1384,1437
16345	3798,5158,14015,14030,14095,23178,29399,38004,45167,45194
16346	16349,16357,16358,16362,16367,17662,7086,16344,16369,16372
16347	9453,13119,23755,49648,285,1356,1513,4454,4734,6966
16348	7086,16344,16346,16349,16356,16357,16358,16361,16362,16367
16349	16346,16360,16369,16374,17680,558,1524,4518,7086,16343
16350	4738,27312,562,22234,30851,351,1216,3333,4717,10454
16351	16374,558,7086,7218,13283,16343,16344,16345,16346,16347
16352	16355,558,7086,7218,13283,16343,16344,16345,16346,16347
16353	16371,1521,1524,17510,17650,17672,101,186,319,558
16354	1521,1524,558,4518,16343,16356,16358,16366,16369,16374
16355	16352,16358,558,1513,1515,1521,1524,7086,7218,13283
16356	16362,16372,16376,7086,16343,16344,16346,16348,16349,16354
16357	16367,16346,16358,16344,16361,16372,16373,16374,16376,17652
16358	1437,1489,17502,17518,1488,16367,17504,17542,17652,17664
16359	558,7086,7218,13283,16343,16344,16345,16346,16347,16348
16360	16349,16361,558,1521,16346,16363,16374,16377,1506,1513
16361	16374,7086,558,1489,1513,16344,16357,16358,16360,16367
16362	17662,16346,16343,16356,16358,16369,16372,16376,7086,16344
16363	558,16346,16349,16360,16361,16362,1521,7086,7218,13283
16364	16343,16356,16362,16372,16376,522,560,621,2285,2855
16365	1778,8685,11609,12444,12580,16032,19038,22934,22991,23543
16366	16343,16346,16349,16354,16362,16369,558,1521,1524,7086
16367	16357,16358,7086,16346,17652,17655,17679,16344,16361,16372
16368	558,7086,7218,13283,16343,16344,16345,16346,16347,16348
16369	7425,11863,13280,18117,22312,24385,1432,4841,5681,6204
16370	22457,22460,22462,22464,22468,22470,23943,23946,558,3407
16371	16353,1521,1524,8468,8685,12272,16347,17510,17650,17672
16372	17665,17670,17674,1524,16346,16356,16357,16358,16362,16367
16373	17642,17658,558,7086,7214,16344,16346,16357,16358,16361
16374	1437,1489,1446,16361,17510,17641,1488,1506,7086,17502
16375	1513,1515,17678,1390,17498,17504,17643,17646,17660,1524
16376	17670,17674,1524,7086,16346,16356,16357,16358,16361,16362
16377	1521,1524,17665,16346,16357,16360,16372,16374,16376,558
16378	15806,13061,13063,13070,13058,13060,13062,13068,15438,26057
16379	1110,24106,24334,37981,1797,5237,1617,1694,1741,1780
16380	23731,49581,22981,49577,1392,24316,32364,27653,48399,5243
16381	22954,24553,35047,35087,1169,1233,1357,1434,2043,2114
16382	3885,4509,5235,5246,8290,13059,13071,16067,16379,16380
16383	1428,1431,1453,6543,8685,23730,1347,1377,1390,1449
16384	13063,13055,13060,16399,16398,13059,13064,13068,16387,16394
16385	11555,19664,27249,27362,1787,4755,8065,10309,11569,11577
16386	13071,13063,16391,16398,16399,13055,13061,13062,13070,16067
16387	13055,16384,13054,13056,13058,13059,13060,13061,13063,13068
16388	8324,3795,6318,7924,8292,8301,8318,8348,12576,12713
16389	26088,26060,26073,26087,26089,26066,26068,26080,26092,48142
16390	4509,131,1388,1432,1515,1661,2983,4400,4431,5250
16391	13061,13070,13060,13062,13063,16386,16398,16399,13055,13059
16392	4509,5526,12186,12206,13059,13071,16067,16379,16380,16381
16393	13071,13055,13063,16384,16397,16398,16399,101,162,168
16394	13071,16384,16411,3238,7635,7644,9045,9060,13060,13063
16395	13059,16384,16387,16389,16391,16397,16398,16399,16400,4509
16396	26059,26061,26076,26090,48186,26054,26058,26062,26070,26073
16397	13058,13059,15806,13055,13062,13064,13068,7592,13057,16387
16398	16384,13055,13061,13070,16386,16391,13058,13060,13062,13064
16399	13063,16384,13055,16386,16391,13058,13060,13061,13064,16067
16400	562,14264,14318,16275,16389,577,615,5061,5143,5670
16401	3676,4509,5119,6009,6917,10121,10293,10424,10435,11208
16402	31223,31231,1967,8295,8331,8348,15246,31236,1010,1797
16403	13071,16067,16384,16386,16391,16398,16399,16408,4509,8661
16404	4133,16481,39219,41900,45022,667,1099,1135,3714,4509
16405	4509,13059,13071,16067,16379,16380,16381,16382,16383,16384
16406	44761,501,1428,1436,1860,4509,4518,4522,5242,5243
16407	31187,4509,8444,9607,12009,12014,13059,13071,13177,16067
16408	11246,9490,22402,23451,24312,6165,7282,7292,7322,9927
16409	8303,31229,4364,4509,8287,8348,8373,8379,8396,8399
16410	17268,17183,17198,17229,17184,17187,17191,17216,17227,28675
16411	16394,16385,522,621,4509,11211,13059,13060,13071,15913
16412	26054,26073,26076,26088,26060,26062,26087,26089,26068,26078
16413	4509,13059,13071,16067,16379,16380,16381,16382,16383,16384
16414	1420,4509,8281,8295,8303,8361,12221,13059,13071,16067
16415	16416,16417,4509,13059,13071,16067,16379,16380,16381,16382
16416	8284,8291,8315,8318,8321,16417,8281,8286,8292,8295
16417	16416,8318,186,1484,4389,4419,8268,8271,8273,8281
16418	568,13061,13071,16397,191,201,2944,3928,4509,8049
16419	13071,4509,13059,13062,13065,16067,16379,16380,16381,16382
16420	934,482,520,557,973,1114,1419,2797,4488,4509
16421	24331,4240,4415,6214,8468,11897,13288,13773,16441,17593
16422	612,16429,16433,16439,16459,588,16446,16453,6214,8468
16423	16433,16439,16426,16435,11668,16429,16437,38268,8468,11672
16424	8003,612,7983,16429,6265,6413,8004,8468,11668,12401
16425	3347,8468,10987,13265,352,588,612,621,2084,3332
16426	13244,22294,22283,4240,13317,16423,16439,22241,22293,22295
16427	11668,16439,16435,16437,16440,16444,16446,16447,612,11665
16428	11668,13202,16423,16429,16432,16435,16437,16439,16444,612
16429	11668,16435,16455,16433,16438,16422,16423,16430,16446,16451
16430	588,13265,16435,16437,16440,16459,11672,16429,16436,16438
16431	29230,3347,15458,522,566,574,576,588,621,3304
16432	11668,16435,16439,16459,588,612,13202,16423,16428,16429
16433	612,13265,16423,16459,588,11664,38252,16429,16455,38274
16434	16436,16437,16439,11668,13265,16455,16435,16438,16460,522
16435	612,11668,11672,16437,16429,16436,16444,16423,16430,16432
16436	16455,11668,13244,16435,16438,16434,16460,15694,16430,16445
16437	11668,16435,16455,16438,16430,16434,16460,11669,15694,16423
16438	16436,16437,11668,16429,16435,16455,15694,16430,16445,16451
16439	11668,11669,16423,16444,11667,16426,16432,16434,16446,16449
16440	19786,612,13265,26069,45983,11664,11668,16430,11676,16437
16441	16456,13265,16442,26144,4240,13202,4104,7432,9392,13275
16442	16441,16456,3926,12441,22265,26086,612,975,4102,4158
16443	16423,16433,16435,16439,16444,16447,11668,11672,12943,13202
16444	26072,16435,16439,3904,16447,612,3878,4196,4211,11668
16445	13244,11669,13265,19786,588,16426,16430,16436,16437,16438
16446	16439,16429,588,612,11668,13265,16422,16427,16430,16435
16447	16444,19786,38271,16435,16439,26072,11668,11672,15694,16423
16448	16433,16447,588,612,2855,3004,3006,3121,3347,3904
16449	612,16435,16439,16459,13244,16429,16430,16436,16437,16458
16450	588,612,6214,8468,9392,11668,12943,13202,13244,13265
16451	612,588,11668,13244,16460,16429,16433,16436,16437,16438
16452	22827,8468,6204,22670,22857,26100,6180,6195,9397,13202
16453	588,612,13265,16422,16429,16433,16439,16446,16459,13244
16454	588,612,16424,16429,16459,6214,8468,9392,11668,12943
16455	16436,16437,13244,16429,16458,16433,16438,16434,16440,16445
16456	16441,576,24129,26144,13264,13810,16452,22257,22646,26100
16457	612,11668,16424,16429,16434,16435,16436,16437,16439,16449
16458	16455,16459,588,16429,16436,16437,16438,16440,16445,16460
16459	588,16433,13244,16458,16430,16449,16422,16432,16440,16445
16460	13265,588,16436,16437,16451,11668,16429,16430,16438,16445
16461	588,612,16424,16429,16459,6214,8468,9392,11668,12943
16462	588,612,13244,13265,16436,16437,16459,16430,16433,16434
16463	12943,588,612,3558,3770,6214,7402,8468,9392,11668
16464	13265,16435,16440,16455,16458,16459,588,612,13244,16429
16465	13147,19904,90,131,467,812,1110,1366,1389,1393
16466	1797,16467,211,956,1078,1080,1170,1212,1694,1787
16467	850,1797,6639,7347,8685,11747,13119,16466,16470,32603
16468	16469,16472,1366,1617,1797,6979,7511,16466,16470,16471
16469	16468,16472,1366,1617,1797,6979,7511,16466,16470,16471
16470	12647,3407,16624,36383,12344,42922,3702,5681,8401,16639
16471	16470,16472,1110,1797,7511,16467,16468,16469,16473,32744
16472	168,204,1666,1670,1679,1685,1688,1705,1736,1864
16473	16472,1366,1617,1797,6979,7511,16466,16470,16471
16474	19519,19483,19494,19500,19455,19460,19471,19521,19452,19488
16475	19490,16491,19512,19447,19500,16490,16503,19451,19543,19457
16476	6966,16495,6568,22239,23738,23747,23755,23778,45373,46031
16477	19526,19521,16498,16483,16492,19561,16503,19519,19573,19556
16478	16485,39527,27809,27862,31411,16481,19552,11818,16475,16477
16479	6497,19459,19461,19494,6483,6496,6623,7041,19458,6458
16480	16484,16487,16489,16475,16479,16482,16483,16486,16490,16491
16481	6654,6653,29273,6600,6611,6648,8156,10778,14446,38206
16482	16499,16476,16484,16494,4033,11707,12337,16475,16479,16480
16483	16477,16503,19460,16498,19471,16490,16492,19456,19479,19459
16484	16487,24086,24097,269,16480,16482,16489,16494,16497,16475
16485	16478,10792,29151,39519,40560,41336,41346,916,16486,17746
16486	7019,37830,1772,7327,4494,14823,6934,7022,4509,6496
16487	16484,16497,16480,16488,16489,16475,16479,16483,16486,16490
16488	16487,16495,1877,3151,3559,7204,7246,9490,11559,11757
16489	16480,16484,16487,16475,16479,16482,16483,16486,16490,16491
16490	16479,16483,16492,16475,16477,16504,16493,19483,19561,6515
16491	16475,16486,16479,16504,19455,16477,19460,19471,19561,16483
16492	16477,19479,19459,19461,19465,19561,16483,16490,19526,16493
16493	16492,28820,16477,16479,16490,29283,16483,16486,19447,19455
16494	16482,16484,16499,19519,6062,16480,16489,1719,3399,6514
16495	16476,16488,16475,16479,16480,16483,16486,16489,16490,16491
16496	16475,16476,16479,16480,16482,16483,16484,16486,16487,16489
16497	16487,16484,16480,16482,16489,16499,19519,1719,3399,6062
16498	16477,19479,19519,16483,19452,19526,19459,19461,19465,19491
16499	16482,16494,16476,16484,16497,19519,21732,22561,161,388
16500	7204,11757,16475,16476,16477,16478,16479,16480,16481,16482
16501	27917,48499,8150,23871,31204,47819,8217,8444,13177,23867
16502	7204,11757,16475,16476,16477,16478,16479,16480,16481,16482
16503	16483,16477,16475,19526,16498,19456,19479,16490,16492,19455
16504	16490,16491,16475,16477,16492,1426,8180,11757,16479,16486
16505	1110,2915,5957,27086,27536,36940,37378,44559,44849,13
16506	23718,186,2915,3548,4330,4389,4875,7343,7723,8671
16507	16517,16524,147,211,956,966,1048,1059,1078,1080
16508	27086,19421,27560,43052,242,4364,7785,8399,10253,16511
16509	254,1085,1100,1101,1129,1137,2410,2675,2798,3873
16510	87,1139,1617,2823,5933,8101,8102,8107,8111,10496
16511	16508,16518,131,628,918,1270,1394,1655,1944,2225
16512	7763,16518,20561,24564,27586,27595,44849,95,937,989
16513	7713,39822,95,131,186,339,484,503,934,1114
16514	0,43,503,1357,1382,1489,1609,1841,1941,2409
16515	18294,561,973,1134,1392,1673,1680,1879,2343,2653
16516	6171,12565,12566,12585,12601,12605,2616,12600,18445,24230
16517	6985,8685,12642,13847,16507,22265,25170,25197,40819,40822
16518	42080,439,4036,5693,5703,5724,5730,8454,9326,12636
16519	1600,2681,19032,44412,0,27,37,90,95,110
16520	186,528,987,3880,4389,4439,8671,20561,22934,22940
16521	16506,16507,16508,16509,16510,16511,16512,16513,16514,16515
16522	1664,6804,11387,12975,12983,13792,13932,14801,15314,16506
16523	437,638,679,897,1387,1436,2864,4518,5307,7508
16524	16507,16530,40748,41886,44181,44517,44551,1,82,87
16525	33194,52,131,134,138,166,209,354,375,562
16526	12881,21855,23623,24147,43175,95,169,210,390,518
16527	168,1031,1609,1689,2644,2646,2701,2903,4464,5237
16528	131,12466,13203,16506,16507,16508,16509,16510,16511,16512
16529	10029,35603,40748,41415,44545,82,87,940,1110,2694
16530	16524,1,1043,1110,1814,1923,2438,5588,6782,6783
16531	548,638,1045,1100,1404,1617,3702,3882,4040,4045
16532	4234,8685,1113,14982,7697,13016,13430,22934,34825,3931
16533	93,361,695,708,811,1404,2855,3895,3901,4782
16534	22639,25527,45545,20058,23883,25491,27907,45441,45531,16643
16535	16532,16533,16534
16536	40423,503,1357,1918,3403,5960,12637,12781,14920,18586
16537	16539,1357,1918,3403,12781,13616,14920,20562,32085,32574
16538	1357,1918,3403,12781,14920,20562,32085,32574,34977,35612
16539	21171,23585,3400,19554,30782,42980,43728,4717,4981,13796
16540	1507,1380,1384,1409,1415,1428,1453,1934,2461,3880
16541	16562,16567,16576,16569,16566,16574,16579,16604,16571,16572
16542	16601,16602,16603,16605,16604,16585,16596,29898,1435,1488
16543	16576,16574,16571,16572,16577,16578,16585,16596,29898,1435
16544	16601,16602,16603,16605,16604,16590,16548,16588,16589,16592
16545	16570,16566,16574,16597,16571,16572,16577,16578,1507,1933
16546	16553,16569,16574,16602,16603,16605,16571,16604,16572,16577
16547	16597,16571,16572,16577,16578,1507,1933,16584,16596,29898
16548	16550,16554,16555,16551,16562,16565,16583,16599,16560,16567
16549	16602,16603,16605,16604,16577,1507,1933,16584,16596,29898
16550	16548,16578,16580,1507,1933,16584,16596
16551	16548,16590,16589,16588,16592,16594,16591,16582,16586,16587
16552	16571,16572,16577,16578,1507,1933,16584,16596,29898
16553	16546,16582,16581,16587,16586,16580,16585,1507,1933,16584
16554	16566,16548,16572,16577,16578,16582,16581,16587,16580,16586
16555	16548,16578,16582,16581,16587,16580,16586,16585,1507,1933
16556	16581,16587,16586,16580,16585,1507,1933,16584,16596,29898
16557	16604,16577,16578,16582,16581,16587,16586,16580,16585,1507
16558	16577,16578,16582,16581,16587,16586,16580,16585,1507,1933
16559	16582,16581,16587,16586,16580,16585,1507,1933,16584,16596
16560	16568,16569,16601,16602,16603,16605,16571,16548,16604,16572
16561	16571,16572,16588,16589,16592,16594,16591,16577,16578,16582
16562	16541,16548,16588,16589,16592,16594,16578,16591,16582,16581
16563	16566,16601,16602,16603,16605,16571,16604,16590,16572,16588
16564	16588,16589,16592,16594,16591,16577,16578,16582,16581,16586
16565	16548,16572,16590,16588,16589,16592,16594,16591,16577,16578
16566	16554,16545,16574,16563,16541,16598,16597,16548,16590,16588
16567	16541,16548,16590,16588,16589,16592,16594,16591,16582,16581
16568	16560,16597,16590,16588,16589,16592,16594,16591,16582,16581
16569	16546,16560,16541,16598,16597,16548,16590,16578,16588,16589
16570	16545,16548,16590,16588,16589,16592,16594,16591,16582,16581
16571	16547,16552,16561,16593,16543,16563,16545,16546,16560,16572
16572	16547,16552,16561,16565,16571,16593,16554,16563,16543,16560
16573	16597,16590,16588,16589,16592,16594,16591,16582,16581,16586
16574	16566,16543,16545,16541,16583,16546,16579,16598,16548,16590
16575	16583,16579,16598,16604,16597,16590,16588,16589,16592,16594
16576	16543,16541,16598,16597,16548,16590,16577,16588,16589,16592
16577	16549,16557,16558,16564,16576,16599,16543,16547,16552,16561
16578	16550,16555,16557,16558,16562,16564,16569,16547,16552,16561
16579	16575,16600,16541,16574,16601,16602,16603,16605,16604,16590
16580	16550,16548,16556,16587,16593,16541,16554,16555,16557,16558
16581	16556,16591,16593,16541,16557,16558,16559,16588,16590,16592
16582	16541,16557,16558,16559,16553,16554,16555,16583,16595,16560
16583	16575,16600,16574,16601,16602,16603,16605,16548,16604,16577
16584	1404,1617,8760,23685,638,9891,14930,33621,1797,3873
16585	16542,16543,16589,16548,16551,16587,16556,16588,16590,16591
16586	16587,16556,16588,16590,16591,16592,16593,16594,16541,16551
16587	16556,16586,16588,16590,16592,16593,16594,16541,16557,16558
16588	16598,16561,16564,16563,16544,16551,16562,16565,16573,16599
16589	16598,16551,16561,16564,16563,16544,16562,16565,16573,16599
16590	16563,16544,16551,16565,16573,16599,16567,16568,16570,16579
16591	16595,16560,16598,16561,16564,16563,16544,16551,16562,16565
16592	16595,16597,16561,16564,16563,16573,16544,16551,16562,16565
16593	16571,16572,16577,16578,16581,16587,16586,16580,16585,1507
16594	16560,16598,16561,16564,16563,16544,16551,16562,16565,16568
16595	16592,16591,16582,16581,16586,16587,16580,16585,1507,1933
16596	46451,46454,46457,46458,46460,46461,46462,46463,46464,46465
16597	16547,16545,16573,16568,16575,16576,16600,16569,16566,16601
16598	16575,16600,16576,16569,16566,16574,16601,16602,16603,16605
16599	16548,16590,16588,16589,16592,16594,16577,16591,16582,16581
16600	16583,16579,16598,16597,16590,16588,16589,16592,16594,16591
16601	16542,16544,16563,16560,16583,16579,16598,16597,16572,16590
16602	16549,16542,16544,16563,16546,16560,16583,16579,16598,16571
16603	16549,16542,16544,16563,16546,16560,16583,16579,16598,16571
16604	16557,16575,16549,16542,16544,16563,16541,16546,16560,16579
16605	16549,16542,16544,16563,16546,16560,16583,16579,16598,16571
16606	144,153,164,1452,1841,1994,2057,2519,2827,3232
16607	23717,23763,23766,23774,285,1362,1367,1390,1395,1449
16608	46388,16,89,140,146,198,623,1111,1393,1680
16609	38824,1435,2242,2246,9793,9824,12577,12620,13871,17870
16610	3244,16607,16608,16609,16611,16612,16613,16614,16615,16616
16611	3244,16607,16608,16609,16610,16612,16613,16614,16615,16616
16612	11848,95,44504,48793,127,130,150,171,189,1099
16613	3244,16607,16608,16609,16610,16611,16612,16614,16615,16616
16614	24252,26424,26991,130,195,208,235,254,291,293
16615	29,490,957,1111,1536,1595,1633,1647,1881,2744
16616	3244,16607,16608,16609,16610,16611,16612,16613,16614,16615
16617	3244,16607,16608,16609,16610,16611,16612,16613,16614,16615
16618	3244,16607,16608,16609,16610,16611,16612,16613,16614,16615
16619	19009,29696,31,6169,9172,9943,11848,13155,15277,15313
16620	24264,3702,14982,16532,13016,46319,4197,4234,6545,7697
16621	8671,19550,6038,27736,35613,4389,10240,13847,16624,22927
16622	24264,3702,16644,7246,16624,24251,7700,10667,12344,16625
16623	7029,16632,13016,3702,6982,8536,11101,16629,16644,35890
16624	7246,39637,7242,12344,16643,16650,39636,39684,8401,15843
16625	3702,7242,7700,16632,16643,16650,24446,40115,42927,6959
16626	16625,16643,16650,42927,3702,16470,24275,5854,7242,7700
16627	16624,285,1390,3702,8685,16645,23003,23755,24259,39633
16628	12229,16631,7697,9976,15567,16532,16636,16639,16641,624
16629	16623,3702,7692,7700,13016,16644,17594,24263,24264,40115
16630	44966,44949,20486,30002,34157,36469,41885,43144,49531,49550
16631	7697,14982,16532,16639,16644,9976,12229,15471,24264,29498
16632	16639,24259,16623,16643,16624,16625,24446,46319,4925,4933
16633	16625,3702,16626,16632,16639,16640,16643,16644,16646,16650
16634	16622,16626,16644,41704,3432,3702,4320,4959,5555,6614
16635	11101,16623,16631,6545,8685,13016,13036,16629,16636,16639
16636	6545,8536,16639,16641,3702,4234,4247,7697,8763,9940
16637	229,4159,46821,2869,3882,4102,4233,6397,6778,7242
16638	16623,16626,16629,40172,433,456,467,812,944,1238
16639	16632,16643,16644,16650,16631,39684,42927,15471,24259,24275
16640	24264,42927,16624,16625,16631,16632,16643,16650,3684,3882
16641	6545,3702,4197,4234,7697,8536,8763,13016,13510,14982
16642	7242,7246,11167,15843,16621,16622,16623,16624,16625,16626
16643	16650,12344,7246,24422,8401,15471,16624,18932,39684,46309
16644	16639,16532,16622,16631,24556,39684,46319,13016,14982,16623
16645	39637,39636,39699,39671,39684,39725,39698,39706,39715,25313
16646	16625,16626,16631,16632,16633,16639,16643,16644,16650,16651
16647	16624,16641,16643,16650,3727,7242,7246,11167,12344,15710
16648	161,7242,7246,15843,16622,16635,16636,16641,22241,29868
16649	16644,3702,7242,7246,16623,16629,16631,16635,16639,16640
16650	16643,12344,7246,16624,39684,4246,8401,15471,24422,46309
16651	16622,16625,16639,16644,3702,16624,16626,16627,16632,16633
16652	16631,16639,16643,16650,3412,3702,7697,9976,13016,14982
16653	7242,7246,11167,15843,16621,16622,16623,16624,16625,16626
16654	1447,6171,8773,9943,11095,11720,12350,16625,16627,23542
16655	47871,10350,232,4233,6117,15122,31800,42733,2,12
16656	16660,27404,27413,27416,27418,27424,27432,27441,27442,27443
16657	31800,11617,16660,33741,581,2929,2948,2949,2957,2961
16658	8618,10450,15032,19920,19,210,375,555,556,1078
16659	3937,14300,5362,7783,7852,8813,10454,10471,12046,12828
16660	16668,16656,13285,13485,16657,16661,16664,16676,16677,16678
16661	13285,13485,16656,16660,16662,16664,16668,16672,232,10350
16662	13485,16671,16672,13285,16656,16661,16664,16675,232,558
16663	161,2324,7269,7299,13349,15122,17090,453,2496,2674
16664	13285,13485,16656,16660,16661,16662,16668,16672,232,10350
16665	4145,16680,161,239,2601,3230,5099,5809,6222,6283
16666	13285,13485,15122,16656,16657,16658,16659,16660,16661,16662
16667	13285,13485,16656,16657,16658,16659,16660,16661,16662,16663
16668	16660,16672,13285,16656,16661,16664,232,1113,2802,2855
16669	16659,2855,3026,4233,4446,8475,9271,9957,10350,10976
16670	562,14318,20500,4782,5995,10678,14391,28,216,2092
16671	16674,16662,13485,16656,16675,2678,13285,14515,14567,15040
16672	16662,16668,23202,13285,13485,14494,14518,16661,16664,16675
16673	23435,9927,10454,11246,11260,14857,16674,21464,22046,22395
16674	16671,10469,16673,16675,16679,19096,12,79,87,472
16675	13532,16662,16671,16672,16674,2869,2990,3805,4205,13285
16676	31800,13532,16660,2990,4205,13285,13485,15410,15416,16656
16677	13532,16660,2869,2990,3805,4205,13285,13440,13485,15410
16678	31800,13532,16660,2990,4205,13285,13485,15410,15416,16656
16679	134,232,13285,13681,14569,16674,31145,2,222,223
16680	43175,15130,15731,26872,2678,2680,20854,29719,29747,29783
16681	13285,13485,16656,16657,16658,16659,16660,16661,16662,16663
16682	1403,1678,2181,2864,2928,4484,6935,8140,8494,9983
16683	20325,20283,20326,9201,20300,20368,27086,554,570,597
16684	8083,11889,8101,8107,11895,11900,8076,8082,8086,8097
16685	6026,6886,8091,8105,8111,10164,10758,11893,11896,13478
16686	8075,8083,8093,8076,8089,8091,8111,8090,8103,11890
16687	6290,7667,7677,8091,8105,8111,8468,11890,11893,11896
16688	16690,2820,8075,8081,8088,8091,8102,8107,8111,11897
16689	4254,4231,4234,3882,19077,22241,4246,4315,22291,4074
16690	16688,8107,8111,16691,43750,2030,2053,2547,2782,2823
16691	8083,8091,8105,11896,8076,11889,11890,11895,8075,8077
16692	22147,22158,1230,1719,2865,3450,3685,3734,3958,3971
16693	8091,8105,8111,11893,11896,16685,16689,16691,16698,16699
16694	8091,8105,11890,11896,11897,16691,16697,8076,8077,8083
16695	223,2827,4033,4069,4074,4135,4198,4264,4296,5934
16696	4202,4254,4234,34825,35004,3882,22147,3948,4035,4074
16697	8091,8105,11890,11896,11897,16691,16694,8076,8077,8083
16698	2929,8091,8105,8111,11893,11896,16685,16689,16691,16693
16699	8091,8105,8111,11893,11896,16685,16689,16691,16693,16698
16700	23957,2711,23977,23978,87,2413,2689,2698,18150,23966
16701	13882,439,7521,13870,15175,33955,19,454,3762,7785
16702	16701,16703,16704,16705,16706,16707,16708,16709,16710,16711
16703	1378,2711,2712,3246,4313,4389,5479,5924,5984,6016
16704	4516,7024,7343,10797,13028,13775,16701,16702,16703,16705
16705	16701,16702,16703,16704,16706,16707,16708,16709,16710,16711
16706	16714,0,476,962,1026,1029,1052,1078,1083,1084
16707	5263,7670,10276,16712,16715,24723,39631,39648,39681,39690
16708	7378,12975,13013,14385,16718,117,280,285,1394,1408
16709	14689,16701,16702,16703,16704,16705,16706,16707,16708,16710
16710	7758,8685,25200,35453,1031,1664,1667,1689,2644,2645
16711	672,3887,4213,7014,9894,10235,12410,13810,14488,15591
16712	16707,7024,10797,13028,16701,16702,16703,16705,16706,16708
16713	2667,3231,29445,2637,2668,2708,3205,29432,29485,29508
16714	10055,10014,10099,36927,10018,10066,23279,36696,37211,39233
16715	4527,10408,14454,15990,16707,22265,23484,23866,23993,25195
16716	2687,16718,16717,18146,23966,168,1670,1692,1705,1736
16717	16716,16718,23966,168,2637,2687,3231,16723,16734,18150
16718	23951,16716,16734,18146,43179,1694,2687,13430,16717,38906
16719	16701,16702,16703,16704,16705,16706,16707,16708,16709,16710
16720	23451,24063,7292,9490,11246,24310,24312,35365,45549,531
16721	300,918,1077,1406,1407,1421,1432,1445,1515,1982
16722	1694,1692,2681,168,1664,1666,1670,1685,1688,1736
16723	16713,2637,2667,2687,3205,3231,13415,16656,16716,16717
16724	42666,42669,42672,42680,42661,42665,42668,42671,42675,42677
16725	16701,16702,16703,16704,16705,16706,16707,16708,16709,16710
16726	3333,12555,3313,3321,3326,3334,3346,3365,3368,7446
16727	1890,2017,2059,2496,3205,3231,3625,4591,8617,8672
16728	16734,18161,2711,9530,12387,14976,15653,16701,16702,16703
16729	15179,16701,16702,16703,16704,16705,16706,16707,16708,16709
16730	3039,4210,11184,11236,14770,15172,16701,16702,16703,16704
16731	16701,16702,16703,16704,16705,16706,16707,16708,16709,16710
16732	16701,16702,16703,16704,16705,16706,16707,16708,16709,16710
16733	694,696,758,762,783,1625,4053,5681,7409,7448
16734	16718,23951,16716,16717,16722,16723,16728,2711,4247,9530
16735	439,3879,10077,12204,15314,16701,16702,16703,16704,16705
16736	16701,16702,16703,16704,16705,16706,16707,16708,16709,16710
16737	40359,23746,171,242,622,656,660,1100,1113,1181
16738	1083,1212,1408,1664,1673,2413,2640,2644,2646,2689
16739	1854,2720,29608,37,168,300,1423,1670,1772,1810
16740	16701,16702,16703,16704,16705,16706,16707,16708,16709,16710
16741	576,2986,3540,4505,8268,8380,10723,13510,15437,15442
16742	16745,16750,4505,16744,106,558,576,1423,2081,2986
16743	16745,16747,8338,16744,16750,3540,13510,15437,15442,16624
16744	16742,16743,16745,16746,16749,8338,13510,15437,15442,16747
16745	16742,16743,16749,16744,16747,3540,8338,13510,15437,15442
16746	16750,8338,16744,202,544,2680,2986,6221,6236,6244
16747	16749,16743,16748,7170,8338,16745,21949,45943,229,2929
16748	16747,8338,15428,16750,124,1433,1666,1692,1694,2437
16749	16747,16745,8338,16744,3540,10723,13510,15437,15442,16624
16750	16742,16746,16743,16748,338,626,2986,4850,5532,5986
16751	317,3248,9774,10302,14385,14534,15687,18053,20779,20780
16752	17699
16753	16780,16782,16787,16779,16788,16778,16764,16777,16781,16783
16754	16761,16781,16784,16771,16778,16764,16777,16786,16785,16773
16755	16780,16782,16787,16779,16788,16771,16778,16777,16781,16783
16756	16761,16770,16760,16763,16759,16766,16771,16781,16784,16777
16757	16768,16761,16760,16775,16759,16763,16766,16779,16784,16771
16758	16759,16763,16781,16771,16778,16783,16764,16786,16785,16773
16759	16758,16757,16766,16768,16756,16761,16775,16771,16778,16780
16760	16757,16763,16768,16756,16761,16775,16771,16780,16782,16779
16761	16754,16768,16756,16757,16760,16759,16763,16766,16771,16781
16762	16778,16781,16784,16777,16783,16764,16786,16785
16763	16760,16756,16757,16758,16768,16761,16766,16775,16771,16780
16764	16753,16754,16757,16758,16759,16760,16761,16762,16763,16766
16765	16787,16779,16788,16777,16781,16784,16783,16786,16773,16785
16766	16769,16757,16759,16768,16756,16761,16763,16775,16771,16780
16767	16775,16780,16782,16787,16779,16788,16771,16778,16777,16781
16768	16757,16761,16760,16759,16763,16766,16771,16781,16784,16778
16769	16766,16775,16780,16782,16787,16779,16788,16771,16764,16777
16770	16756,16775,16780,16782,16787,16779,16788,16771,16778,16777
16771	16756,16763,16769,16754,16755,16757,16758,16759,16760,16761
16772	16764,16785,16773,17699
16773	16753,16754,16755,16756,16757,16758,16759,16760,16761,16763
16774	16780,16782,16787,16779,16788,16778,16764,16777,16781,16783
16775	16757,16767,16769,16770,16779,16787,16760,16766,16788,16759
16776	16788,16777,16781,16784,16764,16783,16786,16785,16773,17699
16777	16765,16776,16756,16762,16780,16753,16754,16755,16768,16769
16778	16753,16762,16774,16754,16755,16758,16767,16757,16759,16761
16779	16787,16757,16765,16775,16753,16755,16767,16769,16774,16770
16780	16753,16755,16774,16767,16769,16770,16783,16760,16766,16759
16781	16754,16758,16756,16762,16761,16768,16776,16765,16786,16775
16782	16753,16755,16774,16767,16769,16770,16783,16760,16766,16759
16783	16780,16782,16758,16756,16757,16762,16768,16761,16776,16786
16784	16754,16757,16779,16756,16761,16762,16768,16776,16765,16775
16785	16772,16754,16756,16757,16758,16761,16762,16768,16780,16781
16786	16754,16756,16757,16758,16761,16762,16768,16780,16781,16784
16787	16788,16779,16765,16775,16753,16755,16767,16769,16774,16770
16788	16787,16776,16765,16775,16753,16755,16767,16769,16774,16770
16789	18364,5682,7248,7254,8468,18835,24178,29817,42764,42905
16790	2876,4317,7425,12497,14477,18343,20056,22224,28013,31333
16791	656,93,343,705,728,734,756,807,4787,13112
16792	695,803,807,5924,7415,16791,16793,16795,16796,16797
16793	522,4201,4841,9170,14421,14911,16009,20500,22842,30860
16794	5924,16791,16793,16795,16796,16797,16798,16799,16800,18820
16795	32,90,134,198,556,705,728,748,762,772
16796	343,24226,24228,16798,24211,24213,24222,24229,24235,24246
16797	1484,2009,5924,8268,8270,8273,8284,8291,8292,8294
16798	6623,24249,40606,40610,4527,6549,12463,13115,23755,131
16799	336,339,343,378,385,387,390,394,557,783
16800	82,371,693,728,783,804,833,1397,5307,5402
16801	1458,32,90,284,770,778,957,991,1366,1676
16802	247,251,255,274,476,503,3407,16886,22983,24846
16803	246,266,276,250,13,191,198,252,256,264
16804	87,318,1613,3133,10737,16801,16803,20080,39093
16805	22846,531,536,559,574,598,613,621,640,1181
16806	4206,4295,28132,2996,3931,3971,4011,4046,4101,4176
16807	6306,16806,16809,16810,16811,16813,16814,16815,16816,35375
16808	6306,16806,16809,16810,16811,16813,16814,16815,16816,35375
16809	4279,20955,21077,31982,42713,42766,3878,4196,31989,42455
16810	40606,6654,8773,1432,6653,14455,4527,10778,6528,6660
16811	4279,4299,18118,31125,6825,6920,8008,13761,23958,26069
16812	35325,35336,35339,580,3714,6306,16806,16809,16810,16811
16813	6306,16806,16807,16808,16809,16810,16811,16812,16814,16815
16814	9240,9257,9247,9260,9294,9244,9252,9290,536,612
16815	6306,16806,16807,16808,16809,16810,16811,16812,16813,16814
16816	14494,522,597,24147,576,14503,13426,14513,14519,14521
16817	4617,4625,16818,16819,42785,4622,9553,16820,25693,42784
16818	4625,4627,4617,42785,42786,16817,16819,4620,4621,4623
16819	882,886,890,894,4617,4625,16817,16818,42785,887
16820	4617,42785,4630,42787,891,899,4621,4622,4642,42786
16821	47585,47586,47589,47583,47590,47598,47601,47603,47606,47584
16822	47596,16823,47583,47598,16825,47590,47588,47594,47603,47602
16823	16822,47593,47584,47595,47596,47597,47587,47592,47588,6653
16824	1110,1258,2865,3770,4114,4431,4451,4463,5307,6151
16825	47606,16822,47584,47593,47601,47587,47595,47592,47596,47588
16826	11065,47597,47603,47602,47594,1110,4431,4451,4463,5307
16827	1382,1428,17584,26905,7929,13672,37838,48086,49652,1077
16828	16853,16855,16857,7789,12737,16829,16830,16831,16832,16833
16829	9702,16828,16830,16832,16833,16834,16835,16836,16837,16838
16830	40606,45481,6654,6660,10778,17999,33661,33678,48472,6487
16831	32059,114,3669,4447,5929,6959,7053,7758,7847,8123
16832	16828,16829,16830,16831,16833,16834,16835,16836,16837,16838
16833	1390,16836,49581,49606,1446,2632,5531,8687,16830,20488
16834	16830,16849,1077,1410,1428,1507,1797,5242,5252,7024
16835	1387,1453,2601,6611,6654,6660,11100,11752,12839,17575
16836	1390,23751,1347,11752,14454,49581,5250,6642,6653,6979
16837	16840,16842,16849,16860,17200,20776,24000,24249,32751,39473
16838	6580,11784,37874,37882,1393,35993,36009,36025,36039,37827
16839	16840,16842,16860,1077,1410,1428,1507,1680,1797,5242
16840	16833,16837,16839,16842,16860,5370,6648,6671,11723,13365
16841	32423,1405,1412,1434,1488,1664,3612,3618,3885,4398
16842	16833,16837,16839,16840,16860,285,1362,1367,1390,1395
16843	16828,16829,16830,16831,16832,16833,16834,16835,16836,16837
16844	16828,16829,16830,16831,16832,16833,16834,16835,16836,16837
16845	5249,1393,16833,16836,16893,26386,39583,49581,134,138
16846	158,5869,8270,11592,12452,13243,14514,15123,15353,15376
16847	16828,16829,16830,16831,16832,16833,16834,16835,16836,16837
16848	16828,16829,16830,16831,16832,16833,16834,16835,16836,16837
16849	16830,16833,16834,16837,16828,16829,16831,16832,16835,16836
16850	6304,6782,13118,16828,16829,16830,16831,16832,16833,16834
16851	16858,6580,15594,35758,11784,37849,37874,37882,1447,1513
16852	14589,16829,16830,16831,16832,16833,16834,16835,16836,16837
16853	16828,16857,1453,1933,14577,16829,16830,16831,16832,16833
16854	11715,11792,11717,11722,11723,11739,11755,11772,24498,7352
16855	16828,16857,14589,16829,16830,16831,16832,16833,16834,16835
16856	16828,16829,16830,16831,16832,16833,16834,16835,16836,16837
16857	16828,16853,16855,16829,16830,16831,16832,16833,16834,16835
16858	16851,15594,35758,37838,1513,6565,6580,8217,16836,36001
16859	1428,1664,4934,16379,16828,16829,16830,16831,16832,16833
16860	16833,16837,16839,16840,16842,16828,16829,16830,16831,16832
16861	16992,16970,16985,17022,42051,15356,16983,29574,43447,16963
16862	8675,35605,17740,15175,16914,35630,239,20075,25199,35621
16863	35678,16865,16872,16876,16878,16882,16883,16923,16942,35633
16864	9404,16970,16889,16906,16934,16868,16878,16895,16904,16914
16865	16970,239,16881,35633,16891,16942,35570,16874,16896,16901
16866	1664,1673,2678,26870,2043,2413,2659,2689,3134,6030
16867	42051,8675,16882,16930,5166,15356,16874,16878,16880,16898
16868	16906,16896,17001,35570,9404,15356,16862,16898,16963,16983
16869	16904,16883,16906,16914,16864,16878,16881,16895,16898,17022
16870	161,239,1664,8675,8731,12263,12292,13912,16862,16863
16871	35613,35678,7717,16923,21556,23550,27549,35630,35633,16865
16872	15356,8675,16878,16883,35570,16863,16868,16901,16906,43447
16873	16865,16871,16878,16881,16882,16904,16923,16942,114,6101
16874	16883,16865,16878,16906,16923,16942,35570,16868,16904,16908
16875	42664,280,287,289,290,298,299,301,9490,9533
16876	8675,16882,16901,16917,9404,16863,16884,16899,16942,16944
16877	16865,16878,16862,16881,16896,16906,16970,29574,237,239
16878	42051,16898,16931,35678,43447,9404,20075,35621,16874,16884
16879	16883,16876,16881,16901,8675,16868,16878,16884,16896,16906
16880	16862,25228,28873,49546,7521,13870,16867,16872,16905,16914
16881	16865,16883,16901,16970,35633,239,15356,16891,17022,23550
16882	16876,16944,7521,16863,16867,16908,239,13870,15088,15175
16883	8675,15356,16896,17740,16881,16914,16862,16874,35633,8731
16884	16878,8688,16881,16901,239,5026,8706,8756,9404,16865
16885	16865,16862,16868,16881,16883,16891,16894,16901,16906,16923
16886	8675,16862,16874,16880,16894,16899,16905,16923,16924,1
16887	168,2678,16893,19,110,161,239,339,971,1088
16888	3039,12122,16869,16881,16882,16905,16906,16909,28879,29808
16889	16864,16904,16906,16914,16930,16970,17011,239,9404,16868
16890	16914,239,1648,1677,2021,4434,6082,7830,8675,8685
16891	16901,16906,16865,16881,16970,35633,16945,16963,17022,29574
16892	16878,25199,29260,29719,19,4817,8675,8757,11595,13818
16893	3231,168,1657,2681,9638,31229,43201,1670,1673,1685
16894	35605,25228,49226,35630,9194,15356,21556,42051,13870,23550
16895	239,16864,16883,8675,16869,16878,16914,16962,16970,43501
16896	16883,8675,16868,29574,239,16862,16865,16974,16894,16898
16897	8675,16862,16863,16865,16871,16872,16876,16914,16923,16942
16898	239,16878,8675,16901,16868,17022,15179,15356,16862,16963
16899	8675,239,16876,16905,16906,16914,16966,1,2641,9404
16900	12263,16917,16926,16928,16936,16943,16944,16947,239,10918
16901	16992,16983,29574,16891,17022,15356,16881,16898,16865,17740
16902	8675,239,16884,16901,8731,16864,16865,16876,16877,16878
16903	16868,16912,16927,16932,8731,16890,16914,17001,161,239
16904	16869,16864,16883,16874,16878,16889,16906,16908,16914,16930
16905	25199,16862,16899,12122,12135,12167,16863,16880,23550,43190
16906	16868,29574,9404,16891,35570,16862,16864,16914,16915,23550
16907	16921,16925,16943,17023,12263,12292,13912,16863,16867,16875
16908	16874,16882,16904,16944,16863,16867,16872,16876,16878,16883
16909	16906,16881,16891,16911,16970,16864,16865,16868,16869,16878
16910	6109,16914,29747,161,16869,16878,16883,16895,16906,17010
16911	16970,16864,16878,16901,16906,16909,16999,16865,16868,16874
16912	16868,16903,16927,16932,8675,8731,16864,16876,16884,16901
16913	161,239,1664,8675,8731,12263,12292,13912,16862,16863
16914	239,16862,8675,16883,17004,16906,16864,16869,16871,16878
16915	16878,16906,239,17022,16898,8731,16862,16868,16874,16896
16916	16925,16935,16951,12263,12292,13912,16863,16867,16875,16876
16917	16992,16876,16901,16928,8675,16944,16947,16983,6214,12263
16918	35633,2657,12263,12292,13912,16863,16867,16871,16875,16876
16919	17013,16906,9404,16868,16874,16878,16891,16898,16901,16904
16920	12577,6935,99,127,131,8287,8795,9839,11799,12249
16921	16907,16937,16943,16950,12263,12292,13912,16863,16867,16875
16922	16163,16867,16872,16917,16937,16985,1,239,1394,7723
16923	16865,16871,15356,16874,35633,16863,16878,16970,23550,35570
16924	16862,16874,16880,16886,16894,16899,16905,16923,16931,1
16925	16907,16916,16935,16937,16943,16951,12263,12292,13912,16863
16926	16944,16876,16882,16900,16917,239,8675,12263,12292,13912
16927	16868,16903,16912,239,8675,8731,16890,17001,18017,161
16928	16917,9404,16947,8683,12263,14052,16862,16876,16882,16891
16929	16936,17022,33416,4935,12263,12292,13912,15146,15148,15362
16930	239,8675,16864,16934,16947,6114,16867,16871,16889,16904
16931	16878,8675,9404,16868,239,5000,15356,16864,16884,16898
16932	16878,16891,16901,16864,16865,16881,16883,16884,16903,16904
16933	12263,12292,13912,16863,16867,16875,16876,16882,16891,16898
16934	16864,16930,239,8675,9404,16966,16869,16876,16895,16899
16935	16916,16925,16951,12263,12292,13912,16863,16867,16875,16876
16936	12263,16867,16900,16917,16928,16929,16943,16944,16947,23550
16937	16967,16917,16921,16922,16925,16943,12263,12292,13912,16863
16938	16891,16901,16945,17022,9404,16864,16868,16878,16883,16904
16939	16881,16883,16906,16915,16919,16941,16947,122,161,210
16940	12263,12292,13912,16863,16867,16875,16876,16882,16891,16898
16941	17022,29260,6109,16947,16978,161,6117,6214,16883,16894
16942	16865,16874,16878,16906,16970,35570,239,16863,16871,16876
16943	16967,12263,16900,16907,16917,16921,16925,16928,16936,16937
16944	16882,16876,16908,16917,16926,239,12263,16863,16867,16874
16945	16878,16891,16901,16906,16865,16868,16938,16947,16970,4935
16946	16914,35685,42003,161,375,13793,13805,14056,14179,14181
16947	239,16930,16970,16865,16878,16901,16917,16928,16941,16945
16948	16941,16949,7718,8685,12263,12292,13912,16863,16867,16869
16949	16948,12263,12292,13912,16863,16867,16875,16876,16882,16891
16950	16921,12263,12292,13912,16863,16867,16875,16876,16882,16891
16951	16916,16925,16935,12263,12292,13912,16863,16867,16875,16876
16952	16862,16872,239,16863,16865,16883,16885,16901,16923,16942
16953	16906,1664,8667,16865,16881,16883,16891,16909,16914,16919
16954	16876,16917,956,8563,10918,12263,12292,13912,16861,16863
16955	16861,16901,16917,16992,1617,1790,3407,8563,8706,10918
16956	9404,16883,17022,6214,8675,15356,16861,16868,16872,16874
16957	8563,10918,12263,12292,13912,16861,16863,16867,16875,16876
16958	9404,16861,16883,16906,16963,16970,17022,6214,8675,15356
16959	37917,37923,37936,37931,37944,1,37932,2659,9030,12950
16960	10029,18964,23279,37814,1135,8686,10014,10018,10022,10040
16961	16864,17023,239,8683,9404,16861,16928,16930,16934,29739
16962	16861,16963,239,16865,16881,16895,16901,16970,16974,16995
16963	16861,17740,16868,16970,29260,9649,16891,16898,16901,16962
16964	8692,11707,16878,16883,16906,16910,16914,17022,29260,29741
16965	20513,29719,43187,161,433,453,815,2669,2680,3026
16966	8675,239,9404,16861,16876,16878,16883,16899,16906,16934
16967	16937,16943,16917,10918,12263,16900,16907,16921,16922,16925
16968	10918,12263,16900,16917,16928,16936,16943,16944,16947,16967
16969	9404,16861,16917,16928,16938,16947,16970,16986,17022,6214
16970	16861,16865,16864,16881,16995,29574,16891,16911,16963,17740
16971	16861,16928,16930,16985,2009,7011,8563,10918,12263,12292
16972	8735,43145,15362,25228,29741,35621,8674,9735,12132,12151
16973	17016,2104,10918,12263,16861,16900,16917,16928,16936,16943
16974	239,6109,16865,26887,29741,16896,16995,15731,16861,16868
16975	16906,239,6109,16865,16995,16891,16962,16970,16999,17010
16976	16863,16962,17012,17022,19,169,184,204,237,338
16977	4048,11570,22165,26600,49401,49406,49418,3006,3010,4045
16978	16941,17022,16861,16901,16906,29260,239,8692,16878,16891
16979	6109,24202,2680,5681,8501,9882,13618,14318,15297,19485
16980	
16981	16861,16878,29741,16906,16919,16931,16970,17740,29574,43190
16982	16878,16901,16906,16945,16992,35570,239,9404,16861,16865
16983	16861,16901,239,17001,16868,16881,9407,15356,16865,16876
16984	239,16914,16999,2324,3295,3568,3926,4201,4935,5114
16985	16861,16930,16904,16908,16922,16992,17004,17022,2678,4817
16986	16861,16917,16928,16947,16969,17023,2588,10918,12263,16891
16987	12292,7457,8712,8738,12288,14184,16861,16985,18841,34923
16988	95,218,14065,161,12004,17450,23623,29838,43241,43315
16989	16861,8731,16883,16915,16937,16947,16951,16967,17004,45834
16990	16861,8675,239,9404,16883,16884,16901,16966,18017,29574
16991	371,664,680,4169,8501,9170,12586,13577,13834,17894
16992	16861,16901,16917,17001,17022,16862,16878,16883,29574,34009
16993	239,2637,2659,2678,2687,26872,29719,29819,31231,17
16994	16937,16967,17004,8706,8735,16914,16917,16922,16972,16974
16995	16861,16970,16865,16974,29741,16881,16891,16901,16962,16975
16996	239,8675,16883,16901,15356,16861,16862,16865,16881,16891
16997	16963,6109,16906,43190,239,8501,12154,16181,16865,16891
16998	4934,17450,43175,134,161,2680,3736,16898,20513,23623
16999	16878,16906,16865,16901,16911,16992,16995,4935,8675,16861
17000	
17001	16861,16868,16983,16992,16883,16881,16906,16970,239,9407
17002	239,10918,12263,16900,16914,16917,16928,16936,16943,16944
17003	
17004	16914,16861,16985,7511,16989,16994,2900,7789,8706,8731
17005	239,4935,6109,16865,16878,16883,16906,16974,16975,16995
17006	12263,166,12248,16914,30834,95,158,161,218,1581
17007	16907,17023,17024,16861,16914,16921,16925,16943,16967,17013
17008	16944,9404,16861,16914,16926,29858,239,5002,6100,8183
17009	12248,12294,12265,30760,10377,12257,12262,12263,12270,12278
17010	6109,16883,16962,29747,35570,12171,16865,16894,16895,16906
17011	8675,16889,239,9404,16901,16906,16917,16861,16868,16876
17012	7192,15362,16861,17022,17041,29245,29741,184,237,2646
17013	16919,16861,16947,9404,16868,16898,16906,16970,16981,16995
17014	2027,2059,2104,3559,4995,5047,8667,8670,8705,13478
17015	1,134,2646,2704,8323,9637,11062,16861,16914,16979
17016	16973,2104,20001,45834,210,3450,4817,6170,6753,8536
17017	239,16969,16970,1433,6214,6995,9404,14892,16883,16902
17018	29741,210,239,6109,12351,13204,16861,16881,16910,17010
17019	8731,16861,16865,16881,16883,16970,16995,36602,43342,19
17020	6109,16865,16906,16945,16970,17010,25199,35570,239,2324
17021	114,1,11084,11086,16861,16891,16901,16936,16938,16942
17022	16861,8675,15356,15386,16901,29741,42051,43202,15731,16868
17023	16861,16961,17024,239,16863,16907,16930,16934,16943,16986
17024	17023,16914,16907,17007,17013,7511,16861,16919,16921,16925
17025	20379,21705,6,91,4832,9973,13223,24371,36173,0
17026	5179,41417,48142,1550,1578,1630,8871,18086,22506,25853
17027	21,13077,17029,17032,17033,17035,1417,9201,11370,12678
17028	21,1382,1417,1484,2352,2427,3409,4999,6899,7792
17029	17032,48357,48405,48411,48412,21,48333,48338,48349,48384
17030	5588,12,21,116,134,637,656,1417,1489,1870
17031	8233,9467,11384,11865,16027,17059,19485,19576,34245,31
17032	13832,351,13828,14044,17029,28611,34356,2782,2901,9462
17033	0,13077,13223,17027,17035,6,52,63,575,1417
17034	17036,2554,4104,13654,15310,19501,45992,21,52,102
17035	21,13077,17027,17029,17032,17033,1417,2904,3503,4401
17036	17034,13632,24370,21,95,1417,1677,2554,3175,4056
17037	20536,99,11799,16920,21,95,638,1404,1417,2535
17038	43501,15122,9581,23623,161,2027,6109,6117,6121,6214
17039	6963,13616,13669,16032,17050,17344,17896,18614,18626,18844
17040	6121,5681,7882,14391,17039,17059,18626,18809,18825,18887
17041	17048,26872,2659,2680,7192,15122,16863,17012,17069,18539
17042	134,1196,1233,3463,4839,5310,5681,6121,7995,9852
17043	134,4839,5681,6121,6173,7325,7789,9573,12519,13426
17044	134,1186,4839,5681,6121,9529,12519,13426,13508,13750
17045	17073,551,9362,11244,12313,15130,17058,17059,23380,82
17046	17048,8501,26872,2687,9170,26891,43171,43288,95,1694
17047	15136,13430,15134,15843,17053,17055,17066,134,161,522
17048	17046,138,2680,8501,26883,17070,43242,43349,9170,24334
17049	4839,134,147,966,1048,1059,1595,1625,1633,1647
17050	5265,7212,7509,13280,13632,13640,15277,15757,17039,17064
17051	17062,4247,5681,17059,19837,762,2281,13241,13430,13648
17052	1620,4396,17071,134,2641,4903,6121,7246,8494,9206
17053	15136,17047,17060,134,4839,5681,6121,12519,13426,13508
17054	6275,22118,22265,28547,28553,28564,28572,29012,38363,134
17055	4839,15136,17047,17060,17064,17066,17072,19,134,242
17056	134,4839,5681,6121,12519,13426,13508,15122,15124,15126
17057	616,2869,13698,16133,18845,21079,47448,48087,134,553
17058	6304,17045,17059,17073,17883,26815,42152,42542,43207,46505
17059	8783,1230,15761,14318,22517,42897,2786,5933,6121,8800
17060	15843,4234,4246,14983,15134,18511,19077,22147,576,581
17061	28573,28546,6881,28554,6853,6855,7665,19077,22294,28550
17062	4234,4247,3882,3926,4202,4254,4321,13263,13267,17051
17063	15133,15123,7211,8593,15122,15138,17046,93,134,168
17064	4839,4841,13280,15761,5681,11863,13640,23366,31948,41697
17065	2687,2711,5479,43586,44323,134,671,1639,2519,2574
17066	15134,17047,17055,17059,17060,134,559,2018,3770,4113
17067	13708,7509,7701,11863,12556,13618,17050,17059,18049,18612
17068	134,4839,5681,6121,12519,13426,13508,15122,15124,15126
17069	15122,26872,29719,134,2680,7425,8721,17041,17436,43145
17070	24352,2680,43242,138,9153,17048,43288,168,24356,26869
17071	17052,134,2869,3926,4102,4231,4254,4262,4314,4839
17072	15136,13481,17055,17062,134,575,1250,4839,5681,6121
17073	17045,551,5078,6265,7983,8003,9362,12313,14410,16424
17074	19477,29031
17075	17076,17077,17078,17079
17076	17075,17077,17078,17079
17077	17075,17076,17078,17079
17078	17075,17076,17077,17079
17079	1390,1873,2025,6473,6487,7902,8133,12018,14592,16475
17080	17087,17092,17082,17088,17090,21258,43063,576,5924,6180
17081	17086,4374,4383,17088,17090,21258,43063,576,5924,6180
17082	17083,17092,17080,17085,24112,576,4374,4383,5924,8379
17083	24112,17082,17092,24116,576,4331,4364,4374,4383,5924
17084	7180,14931,576,4300,5924,5981,10407,14361,15014,15983
17085	17087,17092,17082,17088,17090,24116,576,5924,6180,17084
17086	17081,17087,17088,17090,17092,576,5924,6180,17082,17084
17087	17080,17085,17086,4327,17088,17090,24116,576,4329,4351
17088	21258,17080,17081,17085,17086,17087,17090,17092,576,5924
17089	576,2043,2496,2928,3610,3634,3651,3655,5114,5924
17090	16663,23996,2324,2674,7269,7299,13349,15045,17080,17081
17091	576,5924,17080,17081,17082,17083,17084,17085,17086,17087
17092	17080,17082,17083,17085,4327,17086,17088,17090,21258,43063
17093	576,5924,17080,17081,17082,17083,17084,17085,17086,17087
17094	371,394,728,735,748,758,774,3731,3927,4522
17095	767,1501,17096,17097,17098,17099,17100,17101,17102,17103
17096	15646,42663,367,381,767,770,800,821,1220,1327
17097	472,575,616,680,704,726,763,767,2204,4813
17098	109,575,767,1230,1327,5933,7316,7427,8797,14376
17099	24249,39396,2802,3931,12804,14396,18197,28718,33503,35805
17100	767,17095,17096,17097,17098,17099,17101,17102,17103
17101	1860,38011,544,767,770,807,815,838,897,1186
17102	93,339,387,670,677,686,753,759,762,767
17103	19974,28862,343,368,770,18184,18445,28717,64,680
17104	32364,17933,12633,40666,1778,1780,7343,30305,32117,32204
17105	17116,17110,17111,17117,17118,17120,17126,17128,17133,17142
17106	6674,8685,12618,38737,6482,6556,6608,6893,8816,9784
17107	17119,17125,17138,17139,17140,3584,3587,3588,3590,3592
17108	17114,17125,17109,17124,33772,42911,49648,17130,17145,23003
17109	1741,17131,1685,8235,17108,17114,17125,17138,17140,218
17110	17150,32149,17105,17116,17117,17126,17128,17133,17144,17152
17111	17127,17151,17118,17142,17149,17128,17152,17120,17131,17146
17112	17119,17123,17136,17138,17139,17140,1186,1905,6193,7699
17113	32355,73,1354,1367,1810,2022,2520,2784,2915,3394
17114	17108,17109,17124,17130,3586,17105,17106,17110,17111,17112
17115	3593,1136,2689,3967,4157,4771,6304,8673,11314,12647
17116	17128,32364,17146,17105,17120,17141,17110,17134,17150,33231
17117	17149,17128,17152,17146,17933,17120,17131,17148,7127,14294
17118	17142,17111,17133,17144,17127,17149,17153,17120,17128,17131
17119	17124,40666,17107,17112,17130,1750,1776,1778,1780,1905
17120	17151,17111,17116,17117,17118,17133,17142,17143,17144,17149
17121	17145,6613,8271,8318,8328,8336,8350,10605,12220,15358
17122	11833,14887,24801,27301,32486,728,916,2027,2370,3399
17123	638,8685,17106,17112,17136,17150,29814,11,110,168
17124	17108,17114,17119,17125,17139,17130,17105,17106,17107,17109
17125	17108,17109,17124,17107,17130,40666,17105,17106,17110,17111
17126	17144,17153,32364,17128,17146,17131,17105,17110,17132,17134
17127	17111,17129,17143,5249,17151,5242,41069,3937,17118,17142
17128	17116,17117,17111,17126,17133,17151,17118,17142,17146,17152
17129	17127,17152,32364,17148,17933,5266,17132,17134,17141,49572
17130	17108,17114,17119,17124,17125,17139,17140,5266,8330,9608
17131	17109,17111,17117,17118,17126,17133,17142,17143,17144,17149
17132	17111,17117,17118,17126,17127,17129,17131,17133,17142,17143
17133	17144,17118,17142,17151,17149,17153,17128,17152,17120,17131
17134	17116,17117,17126,17129,17143,17151,1099,2798,4951,5799
17135	17111,17117,17127,17133,17149,32035,33576,35775,42048,49869
17136	17112,17123,10612,17105,17106,17107,17108,17109,17110,17111
17137	6998,549,1111,1186,1787,4208,4679,4734,5186,5460
17138	17109,40666,17107,17112,131,168,484,1031,1129,1609
17139	17124,17107,17112,17130,1750,1776,1778,1780,1905,7343
17140	17109,40666,17107,17112,17130,1905,12636,15284,17105,17106
17141	17116,17127,17151,17111,17117,17126,17128,17129,17143,17146
17142	17118,17111,17133,17144,17153,17127,17120,17128,17131,17146
17143	17127,17153,17149,17146,17152,17120,17131,17148,17933,32364
17144	17126,17133,17118,17142,17149,17933,17120,17131,32364,17105
17145	17108,17121,6966,12633,13623,14890,17105,17106,17107,17109
17146	17116,17117,17126,17143,17111,17118,17128,17142,17153,17105
17147	17105,17106,17107,17108,17109,17110,17111,17112,17113,17114
17148	17111,17117,17118,17127,17129,17133,17142,17143,17149,17151
17149	17117,17111,17133,17143,17151,17118,17127,17144,17120,17131
17150	17110,17152,32050,32064,32149,95,109,118,140,233
17151	17111,17127,17133,17149,17153,17120,17128,17152,17131,17141
17152	17117,17111,17129,17133,17143,17151,32447,3669,17118,17128
17153	17126,17143,17133,17142,17151,17118,17127,17128,17131,17146
17154	39782,39819,40776,17204,17212,17266,17267,39803,39835,39848
17155	17180,17198,39784,1973,9983,11757,1969,39753,39890,42687
17156	17161,15252,16350,17155,17157,17158,17159,17160,17163,17164
17157	39753,39782,39757,49450,1969,17198,17698,39781,39829,39872
17158	9983,25372,1973,17164,17170,17198,17267,25392,39857,40776
17159	17173,17175,39835,17212,39828,39846,39848,39890,40011,40776
17160	17155,17156,17157,17158,17159,17161,17162,17163,17164,17165
17161	15252,17156,39753,39846,43196,283,1694,1969,4320,4935
17162	17175,18524,12193,15231,15267,15389,17155,17157,17158,17159
17163	1982,17198,1973,11757,17155,17172,25391,39821,39975,42687
17164	17158,503,15234,15398,17155,17156,17157,17159,17160,17161
17165	10622,15233,15379,17155,17156,17157,17158,17159,17160,17161
17166	17163,17155,17156,17157,17158,17159,17160,17161,17162,17164
17167	161,2137,13430,15386,15388,17155,17156,17157,17158,17159
17168	17155,17156,17157,17158,17159,17160,17161,17162,17163,17164
17169	17155,17156,17157,17158,17159,17160,17161,17162,17163,17164
17170	17158,9983,15400,17155,17156,17157,17159,17160,17161,17162
17171	17155,17156,17157,17158,17159,17160,17161,17162,17163,17164
17172	17163,17155,17198,43,191,198,250,420,482,506
17173	17175,17159,39835,41531,17212,17267,39782,39819,39848,39890
17174	17155,17156,17157,17158,17159,17160,17161,17162,17163,17164
17175	17212,17173,39753,39784,39963,17159,17176,17191,17264,39848
17176	17155,17157,17175,39753,39784,39963,40012,41531,1969,5059
17177	11093,33443
17178	1520,3394,5267,6019,6469,6961,9666,10606,11092,11098
17179	131,209,242,1020,1548,8399,9803,11093,18274,22956
17180	17278,9983,4527,39923,17280,1421,1973,14454,40776,15233
17181	8292,8399,12722,17189,17243,17267,17268,24858,49452,439
17182	17188,39782,1436,10620,11757,17184,17187,17189,17210,17226
17183	17198,17227,17268,39923,9983,16410,17201,17216,17238,17241
17184	9983,17187,17201,17210,39815,1973,11757,16410,17196,17199
17185	501,25401,17198,43692,4509,10622,17199,17266,25381,25382
17186	17187,17210,17219,17251,17221,17247,17270,1969,9983,17183
17187	39923,4527,17267,17278,17186,17189,17268,15259,17196,17219
17188	39801,39829,39861,39899,17182,39762,39831,39840,39847,39876
17189	17270,17187,11757,17222,17267,17278,9983,17219,17227,17238
17190	1969,17204,501,8319,12187,12713,17175,17266,25372,25381
17191	17229,17198,17212,17216,17218,17226,17255,17272,39802,1397
17192	17200,17212,17222,9983,10622,17183,17185,17186,17189,17191
17193	1426,9983,17198,17199,17218,11757,1387,1436,7204,17649
17194	5905,10454,17199,17359,43047,1387,1426,1436,1445,1969
17195	23993,7204,1426,17649,1387,9983,17198,4527,17193,18005
17196	17187,17198,17227,17237,1982,15259,17223,17226,17233,17251
17197	17214,1426,1436,1969,4521,4522,10620,11757,13003,15259
17198	4509,17649,1426,1982,17193,17199,18005,37830,1387,6623
17199	9983,1426,4509,1387,11757,18005,17193,17198,1973,17218
17200	40868,44761,7036,13160,1426,6623,14823,4516,7022,17649
17201	17270,11757,17198,17238,9983,17183,17184,17185,17212,17218
17202	15259,17186,17187,17210,17215,17219,17221,17223,17233,17251
17203	10652,13160,1387,1388,1431,9983,11142,17199,1426,5307
17204	39846,39753,39829,25401,39844,39861,39877,1969,8319,15247
17205	39753,15259,17207,17242,1234,1426,1436,1969,2025,4521
17206	17198,17185,17191,17196,17201,17218,17229,1969,11757,16410
17207	1969,39975,15233,17198,17212,40285,1772,1797,9983,10620
17208	17198,17227,17255,17267,1973,1982,4527,17185,17191,17196
17209	1426,1436,1969,4521,4522,10620,11757,15259,16410,17175
17210	17186,17222,17233,17269,17184,17223,17226,17251,17256,17267
17211	1426,1436,4522,11757,17200,17238,492,1387,1673,1969
17212	17175,17191,17198,17238,4527,17201,17207,17229,17264,39753
17213	1426,4522,10620,10622,12344,15987,17193,17195,17198,17199
17214	17197,17204,17232,39757,1421,1426,1436,1969,4521,4522
17215	17187,9983,11757,15259,17183,17186,17201,17202,17210,17212
17216	17198,17183,17191,17229,17238,17267,17268,4527,6653,16410
17217	15259,17187,17196,17227,17237,1973,4522,11757,17155,17186
17218	4509,7019,1426,7036,14823,11757,1772,17193,17198,17199
17219	17186,17187,15259,17189,17210,17222,17223,17251,39923,9983
17220	17227,15259,17198,17222,17226,17233,17256,17280,1969,9983
17221	9983,15259,17186,17198,17233,17269,17280,1969,1973,11757
17222	17227,17210,17233,17189,17198,17201,17270,9983,17183,17192
17223	15259,17233,17187,17196,17210,17226,17251,17219,17247,17184
17224	15238,17195,17198,17200,23993,1426,7036,7051,7204,17193
17225	39899,1969,17175,17188,17204,17207,17231,26825,37991,39816
17226	15259,17191,17196,17210,17223,17227,17229,17233,39923,11757
17227	17222,17198,17183,17196,17220,17208,17226,17255,1982,11757
17228	17227,1426,1436,1969,4521,4522,10620,11757,15259,16410
17229	17191,17198,16410,17212,17216,17226,17185,17196,17201,17206
17230	1426,1436,1969,4521,4522,10620,11757,15259,16410,17175
17231	17188,17182,17198,17207,17225,17242,17251,17255,1366,1382
17232	17252,15259,17184,17186,17201,17204,17210,17214,17222,17223
17233	15259,17210,17222,17223,17196,17226,17183,17201,17216,17220
17234	14861,6653,12196,19607,39479,41106,131,6654,17238,17267
17235	1670,168,29513,3231,29558,1657,14861,15369,1664,1679
17236	131,1520,1694,2667,2687,3931,4360,6608,9439,10613
17237	17187,17196,17267,17185,17238,1969,1982,4527,15259,17184
17238	17267,1432,5250,6611,6648,6654,14857,17999,23993,6660
17239	17191,17226,17229,17267,18523,24334,579,1426,1436,1637
17240	17199,17234,17243,28644,28657,493,850,1131,1426,1436
17241	17270,17198,1969,17183,17187,17201,17184,17189,17196,17199
17242	17255,39835,10620,17175,17182,17187,17188,17189,17191,17196
17243	17181,17189,17234,17240,17267,17268,1131,1426,1436,1559
17244	1426,1436,1969,4521,4522,10620,11757,15259,16410,17175
17245	14454,14857,1432,4527,6642,10605,13115,17257,17264,17267
17246	17235,17249,17252,17267,29290,29294,501,1362,1426,1436
17247	17198,17255,17278,9983,11757,15259,17183,17186,17189,17210
17248	1388,39846,48970,1969,1975,10620,10622,17185,17191,17192
17249	17267,17187,17208,482,485,492,4521,10971,12722,17198
17250	1969,6455,6654,17195,1356,1787,6474,6494,6496,6497
17251	17186,17187,17196,17198,17210,17223,39923,17219,17226,17233
17252	39948,17267,33210,4451,5242,6982,8319,8685,17232,17234
17253	1407,1426,1436,1969,4521,4522,10620,11757,12248,15259
17254	17268,17187,17218,17221,17227,31,383,503,918,1201
17255	17198,1432,1982,6654,10821,18006,1406,1421,5250,7036
17256	17210,17191,17198,17201,17220,17229,17233,17269,17270,1973
17257	17245,17187,17196,17198,17208,17210,17227,17234,17235,17237
17258	17184,17210,17267,1426,1436,1954,4521,4522,10620,11757
17259	4498,11779,17195,18031,40866,40891,32,909,916,1387
17260	4527,1432,14598,14806,17193,17218,17238,17267,18013,23738
17261	8294,15386,17192,17212,17222,17251,17252,33557,576,1426
17262	1426,1436,1969,4521,4522,10620,11757,12258,15259,16410
17263	1426,1436,1969,4521,4522,10620,11757,15259,16410,17175
17264	17267,4527,17187,17212,17238,17266,17278,40776,14857,17175
17265	17193,1432,4522,11757,15257,17175,17191,17198,17199,17212
17266	25401,25375,25379,25400,25396,17267,25389,31270,31304,4527
17267	4527,17238,17187,40776,31270,14857,17264,17266,17268,17999
17268	17187,17267,31270,16410,17183,17238,17278,15249,17216,17234
17269	17210,17270,17266,17267,17278,40579,1973,1982,11757,17189
17270	17189,1973,17201,17241,1982,11757,17238,17267,17269,17272
17271	1347,1365,1455,1456,4364,6978,8399,17106,17180,17502
17272	17180,17270,17191,17286,1973,17198,17210,17229,17233,17280
17273	8790,17180,1797,1973,1982,9839,17059,17278,17286,18442
17274	
17275	31270,17180,17187,17198,17238,17267,17277,4509,4527,9983
17276	13115,131,1432,1445,4527,5250,5407,6549,6584,6596
17277	17187,4527,14857,17198,17275,17278,4509,7036,17264,31270
17278	17180,4527,31270,14454,17187,14857,19506,40579,40776,41294
17279	1388,1791,1959,3647,7867,8324,10293,12211,12231,12882
17280	17180,9983,17183,17198,17220,17221,17247,17270,17272,17281
17281	6653,14857,17180,1432,14454,14861,17267,17270,17649,2902
17282	1388,1959,1975,5402,6623,8273,8281,8315,8321,8328
17283	17180,17202
17284	7936,40185,40709,40890,1,1347,1356,1377,1382,1387
17285	
17286	39753,17180,17270,9983,17198,17272,40256,40262,15233,17187
17287	17175,17180,17190,39916,40018
17288	168,39293,87,1655,2535,6561,8123,9912,11760,12729
17289	1347,1394,11717,11746,13661,17308,17634,26955,34913,35688
17290	622,7639,8165,8190,8667,9171,9810,10500,12633,12714
17291	7930,12160,12633,17289,17290,17292,17293,17294,17295,17296
17292	2053,3466,3898,8455,8508,14289,16686,20418,20471,21857
17293	17290,131,559,1642,2501,6315,6452,6455,6479,6574
17294	29,490,957,1111,1536,1595,1633,1647,1881,2744
17295	40606,6653,6654,12196,6623,6976,8156,10778,14454,17999
17296	17235,17295,17330,29461,168,417,434,1577,1655,1667
17297	3023,4139,6005,7930,9968,9973,10706,11214,12160,12210
17298	7930,12160,12633,17289,17290,17291,17292,17293,17294,17295
17299	17300,17322,168,258,1445,1694,1863,2689,7930,9533
17300	1858,3656,4672,7950,11743,11747,14604,14863,17299,17322
17301	6901,7930,12160,12633,14606,17200,17289,17290,17291,17292
17302	23386,9615,14709,38861,38866,38867,38870,4006,9640,14756
17303	575,1118,1383,1485,1685,1763,1778,1782,2193,2213
17304	17313,42855,42864,2867,5070,5809,6092,7930,7985,10865
17305	484,4354,5681,7661,7930,9467,10097,10519,12160,12272
17306	37078,30232,37559,38575,39363,41371,37580,37753,38576,39367
17307	17330,33416,168,1655,5402,6140,7018,7020,7035,7204
17308	6461,7329,6574,6466,6483,6565,6627,11723,6450,6495
17309	17331,37125,37476,10022,10100,10127,24343,36699,36704,36958
17310	30220,37580,37597,37675,37734,37735,38536,8816,35179,36760
17311	1673,1692,1860,27319,134,1667,1679,1694,2647,2678
17312	17985,19452,19471,38222,40304,1406,1431,2601,4354,6482
17313	17304,42855,42864,5070,7930,7985,10865,12160,12633,17289
17314	7930,12160,12633,17289,17290,17291,17292,17293,17294,17295
17315	8191,8215,8122,7018,1772,6574,6928,8163,10652,13168
17316	7930,12160,12633,17289,17290,17291,17292,17293,17294,17295
17317	7930,10091,12160,12633,17289,17290,17291,17292,17293,17294
17318	1390,1421,1426,3422,4336,4349,4420,4431,4527,5178
17319	7930,12160,12633,17289,17290,17291,17292,17293,17294,17295
17320	452,1366,1545,1590,1638,3458,4034,4734,5091,5250
17321	7930,12160,12633,17289,17290,17291,17292,17293,17294,17295
17322	17299,17300,1445,7930,12160,12633,17289,17290,17291,17292
17323	1347,1388,1407,1418,1421,1431,1433,2187,3422,3904
17324	9666,10606,11723,7329,11714,11728,11746,17308,17746,41221
17325	35856,43064,43107,284,1244,1489,1841,2694,4832,4981
17326	6450,6998,7046,7930,12160,12633,12735,12835,15757,17289
17327	2378,7930,12160,12633,17289,17290,17291,17292,17293,17294
17328	25224,30220,10025,10028,10099,27679,36741,37448,45022,10015
17329	1411,1390,7364,13119,49577,49652,1347,1348,1349,1352
17330	1673,1692,29513,1694,1860,2678,2687,12633,17296,17307
17331	17309,37125,10100,37476,10022,36698,36901,36958,37141,37502
17332	17698,7246,7473,10461,23505,36338,36339,36347,36378,49459
17333	36333,17334,17335,36344,36367,46868,49450,49460,49472,49491
17334	17333,49476,36333,46870,49450,4520,4871,6914,7242,7246
17335	36333,17333,36380,36343,36349,36373,36375,4859,4861,4862
17336	24264,24269,3702,14813,14825,14982,16622,16623,16629,16644
17337	3237,17333,17334,17335,17336,17338,17339,17340,17341,17342
17338	1387,1388,3237,6508,6523,7953,17218,17333,17334,17335
17339	12229,16631,29498,3702,4939,5320,7697,9976,13430,14982
17340	3702,16622,16639,16644,3432,5854,7700,15471,16470,16620
17341	3237,17333,17334,17335,17336,17337,17338,17339,17340,17342
17342	29612,3702,4925,4933,7242,16620,17339,40115,394,624
17343	13430,13618,13632,13640,18612,35861,43068,909,3281,4314
17344	22303,2054,17039,3500,3937,5928,5933,7476,7479,7509
17345	362,1356,1488,1503,1520,1525,2187,3237,6450,6452
17346	42025,49606,196,452,1017,1366,1390,1412,1453,1754
17347	3237,17333,17334,17335,17336,17337,17338,17339,17340,17341
17348	12602,22528,5933,5986,13681,15761,42890,3831,7509,7661
17349	5957,13621,14271,15310,4738,4742,4782,6017,15277,15715
17350	1137,3931,4234,10532,16643,16650,30602,366,394,575
17351	13632,11863,15761,23366,9467,10504,13618,17359,18614,18845
17352	13654,18357,575,12326,13280,18294,18560,34051,41697,350
17353	5809,17362,17368,17370,575,2554,2791,2982,4738,4859
17354	27792,31411,39527,12060,16481,523,579,10469,13400,16474
17355	5588,5809,9467,9863,22537,575,579,605,2238,5933
17356	522,3831,5986,17368,20567,20899,21210,21935,27334,42555
17357	575,579,14271,17362,17370,17478,605,3937,4738,5924
17358	17357,17362,17366,17370,575,610,1445,4738,4927,6303
17359	14324,30939,4782,10494,13618,13665,14271,15297,17351,22537
17360	4738,5960,12060,14278,17363,17368,28736,123,575,1216
17361	10532,579,2802,3869,9986,31944,575,2196,4738,10530
17362	17368,575,5986,17357,17478,30939,549,4738,4782,5186
17363	13430,36659,615,7704,12602,14271,20505,22528,575,579
17364	5995,551,606,615,10479,10532,14318,17354,17356,22074
17365	20505,575,4782,9835,14271,17370,1976,5924,7704,10532
17366	575,4738,5085,9986,10532,17352,17358,17365,17370,24091
17367	1809,4738,17356,17362,17363,17368,17370,22069,22528,22950
17368	17362,17356,595,3937,4738,8455,9467,12060,14569,17353
17369	12602,14271,17363,17365,17370,33517,43020,102,366,575
17370	9835,13654,17357,17365,579,4738,4782,5933,5986,7351
17371	14271,3937,14318,15297,535,562,566,3328,5265,5362
17372	10532,14271,15761,18868,575,1230,2939,3937,4738,4782
17373	398,399,402,403,404,407,408,409,410,695
17374	398,399,402,403,404,407,408,409,410,17384
17375	17377,398,399,402,403,404,407,408,409,410
17376	17377,398,399,402,403,404,407,408,409,410
17377	17375,17376,17378,17380,17381,17382,17383,398,399,402
17378	17377,398,399,402,403,404,407,408,409,410
17379	398,399,402,403,404,407,408,409,410,17384
17380	17383,17377,398,399,402,403,404,407,408,409
17381	17377,398,399,402,403,404,407,408,409,410
17382	17383,17377,398,399,402,403,404,407,408,409
17383	401,17380,17382,17377,17384,17385,17386
17384	401,17374,17375,17376,17377,17378,17379,17380,17381,17382
17385	401,17374,17375,17376,17377,17378,17379,17380,17381,17382
17386	367,379,401,656,728,786,795,1346,4220,6052
17387	351,3685,5046,6934,7970,12064,12526,14100,14379,16163
17388	17396,17397,17398,17400,17401,17402,17406,17408,17411,39
17389	17391,17398,17402,17396,17401,17403,17405,17406,17408,1904
17390	17391,17397,17398,17400,17401,17403,17404,17406,17408,222
17391	17403,17389,17404,17390,17392,17405,7970,16163,17393,17394
17392	17402,17407,17391,17397,17401,17403,17405,17406,17409,17410
17393	17388,17389,17390,17391,17392,17394,17395,17396,17397,17398
17394	17408,17395,17402,351,3685,5046,6934,12526,14100,14379
17395	17394,17397,17404,17408,14100,17388,17389,17390,17391,17393
17396	17402,17397,17388,17389,17401,17403,17406,17408,17411,17390
17397	17400,17403,17396,17404,17388,17390,17392,17395,17399,17409
17398	17401,17406,17408,17389,17403,17388,17390,17404,17405,17411
17399	17397,17400,17388,17390,17391,17392,17393,17394,17395,17396
17400	17397,17401,17408,17406,17388,17390,17399,17404,17411,7970
17401	17398,17400,17404,17388,17389,17390,17392,17396,17405,17411
17402	17396,17389,17392,17388,17394,17405,17407,17411,351,367
17403	17391,17397,17406,17398,17404,17389,17390,17392,17396,7970
17404	17391,17397,17401,17403,17406,4525,8685,12067,12301,12328
17405	17389,17391,17392,17398,17401,17402,17406,17408,17410,2653
17406	17398,17403,17400,17404,17388,17389,17390,17392,17396,17405
17407	17392,15061,16274,17402,17408,22381,351,3685,4139,5046
17408	17398,17400,17394,17388,17389,17390,17395,17396,17405,17407
17409	17392,17397,17410,17388,17389,17390,17391,17393,17394,17396
17410	17392,17405,17409,17388,17389,17390,17391,17393,17394,17396
17411	17388,17396,17397,17398,17400,17401,17402,17406,17408,17389
17412	325,4045,4223,7883,10328,11315,13451,14441,15061,16961
17413	17388,17389,17390,17391,17392,17393,17394,17395,17396,17397
17414	17388,17389,17390,17391,17392,17393,17394,17395,17396,17397
17415	14453,17417,17418,17419,17420,17421,17422,17423,17424,17425
17416	1421,1382,1388,1400,1431,1797,1973,4509,7019,8444
17417	45487,2662,3702,4410,8401,9337,10359,10435,10667,11557
17418	23875,27959,27965,31181,31204,8150,8217,27920,27922,27923
17419	6654,14818,131,6455,6472,6549,6584,6598,6611,6631
17420	17421,17429,14453,17415,17417,17418,17419,17422,17423,17424
17421	17420,17429,14453,17415,17417,17418,17419,17422,17423,17424
17422	14453,17415,17417,17418,17419,17420,17421,17423,17424,17425
17423	14453,17415,17417,17418,17419,17420,17421,17422,17425,17426
17424	14453,17415,17417,17418,17419,17420,17421,17422,17425,17426
17425	14453,17415,17417,17418,17419,17420,17421,17422,17423,17424
17426	12647,14453,17415,17417,17418,17419,17422,17423,17424,17425
17427	6598,8156,10405,14453,17415,17417,17418,17419,17420,17421
17428	14453,17415,17417,17418,17419,17420,17421,17422,17423,17424
17429	17420,17421,29,490,957,1111,1536,1595,1633,1647
17430	14453,17415,17417,17418,17419,17420,17421,17422,17423,17424
17431	14453,17415,17417,17418,17419,17420,17421,17422,17423,17424
17432	14453,17415,17417,17418,17419,17420,17421,17422,17423,17424
17433	14453,17415,17417,17418,17419,17420,17421,17422,17423,17424
17434	336,13112,20078,23297,42070,44899,84,95,339,575
17435	14044,351,454,2438,2565,2786,2805,6956,7459,8932
17436	15122,6214,8501,17022,43202,6109,15731,17437,21855,26872
17437	15731,17450,8501,43242,161,433,3743,17436,23623,26872
17438	12333,14,387,19058,36581,336,385,807,5137,7440
17439	13280,1433,11863,15297,7242,8402,13618,17059,17486,30881
17440	6100,16680,16910,17437,17450,29747,19,161,169,184
17441	575,9861,14264,16001,23164,38708,47610,4717,4736,5957
17442	35882,343,556,575,1201,2523,3173,3702,5995,6100
17443	5068,5090,13336,13473,23027,28089,33805,124,532,556
17444	5226,11017,26738,28213,38628,38630,38632,38634,38646,38657
17445	6142,6165,14562,17468,556,575,5995,6100,6151,6885
17446	556,575,1905,2389,3883,4163,4188,4279,5458,5995
17447	556,575,817,5995,6100,6142,6151,6165,7246,7302
17448	556,575,3195,3541,3547,5265,5995,6100,6142,6151
17449	556,575,5995,6100,8501,9147,14562,17434,17436,17437
17450	161,17437,2647,3450,15122,15731,18045,29753,3231,4835
17451	975,1220,1404,2496,2680,8667,10240,10849,12759,13810
17452	17489,556,575,5995,6100,6142,6151,6165,7302,7511
17453	556,575,5995,6100,8501,9147,14562,17434,17436,17437
17454	575,351,472,556,2802,3937,4032,4494,4738,5924
17455	556,575,5995,6100,6142,6151,6165,7302,7511,8501
17456	556,575,13886,13965,14131,14140,38120,4839,5995,6100
17457	556,575,5995,6100,8501,9147,14562,17434,17436,17437
17458	6663,35264,556,575,1445,5148,5995,6100,6142,6151
17459	36574,24249,368,656,16166,28717,343,371,705,4795
17460	13640,36578,522,553,556,575,580,595,3943,4233
17461	13280,14562,338,575,1230,2276,17466,17489,17490,578
17462	363,11863,13573,17459,17486,17489,24188,24248,93,168
17463	11863,17489,18848,24140,29817,575,4161,6151,7472,7527
17464	575,6100,556,4832,5995,8501,9147,10504,11207,12715
17465	556,575,1409,2342,2461,3880,3906,3932,4086,4264
17466	11863,11865,15751,17461,17490,18613,18646,18848,20544,22531
17467	17473,17479,6142,38949,556,575,5807,5995,6100,6151
17468	9927,7897,10454,23437,49165,6885,10176,13280,13618,13654
17469	17476,556,8501,43244,575,910,3167,4640,5995,6100
17470	26872,30351,36145,43288,43331,134,138,166,556,575
17471	17478,575,5809,9841,12602,14411,14562,17348,17363,17461
17472	28082,28084,28107,28085,28091,13501,28065,28069,28076,28088
17473	17467,17479,38949,556,575,5995,6100,6142,6151,6165
17474	8813,11863,13632,13638,17468,17475,17490,17492,20604,44809
17475	579,5995,15297,17468,17474,17481,40710,556,575,615
17476	17469,8501,43244,131,556,575,857,2632,4640,5534
17477	556,575,5995,6100,6142,6151,6165,7302,7511,8501
17478	31304,1967,5933,13618,14318,15246,22067,31232,1956,6161
17479	38949,17467,17473,38962,38970,6142,8783,19565,19576,21253
17480	556,575,5995,6100,6142,6151,6165,7302,7511,8501
17481	11863,17486,7704,13501,13618,13639,17439,17468,17475,17478
17482	7485,17439,20936,22530,556,575,858,2249,3246,5995
17483	556,575,5995,6100,6142,6151,6165,7302,7511,8501
17484	17478,534,556,569,575,683,831,1220,1780,4314
17485	3702,7242,8536,16532,2662,2686,3889,3931,4197,4226
17486	13280,15761,13618,11863,24147,30881,5188,7639,9944,12554
17487	6100,556,575,5995,6142,6151,6165,7302,7511,8501
17488	9839,7509,9467,5265,13280,13618,14391,17468,17478,17489
17489	13280,7704,13618,47804,7882,17059,20539,24155,42897,10709
17490	13638,18809,18829,24150,578,2286,5681,12554,13280,13520
17491	17451,93,136,265,278,368,439,442,549,556
17492	3736,18039,8501,9950,11863,13638,17450,17474,17485,17490
17493	6804,23695,9808,11404,11405,13973,14216,18338,34205,34226
17494	42897,6191,11863,17059,17489,18809,24135,24162,606,615
17495	5995,17494,24162,556,557,575,2281,2802,3039,4210
17496	556,575,5995,6100,6142,6151,6165,7302,7511,8501
17497	23695,14216,13973,14173,14244,12578,14036,23611,23682,13982
17498	7289,17641,17678,17645,1488,17643,17653,17660,17664,1415
17499	17510,17516,17509,17512,17518,17535,17542,38375,850,1110
17500	1513,1515,17544,1521,16374,1437,1446,1511,1524,35861
17501	7240,7248,7250,7254,7264,7280,7480,9172,18113,23367
17502	1489,1360,1518,17504,17653,1488,16358,17542,17660,17664
17503	8813,13618,14318,17488,22531,25168,29817,0,338,343
17504	1521,17653,1415,17502,17524,1524,16375,17643,32366,1384
17505	22615,34875,32,1360,1437,1489,1506,1513,1515,1516
17506	3885,26386,41069,49648,5249,23784,32355,49581,49630,1390
17507	17511,17522,17544,1360,1437,1489,1506,1513,1515,1516
17508	15250,17234,17268,17502,38086,40089,483,501,506,852
17509	17499,17510,17518,17542,17544,1360,1437,1489,1506,1513
17510	1521,1524,1437,1446,1489,16374,17502,17504,1415,16358
17511	1437,1489,1513,1360,1506,17502,17678,1446,16358,16374
17512	5924,10841,10869,17499,17510,17516,17649,18013,24364,26512
17513	1360,1437,1489,1506,1513,1515,1516,1521,1524,16358
17514	1437,1521,17511,17548,1506,1513,1515,1516,1524,7281
17515	1415,1437,1489,1513,1347,1384,1390,1392,1506,1515
17516	17499,17510,17535,17512,17518,17542,988,1360,1394,1421
17517	17523,17539,17547,1515,1521,17504,17520,17530,17549,1360
17518	17542,1488,1437,16358,17641,1489,2914,17660,17664,7086
17519	35176,4509,8671,9667,12561,13430,17544,18555,35230,0
17520	17517,17522,1360,1437,1489,1506,1513,1515,1516,1518
17521	1360,1437,1489,1506,1513,1515,1516,1521,1524,16358
17522	1515,1521,17504,17507,17520,17530,17539,17540,1360,1437
17523	17517,17530,1515,1521,17504,17514,17539,17547,17548,17549
17524	1506,1521,17504,1415,17641,17646,17653,32343,1516,1518
17525	1521,1360,1513,1415,1515,7289,17641,1384,1392,1506
17526	6973,8156,12875,16481,38287,131,1360,1437,1489,1506
17527	1437,1513,1515,17504,1489,1516,1642,7289,8685,9618
17528	1513,1489,1515,1521,17502,17504,1354,1360,1373,1392
17529	1521,1360,1437,1489,1506,1513,1515,1516,1524,3407
17530	17523,1515,1521,17504,17517,17522,17539,1360,1437,1489
17531	1513,2204,4161,9861,23180,24249,39207,46696,49675,87
17532	1347,1375,6997,7862,14455,32418,62,101,433,456
17533	1360,1437,1489,1506,1513,1515,1516,1521,1524,16358
17534	1360,1437,1489,1506,1513,1515,1516,1521,1524,16358
17535	17516,17499,17510,17518,17542,1360,1437,1489,1506,1513
17536	1360,1437,1489,1506,1513,1515,1516,1521,1524,1772
17537	1515,1437,1489,1360,1506,16358,16374,17502,17511,17518
17538	1360,1437,1489,1506,1513,1515,1516,1521,1524,16358
17539	17517,1356,1515,1521,6531,7036,10797,15063,17504,17522
17540	17511,17514,17522,17548,1360,1437,1489,1506,1513,1515
17541	1360,1437,1489,1506,1513,1515,1516,1521,1524,16358
17542	17518,1489,17641,1360,1506,17502,17653,17660,1415,1488
17543	1360,1437,1489,1506,1513,1515,1516,1521,1524,16358
17544	1445,6934,17500,1515,5250,6642,6653,12210,14446,14454
17545	1360,1437,1489,1506,1513,1515,1516,1521,1524,9620
17546	1360,1437,1489,1506,1513,1515,1516,1521,1524,16358
17547	17517,17511,17514,17523,17549,1360,1437,1489,1506,1513
17548	17511,17514,17523,17540,17549,1360,1437,1489,1506,1513
17549	17511,17514,17517,17523,17547,17548,1360,1437,1489,1506
17550	1360,1437,1489,1506,1513,1515,1516,1521,1524,16358
17551	6473,12196,12885,5274,7204,8773,23476,23733,32361,1445
17552	575,14385,19137,0,17,125,142,186,339,1235
17553	223,575,1347,1394,1403,1415,1447,2914,3376,3835
17554	23789,5249,17506,25300,32050,49581,1347,1382,1393,1513
17555	14800,14840,17588,14802,14837,14838,14842,40626,40627,40630
17556	6653,45481,23476,23906,6654,12714,10778,13115,40610,45602
17557	6631,6653,23784,39479,285,1356,1448,4431,6473,7019
17558	17556,6668,13115,15996,17591,140,1680,1772,2902,3099
17559	19046,12700,1356,1397,1520,2249,4494,6542,6563,6611
17560	14834,24364,9983,14800,14818,14840,14842,17554,17555,17568
17561	17557,23889,40404,40634,293,575,1409,1432,1446,2179
17562	43,2601,10855,17554,17558,17569,17576,23717,23733,23759
17563	23868,48472,4527,5314,5391,6438,6453,6653,6976,7820
17564	575,6668,14800,14818,14834,14835,14840,14842,17551,17552
17565	4527,23866,1413,1445,4400,4431,4673,5250,6016,6623
17566	575,6668,10629,14447,14800,14818,14834,14835,14840,14842
17567	7020,17591,33350,285,575,913,1371,1377,1405,1419
17568	14800,14818,14834,14840,14842,17554,17555,17560,17577,17578
17569	17234,1928,5249,6515,6959,6960,7723,7729,7734,7736
17570	13119,452,11772,32045,9439,9453,15557,40633,49581,485
17571	575,6668,14800,14818,14834,14835,14840,14842,17551,17552
17572	575,6668,14800,14818,14834,14835,14840,14842,17551,17552
17573	1356,1431,1453,5249,5263,6481,6654,11477,17554,17575
17574	575,6668,14800,14818,14834,14835,14840,14842,17551,17552
17575	1432,1077,5407,10821,17649,17999,30995,6611,6653,6654
17576	23729,1382,11139,11723,11779,17958,6534,11792,33281,3885
17577	6611,6654,11757,14454,6487,6563,6660,7036,8217,12839
17578	6653,14800,14818,14834,14840,14842,17554,17555,17556,17560
17579	575,1077,6668,7244,7702,12561,14800,14818,14834,14835
17580	40891,4527,6653,14454,14818,17278,17556,17999,18309,23484
17581	14454,17999,23476,1387,1393,4527,6653,6668,7930,9076
17582	1432,4527,6611,6648,6653,7051,5250,6642,14454,17746
17583	40870,5370,10821,14446,14454,23484,24450,40830,41393,1432
17584	6452,37834,37856,37888,48086,5242,6534,11756,33281,36061
17585	575,6668,14800,14818,14834,14835,14840,14842,17551,17552
17586	17761,40053,575,1348,1397,1444,1545,2904,2971,4336
17587	134,575,1418,1692,1694,1736,2687,2698,2711,3899
17588	14800,14837,40641,14838,14840,17555,40625,40626,40630,14802
17589	17583,575,1421,5370,6668,11721,14458,14800,14818,14834
17590	575,6668,14800,14818,14834,14835,14840,14842,17551,17552
17591	14454,1432,14857,1077,1445,4431,4527,5250,5407,6611
17592	23060,10480,10485,23007,544,3407,3685,4219,4240,4313
17593	17595,26144,43058,600,4173,4415,13158,13773,16421,18110
17594	4670,8685,9912,4858,10468,10481,11101,13016,14825,16629
17595	22963,3943,4389,16111,22929,22934,22947,23065,40455,45984
17596	10480,23007,10485,12647,28104,544,1404,1797,2438,3407
17597	812,1387,28810,28847,43010
17598	812,1387,28810,28847,43010
17599	621,1347,1393,1419,1432,1449,2569,2608,3831,4521
17600	812,1387,7214,7474,12748,25264,25280,25282,25289,28810
17601	4525,5249,14455,14861,16810,23916,211,1431,2145,2601
17602	17607,6653,14454,17603,343,916,1076,1077,1356,1397
17603	17607,17602,1397,4516,5307,5905,7012,17604,17605,17606
17604	5307,14611,7022,7041,11139,18024,39394,45502,1382,1680
17605	29573,1680,1919,2081,2370,5150,5307,6473,6531,6894
17606	1397,3320,3843,3844,3847,3852,4448,5307,7012,11189
17607	4527,14454,1077,7036,17180,17200,17603,31270,1406,1432
17608	1397,5307,7012,17602,17603,17604,17605,17606,17607
17609	19211,40713,478,1250,1382,1388,1421,1431,1797,3246
17610	439,1854,1860,2686,3115,9277,9516,9962,10260,10315
17611	11481,11482,11487,11492,11496,47335,47340,47341,7343,10792
17612	5119,20480,134,161,343,368,5093,6104,6130,6137
17613	13147,17610,17611,17612,17614,17615,17616,17617,17618
17614	1407,3376,3377,6934,7212,7474,7667,10652,10799,11699
17615	459,6643,7343,8752,10235,13147,16505,17610,17611,17612
17616	7477,12453,13115,14454,1432,4527,5250,6642,7241,15134
17617	218,351,964,1113,1125,1516,1553,1595,1617,1647
17618	40519,40531,40534,916,7022,16475,16479,16486,16492,16498
17619	17629,13621,17621,17623,17625,17628,317,576,1809,2993
17620	11427,17629,21210,24385,576,578,4174,13277,13287,13306
17621	13621,17623,17625,17629,4174,4223,11303,16961,17619,17620
17622	317,576,1809,4223,13621,14942,15896,17619,17620,17621
17623	11551,23234,3882,4046,4069,4085,4103,4279,8068,12549
17624	17629,317,576,1809,4223,13621,14942,17620,17621,17622
17625	3937,4101,4112,4223,4755,10533,13621,14867,17621,17623
17626	4223,13621,16961,17620,17621,17623,17625,17628,17632,21779
17627	576,13430,17620,317,566,578,581,1809,3003,4114
17628	11315,13621,16961,17619,17621,17623,17625,17626,17632,317
17629	13621,17619,17620,17621,17623,17625,4174,4223,11303,17624
17630	17629,317,576,1809,4223,11315,13621,14942,17619,17620
17631	22705,317,576,1809,4223,5047,6165,6915,10413,10678
17632	17626,17628,21779,317,576,1809,2437,4223,11315,13621
17633	1,2409,11399,13801,13808,13877,14060,14247,19535,21139
17634	7785,27585,27590,10099,13993,17636,32532,33192,40204,1084
17635	64,1790,2352,5472,8702,11721,13616,13792,17634,17636
17636	23520,14027,13960,14040,13911,8932,14005,14044,13886,13965
17637	17634,17635,17636,17638,17639,23520
17638	17634,17635,17636,17637,17639,23520
17639	19,112,368,1113,1233,1809,2588,3570,3736,3743
17640	1489,1415,1515,1519,17498,17653,1360,17645,17656,17660
17641	17498,7289,1506,1488,17542,17653,1360,1415,1519,17518
17642	16342,16373,558,17650,1513,7086,16361,16374,17498,17641
17643	1515,1437,17498,17645,16375,17504,17646,17677,7289,17524
17644	1437,1446,1489,1513,1515,1518,7086,8528,8685,13274
17645	17498,17678,1390,1392,17643,17656,17660,1493,1519,7289
17646	1437,1515,1415,7289,17660,1506,16375,17498,17524,17641
17647	1513,1489,17498,1437,17502,17518,17542,17641,17660,17678
17648	13119,35186,49606,1390,6979,24189,32804,49470,49581,49594
17649	7036,10797,1426,7019,6623,17198,14823,17200,1387,1421
17650	17642,16342,1384,1437,1446,1488,1489,1513,16344,16346
17651	1437,1513,1515,1489,17504,7281,17498,17524,17641,17653
17652	16358,17679,16367,17658,17674,16346,16357,16373,16376,17670
17653	17504,1519,7289,17498,17502,17641,17656,1392,1493,1532
17654	1384,1415,1437,1489,1513,1360,1515,17525,17646,1519
17655	16367,17658,17674,1513,16346,16357,16373,16374,16376,17498
17656	1489,1437,17645,17653,1360,1392,17660,23737,1371,1410
17657	1415,1437,1446,1488,1489,1515,1518,1519,1532,2914
17658	16373,17652,17655,16342,16346,16357,16358,16367,17679,17680
17659	1489,1437,17498,17641,17645,1360,1415,1446,1488,1506
17660	1437,1515,1360,17498,17645,17646,1392,1488,16375,17502
17661	131,1384,1415,1437,1446,1488,1489,1513,1515,1518
17662	16362,1513,16342,16346,1489,7086,16358,17498,17518,1384
17663	1384,1415,1437,1446,1488,1489,1513,1515,1518,1519
17664	1513,17678,1488,17498,5249,17502,1448,1489,7289,16358
17665	16372,558,16358,17679,16346,16357,16367,16377,17680,35850
17666	1515,5250,1432,1437,1445,1488,1513,4431,4527,6642
17667	1384,1437,1488,1489,1513,7086,16344,16346,16357,16358
17668	16361,16374,1384,1437,1488,1489,1513,7086,16344,16346
17669	1489,1513,7086,16361,16374,16376,17644,17662,17670,1384
17670	16376,17674,16372,1524,17652,17655,1489,1513,2285,7086
17671	16373,17642,17658,17665,17680,558,1384,1415,1437,1446
17672	1524,1446,16342,16353,16367,16371,17642,17680,899,904
17673	1384,1437,1488,1489,1513,7086,16344,16346,16357,16358
17674	17670,16376,16372,17652,17655,16346,16357,16358,16367,17679
17675	1489,1360,1515,17645,16375,17502,17643,17656,17660,1493
17676	1384,1415,1437,1446,1488,1489,1513,1515,1518,1519
17677	1437,17643,17678,1415,1515,17645,17646,17660,16375,17498
17678	1513,17498,1415,17645,17664,16375,1384,1446,1488,17677
17679	17652,16367,17665,1513,16346,16357,16374,17498,17641,17658
17680	1524,1515,17498,1437,16342,1360,1415,1446,1488,1493
17681	1384,1415,1437,1446,1488,1489,1513,1515,1518,1519
17682	1513,1515,16358,17498,17518,17542,17662,17680,1384,1415
17683	1384,1415,1437,1446,1488,1489,1513,1515,1518,1519
17684	18167,29888,4112,14631,14660,594,606,615,2802,5038
17685	17688,17690,17692,17687,17689
17686	17687,17689,17692,4112,14631,14660,18164,18167,18169,20781
17687	14385,14621,14637,14653,14655,14661,20569,2802,4086,9882
17688	17685,17690,17691,17687,17689,17692
17689	38723,522,4112,9986,12328,14660,18164,20500,338,351
17690	14645,18162,14385,14621,14623,14637,14640,14653,14655,14661
17691	17688,17690,17687,17689
17692	17685,17686,17687,17688,17689,17690
17693	4925,16470,4936,4939,16624,17334,31207,49459,383,918
17694	31155,33656,40633,42245,42319,114,129,384,933,2557
17695	16644,17699,17707,23804,26148,26152,26162,19,106,110
17696	6333,6934,17694,17695,17697,17698,17699,17700,17701,17702
17697	17698,49459,4925,4933,6333,6934,6935,7474,8954,9301
17698	49487,49482,49484,49471,49496,49508,49507,17157,49454,49479
17699	49473,11779,16632,17333,17334,17336,17695,17707,24264,24275
17700	11124,11125,19046,11092,11100,11105,11111,11119,11122,11131
17701	1406,6333,6452,6575,6609,6634,6653,6934,7025,8509
17702	17708,17713,1772,3358,4520,4871,4933,4936,5971,6333
17703	17712,6333,6934,11772,13672,13687,17694,17695,17696,17697
17704	186,1966,4389,4909,4995,6015,6018,6257,6333,6934
17705	8617,17709,106,375,558,909,1423,2081,3117,3126
17706	3835,4272,4738,4925,5924,5948,5964,6333,6852,6934
17707	4670,7692,17695,17699,3161,4693,4858,5974,6333,6934
17708	7700,4871,17713,31345,10900,10933,16624,4520,7242,7246
17709	3702,4925,4933,6545,7697,9976,12229,13016,14982,16532
17710	8401,16624,43862,3150,3237,3248,3281,6143,6151,6333
17711	6333,6934,17694,17695,17696,17697,17698,17699,17700,17701
17712	17703,6333,6934,11772,13672,13687,17694,17695,17696,17697
17713	17708,4871,7700,31345,16624,17702,32191,36333,1772,1954
17714	6333,6934,17694,17695,17696,17697,17698,17699,17700,17701
17715	17717
17716	12594,18096,30568,41805
17717	1090,8443,15654,18170,27494,265,278,664,692,2838
17718	2572,2915,3798,3801,3814,3823,3835,3840,3841,3867
17719	3798,3801,3812,3818,3830,3839,3850,3799,3800,3811
17720	3798,3801,3814,3823,3835,3840,3841,3867,17718,17719
17721	385,6117,26627,367,381,552,699,821,1670,1687
17722	686,708,715,2027,7427,7438,7439,9187,11169,21129
17723	656,7409,18441,20054,29602,265,385,556,680,696
17724	17721,17723
17725	11588,28554,28556,28572,28573,6850,6854,6855,6875,6881
17726	6851,7665,28546,28564,3333,3557,6852,6866,6871,6875
17727	6851,6852,7017,7665,8400,8408,8413,8414,8418,8420
17728	28553,29012,11588,28559,28574,7665,28551,28563,6850,28557
17729	17728,6851,7665,28546,28553,28559,28567,29012,6852,6855
17730	6851,5681,5854,6852,6866,6875,7635,11588,12344,17726
17731	15772,15779,15697,15445,15773,41374,7242,7246,7295,7342
17732	15697,15773,17735,17736,17733,17737,14484,1113,1137,1842
17733	15769,15772,15773,17732,17735,17737,15697,12877,14484,15445
17734	12924,14484,15703,15769,17732,17733,17735,17736,17737
17735	15779,17732,17737,15697,17733,624,3702,3931,4197,4234
17736	12924,15697,15445,17732,41374,14484,6397,7242,7246,7411
17737	17735,15772,15779,17732,17733,15697,15773,12877,14472,14484
17738	237,503,1031,2678,3926,4006,5025,5402,6493,6496
17739	6623,6654,37846,6535,6609,6653,6660,6530,6561,8180
17740	16862,16883,42051,8675,16963,25199,9194,16861,16894,25228
17741	3009,191,198,250,420,482,506,576,1516,1720
17742	
17743	8380,5266,7789,16163,40074,1388,4509,4516,5370,5401
17744	1409,4741,6502,6690,6935,8233,8330,9172,9618,10640
17745	1409,3610,3626,3629,3634,3641,3660,3661,3662,3666
17746	6623,6574,18024,7036,10701,4498,6458,6483,10792,18013
17747	14205,30782,7476,14027,14128,14150,14182,14191,14203,14207
17748	36017,35996,36050,36053,35989,36002,36025,35998,36052,6493
17749	16490,16498,19500,29245,1409,1698,4741,5395,6502,6609
17750	6523,7043,23906,29446,35900,37856,40305,40548,40891,41335
17751	25465,42429,42573,42607,218,964,1125,1409,1516,1553
17752	5382,6935,17748,33717,626,1250,1356,1368,1409,1698
17753	17755,18013,28725,916,918,1382,1406,1421,4431,5307
17754	19,171,339,628,659,1409,1520,1754,2598,2637
17755	14823,7019,7051,7327,17198,1387,1414,4494,7022,12729
17756	1409,3234,4741,6502,6609,6647,6690,6935,8330,9172
17757	14606,24364,282,1409,1500,2187,4741,5274,5782,6466
17758	7039,23755,285,1356,1772,11477,13119,14823,17755,25268
17759	10701,20870,44761,5307,7018,7036,7041,8509,11757,14611
17760	17748,5307,5376,5382,7051,8330,11142,17771,134,1073
17761	13160,17773,7018,7022,10629,17586,17755,17766,17774,18309
17762	4527,14454,23866,1432,6653,10640,17180,23872,23893,23993
17763	2802,4327,4331,4345,468,575,615,1409,3676,3831
17764	30939,522,527,575,7509,9618,15297,17359,28612,191
17765	14318,18126,594,1404,1409,1874,2024,2085,2820,2823
17766	17761,40062,40098,186,328,332,1393,1409,1447,1797
17767	8380,14454,19444,478,918,1432,1445,2902,3376,4527
17768	17755,1409,4624,4741,6452,6455,6493,6502,6523,6534
17769	18013,1432,5266,6654,7051,10628,17746,17755,19506,40610
17770	10640,17762,17767,131,223,811,1201,1409,1486,3931
17771	17748,9618,1432,4527,5266,5274,5375,6654,6935,7051
17772	7327,14857,23791,37875,40500,918,1014,1409,1421,1426
17773	11714,11792,17761,17774,17958,1371,6556,6574,6962,6976
17774	16836,1445,6654,9618,11743,14454,17773,1406,1967,4527
17775	1409,4741,6502,6690,6935,8330,9172,9618,10640,13345
17776	1409,4741,6502,6690,6935,8330,9172,9618,10640,13345
17777	1409,4741,6502,6690,6935,8330,9172,9618,10640,13345
17778	1409,4741,6502,6690,6935,8330,9172,9618,10640,13345
17779	4741,12867,17748,30942,35993,40110,44764,47504,74,321
17780	1409,4741,6502,6690,6935,8330,9172,9618,10640,13345
17781	1409,4741,5405,6502,6690,6805,6806,6808,6809,6813
17782	1409,4741,6502,6609,6690,6935,8330,9172,9618,10640
17783	8283,44846,48444,140,1680,3099,6452,6544,6994,9154
17784	4467,14052,32777,33723,38241,40765,1383,1388,1820,3586
17785	10652,6623,20190,20869,30944,1387,4498,6450,6456,6458
17786	101,162,168,1388,1595,1647,2680,3242,4207,4333
17787	1388,4509,6934,13339,13355,13361,13387,13390,13391,13393
17788	17743,351,1357,1388,4509,4516,5082,5265,6934,6955
17789	1420,23723,211,897,986,1383,1388,1390,1397,1439
17790	4494,5314,6934,13355,17743,48472,1388,1431,1787,2637
17791	1388,4509,6934,13339,13355,13361,13387,13390,13391,13393
17792	222,442,971,1388,2967,3230,3463,4509,6063,6802
17793	6934,198,286,1130,1362,1376,1382,1388,1397,1428
17794	1388,4509,6934,13339,13355,13361,13387,13390,13391,13393
17795	1397,1445,5250,5376,6502,6631,6653,6976,7820,11752
17796	1388,4509,6934,13339,13355,13361,13387,13390,13391,13393
17797	7018,7051,11139,12729,17200,18004,23993,40593,1397,4509
17798	6653,6660,16067,16810,18013,23478,23993,27019,30951,37856
17799	1328,1388,4396,4425,4431,4455,4482,4509,5249,6514
17800	1388,4509,6934,13339,13355,13361,13387,13390,13391,13393
17801	13430,46505,2287,4995,8706,24106,42408,0,343,557
17802	17817,17839,17834,17816,17825,17830,17831,4050,17806,17811
17803	17839,17817,17823,17834,17825,17831,17808,17838,4050,8694
17804	17810,17824,17807,17836,17841,17823,17838,17817,17825,2287
17805	17816,17820,8694,17806,17807,17808,17810,17811,17812,17814
17806	17816,17814,17817,17802,17811,17819,17820,17830,17832,17835
17807	17810,17804,17824,17826,17841,17823,17838,8694,17808,17811
17808	17826,17820,4050,17812,17838,17810,17818,17827,8694,17803
17809	8932,12938,22934,23039,23065,52,186,528,987,1557
17810	17804,17807,17826,17838,17841,17808,17823,17831,8694,17811
17811	17823,17826,17838,8694,17802,17806,17807,17810,17812,17824
17812	17808,17817,17822,17826,17811,17820,17821,17835,4050,8694
17813	4050,17802,17803,17804,17807,17810,17811,17815,17817,17823
17814	17816,17806,17817,17823,17820,17802,17822,17824,17803,17804
17815	17817,4050,17802,17803,17804,17807,17808,17810,17813,17814
17816	17806,17814,17820,17827,17802,17818,17829,17830,17832,4050
17817	17802,17828,17803,17814,17821,17822,17824,4050,17806,17812
17818	17808,17816,17817,17820,17822,17826,4050,17802,17805,17811
17819	17802,17806,17816,17817,17822,17830,17832,17835,4050,17811
17820	17808,17816,17814,17830,17832,8694,17805,17806,17812,17818
17821	17817,17829,17808,17812,17822,17826,17832,17835,27829,544
17822	17817,17835,17812,17802,17814,17818,17819,17820,17821,17826
17823	17838,8694,17811,17824,17803,17814,17804,17807,17810,17828
17824	17804,17823,17836,17807,17817,17834,17841,17825,4050,17811
17825	17802,17803,17824,17834,17836,17839,17804,17807,17817,17831
17826	17808,17810,17828,17807,17811,17838,17841,17812,17836,17839
17827	17816,17808,4050,17820,17822,17826,17835,4995,17802,17805
17828	17817,17826,17823,17808,17816,2287,4050,8706,17805,17806
17829	17821,17816,17832,17808,17820,17826,4050,5026,8667,8683
17830	17802,17816,17820,17832,17806,17817,17819,17822,17826,17803
17831	17839,17802,17803,17810,17838,17807,17824,17825,17826,17836
17832	17816,17820,17829,17830,17835,8694,17802,17806,17811,17819
17833	1782,17820,35561,93,638,1359,1393,1541,2503,2572
17834	17802,17803,17824,17817,17825,17836,17807,17826,17841,4050
17835	17822,17817,17832,17802,17806,17811,17812,17819,17820,17821
17836	17824,17804,17841,17817,17825,17826,17834,17839,17823,17831
17837	4050,17808,17816,17823,17830,93,2644,8694,11063,11074
17838	17823,17808,17810,17811,17826,8694,17804,17807,17831,17839
17839	17802,17803,17831,17825,17826,17836,17838,17807,17817,17841
17840	4050,17802,17806,17808,17812,17816,17817,17818,17819,17820
17841	17804,17807,17810,17824,17826,17836,4050,17808,17817,17825
17842	20518,9880,18844,47809,13646,17489,18612,18614,20512,24140
17843	295,1421,1772,2929,6934,13028,18345,35176,35223,38830
17844	2983,35189,45430
17845	73,1397,1810,17113,17847,23858,32864,40813
17846	1397,1838,3129,3952,6304,13185,20826,22154,22159,23858
17847	4053,9390,10392,22090,27082,27584,29428,30379,32032,42825
17848	131,285,997,1077,1347,1431,1838,2601,4525,6487
17849	27181,27142,27166,27179,27161,27174,27185,27133,27152,27155
17850	17860,27182,27145,27184,21074,27139,27140,27143,27136,27156
17851	17865,17850,17853,17855,17856,17857,17858,17859,17860,17862
17852	27161,42766,4208,5456,13082,17865,19117,27142,31978,31989
17853	27157,27179,27150,27152,27155,17864,21074,17859,27140,27134
17854	17850,17853,17857,17858,17859,17860,17864,17855,17856,17862
17855	17850,17857,17860,17864,17863,17865,27133,27157,27171,27182
17856	17850,17858,17860,17865,17862,27142,27152,27155,27157,17851
17857	27182,27145,17864,27150,17859,21074,27134,27170,27180,27156
17858	17860,27133,27166,27174,27164,27171,27153,27157,27145,27152
17859	17864,17857,27133,27161,17853,27164,27185,17863,27142,27157
17860	17850,27182,27145,17858,27184,21074,27170,27139,27143,27156
17861	17850,17858,17860,17864,17865,27181,17851,17852,17853,17854
17862	17850,17856,17864,3934,4240,17851,17853,17854,17855,17857
17863	17865,27164,27152,27163,27145,27182,17864,27174,27175,27134
17864	27133,17857,17859,27161,27164,17863,27153,27182,17853,27171
17865	17863,27153,27150,27155,27134,27139,27140,27170,27180,27193
17866	6553,13376,15238,17200,17582,40642
17867	39626
17868	17871,17869,17872,17875,17880,17881,17882,17884,17887,5009
17869	17884,8793,17868,17877,17887,44892,1417,17875,17878,17880
17870	17880,1417,17872,17875,17881,17882,34909,35591,35698,38743
17871	17868,17875,17877,17880,17881,17882,17887,24099,146,5009
17872	12577,17868,17870,17876,17881,162,5009,5839,7758,7830
17873	6,5009,8766,12577,17868,17869,17870,17871,17872,17874
17874	14271,18357,22528,98,8766,8813,9927,12577,12682,13233
17875	17880,17868,17870,17871,17881,17882,575,5009,5933,8766
17876	17872,162,5839,7758,7830,8697,9797,15567,16871,16914
17877	8793,17869,17871,17884,17887,17875,17878,17880,17881,17882
17878	17868,17869,17870,17871,17875,17877,17880,17881,17882,17884
17879	9822,17874,41767,6,171,457,562,659,1571,2694
17880	5933,15285,42240,1230,24188,575,728,1417,3037,10318
17881	12226,168,2680,5005,13501,17868,17870,17871,17872,17875
17882	17868,17870,17871,17875,17880,17881,5009,8766,17869,17872
17883	2036,2324,3702,6545,7697,18075,45864,45927,47644,575
17884	17869,8793,17868,17877,17887,146,6171,12576,17875,17878
17885	6,5009,8766,12577,17868,17869,17870,17871,17872,17873
17886	31898,31846,31900,15091,15105,15108,31838,31858,15106,17880
17887	17868,17869,17871,17877,17884,8793,17875,17878,17880,17881
17888	6,52,8790,8800,18333,28191,41791,254,366,575
17889	6,3702,3727,5009,5320,5854,7700,8150,8444,8766
17890	1797,30881,964,1245,5534,7257,9156,9453,10318,11860
17891	17932,17141,17905,17927,7018,7343,8288,8859,12260,12738
17892	17141,17905,17927,7343,8859,13699,17116,17126,17127,17151
17893	44892,8233,12650,12653,13654,17290,17916,18634,19881,29580
17894	352,343,13834,21129,23297,36592,359,680,4169,8670
17895	351,452,956,1114,1232,1369,1378,1388,1411,3734
17896	17899,17900,17039,17910,1394,1417,4019,6963,10089,12719
17897	17916,17926,17931,17903,5534,1431,1797,4372,5536,7343
17898	19550,16621,8859,20280,29249,34913,638,1045,4402,8686
17899	17896,2409,5523,17894,17901,17904,17908,17911,17914,17917
17900	17896,12466,5536,17894,17901,17904,17908,17911,17914,17917
17901	12107,17894,17896,17899,17900,17904,17908,17911,17914,17917
17902	44859,28,36,216,3937,4360,4379,4818,4988,5960
17903	17897,17916,17926,17931,5534,23685,7,127,973,975
17904	17894,17896,17899,17900,17901,17908,17911,17914,17917,17918
17905	17127,17141,17891,17892,17927,17932,110,189,1503,3051
17906	7343,8859,13699,17141,17891,17892,17893,17894,17895,17896
17907	7343,8859,13699,17141,17891,17892,17893,17894,17895,17896
17908	6962,6997,17894,17896,17899,17900,17901,17904,17911,17913
17909	351,528,638,1449,1660,2660,2802,2825,3879,4095
17910	18587,17896,41002,131,1394,4019,4521,5839,6963,7824
17911	17935,25742,2802,8154,14880,18445,32645,562,3010,4850
17912	7343,8859,13699,17141,17891,17892,17893,17894,17895,17896
17913	17937,17908,44,1110,1342,5025,5227,7343,7820,8347
17914	17894,17896,17899,17900,17901,17904,17908,17911,17917,17918
17915	6893,9493,17924,25278,32228,43671,0,39,43,201
17916	17897,17926,17931,17903,5534,17893,17923,17925,17935,17937
17917	17896,17899,17900,17901,17904,17908,17911,17914,17918,17920
17918	17894,17896,17899,17900,17901,17904,17908,17911,17914,17917
17919	2223,2802,2827,5071,5955,6302,7173,7343,8859,9171
17920	9138,1245,3560,10469,11369,12514,17894,17896,17899,17900
17921	7343,8859,13699,17141,17891,17892,17893,17894,17895,17896
17922	7343,8859,13699,17141,17891,17892,17893,17894,17895,17896
17923	9156,17916,34485,1369,1431,1809,2206,2715,6455,7004
17924	7240,17894,17896,17898,17899,17900,17901,17904,17908,17911
17925	17916,1113,1220,1397,3434,3575,4173,5460,6114,7012
17926	17897,17916,5534,17903,857,26905,41025,131,1431,1741
17927	17141,17891,17892,17905,17932,7343,8859,13699,17116,17126
17928	1797,2662,7343,7807,8189,8859,9656,13699,17141,17891
17929	17894,17896,17899,17900,17901,17904,17908,17911,17914,17917
17930	17894,17896,17899,17900,17901,17904,17908,17911,17914,17917
17931	17897,17916,17903,5534,12466,1431,1777,1797,4372,5536
17932	17891,17141,17905,17927,7343,8859,13699,17116,17126,17127
17933	17104,17117,17144,17118,17129,17133,17142,17143,17152,17111
17934	7343,8859,13699,17141,17891,17892,17893,17894,17895,17896
17935	17911,25742,3250,13618,13701,15761,17916,18845,19049,25705
17936	7343,8859,13699,17141,17891,17892,17893,17894,17895,17896
17937	17913,17916,44,1110,1342,1369,1809,5025,5227,7004
17938	1100,14743,27736,38011,41591,19,283,437,439,446
17939	1230,1357,2843,2971,2988,3250,3736,3937,4104,4114
17940	38696,31186,11756,23786,28642,40600,110,118,189,233
17941	5249,23766,26386,13119,24573,30887,32354,32435,39948,41069
17942	140,95,109,2421,17150,25200,107,116,127,144
17943	17941,17942,17944,17945,17946,17947,17948,17949,17950,17951
17944	74,2028,6597,6806,7012,7243,11756,17941,17942,17943
17945	3885,6472,6534,10778,17576,17950,1383,2206,5249,6515
17946	6639,8685,11772,12514,23718,32045,32050,34904,49581,1638
17947	2206,8278,11743,17950,17965,1387,1388,1791,1959,2601
17948	17946,17941,17942,17943,17944,17945,17947,17949,17950,17951
17949	102,134,169,243,1242,1450,2802,4450,4646,5040
17950	3885,17945,6534,13173,17947,17952,17957,26056,274,1036
17951	3885,17945,17952,23780,33962,38696,48295,11,96,131
17952	609,754,1967,2540,2904,5048,6534,6962,10494,14271
17953	11715,11752,1349,1352,1354,1355,1359,1362,1366,1371
17954	1377,1410,1428,1608,1680,1797,2902,3582,6487,6693
17955	17941,17942,17943,17944,17945,17946,17947,17948,17949,17950
17956	33,1382,1450,2641,4679,6450,6534,6542,6546,6563
17957	1435,5382,6976,13672,17656,17945,17950,17952,17958,23730
17958	11714,11795,7950,11790,11767,11779,10606,7053,11093,33281
17959	196,452,1390,1453,1754,5236,5531,6959,6979,9471
17960	17941,17942,17943,17944,17945,17946,17947,17948,17949,17950
17961	17963,1366,6962,15234,16380,17941,17942,17943,17944,17945
17962	918,920,1387,6543,6544,7937,17941,17942,17943,17944
17963	17961,17941,17942,17943,17944,17945,17946,17947,17949,17950
17964	17941,17942,17943,17944,17945,17946,17947,17948,17949,17950
17965	17947,2206,7950,17510,17923,17941,17942,17943,17944,17945
17966	17941,17942,17943,17944,17945,17946,17947,17948,17949,17950
17967	17941,17942,17943,17944,17945,17946,17947,17948,17949,17950
17968	17945,40751,5269,5314,5384,6081,6106,6450,6461,6472
17969	17941,17942,17943,17944,17945,17946,17947,17948,17949,17950
17970	23798,30969,40748,41702,44149,87,918,1387,1388,1404
17971	29633,10701,11142,16067,17982,22633,23883,23993,29629,30980
17972	17977,17979,918,6202,12826,17973,17974,17975,17976,17978
17973	910,27536,10029,17636,22505,43018,439,528,638,659
17974	6654,17238,7036,10792,10793,14454,14857,18013,18813,23726
17975	39268,10020,36674,37079,37211,37481,40395,9995,10014,10018
17976	27736,2667,4254,15662,18529,22124,27750,33374,39219,47445
17977	10058,36765,10055,10135,36672,36674,36698,36708,36763,36909
17978	17977,2646,6202,7809,10047,10087,10096,10105,10125,10128
17979	29633,24249,24449,30952,39473,40413,40830,40850,41106,45692
17980	32,1077,1387,1406,1414,1426,1436,4518,4522,6202
17981	6202,17971,17972,17973,17974,17975,17976,17977,17978,17979
17982	17971,17979,5373,6202,8998,9015,10949,17281,17972,17973
17983	6202,17971,17972,17973,17974,17975,17976,17977,17978,17979
17984	6202,17971,17972,17973,17974,17975,17976,17977,17978,17979
17985	2601,1928,10671,11743,12650,14455,17312,22940,24541,24600
17986	17797,17977,23799,1982,2413,4527,6202,6592,6686,7852
17987	6202,17971,17972,17973,17974,17975,17976,17977,17978,17979
17988	6202,17971,17972,17973,17974,17975,17976,17977,17978,17979
17989	6202,17971,17972,17973,17974,17975,17976,17977,17978,17979
17990	6594,13430,23866,30794,93,457,908,1388,1409,1432
17991	909,2699,4796,7293,8302,8399,17880,17992,17993,17994
17992	7293,9943,12196,16067,17556,18008,22867,23476,23484,23870
17993	4204,22147,601,909,2269,2547,3006,3958,3971,4009
17994	17996,909,6287,7293,8302,12647,13430,17991,17992,17995
17995	4053,12597,13580,19974,20488,24212,24228,24243,30229,0
17996	17994,909,6287,7293,8302,12647,13430,17991,17992,17995
17997	909,7293,8302,17991,17992,17993,17994,17995,17996,17998
17998	11400,11395,11404,34207,626,3230,3575,11384,11387,13478
17999	6653,4527,40610,14454,41308,12196,14857,19457,19506,23906
18000	6565,35977,36031,6659,17748,33281,35999,36013,36016,36017
18001	3525,13115,14861,26427,26656,3451,3505,3546,3931,4101
18002	1356,2904,7022,8509,28820,45581,1680,1772,6483,7018
18003	1356,1787,18024,1397,4494,4498,5307,6469,6487,6623
18004	7018,7022,14823,18024,23993,7036,17200,18013,10701,16486
18005	1387,4509,11757,17199,4498,15063,17198,10622,18024,20869
18006	4527,23866,40606,1421,5250,1426,1432,6654,17746,24364
18007	4509,6934,7019,10701,11757,18024,1387,1772,4516,6623
18008	16067,1426,17200,1432,17746,18024,5307,6623,23755,40402
18009	18024,5307,6934,7204,9983,16486,17748,49485,1397,1436
18010	5307,16067,1787,4516,1387,5376,11757,16486,17199,17200
18011	1426,4431,8509,10792,18006,18008,913,1387,1397,1432
18012	4527,6653,5250,6623,8180,8509,17746,23906,1432,1445
18013	7036,1432,7022,17746,11757,23866,1356,10792,37856,40610
18014	18005,7204,11757,1387,1772,1787,4516,16486,17199,18013
18015	17649,14857,16067,18005,1432,6611,6654,10628,12196,16481
18016	7036,1426,6623,11757,17649,23484,39394,1387,1436,4498
18017	239,16861,16868,16927,16956,16990,18438,1387,1397,1426
18018	1387,1397,1404,1426,1428,1436,1445,1453,3402,4431
18019	1387,1397,1426,1436,1445,4431,4498,4509,6934,7012
18020	4431,17193,18034,1354,1387,1397,1426,1436,1445,3481
18021	7425,18816,26918,909,1698,3232,3281,6210,7467,7590
18022	1397,33843,116,168,284,285,1387,1426,1436,1445
18023	40739,11504,11508,15113,15706,15736,17616,19077,24434,29598
18024	7022,6496,17746,6574,14823,6452,37851,7036,10628,10701
18025	161,169,1387,1397,1426,1436,1445,3736,4431,4498
18026	11100,6458,6654,17746,1397,7019,7036,10778,12790,18024
18027	1426,1436,4498,7019,7036,7204,10701,18005,18007,18008
18028	4509,9983,19,733,1387,1397,1426,1436,1445,1673
18029	1397,7036,18008,1387,1426,1436,1445,1680,4431,4498
18030	598,5996,9467,9839,9912,13123,13618,13659,18577,18584
18031	18013,23993,1421,6623,37875,1426,6654,7036,17649,40548
18032	1380,1384,1387,1397,1415,1426,1428,1436,1445,1453
18033	1426,17193,7019,28820,1436,7022,7204,7327,10797,10821
18034	4431,17193,18020,1387,1397,1426,1436,1445,4498,4509
18035	9983,1426,1973,1982,17199,18013,40590,1436,1445,6653
18036	13149,31756,13648,23505,44803,44805,44806,44807,44809,19
18037	13076,18038,18039,18040,18322,26773,26790,26801
18038	420,421,433,434,7511,13076,18037,18039,18040,43242
18039	17492,3736,13076,13313,17441,17489,35151,43161,44813,909
18040	31793,3736,13076,17489,13313,17441,18806,43171,457,909
18041	5588,7704,12626,22535,43098
18042	9467,13691,18321,18616,43063,19,171,339,366,548
18043	113,434,549,1736,3736,4120,4163,4203,4206,4247
18044	609,754,1967,2540,5048,10494,14271,14324,14376,14562
18045	17450,23623,6117,43654,6100,8692,12154,13840,13866,15731
18046	4120,4163,4203,4206,4295,5071,9184,9374,10715,14549
18047	4148,8837,20784,30699,319,522,581,622,2802,2869
18048	138,522,535,548,622,1135,1704,1719,1960,2802
18049	14396,13618,18612,20505,22531,4120,4782,7509,9839,13123
18050	544,44796,161,325,18823,44795,44797,559,576,4174
18051	8531,29189,8468,13430,22293,22298,22303,22305,22312,24129
18052	22603,22631,15464,1416,2106,6180,7876,13273,13277,13288
18053	3248,6178,6201,6209,7425,13282,13512,13556,15552,20803
18054	3147,3736,12346,25537,48680,48697,319,573,594,2869
18055	48364,186,502,1668,1795,1956,1960,1976,4389,4456
18056	3880,3999,22946,23685,850,4364,12650,22927,22934,22947
18057	18063,1550,1685,4337,4340,4875,5277,5314,5397,10624
18058	18061,18068,448,1657,1659,1660,1676,1678,1707,1731
18059	1956,1960,1976,2915,4213,5503,6200,13633,15246,15251
18060	18066,12221,16414,18056,18058,18059,18061,18062,18063,18064
18061	18058,18068,18056,18057,18059,18060,18062,18064,18065,18066
18062	18056,18057,18058,18059,18060,18061,18063,18064,18065,18066
18063	18057,1550,1668,15069,18056,18059,18060,18062,18064,18065
18064	4396,9951,10605,10855,10971,12409,12434,18056,18057,18058
18065	1967,26114,31236,31304,31307,36091,15236,15239,31225,44669
18066	18060,12221,16414,18056,18058,18059,18061,18062,18063,18064
18067	478,1382,1388,1741,1791,1797,5402,6166,7511,8370
18068	18058,18061,18056,18057,18059,18060,18062,18064,18065,18066
18069	14861,1676,7041,17249,17607,23075,28653,32411,32775,36091
18070	19,26,113,124,562,606,615,1642,1860,2076
18071	13834,19051,0,17,223,242,368,1489,2130,2256
18072	9730,347,472,528,987,1829,2513,4389,5038,5040
18073	35567,45894,48553,101,134,162,168,186,1380,1661
18074	32991,1455,27884,2059,2091,6984,9872,16864,16934,20856
18075	20557,3931,3702,4234,6545,22147,24426,24444,30602,4247
18076	10165,16793,18071,18072,18073,18074,18075
18077	
18078	18079
18079	18078
18080	3505,16532,19057,25748,39633,3546,3729,7240,13430,24276
18081	15134,11865,22599,14498,24135,3010,6224,7479,7702,8492
18082	18090,18085,18088,18092,18098,222,232,575,1250,3950
18083	26325,25892,26338,13895,14416,22304,22838,1421,4498,6209
18084	21862,4240,21902,4114,5052,6284,8468,11693,12066,20956
18085	21936,27133,27141,7119,7536,8774,18082,18090,21780,21935
18086	33046,49946,1550,1578,1630,1689,2915,3518,3549,3714
18087	17911,18080,18082,18083,18084,18085,18086,18088,18089,18090
18088	18090,12326,16267,20584,21190,45514,45528,45569,204,457
18089	17911,18080,18082,18083,18084,18085,18086,18087,18088,18090
18090	18088,553,3937,4234,18082,24208,29817,30619,546,3931
18091	242,660,713,1137,1633,1689,3971,4045,4190,7852
18092	4159,4231,4254,5085,6496,8492,13263,16240,18082,18088
18093	8783,13618,15761,7509,9467,9770,13670,17348,17351,18614
18094	18099,18100,21465,30178,30862,2786,4841,4849,5681,8766
18095	5933,13618,577,1417,2181,3250,3394,5996,6328,6804
18096	24147,12759,13700,17486,17911,18080,18088,18090,18100,18101
18097	28717,28738,28753,692,705,4795,28704,28711,28723,28730
18098	18082,18088,18090,18092,575,1250,6935,7280,7296,7479
18099	13280,5681,7479,20505,20539,8797,8813,8814,9940,13267
18100	18829,5682,9467,13280,18094,20497,24147,41788,41797,52
18101	13700,3937,9776,16477,17911,18096,18103,19485,20472,40624
18102	1734,4112,7477,8128,8150,8180,8182,8218,8813,10387
18103	13280,13690,17911,18096,18101,18441,20521,21185,41796,82
18104	17911,18080,18082,18083,18084,18085,18086,18087,18088,18089
18105	17911,18080,18082,18083,18084,18085,18086,18087,18088,18089
18106	18127,6143,7248,7432,9397,13077,13306,14880,18107,18109
18107	6143,7248,7432,9397,13077,13306,14880,18106,18109,18110
18108	6204,5150,6143,7248,7432,9397,13077,13276,13306,13722
18109	13306,18110,13223,18113,18121,4114,6143,7432,7871,13077
18110	8468,2084,4415,16452,18109,18120,26144,26320,576,7411
18111	6143,7248,7432,9397,13077,13306,14880,18106,18107,18109
18112	45756,45764,45750,45753,45751,45761,45774,3307,29455,124
18113	7248,7254,42725,9927,13306,18109,49788,2876,6143,7280
18114	13306,18118,338,7432,11843,18110,18121,22061,25527,36130
18115	6143,7248,7432,9397,13077,13276,13306,14880,15964,18106
18116	22617,7248,13306,18120,6143,7432,9397,11843,13077,13179
18117	18425,1704,5681,6143,7248,7425,16369,18119,22224,42855
18118	26290,6925,34340,528,3430,3927,6984,10514,16811,18114
18119	22312,18425,5682,13306,18110,18117,22257,22303,22319,26144
18120	43061,26119,8468,4240,4415,7432,13305,18110,18136,22603
18121	13077,7432,11315,13223,13306,18109,18110,18114,18120,22646
18122	37,6143,7248,7432,9397,12584,13077,13306,14880,18106
18123	13731,13732,13735,13737,13740,6143,7248,7432,9397,13077
18124	4240,22257,22283,4158,4206,4234,4238,13810,15799,16442
18125	18114,6143,7248,7432,9397,13077,13306,14880,18106,18107
18126	7248,7882,29707,573,3931,6143,7432,9397,13077,13306
18127	33121,7458,18106,23510,23511,43121,49985,442,1230,1457
18128	4174,13202,13204,13209,13217,13221,13222,13224,13225,13241
18129	18132,21376,13770,21356,134,146,4174,6143,6172,6193
18130	13255,13217,13221,13222,13224,13253,13271,18132,18136,18138
18131	18137,18139,13202,4174,10887,13204,13209,13217,13221,13222
18132	13770,18129,21356,21386,21362,21366,21368,21370,21371,21397
18133	18135,19019,19074,26139,2014,2519,2572,2694,3398,4174
18134	4174,13202,13204,13209,13217,13221,13222,13224,13225,13241
18135	909,7425,18133,18298,22312,24141,24178,1703,3237,3878
18136	13306,4174,13277,13305,22617,36130,8468,18120,4415,13264
18137	18131,13202,13217,13221,13222,13224,13253,13271,18132,18136
18138	13202,13221,13222,13224,13247,13253,13255,13271,18130,18132
18139	13202,18131,12805,13226,13233,13247,13248,13268,338,956
18140	13217,13221,13222,13224,13253,13255,13271,18130,18132,18136
18141	2185
18142	2118,8433,9166,18143,18144,18145,20584,21178,29078,30947
18143	18142,18144,18145
18144	18142,18143,18145
18145	18142,18143,18144
18146	23966,1692,16716,16718,19,1670,1705,1736,2687,2698
18147	45743,45754,18148,29455,45749,45750,45761,45752,45758,45774
18148	18147,1670,1705,2698,2711,49543,95,204,385,1220
18149	39045,168,1694,2711,4261,4327,9608,9614,9616,9621
18150	2687,168,23966,23957,2667,13510,204,1666,1679,1688
18151	1694,2711,17061,18148,28546,29012,124,168,1670,2698
18152	2711,168,858,1235,1249,1263,1694,1855,2940,3429
18153	4234,13510,14982,24426,3702,6545,13016,13430,15567,16532
18154	39,168,206,494,660,964,1495,1606,1694,2128
18155	168,1657,1670,1685,1864,2667,24334,19,1679,1688
18156	168,1694,2711,12964,18147,18148,18149,18150,18151,18152
18157	168,18150,18159,18160,1692,1694,1736,1860,2637,2662
18158	2711,1694,18150,18161,21565,23966,168,807,815,1705
18159	168,1692,2637,2687,29513,29558,1688,1736,2677,2698
18160	18150,168,1694,18157,18159,23957,1692,1736,1860,2637
18161	2711,23951,1694,12387,16728,18150,18153,18158,18159,23957
18162	17690,5730,28504,40981,19,135,168,442,466,1230
18163	13800,13967,14234,439,13867,14191,14209,13930,14140,14231
18164	17689,17687,18165,29888,4112,10723,14631,14660,14976,17684
18165	8536,16623,22265,24426,24438,24441,24455,168,1673,2678
18166	14976,18163,18164,18165,18167,18168,18169,18170,18171,18172
18167	14660,17684,18169,4112,14631,14645,18171,30187,38723,574
18168	29190,29211,8532,22282,30742,2659,5689,5693,5697,5706
18169	18167,18171,4112,14631,14660,14976,17684,17686,17687,17689
18170	2869,1698,3250,6578,7248,7409,13131,13306,13309,17717
18171	18167,18169,1664,1667,1854,1860,3231,6624,6978,7242
18172	14976,18163,18164,18165,18166,18167,18168,18169,18170,18171
18173	14976,18163,18164,18165,18166,18167,18168,18169,18170,18171
18174	146,325,342,995,1741,2216,2923,3134,3574,3867
18175	48319,7242,12047,20013,24441,46319,311,394,3702,4197
18176	21115,381,552,671,7316,9770,13588,20495,21114,21120
18177	4527,11142,13138,14469,20058,23885,24435,24449,25491,28725
18178	18181,16643,16650,18187,18197,18204,18205,18207,381,745
18179	18190,18192,18198,18191,18194,18200,18217,18186,18195,18201
18180	18185,18200,381,18189,18194,18197,18205,18206,18209,18212
18181	24258,6545,7697,13016,14982,15567,16532,23943,24446,24448
18182	2281,2864,4841,6161,9465,12047,13176,13638,15236,16267
18183	6472,6545,6653,13026,15063,17191,17575,17649,17999,18015
18184	17103,28704,368,680,692,24198,28717,28718,28738,381
18185	8492,18180,18200,18209,381,4020,14523,16067,18189,18190
18186	18191,18215,18197,18200,18211,18216,48319,18179,18187,18192
18187	18197,16643,16650,18178,18181,18186,18191,18193,18195,18203
18188	18191,18198,18202,18207,19,381,573,576,601,660
18189	18180,18185,18194,18200,381,1673,3333,6115,6568,7177
18190	18215,18179,18192,18216,18194,18198,18200,18218,311,13681
18191	18186,18197,18179,18192,18198,18203,18215,18216,18187,18188
18192	18179,18190,18198,18191,18200,18203,18186,18194,18195,18204
18193	18209,18195,18206,18208,18185,18186,18187,18194,18198,18203
18194	45602,46319,3702,4234,4244,6545,7697,8763,13016,13810
18195	18203,48319,16643,16650,18193,18197,18198,1432,4527,7044
18196	18186,18190,18191,18208,18209,18215,18216,381,7242,11139
18197	18191,18200,18204,18217,18186,18187,18195,18203,18205,18208
18198	18179,18192,18203,18207,18190,18191,18194,18195,18186,18188
18199	387,36559,377,24219,336,343,728,4787,7409,17438
18200	18197,18215,18217,18179,18180,18185,18186,18190,18192,18194
18201	18179,18197,18198,18200,18217,381,16643,16650,18176,18177
18202	18188,18191,18198,18207,138,381,3205,3231,3882,3928
18203	18195,18198,18208,18191,18192,18197,18216,18179,18187,18193
18204	18197,16643,16650,18178,18181,18186,18187,18190,18191,18192
18205	18197,18206,18207,18209,18212,381,16643,16650,18178,18180
18206	18209,18193,18205,18212,381,18180,18185,18190,18192,18194
18207	18198,18205,16643,16650,18178,18181,18187,18188,18191,18197
18208	18203,18193,18197,18215,18216,18179,18185,18187,18192,18196
18209	18193,18206,18212,18185,18194,18205,381,18180,18187,18196
18210	381,2196,6157,6306,7254,8443,9786,10967,11246,15440
18211	18186,18187,18191,18193,18195,18197,18203,18208,18209,381
18212	18209,18197,18205,18206,381,18180,18185,18193,18203,18207
18213	41794,41801,38984,38985,8790,9467,13280,17489,18456,21255
18214	381,16643,16650,18176,18177,18178,18179,18180,18181,18182
18215	18190,18186,18200,18216,18191,18197,18208,18217,381,18179
18216	18190,18215,18186,18191,18203,18208,18179,18192,18196,18197
18217	18197,18200,18179,18215,381,18180,18185,18186,18190,18191
18218	18190,18195,18203,18208,18209,381,15231,16643,16650,18176
18219	10498,110,186,381,1031,1080,1100,1387,1966,2063
18220	381,1129,1689,1846,2915,3454,4003,6893,7240,7275
18221	87,3734,10812,14394,14414,18163,22091,22282,23250,26069
18222	7858,14394,14414,18226,22091,22282,23250,26069,31122,36606
18223	7858,14394,14414,18226,22091,22282,23250,26069,31122,36606
18224	3347,18227,22247,28395,28505,33624,42844,1137,2855,3004
18225	18227,46821,87,3734,4270,4279,10812,13152,14394,14414
18226	788,1350,1605,3736,4990,4993,7858,8136,8797,11045
18227	18224,18225,7858,18226
18228	912,956,1212,1768,1913,2031,8685,15201,15988,16875
18229	42664,33487,961,1110,42080,1754,1918,2641,2659,10253
18230	43142,64,138,2017,2027,2044,2678,2855,7459,10849
18231	683,699,2051,15646,18229,18230,18232,19978,20035,43010
18232	1248,1261,1741,1745,1748,1752,1755,1757,1760,1766
18233	
18234	18251,18236,18254,18256
18235	18254,18256
18236	18234,18238,18243,18245,18248,18249,18250,18252,18253,18257
18237	18254,18256
18238	18247,18251,18236,18254,18256
18239	18254
18240	18255,18251,18254,18256
18241	18255,18254,18256
18242	18255,18254,18256
18243	18236,18256
18244	18256
18245	18236
18246	18247,18251,18254,18256
18247	18238,18246,18255,18251,18236,18254,18256
18248	18255,18251,18236,18254,18256
18249	18255,18251,18236,18254,18256
18250	18251,18236,18254,18256
18251	18234,18238,18240,18246,18247,18248,18249,18250,18252,18253
18252	18253,18251,18236,18254,18256
18253	18252,18255,18251,18236,18254,18256
18254	18234,18235,18237,18238,18239,18240,18241,18242,18246,18247
18255	18240,18241,18242,18248,18249,18253,18247,18251,18236,18254
18256	18234,18235,18237,18238,18240,18241,18242,18243,18244,18246
18257	18236,18254,18256
18258	2216,2260,2263,2143,2275,2213,2278,2212,2240,2248
18259	2129,2140,2163,2189,2195,2205,2210,2211,2219,2228
18260	21335,5991,1397,2551,2624,2636,2915,5161,5269,6258
18261	8268,8271,8291,8295,8315,8336,8337,8362,8373,8394
18262	18269,18267,18265,1397,6955,18264,18266,18274,21335,211
18263	1685,16532,7,218,1022,1404,1661,1695,1778,2324
18264	18265,18269,18266,18273,5186,18262,18270,18274,1004,1404
18265	18264,18273,18262,18271,2551,5186,18274,1004,1397,1404
18266	18270,21335,18264,18273,5991,9157,11141,17748,18262,18271
18267	5991,18262,18271,11100,1004,1397,1404,2551,2624,2636
18268	18270,18273,18271,5186,18274,1004,1404,2624,2636,2915
18269	18262,18264,5991,18274,17502,17910,18587,24451,29696,433
18270	18268,18266,21335,6611,6632,18274,45481,2624,6487,6652
18271	18267,18265,18268,18266,18274,21335,1397,2551,2915,6258
18272	18261,18262,18263,18264,18265,18266,18267,18268,18269,18270
18273	18265,18268,18264,18266,18587,2551,8685,11159,14592,14860
18274	18269,18270,23508,18262,18264,18265,18266,18268,18271,21335
18275	39228,5869,11449,18261,18262,18263,18264,18265,18266,18267
18276	35621,35633,38737,15356,16894,21556,35605,35630,35692,1
18277	40359,9770,9812,171,1913,4673,9154,9838,13654,13661
18278	7263,9770,9832,9845,9847,12633,12667,13661,15294,18283
18279	18587,13661,14271,17910,18311,18447,24140,24661,25177,6
18280	1870,2928,3875,7263,7494,9770,9781,9812,9832,9845
18281	34319,14090,13917,14044,11417,13896,13960,14014,14125,14232
18282	186,1754,1972,2715,3880,3999,4364,4389,8671,9793
18283	20567,2786,4717,14318,15715,2554,3937,5960,7590,9483
18284	2565,9777,15302,18285,35654,1,3,4,12,41
18285	9777,43107,44892,52,1417,9770,9832,10236,13661,13828
18286	18311,18332,9770,13654,18287,18296,2901,9781,9805,9832
18287	6,9834,18286,18296,18301,18321,35684,35752,9770,9781
18288	9770,9847,6193,7263,9781,17478,18306,18310,18311,18333
18289	7521,7854,12107,12625,13871,18298,18300,18313,18539,22773
18290	9770,9832,9845,12653,13661,18285,18333,18338,18340,38300
18291	20567,1870,2827,5933,7599,7612,9943,10477,13280,13661
18292	9770,14271,35740,2786,2791,5588,5933,7479,8677,8812
18293	1870,9832,13661,18281,18291,18297,18311,18324,18338,23004
18294	18614,8790,14271,8797,9847,43064,93,14318,18298,18581
18295	26949,11,1870,4981,7263,8935,9770,9781,9812,9832
18296	9770,18332,41697,2694,7263,9781,9784,9788,9807,9812
18297	7263,9832,12625,12670,18604,5588,9770,9777,9845,9847
18298	18294,18327,18442,7882,8790,8797,9463,11863,12758,13280
18299	5588,5933,9770,9781,15294,15302,18305,18321,18348,34412
18300	18289,123,243,346,438,1673,1692,1810,1870,2331
18301	5588,5956,6017,9778,9832,12107,12618,12627,12649,12667
18302	23690,8677,19429,24680,3575,12330,18338,33060,34157,34553
18303	573,909,1870,3115,3237,3281,3474,3842,4839,5148
18304	2686,5670,7263,7459,9832,9845,10315,16630,17435,18278
18305	9770,18299,9832,18298,18348,18634,35699,3400,9794,9796
18306	1870,18298,18314,18320,18342,40320,41782,41801,52,2554
18307	44761,6961,6982,7024,11800,12700,25278,30749,32366,37861
18308	9812,13661,18277,101,162,168,171,622,1870,2680
18309	14454,1432,31270,6653,15594,19506,40610,14857,17999,39473
18310	9784,9504,9770,9834,18287,18288,18296,18297,18299,18301
18311	18332,34412,18286,18441,19565,254,1264,1870,9770,9832
18312	9847,9770,4,9793,9832,9845,12620,12667,18278,18283
18313	14231,13998,14207,14234,14244,23682,14043,14229,23638,7494
18314	13632,2161,18294,18306,18311,18576,1870,7704,8766,9770
18315	24147,18281,18287,18299,18311,18321,18844,20521,41735,338
18316	1357,1870,5818,7263,8790,8806,9770,9781,9812,9832
18317	1230,5682,8815,17880,18283,18301,18311,18441,20506,20542
18318	15715,20472,20521,20522,2786,4254,5809,5928,5933,7699
18319	18294,623,1085,1088,1870,2646,2655,2805,2915,6108
18320	9463,9770,9858,18298,18306,18576,20456,41782,52,503
18321	12107,18299,12618,13805,13898,14171,14234,14237,18287,18332
18322	1870,7263,9770,9781,9812,9832,9845,13661,15715,18037
18323	9770,9796,9832,18292,18299,18302,18305,171,1245,1870
18324	2161,8935,2286,1870,18626,20499,3875,8287,9467,13280
18325	15715,18276,18311,18331,527,1230,1433,1870,2204,7263
18326	18330,36091,38110,38111,28675,37947,37974,37979,37980,37982
18327	18298,13654,20615,52,578,1870,2204,2276,2286,2786
18328	1870,5188,7263,9770,9781,9812,9832,9845,9872,13661
18329	9770,18285,18294,18296,18576,26164,30209,44892,6,52
18330	18326,38110,38111,28675,36091,37945,4464,15715,17349,18294
18331	2204,5682,13280,18298,20522,35740,6,383,549,1230
18332	18311,18286,18296,9770,9832,13654,18321,18576,18611,18634
18333	9770,9845,9784,9832,13661,15285,17888,18285,18288,18290
18334	41765,8391,41801,8783,8800,9858,10468,13661,18294,18320
18335	15715,18287,18294,18299,18321,18324,6,1797,1870,2242
18336	9770,15715,18305,18311,18320,18338,18449,20444,40335,48964
18337	9885,18288,18311,235,254,542,591,615,625,1870
18338	19431,6783,19427,23616,29827,34326,19428,34159,34207,6804
18339	1870,7263,9770,9781,9812,9832,9845,13661,15715,18276
18340	9820,6783,9836,9845,9850,12645,12653,13929,15521,18287
18341	557,1870,2281,7263,9770,9781,9812,9832,9845,13661
18342	10468,40320,5996,18294,18306,18311,18599,549,1870,2161
18343	17059,44809,575,5188,11066,13654,18311,19576,41799,43064
18344	7175,41778,254,550,5188,7166,7168,8794,14933,18311
18345	13280,295,336,338,1435,2523,3237,3360,4717,5090
18346	7029,9453,12885,16623,40668,106,558,575,1264,1423
18347	18359,13632,13697,13700,18445,24147,35800,578,5188,5681
18348	9796,13623,18299,18359,18436,6,2901,5933,7882,8797
18349	364,6121,11863,13638,14288,20846,20899,22069,25476,25952
18350	29597,4236,18113,25526,29592,42413,42468,42725,18,229
18351	3230,3237,3937,9045,9942,10301,13854,13967,14049,14173
18352	5188,9872,18347,21262,29747,29819,35811,43016,608,3237
18353	6191,18368,18612,606,3937,6121,7527,8068,11863,13616
18354	4236,18365,25526,29597,42468,42472,42725,18,3237,5507
18355	1426,17218,4522,7036,10821,14487,22536,23993,40830,1432
18356	3875,9942,10723,12019,15283,18351,18359,18360,18436,20521
18357	13280,17468,1417,5933,9927,15236,17059,17352,18359,22528
18358	42469,18365,9386,13600,29622,29884,42778,4059,7254,12562
18359	18363,13280,2791,13638,15715,15761,18347,18348,18357,35800
18360	5933,8783,9467,9912,9942,13123,13638,13654,17059,17489
18361	14324,17489,503,1244,7509,9467,9950,12019,12554,13280
18362	14391,17059,8783,13638,17489,2786,3937,4841,5809,6191
18363	18359,2791,13280,18357,2786,5670,5996,8933,9942,12107
18364	16789,319,573,2869,3237,3736,10461,10996,11072,13306
18365	18358,45411,7290,7307,11246,13600,18354,24062,28739,29594
18366	3250,5507,25718,36596,133,223,228,576,909,1698
18367	18347,339,351,1449,1660,1841,2802,2825,3167,3234
18368	6191,18353,13638,15751,17466,18613,18845,21231,42908,338
18369	2076,2444,7789,8715,8859,8932,9009,10623,12577,12633
18370	13814,24099,30214
18371	1083,6143,10164,25006,25144
18372	13893,22596,40456,1703,22312,22320,24178,42945,45337,909
18373	18375,18399,18377,18412,18388,18409,18415,40456,18398,18411
18374	18380,18403,18388,18389,18421,18393,18409,18398,18411,18392
18375	18373,18378,18386,6595,18384,18400,18387,18394,18402,37837
18376	18402,18382,18413,18396,18399,18401,18377,18393,18404,18412
18377	18373,18413,18376,18400,18395,18380,18382,18387,18396,18403
18378	18395,18400,18386,18375,18379,18412,18381,18397,18399,18401
18379	18384,18381,18394,18378,18383,18387,18396,18403,18413,18397
18380	18374,18400,18382,18386,18387,18394,18421,18383,18389,18403
18381	18379,18384,18378,18382,18386,18400,13893,18383,18387,18394
18382	18376,18380,18408,18381,18384,18400,18386,18413,18421,13893
18383	18384,18379,18394,18395,18408,18400,18380,18381,18387,18401
18384	18379,18383,18387,18381,18396,18402,18375,18382,18397,18401
18385	12714,18118,3430,10514,20050,25495,25500,25527,27696,38203
18386	18378,18400,18375,18380,18391,18381,18394,13893,18382,18389
18387	18384,18391,18379,18380,18394,18400,18375,18381,18383,18402
18388	18374,18400,18373,18376,18413,18377,18378,18380,18386,18391
18389	18374,18408,18380,18386,18391,18384,18393,18403,18421,13893
18390	18392,18380,18388,18400,18401,18411,18424,1704,6684,17478
18391	18408,18387,18386,18412,18413,18402,18422,13893,18389,18393
18392	18380,18390,18407,18411,18373,18374,18375,18376,18377,18378
18393	18376,18374,18389,18391,18402,18408,18380,18382,18384,18386
18394	18395,18379,18383,18380,18386,18387,18396,18403,18375,18381
18395	18378,18394,18401,18383,18403,18396,18397,18413,18377,18404
18396	18376,18384,18408,18394,18395,18379,18399,18413,18377,18381
18397	18378,18395,18384,18394,18400,18379,18380,18381,18383,18386
18398	18373,18374,18382,18391,18375,18376,18377,18378,18379,18380
18399	18373,18376,18400,18408,18378,18396,18382,18386,18413,18422
18400	18378,18380,18386,18399,18402,18375,18377,18381,18382,18383
18401	18395,18376,18408,18378,18383,18384,18394,18396,18400,18402
18402	18376,18384,18400,18391,18375,18381,18387,18378,18382,18393
18403	18374,18395,18394,18378,18379,18380,18408,18377,18386,18389
18404	18376,18395,18408,18379,18383,18378,18381,18382,18384,18391
18405	18376,18384,18391,18382,18383,18387,18394,18396,18400,18402
18406	18423,22596,18373,18374,18375,18379,18380,18381,18382,18388
18407	18392,18424,18379,18380,18384,18394,18401,18408,18411,18415
18408	18391,18382,18383,18396,18399,18389,18401,13893,18403,18404
18409	18373,18374,18376,18375,18379,18408,18380,18384,18387,18391
18410	4139,15843,82,375,464,569,579,1704,2841,3530
18411	18373,18374,18378,18380,18384,18386,18392,18394,18400,18412
18412	18373,18378,18391,18376,18395,18386,18387,18422,18379,18380
18413	18376,18377,18391,18395,18379,18382,18387,18396,18380,18388
18414	18373,18374,18375,18376,18380,18382,18386,18388,18389,18391
18415	18373,18384,18394,18408,18376,18378,18379,18386,18391,18412
18416	304,1371,1704,2542,15583,18373,18374,18375,18376,18377
18417	1704,18373,18374,18375,18376,18377,18378,18379,18380,18381
18418	1704,7425,3237,13309,22646,42905,43061,3281,7458,8531
18419	1704,18373,18374,18375,18376,18377,18378,18379,18380,18381
18420	18418,18425,1664,1704,1809,3250,6143,6174,7458,7473
18421	18374,18380,18381,18382,18400,18408,13893,18383,18384,18386
18422	18391,18378,18394,18400,18408,18376,18386,18399,18412,18379
18423	18388,18406,22596,1704,18373,18374,18375,18376,18377,18378
18424	18407,18379,18384,18390,18394,18408,18415,1704,18373,18374
18425	3281,7425,18119,24077,5682,18117,22241,22294,7248,11843
18426	1704,18373,18374,18375,18376,18377,18378,18379,18380,18381
18427	14577,14579
18428	14587,18429,18430,18431
18429	14587,18428,18430,18431
18430	14587,18428,18429,18431
18431	14577,14581,14585,14587,18428,18429,18430
18432	1433,9467,17059,18602,24156,1230,9912,13616,15761,18612
18433	13280,18348,18436,18441,20531,40701,3250,3736,3937,7882
18434	18454,11863,13632,18576,351,18443,18457,18458,18459,18464
18435	5265,12356,15762,17064,17371,18298,18437,18447,18458,18463
18436	23755,2554,5960,10500,10723,13544,23003,30324,4503,7010
18437	5933,351,9847,12667,15285,3400,30324,38737,5588,5971
18438	18459,13280,16956,18017,18298,18436,18454,18463,239,1347
18439	13632,8812,13280,18443,18445,18448,18576,18595,18840,18845
18440	557,2281,9854,18298,18442,18443,18449,18457,24166,28612
18441	8794,13654,18560,17059,22545,338,578,5682,7479,8812
18442	8790,18298,621,2786,3937,4841,5265,9394,9839,13280
18443	15757,2281,5933,7882,9839,13280,13632,18434,18439,18440
18444	1507,2103,4809,5262,5265,5289,5294,5373,7882,9487
18445	12584,15761,24228,343,5265,6171,7438,7698,12586,12594
18446	1455,6984,9461,23505,34886,1507,2276,4337,4498,9504
18447	7704,13280,42855,1433,2204,13656,18463,18809,24157,41786
18448	18612,5681,5933,7479,7509,7704,9467,13140,13156,13618
18449	7882,24147,42897,13632,12634,13280,17343,17489,18450,18614
18450	13632,17059,30275,42897,13656,15757,20512,24150,29566,2161
18451	2677,9777,15285,18299,18634,33370,168,171,339,671
18452	35726,11863,13632,14391,18298,18445,18454,18458,18459,18463
18453	7882,11863,13632,17059,18442,18445,47837,472,637,1507
18454	47852,12344,18434,18445,42908,47837,13430,14391,16643,18458
18455	18460,18461,30275,40725,1507,2846,3903,3926,3931,4035
18456	18213,41794,52,9467,13280,18436,18445,18463,41801,42007
18457	18880,11863,13632,18872,9467,10502,18434,18437,18440,18454
18458	11863,18848,24155,40723,7882,24150,13280,15715,18454,18460
18459	7704,5933,7509,13636,13653,10468,11863,13280,18298,18436
18460	18455,40725,13632,18458,24147,40724,7509,7882,9770,13280
18461	13280,13641,18449,18455,18460,40725,338,1507,3347,4884
18462	13176,1230,1433,2161,2204,2286,2786,4841,5670,7704
18463	11863,13280,13510,21255,24446,13632,14982,24426,24444,4234
18464	13632,18434,1431,1507,5996,7358,7661,7882,13280,13641
18465	1507,7882,13280,13632,13641,18298,18348,18433,18434,18435
18466	
18467	18492,18475
18468	18469,18473,18485,18474,18493,18491,18494,18496,18495,18492
18469	18468,18474,18492,18475
18470	18484,18488,18485,18486,18493,18491,18494,18496,18495,18492
18471	18474,18475
18472	18492,18475
18473	18468,18493,18491,18494,18496,18495,18492,18475
18474	18469,18471,18476,18468,18485,18493,18491,18494,18496,18495
18475	18467,18468,18469,18470,18471,18472,18473,18474,18476,18477
18476	18474,18475
18477	18491,18494,18496,18495,18492,18475
18478	18475
18479	18493,18491,18494,18496,18495,18492,18475
18480	18486,18487,18490,18475
18481	18492,18475
18482	18495,18492,18475
18483	18493,18491,18494,18496,18495,18492,18475
18484	18470,18475
18485	18468,18470,18474,18475
18486	18480,18489,18487,18490,18470,18492,18475
18487	18480,18489,18486,18490,18491,18494,18496,18495,18492,18475
18488	18470,18490,18493,18491,18494,18496,18495,18492,18475
18489	18486,18487,18490,18492,18475
18490	18480,18487,18489,18486,18488,18491,18494,18496,18495,18492
18491	18477,18473,18479,18483,18488,18468,18487,18490,18470,18474
18492	18467,18469,18472,18481,18489,18482,18486,18477,18473,18479
18493	18473,18479,18483,18488,18468,18470,18474,18475
18494	18477,18473,18479,18483,18488,18468,18487,18490,18470,18474
18495	18482,18477,18473,18479,18483,18488,18468,18487,18490,18470
18496	18477,18473,18479,18483,18488,18468,18487,18490,18470,18474
18497	1421,40757,1387,1772,4522,7930,8692,9983,12797,14052
18498	3023,7041,7057,22239,218,254,910,964,1125,1347
18499	12729,7018,11139,11107,11120,18005,18024,1382,13138,18004
18500	1387,1388,1421,3250,4522,6143,9779,9983,14996,17193
18501	23866,4527,6641,6648,6653,14454,1387,6535,6611,6654
18502	6623,17218,23993,1426,4527,10628,10701,11808,18024,24364
18503	1387,1388,1421,3250,4522,6143,9983,17193,17649,17970
18504	5250,6653,17649,18309,1077,1421,1432,2650,2902,4493
18505	1387,1388,1421,3250,3407,4522,6143,9983,17193,17649
18506	1387,5263,5266,9157,9618,11146,17127,32343,32783,33721
18507	8816,10014,10055,10144,16714,23279,36672,36735,36847,37188
18508	957,1387,1388,1421,1676,1813,2060,2068,2258,2657
18509	29707,40863,40870,17193,18013,19116,40830,40875,41294,1387
18510	1387,1388,1421,3250,4522,6143,9983,17193,17649,17970
18511	4046,22158,24127,34825,4196,10987,3920,3958,3971,4101
18512	18515,18518,18521,3878,4101,4254,14285,18511,18513,18517
18513	34855,34838,34849,34856,34862,3878,4102,18511,18518,18529
18514	18516,18520,18522,18526,3878,4101,4254,18511,18513,18515
18515	18512,18518,18520,18526,3878,4101,4254,18511,18513,18514
18516	18520,18526,18514,18524,18529,2862,3878,4101,4254,14983
18517	3023,4254,9553,16632,18518,18521,18523,18531,20869,24259
18518	18512,18515,3878,4102,4316,18511,18513,18517,18520,18521
18519	79,21205,25993,45111,82,219,351,535,1904,2238
18520	18516,18526,18514,18515,18518,2869,3845,3878,4101,4254
18521	14285,18512,18517,18518,18522,18523,18531,235,347,351
18522	18514,18521,18524,18529,2862,3878,4101,4254,14285,14983
18523	4234,3702,7242,9970,22147,24264,3931,6545,7852,13510
18524	17162,18516,18522,18527,18529,101,162,168,2680,2862
18525	338,2798,3878,4101,4254,6671,6851,6854,6856,6871
18526	18516,18520,18529,18514,18515,18518,3878,4101,4104,4254
18527	18524,3878,4101,4254,17161,17207,18069,18511,18512,18513
18528	1982,1404,1421,1431,1530,1973,3878,4101,4254,4518
18529	22303,22241,22294,14983,22282,22283,22289,22291,22299,22315
18530	22303,22241,22305,4240,22315,4253,22274,22294,22295,4204
18531	18517,18518,18521,18523,439,937,1099,1100,1110,1129
18532	22241,22294,4254,22301,4102,4302,16689,18511,19077,22274
18533	146,325,342,995,1741,2216,2923,3134,3574,3867
18534	110,316,1694,1702,1954,1955,1960,1975,1984,2687
18535	10053,37649,44103,204,315,1860,1881,1943,1979,2370
18536	3231,35494,168,1670,1679,1688,1705,2637,8501,9010
18537	1657,1979,8297,11592,14030,14294,15355,15390,17204,17252
18538	1979,17204,18535,18536,18537
18539	19428,19427,22756,34484,11404,14246,15207,19431,34200,34205
18540	534,2259,3237,3879,6214,7476,9803,13846,13854,13863
18541	10063,37356,39271,9995,10013,10022,10029,10042,10044,10048
18542	37336,9999,10009,10014,10053,10086,13947,18543,18544,18545
18543	10018,10038,18912,36672,36908,37071,44057,8686,9995,9999
18544	10135,18546,2656,9999,10001,10009,10014,10016,10018,10023
18545	36862,37234,37247,37600,39237,39240,40748,41886,44048,44064
18546	16714,10009,10018,10038,18544,36676,36764,2656,7855,9995
18547	10029,10048,10067,18549,23275,37356,37580,37769,87,910
18548	10009,36761,36766,36972,36980,10002,10028,10058,10085,10094
18549	18547,9995,10013,10029,10042,10044,10048,10062,10063,10067
18550	10009,39271,18542,18543,18544,18545,18546,18547,39348,44057
18551	270,1854,2667,2687,6303,8009,8067,9206,12344,13430
18552	13430,1860,9506,27322,29875,168,270,366,660,1137
18553	31255,168,1685,1688,1694,1705,1736,1854,1863,1864
18554	18552,18553
18555	23667,575,5682,13280,14013,17519,18357,19633,20506,20522
18556	9927,20567,6,457,522,542,615,1918,2827,3831
18557	338,1230,2786,18560,18803,578,2204,5670,8783,9927
18558	30324,15285,18560,18581,18587,24820,41765,1417,8774,8790
18559	13280,18562,383,1263,1301,1416,2161,2286,3347,3873
18560	575,13654,18441,43064,338,8790,98,2786,5933,8794
18561	3937,20567,546,7651,10477,10502,13995,18560,18829,21171
18562	18559,383,438,2161,2286,3001,3333,3702,3931,4080
18563	17127,18556,18557,18558,18559,18560,18561,18562,18564,18565
18564	26659,26669,26665,26671,26680,26689,26696,26677,26679,26681
18565	7837,9725,12122,12136,12138,12155,17127,18278,18556,18557
18566	41264,5588,9874,18613,20514,25054,25742,29760,29785,40425
18567	11865,47837,7882,9839,15715,18557,18862,20512,22599,24144
18568	13280,15283,19578,1357,3731,13623,14969,15761,17486,18588
18569	12667,13632,13653,18561,41803,43064,87,455,1433,1513
18570	5681,7882,8935,10544,11863,12222,13233,13520,13637,14379
18571	17127,18556,18557,18558,18559,18560,18561,18562,18563,18564
18572	30209,54,112,1417,1458,1489,2752,3376,3377,4990
18573	2915,8859,2413,6978,32231,34340,35257,503,1404,2689
18574	13979,14134,14205,14216,23672,24761,13854,13889,14039,14040
18575	8677,23360,11404,34641,626,19431,34179,6804,11425,19428
18576	9436,13632,42010,42967,9467,9839,11863,13280,20506,5933
18577	5996,18584,18597,18608,9467,9839,9912,13123,13616,13618
18578	1230,34332,9820,19063,29745,33121,34174,34179,6783,11377
18579	4673,5223,5996,6646,6783,7704,9439,9440,9441,9442
18580	9443,9504,18618,1870,2294,2563,2576,4260,4673,4982
18581	9784,12618,12637,6,9832,9841,18294,18614,18634,5996
18582	13280,16369,18610,18613,23434,41748,42855,42897,87,116
18583	12577,1,100,146,1435,2242,2246,6169,6783,9805
18584	9839,5996,9912,13618,17059,18577,18597,18608,18614,18806
18585	21111,9815,18589,21119,21121,21126,21129,22668,26566,39737
18586	9451,14920,40437,40470,3937,5265,8154,9453,9463,9847
18587	8685,17910,5933,10276,3937,5839,7704,7723,7758,8783
18588	3937,14969,5033,5933,7569,8790,9825,18597,21210,26427
18589	40778,40784,4389,5996,9451,12645,18585,18586,18634,22773
18590	909,4673,9927,13280,18625,18640,20480,35704,35740,35822
18591	27888,90,22707,2188,25726,27388,0,1841,13117,14997
18592	18613,18631,4673,5223,5681,5996,6646,6783,7704,7882
18593	18602,18612,154,909,1436,2400,4673,5223,5996,6031
18594	9451,25326,146,362,375,437,522,549,551,560
18595	35852,8797,13632,13638,18294,18614,20542,575,578,9467
18596	9820,14047,23586,34446,627,6804,9451,9777,9800,11410
18597	5996,13616,13618,15761,17351,18577,18584,18588,18608,18610
18598	5996,8783,13618,15757,18294,18342,18577,18581,18584,18597
18599	8233,9847,47809,557,15277,15757,18342,18441,20512,24140
18600	4299,4673,5223,5996,6646,6783,7704,8859,9439,9440
18601	9436,42967,1366,4673,5223,5243,5996,6646,6688,6783
18602	18612,7704,18432,1433,17489,18608,47822,579,2286,5996
18603	18587,5265,5928,5996,9467,18294,18318,18588,18599,18618
18604	9777,12107,12637,12670,13929,15283,18297,18581,18609,35738
18605	6783,87,2667,4673,5223,5996,6646,7704,9291,9439
18606	40344,7704,7712,8501,9839,14232,15122,15731,17069,18340
18607	4673,5223,5996,6646,6783,7704,9439,9440,9441,9442
18608	7704,5996,13691,9839,13618,18459,18577,18584,18597,18602
18609	18604,30423,9770,9838,18320,18583,18586,18614,18623,35738
18610	2281,13616,18597,18825,21255,45992,557,2161,7704,9770
18611	13654,18332,5933,6783,9770,9805,9847,9860,14271,14318
18612	42897,18844,7704,9940,13616,18602,7509,13430,13632,17059
18613	17059,14318,3010,8790,40412,41765,578,5933,8800,9874
18614	18294,9770,42897,7509,15761,18612,21260,24147,41775,578
18615	1860,2662,16716,18150,18621,23957,23966,168,1230,1692
18616	9467,18463,9461,9504,24135,26883,43161,43347,1455,2286
18617	18604,4673,5223,5996,6646,6783,7704,9439,9440,9441
18618	37580,36870,36927,37158,37380,37701,39242,41244,44148,7704
18619	18581,18634,35591,19555,19881,19915,35787,273,1428,1913
18620	9451,18342,18581,18586,18596,18613,18631,615,2554,3935
18621	1679,1736,2698,29558,35494,1666,1670,1688,1692,1705
18622	9463,18595,18638,579,4673,4981,5223,5928,5996,6646
18623	9770,8815,9504,9820,17039,18581,18604,18609,18614,23761
18624	7704,41697,11863,41784,42900,557,1433,2204,2281,5040
18625	9847,18294,18590,18613,20080,20472,20553,21265,35822,0
18626	2286,8935,7704,13616,17489,18809,42897,7509,7882,9467
18627	9841,18626,8935,13280,18311,18342,18463,18832,20449,20467
18628	40320,5996,9847,18342,18577,18584,18597,18598,18599,18602
18629	4389,18294,18581,18598,1378,2601,2659,3237,4161,4313
18630	6015,7704,7882,13616,18602,18612,18626,18643,42897,39
18631	9451,18342,18581,18586,18592,18596,18613,18620,41268,43023
18632	4673,5223,5996,6646,6783,7704,9439,9440,9441,9442
18633	4673,5223,5996,6646,6783,7704,9439,9440,9441,9442
18634	19881,9770,9798,9820,9841,9847,12620,19555,30209,35591
18635	4673,5223,5996,6646,6783,7704,9439,9440,9441,9442
18636	5996,30245,47822,4673,5223,6646,6783,7704,9439,9440
18637	1967,1976,4337,4673,5223,5996,6646,6783,7704,8806
18638	9463,17059,18595,18622,579,4673,4981,5223,5300,5928
18639	9504,116,1230,2565,4673,5223,5682,5933,5996,6646
18640	7989,3283,6117,29807,575,579,7704,8233,9463,14271
18641	4673,5223,5996,6646,6783,7704,9439,9440,9441,9442
18642	37380,910,1357,9439,9441,9445,9446,9447,9452,23285
18643	42897,18612,11851,13616,13629,18626,18630,18634,18845,24162
18644	9467,17490,18602,18840,26055,40703,40710,42890,42897,42900
18645	1,936,1110,1155,3734,8635,8816,10027,10671,10759
18646	20518,17059,24187,47833,11865,13640,16369,17466,18848,18858
18647	18654,19485,116,2791,5955,12107,17349,17898,18445,19565
18648	19580,5265,5933,7698,9453,9776,13280,13632,18443,18840
18649	
18650	26929,557,5188,5960,6161,7258,9467,9799,9872,9905
18651	42897,2864,3010,4272,4738,5924,5948,5964,6161,6852
18652	8816,8685,25187,6469,9453,18587,1366,1392,2542,4332
18653	26114,31223,1956,15236,31253,1976,2667,2687,15239,23075
18654	9504,20525,41767,8783,17489,20522,20615,22749,35852,116
18655	18762,18763,18758,18761,18760,18764,18765,18766,18767,18768
18656	4213,28675,28640,28657,28659,28665,28691,28692,4464,28645
18657	18762,18763,18761,18758,18760,18764,18765,18766,18767,18768
18658	18726,18767,18768,18772,18770,18769,18775,18776,18750,18744
18659	18664,18667,18672,18674,18675,18677,18678,18680,18682,18687
18660	18717,18667,18749,18672,18673,18675,18677,18678,18662,18680
18661	18660,18663,18664,18666,18667,18668,18669,18670,18672,18674
18662	18731,18660,18708,18754,18669,18724,18727,18718,18739,18740
18663	18750,18667,18672,18677,18678,18756,18757,18720,18675,18744
18664	18667,18672,18674,18675,18677,18678,18680,18682,18694,18716
18665	18758,18760,18761,18747,18764,18765,18752,18767,18766,18768
18666	18734,18669,18703,18724,18738,18739,18740,18718,18727,18700
18667	18672,18677,18678,18675,18680,18682,18694,18716,18660,18717
18668	18734,18669,18703,18724,18738,18739,18740,18718,18727,18700
18669	18666,18668,18747,18717,18737,18749,18751,18662,18746,18750
18670	18734,18703,18724,18738,18739,18740,18718,18727,18700,18713
18671	18667,18672,18677,18678,18675,18680,18682,18694,18716,18664
18672	18677,18678,18667,18675,18680,18682,18694,18716,18660,18717
18673	18731,18660,18708,18754,18724,18727,18739,18740,18718,18736
18674	18664,18667,18672,18675,18677,18678,18680,18682,18694,18716
18675	18667,18672,18677,18678,18680,18682,18694,18716,18660,18664
18676	18762,18763,18758,18761,18760,18764,18765,18766,18767,18768
18677	18672,18667,18678,18675,18680,18682,18694,18716,18660,18717
18678	18672,18677,18667,18675,18680,18682,18694,18716,18660,18717
18679	18734,18703,18724,18738,18739,18740,18718,18727,18700,18713
18680	18667,18672,18675,18677,18678,18682,18694,18716,18660,18664
18681	18763,18764,18765,18766,18767,18768,18772,18770,18769,18775
18682	18667,18672,18675,18677,18678,18680,18694,18716,18660,18664
18683	18764,18765,18766,18767,18768,18772,18770,18714,18769,18775
18684	18720,18732,18741,18751,18714,18744,18746,18750,18756,18733
18685	18667,18672,18677,18678,18675,18680,18682,18694,18716,18664
18686	18664,18667,18672,18674,18675,18677,18678,18680,18682,18694
18687	18704,18716,18722,18729,18701,18717,18731,18748,18698,18699
18688	18764,18765,18766,18767,18768,18772,18770,18714,18769,18775
18689	18762,18763,18760,18761,18764,18765,18767,18766,18768,18772
18690	18767,18766,18768,18772,18770,18769,18775,18776,18750,18744
18691	18763,18758,18761,18760,18747,18764,18765,18752,18767,18766
18692	18767,18768,18772,18770,18714,18769,18775,18776,18750,18744
18693	18762,18763,18761,18760,18764,18765,18766,18767,18673,18768
18694	18667,18672,18675,18677,18678,18680,18682,18716,18660,18664
18695	18768,18772,18770,18714,18769,18775,18776,18750,18744,18746
18696	18667,18672,18677,18678,18675,18680,18682,18694,18716,18664
18697	18734,18703,18724,18738,18739,18740,18718,18727,18700,18713
18698	18667,18672,18677,18678,18675,18680,18682,18694,18716,18702
18699	18667,18672,18677,18678,18675,18680,18682,18694,18716,18702
18700	18731,18720,18730,18732,18697,18670,18679,18734,18666,18668
18701	18717,18667,18677,18718,18726,18675,18680,18682,18715,18694
18702	18716,18717,18698,18699,18701,18705,18720,18731,18733,18732
18703	18697,18670,18679,18666,18668,18765,18767,18673,18766,18768
18704	18664,18667,18672,18674,18675,18677,18678,18680,18682,18687
18705	18667,18672,18677,18678,18675,18680,18682,18694,18713,18716
18706	18762,18763,18758,18761,18760,18764,18727,18765,18766,18767
18707	18763,18764,18765,18766,18767,18768,18772,18770,18769,18775
18708	18720,18732,18737,18741,18749,18673,18734,18751,18662,18746
18709	18734,18724,18738,18739,18740,18718,18727,18713,18715,18702
18710	18764,18765,18766,18767,18768,18772,18770,18714,18769,18775
18711	18768,18772,18770,18714,18769,18775,18776,18750,18744,18746
18712	18762,18763,18758,18761,18760,18764,18765,18766,18767,18768
18713	18731,18705,18717,18720,18709,18730,18732,18697,18734,18670
18714	18722,18729,18692,18695,18711,18665,18723,18683,18688,18710
18715	18716,18717,18701,18720,18731,18732,18709,18730,18734,18697
18716	18667,18672,18675,18677,18678,18680,18682,18694,18660,18664
18717	18660,18701,18667,18672,18677,18678,18669,18675,18680,18682
18718	18701,18709,18697,18670,18679,18666,18668,18741,18747,18737
18719	18732,18737,18772,18770,18750,18775,18744,18746,18756,18776
18720	18667,18672,18684,18708,18723,18677,18678,18675,18680,18682
18721	18762,18763,18758,18761,18760,18764,18765,18766,18767,18768
18722	18758,18761,18767,18766,18768,18769,18772,18714,18770,18687
18723	18720,18732,18714,18750,18744,18746,18756,18757,18775,18776
18724	18709,18697,18670,18679,18666,18668,18747,18749,18673,18751
18725	18664,18667,18672,18674,18675,18677,18678,18680,18682,18687
18726	18658,18762,18763,18761,18760,18764,18701,18765,18737,18767
18727	18754,18753,18752,18706,18758,18709,18697,18670,18679,18666
18728	18764,18765,18766,18767,18768,18772,18770,18714,18769,18775
18729	18758,18761,18767,18766,18768,18769,18772,18714,18770,18687
18730	18734,18738,18739,18740,18700,18713,18715,18702,18687,18752
18731	18734,18673,18662,18738,18739,18740,18700,18713,18715,18702
18732	18667,18672,18684,18708,18723,18677,18678,18719,18675,18680
18733	18664,18667,18672,18674,18675,18677,18678,18680,18682,18694
18734	18666,18668,18670,18679,18730,18731,18697,18709,18739,18740
18735	18763,18764,18765,18737,18734,18766,18767,18673,18768,18772
18736	18734,18766,18749,18673,18767,18662,18768,18772,18770,18769
18737	18754,18660,18719,18669,18708,18735,18726,18738,18739,18740
18738	18731,18709,18730,18697,18670,18679,18734,18666,18668,18747
18739	18740,18731,18709,18730,18697,18734,18670,18679,18666,18668
18740	18739,18731,18709,18730,18697,18734,18670,18679,18666,18668
18741	18684,18708,18754,18672,18677,18678,18718,18742,18743,18675
18742	18765,18741,18766,18767,18768,18772,18770,18714,18769,18775
18743	18765,18741,18766,18767,18768,18772,18770,18714,18769,18775
18744	18667,18672,18677,18678,18675,18680,18682,18694,18716,18746
18745	18762,18763,18758,18761,18760,18764,18765,18766,18767,18768
18746	18667,18672,18675,18677,18678,18680,18682,18694,18716,18744
18747	18665,18669,18691,18724,18738,18739,18740,18718,18727,18700
18748	18758,18764,18765,18767,18766,18768,18772,18769,18770,18687
18749	18660,18708,18754,18724,18667,18669,18718,18727,18736,18739
18750	18667,18672,18677,18678,18675,18680,18682,18720,18732,18746
18751	18672,18677,18678,18684,18754,18708,18675,18727,18669,18680
18752	18727,18753,18665,18691,18754,18762,18758,18766,18763,18761
18753	18727,18764,18765,18752,18766,18767,18768,18772,18770,18769
18754	18758,18727,18737,18741,18749,18734,18751,18752,18673,18662
18755	18663,18667,18672,18675,18677,18750,18678,18680,18682,18746
18756	18663,18667,18672,18750,18677,18678,18675,18680,18682,18744
18757	18663,18667,18672,18750,18677,18678,18675,18680,18682,18744
18758	18754,18665,18691,18706,18722,18729,18748,18657,18676,18712
18759	18663,18766,18667,18672,18750,18677,18678,18675,18680,18682
18760	18689,18665,18657,18691,18745,18676,18693,18706,18712,18721
18761	18762,18763,18764,18657,18689,18691,18706,18665,18676,18693
18762	18761,18657,18689,18764,18655,18676,18693,18706,18712,18721
18763	18761,18691,18657,18676,18689,18693,18706,18712,18721,18726
18764	18762,18761,18657,18689,18665,18676,18691,18693,18706,18712
18765	18665,18691,18753,18657,18681,18683,18688,18689,18703,18707
18766	18761,18665,18683,18688,18710,18728,18736,18742,18743,18657
18767	18761,18665,18691,18722,18729,18657,18658,18683,18688,18689
18768	18665,18658,18683,18688,18691,18692,18695,18710,18711,18722
18769	18761,18758,18722,18729,18748,18776,18775,18671,18658,18665
18770	18772,18775,18776,18665,18658,18683,18688,18691,18692,18695
18771	18663,18698,18699,18701,18717,18720,18732,18750,18756,18757
18772	18770,18775,18658,18665,18691,18753,18657,18681,18683,18688
18773	18663,18701,18717,18720,18732,18750,18756,18757,18759,18764
18774	18768,18767,18770,18766,18663,18750,18667,18672,18658,18677
18775	18772,18770,18763,18761,18760,18762,18769,18657,18665,18689
18776	18758,18763,18770,18760,18769,18762,18657,18665,18676,18691
18777	18772,18768,18767,18770,18766,18663,18709,18750,18758,18667
18778	18697,18709,18730,18731,18758,18763,18762,18727,18700,18713
18779	18663,18672,18677,18750,18756,18757,18759,18767,18768,18777
18780	18775,18763,18760,18761,18762,18758,18657,18665,18691,18703
18781	18776,18770,18763,18775,18784,18762,18758,18761,18769,18760
18782	18772,18768,18767,18770,18766,18747,18764,18660,18666,18668
18783	18663,18672,18750,18756,18757,18759,18767,18768,18777,18677
18784	18776,18763,18760,18775,18761,18762,18781,18758,18726,18657
18785	18764,18760,18776,18761,18775,18763,18762,18758,18781,18722
18786	18663,18672,18677,18750,18756,18757,18759,18767,18768,18777
18787	18663,18672,18677,18750,18756,18757,18759,18767,18768,18770
18788	18764,18776,18761,18763,18760,18775,18762,18792,18796,18781
18789	18772,18768,18767,18770,18765,18766,18780,18701,18737,18747
18790	18764,18765,18776,18763,18760,18775,18761,18762,18781,18758
18791	18772,18768,18767,18770,18734,18749,18765,18766,18666,18668
18792	18788,18764,18765,18796,18776,18785,18763,18793,18760,18775
18793	18798,18765,18764,18796,18799,18760,18761,18763,18776,18792
18794	18765,18792,18764,18760,18776,18734,18761,18763,18775,18662
18795	18765,18792,18764,18760,18734,18761,18776,18775,18662,18673
18796	18764,18788,18793,18765,18792,18797,18763,18761,18776,18799
18797	18796,18765,18792,18764,18760,18761,18776,18734,18763,18775
18798	18793,18765,18799,18764,18760,18734,18761,18662,18673,18763
18799	18793,18798,18796,18765,18792,18764,18760,18734,18761,18776
18800	7425,7882,13632,24150,24155,47813,145,337,397,584
18801	452,1366,1545,1590,1638,3458,4034,4734,5091,5250
18802	658,695,732,5231,7409,13112,13374,13933,14472,18611
18803	6928,9553,10701,31092,6920,25491,27913,35193,39394,45420
18804	2204,2786,22545,26454,41697,338,350,578,713,1230
18805	672,692,1445,1950,2802,4169,5410,7272,7427,10519
18806	41784,4738,5933,9874,13618,18584,18614,20472,20525,23366
18807	265,368,656,680,687,692,696,725,726,731
18808	19973,24188,24223,24226,36592,43016,336,368,5809,7434
18809	2286,20518,47813,1433,9467,9839,17490,18432,18612,18626
18810	11863,24134,24135,6161,17059,18458,18813,18848,18862,22517
18811	534,2286,13632,14554,18812,18814,35697,41688,394,522
18812	576,3250,12584,18811,18814,21258,24115,32,90,92
18813	6654,14454,1432,4527,5250,5407,6648,14857,17238,39473
18814	90,2869,3250,6166,6935,18591,18811,18812,19130,23906
18815	13670,549,2845,2853,2854,2873,2887,2915,5040,5986
18816	7425,2864,6143,7590,8783,13430,17059,18021,18595,20506
18817	3250,5682,6151,6168,7444,7473,8122,8790,18100,18294
18818	5682,18294,18825,41767,6477,8766,10544,12343,14691,18342
18819	575,9467,9872,18294,23685,33021,578,2324,2674,2864
18820	797,4220,16796,23297,24188,24209,24222,117,339,363
18821	15761,41697,1433,2204,4782,5986,6121,6465,7473,7492
18822	6958,8790,18100,131,168,223,811,1201,1357,1389
18823	161,29841,13926,18050,27829,29868,44796,2036,3945,3968
18824	49652,5249,6979,11772,17152,24317,24322,30701,32387,32396
18825	13280,15757,7509,9467,15761,17489,20512,42897,47852,1433
18826	9467,13280,17489,18576,25054,41697,2286,4981,8790,8935
18827	3250,5682,6151,6168,7444,7473,8790,18100,18294,18433
18828	8790,18835,578,3250,4254,6168,7473,9841,18213,18298
18829	13280,18576,40725,5265,5933,11863,13708,17490,18100,18445
18830	3250,5682,6151,6168,7444,7473,8790,9892,14324,18100
18831	1428,3250,3460,3466,5682,6151,6167,6168,6944,7262
18832	2286,13620,18294,18463,18626,3250,11851,11863,13280,14391
18833	573,2786,5681,6151,6168,8790,8797,18117,18828,18835
18834	2547,3250,3400,5682,6151,6168,7444,7473,8790,9170
18835	22303,8531,13430,22241,22312,24178,29827,3736,5681,6117
18836	4509,18013,31011,39167,40185,41391,42339
18837	18838,18839
18838	14454,24364,918,1421,1445,4527,5250,6472,6623,6653
18839	18837,18838
18840	18612,42897,19580,19904,24147,1433,5933,6191,7704,9467
18841	35003,11721,13928,26954,38627,7796,25136,32574,34995,35000
18842	2281,5234,16267,468,503,523,1242,1823,2294,2501
18843	8859,18573,39014,0,36,285,456,964,1083,1393
18844	18612,18862,20518,42897,5933,8790,9467,14391,17842,18614
18845	24148,1433,5265,13656,15761,17351,22749,40298,5809,6191
18846	7509,11863,30939,18576,18614,20531,28381,9467,9839,13510
18847	11863,1347,1428,1438,1445,8806,13280,13510,13636,13692
18848	11863,18458,24155,42908,47804,47822,7882,13520,17463,17466
18849	11863,17489,6161,42855,43016,7282,13620,13638,18452,18458
18850	8806,11863,15715,18458,18614,18809,18841,18842,18843,18844
18851	5265,9872,13632,15715,18439,18845,22528,47831,52,616
18852	15715,18853,161,621,686,2281,4139,4194,4233,4525
18853	15715,18852,161,621,686,2281,4139,4194,4233,4525
18854	18614,621,909,4647,6196,8806,9113,9126,11863,15715
18855	8799,8800,8859,8935,9788,9841,17563,18095,18626,18841
18856	8806,11863,15715,18458,18614,18809,18841,18842,18843,18844
18857	11190,576,1245,2864,3237,5498,5960,6204,7012,7467
18858	42855,11863,13654,15660,18646,18844,18848,18862,30881,47822
18859	18862,4841,5937,7882,7913,12227,12555,13520,13632,13648
18860	47844,13520,18867,24150,47823,47840,3238,9810,9885,18454
18861	16878,18576,35738,43447,44892,19,5588,9770,9839,12107
18862	11863,18844,24150,6191,7698,18454,18576,18810,18858,30269
18863	161,1031,2646,2714,2722,3734,8674,8702,8757,9735
18864	13632,13653,15761,29817,2281,5928,5933,5984,5993,6108
18865	5670,2786,2802,4104,5056,11863,13520,13636,17490,18304
18866	18867,7783,13520,14372,18576,18616,18654,18845,18857,18858
18867	13520,18848,18860,3238,7882,11863,17490,18858,18862,18866
18868	5265,8154,8233,12227,17372,18099,18844,18862,20604,42829
18869	18871,30351,30369,30370,30379,30386,30394,30399,30419,30422
18870	20743,30486,16622,30473
18871	18869,3857,4875,5234,5320,7357,13427,13430,16357,16620
18872	15757,18457,42026,47831,9885,17343,20472,20542,24175,31024
18873	18880,18879,13676,18876,18878,30263,41802,47831,102,595
18874	6670,9874,17664,18873,18875,18876,18877,18878,18879,18880
18875	6015,8790,9456,9874,17343,18294,18324,18555,18558,18562
18876	9874,18881,18873,18878,18882,18883,18887,3937,4716,4733
18877	18613,18887,1673,2864,3010,7522,7699,8233,8790,8797
18878	18886,9874,9463,18873,18876,18879,18882,18883,18887,35752
18879	18880,18873,18886,18878,2917,4765,4981,9451,9781,9799
18880	18873,9885,18457,18879,47831,7882,18614,42007,8800,11863
18881	9874,18876,18883,15757,17343,18882,18887,20542,35822,42007
18882	9874,18887,5996,7509,17343,18432,18602,18806,18876,18878
18883	9874,18881,18887,15757,18613,18876,18878,18882,18886,20472
18884	9874,18873,18874,18875,18876,18877,18878,18879,18880,18881
18885	9874,18873,18874,18875,18876,18877,18878,18879,18880,18881
18886	18878,9463,41802,3010,15757,17059,17343,18879,18887,24175
18887	42897,9874,15757,47840,17489,18449,18809,18882,18883,18886
18888	47831,578,6161,9885,13520,13620,15715,18441,18445,18454
18889	36689,10009,17288,18912,23274,24338,32092,36850,36966,36993
18890	4347,10128,11083,17309,17331,36745,37195,37735,41407,43114
18891	
18892	18893,18894,18896,18897,18898,18899,18900,18901,18903,18906
18893	18907,18901,18892
18894	18901,18892
18895	
18896	18901,18892
18897	18901,18892
18898	18892
18899	18892
18900	18892
18901	18893,18894,18896,18897,18906,18908,18907,18909,18892
18902	
18903	18907,18892
18904	18909
18905	18909
18906	18901,18892
18907	18893,18903,18901,18892
18908	18901,18892
18909	18904,18905,18901,18892
18910	18163,37591,45022,10102,36742,36806,36817,36840,41851,43018
18911	439,2413,1220,10240,19150,1100,1617,1689,2659,2678
18912	19365,39237,10022,37448,10066,35179,44078,39240,44055,10135
18913	25215,87,1100,1135,9995,12649,13298,16621,18912,21429
18914	18916,1085,1100,1129,10103,10976,10991,11562,22281,25175
18915	5234,30320,30321,30397,30406,27380,30307,30312,30395,30396
18916	10114,25224,36706,22265,36947,37168,37215,44178,30220,36735
18917	27736,8268,8295,8298,8337,10240,18916,25186,25224,27552
18918	10103,37135,37168,36947,37035,10114,36817,36836,36869,36936
18919	1230,18916,18924,19,135,168,442,2784,2902,3298
18920	37432,10089,36806,36811,36919,36958,37430,37502,44049,10021
18921	10131,36672,36676,10058,10062,10103,10135,24343,35179,36673
18922	1230,10062,10103,18911,18912,18913,18914,18915,18916,18917
18923	18916,788,1084,1230,2403,4484,4521,4875,10062,10103
18924	27549,1230,3734,19443,25224,3573,15175,16894,18276,18916
18925	1084,27536,1,12,910,1031,1230,1823,2642,3205
18926	1230,10062,10103,18911,18912,18913,18914,18915,18916,18917
18927	18963,30492,30493,30494,40748,41367
18928	34644,36821,10038,10045,10055,10058,10060,10066,13804,14097
18929	79,1825,13808,15545,18963,19255,33014,40748,41367,41587
18930	12647,12344,7541,16470,24465,26849,31202,253,1180,1193
18931	18942,18946,18950,18935,18945,1135,1704,1960,3893,6201
18932	16643,16650,46319,3702,15843,24422,24426,24432,4234,4247
18933	18935,18937,18945,18946,18950,29,490,957,1111,1513
18934	18937,18942,18947,2915,3407,6201,7183,7541,7551,7620
18935	1595,1647,3893,6304,6985,8147,18931,18933,18937,18945
18936	9586,186,1913,1966,2869,4389,4909,4995,6015,6018
18937	18934,7541,12344,16470,18933,18935,18947,29,490,957
18938	6201,16620,18931,18932,18933,18934,18935,18936,18937,18939
18939	18946,18950,18945,6201,7216,12038,12647,18932,18933,18935
18940	299,602,1405,5250,6201,6662,6683,7681,8168,8190
18941	6201,18931,18932,18933,18934,18935,18936,18937,18938,18939
18942	18931,18934,18945,18947,18950,6201,12647,18932,18933,18935
18943	6201,18931,18932,18933,18934,18935,18936,18937,18938,18939
18944	18949,6201,12647,18931,18932,18933,18934,18936,18937,18938
18945	18950,4234,4670,4858,9463,13016,14825,15984,16532,17594
18946	18939,18931,18950,18933,18945,6201,7216,12038,12647,15481
18947	18934,18937,18942,18952,3787,5269,6201,6964,12647,18119
18948	7246,253,447,1180,1193,1685,1688,2640,2644,2645
18949	12647,18944,850,1148,1754,1927,3733,3893,5782,6201
18950	18945,18931,18939,18946,4234,4670,4858,5839,6674,7649
18951	1342,1626,6201,7246,9901,10001,10085,16631,17332,18189
18952	18947,6201,18931,18932,18933,18934,18935,18936,18937,18938
18953	14538,14542,17477,21928,24563,25815,28033,43327
18954	2990,10302,14494,14497,21805,21816,21822,30866,258,364
18955	18954,18956
18956	14538,14542,17477,18955,21928,24563,25815,28033,43327
18957	
18958	
18959	
18960	33917
18961	14890,21838,27926,33243,33898,33913,33922,33934,33936,33938
18962	8816,10055,10144,23266,36698,36710,36742,36821,37001,37041
18963	37356,10028,39236,36669,10114,40748,44079,36687,36665,44063
18964	10029,10127,6679,18963,39240,10002,44070,44102,39236,39243
18965	1001,1139,1156,2812,2864,3500,3895,4160,7590,8532
18966	10008,10014,10047,10050,10059,10086,10093,10098,13804,18912
18967	18964,37572,910,4981,8686,10007,10029,10033,10041,10048
18968	544,2324,15353,15379,29504,39759,43590,95,169,184
18969	18963,18964,18965,18966,18967,18968,18970
18970	1250,4522,7046,7254,7511,8302,8359,8379,9820,12650
18971	9,909,2273,3237,7192,7261,7470,7883,9170,9386
18972	4208,5456,7248,9397,11427,13082,16104,16333,19117,23248
18973	3281,13430,576,1250,5507,6935,7457,7458,7473,17343
18974	2876,5682,7860,10596,17620,18880,18972,18973,22319,22617
18977	2646,2648,4185,15186,23512,25153,29753,31232,41482,48568
18978	18998,19,1602,17038,18979,18980,18981,18982,18984,18985
18979	12052,26509,26523,19,965,1602,1893,2199,2255,9377
18980	1366,1602,2059,8687,9453,14911,18983,19000,19004,29817
18981	19,1602,17038,18978,18979,18980,18982,18983,18984,18985
18982	19,1602,12064,17038,18978,18979,18980,18981,18983,18984
18983	18980,18990,19000,19004,19,1351,1602,5473,7476,10216
18984	38746,19,87,161,340,637,1064,1067,1068,1070
18985	19,1602,6493,6534,6565,6605,6678,11779,17038,17584
18986	18987,18992,19,1602,17038,17387,18978,18979,18980,18981
18987	18986,19003,19,1602,17038,17628,18978,18979,18980,18981
18988	19,1602,1822,2411,4999,5002,5188,5944,7008,9605
18989	35435,35449,3736,6108,9824,16862,16871,29842,34009,35455
18990	18983,19000,19004,19,1351,1602,3450,5473,6214,7476
18991	48538,19,12633,25184,132,1918,2637,2659,2678,7812
18992	18986,19003,19,325,1602,17038,17629,18978,18979,18980
18993	19,222,232,1602,2802,5951,10760,12042,12044,14757
18994	43501,16895,28050,1,134,550,882,7521,8685,8721
18995	19,185,1602,1829,2200,2288,3409,3450,4404,8277
18996	19001,19,1602,17038,17393,17628,18978,18979,18980,18981
18997	19,1602,17038,18978,18979,18980,18981,18982,18983,18984
18998	23509,23507,27555,35621,49546,19,13800,13960,14132,22921
18999	19,1602,6580,17038,18978,18979,18980,18981,18982,18983
19000	19004,18980,18983,18990,19,36,934,1031,1110,1114
19001	18996,19003,19,1602,17038,17393,18978,18979,18980,18981
19002	19,347,528,987,1602,1829,2513,4389,5038,5040
19003	18987,18992,19001,19,1602,17038,17393,18978,18979,18980
19004	19000,18980,18983,18990,41482,19,1351,1602,1667,4990
19005	19,1602,17038,18978,18979,18980,18981,18982,18983,18984
19006	19,171,995,1351,1602,2041,3565,6937,7521,7850
19007	19,209,1140,1232,1534,1602,2484,2489,2490,3883
19008	18991,19,132,973,995,1602,3606,4839,5830,6085
19009	19204,19212,6935,12562,19105,19111,42697,45602,117,1797
19010	5561,19043,19044,21672,21897,22553,24820,25185,25188,29320
19011	19033,2162,2188,2200,6182,19043,19058,19086,19092,21077
19012	23690,35613,16871,25228,35207,35678,41680,7521,19920,21556
19013	8154,34169,956,995,1351,1465,2014,2519,2572,2929
19014	19020,19019,19021,19026,19028,19029,19037,19050,19051,19052
19015	14824,40830,8797,11139,17193,18825,20057,20504,23722,24364
19016	34641,543,629,9869,11410,12330,16027,19025,23616,32058
19017	49897,49968,150,347,1216,2014,2501,2519,2534,2572
19018	2014,2519,2572,6152,6182,6925,6929,6978,7921,8797
19019	18133,19014,19020,19029,19050,19051,19052,19068,19074,19075
19020	19014,19019,19021,19026,19028,19029,19037,19050,19051,19052
19021	1404,13166,14251,19014,19020,19026,19028,19037,19049,19063
19022	106,19041,19086,19091,19127,1797,8726,13166,13795,13877
19023	19030,19032,19049,19079,186,959,1966,2014,2519,2572
19024	3575,14056,34297,34332,34406,34543,34571,34589,11,110
19025	23512,29307,34164,34407,34566,45180,2438,3576,7516,9082
19026	19014,19020,19021,19028,19037,2014,2259,2272,2287,2409
19027	19174,19175,19043,19056,19073,102,2014,2519,2572,2882
19028	1181,6929,19014,19020,19021,19026,19037,19066,25170,29269
19029	19050,19051,19052,1817,2130,2256,19014,19019,19020,19022
19030	19212,19032,19049,19127,19143,19023,19033,19041,19058,19082
19031	19046,1347,1392,1431,2014,2137,2409,2519,2572,2914
19032	2681,2519,2687,19030,19049,22841,22842,22844,22869,29454
19033	20599,19107,146,2773,6187,19011,19032,24813,100,107
19034	6450,6497,6565,6483,6536,6466,6524,6671,6494,6519
19035	19022,19029,19037,19050,19052,19076,19079,19081,19086,19091
19036	21138,4981,24800,24838,43404,87,621,909,1113,1158
19037	19014,19020,19021,19022,19026,19028,19029,19035,19050,19052
19038	37018,10058,36727,36763,36813,36854,37181,37207,37720,10072
19039	19139,33016,33055,33100,33023,33049,33057,33061,33098,33105
19040	8797,33766,52,73,81,93,134,161,186,204
19041	2901,6402,6413,6415,19022,21914,26520,30866,35612,45161
19042	6978,32146,52,962,973,1051,1110,1465,1660,1731
19043	19010,19011,19025,19027,19064,19075,19204,2014,2142,2165
19044	18,19051,0,12,38,9745,12570,19010,19029,19068
19045	2014,2519,2572,6152,6182,6925,6929,6978,7921,8797
19046	11723,7039,4494,6955,14823,16486,23730,6496,6574,7019
19047	19080,44358,44389,44418,1011,2014,2519,2572,2662,3876
19048	2014,2519,2572,6152,6182,6925,6929,6978,7921,8797
19049	1689,27653,37981,10035,10089,15383,19032,37076,44065,44074
19050	19029,9892,19014,19019,19020,19022,19035,19037,19051,19056
19051	9172,19029,19044,19068,0,17,6143,6935,18071,19014
19052	19029,2558,8154,19014,19019,19020,19022,19035,19037,19041
19053	1680,19034,4494,6925,7018,7049,10792,11261,18003,18005
19054	13166,14611,19089,1366,1404,1431,1491,1680,1787,1911
19055	2014,2032,2519,2572,3390,3908,5498,6152,6182,6925
19056	19073,19014,19020,19027,19029,19050,19051,19052,19068,19075
19057	1113,18080,19077,30602,7266,12401,31122,34299,40814,41573
19058	42713,14,2176,6152,7477,11214,13117,17438,19032,22707
19059	1421,1445,2572,4431,4527,5250,7025,8217,14454,14837
19060	622,2014,2519,2572,4736,5089,5896,6152,6182,6925
19061	13138,19085,310,441,533,578,1680,1725,1797,2014
19062	19022,19079,106,2014,2519,2572,6152,6182,6925,6929
19063	13938,14027,14015,17636,8932,13793,13917,13960,14073,23525
19064	19043,2014,2519,2572,6152,6182,6925,6929,6978,7921
19065	2014,2519,2572,6152,6182,6925,6929,6978,7921,8797
19066	439,934,2686,10315,13795,15358,18304,18911,19028,19075
19067	7290,17468,19084,23391,27394,27404,27440,27454,27456,27477
19068	19051,18,6152,19014,19019,19020,19029,19044,19050,19052
19069	7921,6140,19115,4494,6508,6554,12835,30749,1220,1397
19070	1431,1927,2014,2519,2572,5234,6152,6182,6925,6929
19071	9892,2014,2519,2572,3931,5105,6152,6182,6925,6929
19072	10727,12782,30964,33721,39169,39481,40623,916,1734,2014
19073	19056,19014,19020,19027,19029,19050,19051,19052,19068,19075
19074	18133,19019,2014,2519,2572,3398,6152,6182,6925,6929
19075	1156,3450,6929,10315,19014,19019,19020,19029,19043,19050
19076	18301,14206,18634,19022,19029,19035,19037,19050,19052,19063
19077	22147,4160,4231,4053,3903,4074,4315,8492,3958,4281
19078	4053,22090,660,4044,6224,10240,14339,15567,19014,19019
19079	106,19111,42692,42748,0,6152,8788,13166,19023,19029
19080	42815,7639,10301,11536,11583,12743,20648,22265,23767,28109
19081	19022,19029,19035,19037,19050,19052,19076,19079,19086,19091
19082	19022,19030,19032,19033,19041,19058,19088,4,14,2014
19083	19014,19019,19020,19029,19050,19051,19052,19056,19068,19073
19084	12052,12584,19067,26516,26535,37,300,466,471,503
19085	6925,6929,9892,19061,310,441,2014,2194,2519,2572
19086	19022,19091,106,127,6169,6182,19011,19029,19030,19035
19087	19312,19,204,253,340,351,437,660,667,1100
19088	19032,5944,7057,7103,19022,19030,19033,19041,19046,19058
19089	48920,13166,19054,33482,1100,1148,1366,1387,1432,1787
19090	2014,2519,2572,6152,6182,6925,6929,6978,7921,8797
19091	19022,19032,19086,2,95,106,112,3233,11165,13801
19092	22511,1216,27480,28882,3429,3430,4113,5080,5265,7173
19093	11114,11100,11109,11795,27653,33194,33269,34229,34485,40840
19094	
19095	117,18080,19111,1,2,95,106,112,3233,11165
19096	2554,16674,12,87,232,472,1244,1918,2786,2795
19097	562,606,615,966,1797,1854,1860,3450,3903,4500
19098	
19099	9471,9553,10163,10176,10874,14487,14865,15063,18118,18803
19100	340,1404,2181,2389,2394,7566,9956,11682,12032,12744
19101	22402,10489,15127,19215,22065,22382,22386,23450,36435,466
19102	23551,454,8726,13917,13948,13959,14014,14029,14117,14123
19103	6472,12714,17556,18013,23471,23755,28721,37856,39576,41335
19104	1382,5963,6979,7279,7293,7339,11658,12165,17992,22787
19105	19009,19121,19111,19212,19049,19143,19219,30076,42697,4
19106	26252,26289,26291,21077,26258,26268,26286,26290,27383,42692
19107	12576,19033,125,6169,6187,7470,20533,20599,24813,42692
19108	7012,48444,1445,5460,12844,23484,35991,1382,3377,5402
19109	15283,20310,578,7515,7590,12577,13654,14271,18357,18441
19110	35179,25224,27679,37448,38737,49546,10022,10099,12649,25170
19111	19121,19009,19079,19105,19049,19095,95,117,135,233
19112	19212,19022,19030,95,10375,10615,12766,13394,13818,13883
19113	21077,21078,31982,42720,13117,42700,42725,42728,5456,7268
19114	2,95,112,3233,11165,13801,13832,19009,19032,19212
19115	39394,11139,18024,4494,6962,11757,33299,35193,1382,7018
19116	23866,44761,5250,7029,7041,7051,1414,4527,6653,7022
19117	42692,5456,42724,42766,31982,42730,42754,42768,46792,13082
19118	11246,7322,24312,35892,10176,12805,17468,20924,20934,22376
19119	10489,22564,23450,466,10176,12805,14487,15127,17468,22065
19120	9490,17468,22046,22065,23436,23443,23450,23464,49165,338
19121	19111,19105,19009,19143,19032,19049,19219,4,14,95
19122	7012,16621,30950,48,916,1137,1230,1414,1664,1666
19123	23993,23900,24000,1421,4527,6528,10652,10792,16067,18008
19124	319,466,1797,4939,6916,6934,7355,9902,9919,10701
19125	41076,7279,10623,13174,32355,41381,44761,49485,1387,1397
19126	31,1417,1488,5479,8756,8859,14178,16987,18841,26817
19127	19022,19030,19212,106,4,14,3257,11879,19009,19032
19128	3918,3973,3974,4001,4014,4016,4021,4164,4223,4237
19129	19009,1306,1313,1860,2830,2904,3023,3129,3390,3402
19130	92,161,6935,24066,34875,41506,43136,166,218,2188
19131	7280,23087,29759,30940,32,90,134,198,1250,1679
19132	557,4839,4841,5085,5776,5948,5963,6339,7181,7266
19133	19009,19204,19027,19129
19134	13174,22377,136,265,278,368,503,549,577,626
19135	117,135,18080,19009,19095,19111,19114,19212
19136	13872,19009,19023,19030,19032,19049,19079,19105,19111,19121
19137	41076,12466,14454,17200,40830,1387,6631,7327,9943,10605
19138	23512,1923,41412,9850,17636,34140,41406,1,13832,13877
19139	19039,33030,33032,33068,33098,20908,20915,33027,33034,33039
19140	53,128,1080,1354,1453,1468,1469,6900,7118,8273
19141	24860,29869,282,1099,6508,6554,10782,13074,14692,19149
19142	1255,1276,1287,1818,2643,3037,3624,10236,10318,12447
19143	19030,19121,19049,19079,19086,19091,19105,48805,95,2048
19144	
19145	454,2054,2588,2919,3131,6782,7822,9779,10171,13722
19146	1617,2500,2530,2558,2561,3233,9453,12186,14052,18326
19147	626,1404,2606,2813,3852,3873,5588,6169,6783,8268
19148	7458,24689
19149	1099,24860,24866,30065,32475,34394,39738,44815,1266,1283
19150	18911,19,667,1001,1085,1113,1617,2640,2659,10240
19151	24800,26055,19,282,1266,1272,1280,1500,1823,2187
19152	19174,19175,19183,19188,19009,19014,19019,19020,19021,19026
19153	456,4452,7758,22495,29785,30305,32054,32294,35617,42034
19154	1099,13074,14692,19141,19149,24860,24866,29869,30065,32475
19155	
19156	1255,12343,19167,7,127,340,975,1347,2149,2409
19157	19165,1266,1278,1280,16,1235,1253,1272,1283,1357
19158	19183,19009,19019,19043,19193,24565,49826
19159	18127,24800,29320,282,351,575,1230,1356,1500,1722
19160	2882,19009,19019,19043,19195,24565,49826
19161	1347,1392,1431,2409,2914,3885,4494,4750,5250,6452
19162	95,1083,1461,1660,1719,1731,1941,1993,6477,6956
19163	19046,128,1347,1392,1431,1472,2409,2573,2914,3885
19164	
19165	19157,1266,1235,1253,1272,1278,1280,1357,1875,2411
19166	98,134,8489,10315,12343,17048,23022,23549,24538,25035
19167	20554,24820,2440,6882,19156,19170,24788,24801,24817,41335
19168	
19169	7458,24906,41335,43410,1283,1918,2440,3131,5928,11917
19170	2922,17461,19167,52,338,347,596,1069,1357,1528
19171	2720,19159,21339,23569,25032,31337
19172	
19173	338,2421,2894,2916,3306,5086,8455,9473,9874,10294
19174	19027,19152,2882,19193,49826
19175	19027,19152,2882,19193,49826
19176	
19177	45578,1329,9659,13834,16147,25077,32672,45377,45379,1255
19178	4516,19009,19052,19204,19212,47234
19179	19188,2882,19009,19019,19043,19193,24565
19180	1680,1668,1787,3437,6897,7204,10652,12885,14611,19053
19181	10652,626,2786,3230,3901,4660,5377,6882,6899,7921
19182	48444,338,441,1064,1067,1068,1069,1070,1071,1072
19183	19158,19152,2843,8524,19009,19019,19193,20085,20088,20089
19184	13863,45189,194,454,1114,1668,1937,2640,8862,9598
19185	6143,9172,121,6152,6159,6163,6198,12249,20599,25736
19186	
19187	11246,22051,22056,22085,6165,7630,7897,9919,22055,22561
19188	19179,19152,2155,2882,7450,19009,19019,19193,22833,22950
19189	19204
19190	3040,3043,3044,3048,3053,3054,3062,8156,321,624
19191	2501,3032,41467
19192	
19193	2044,6038,19027,19152,19158,19174,19175,19179,19183,19188
19194	19014,19019,19020,19029,19050,19051,19052,19056,19068,19073
19195	19057,93,442,811,1000,1001,1100,1113,1181,1220
19196	3931,3971,4046,20844,4289,3463,4264,7983,11598,21940
19197	953,1137,2040,6224,6923,6951,8490,10245,12401,13734
19198	975,2669,8685,15088,19388,19,168,186,554,638
19199	19208,19203
19200	
19201	19207,19203,19208
19202	6920,6925,6928,6929,6899,6919,6933,14467,14472,28316
19203	19207,19199,19201
19204	19009,19133,19212,6152,12562,19043,4,13,26,34
19205	4516,7921,15063,64,265,278,339,359,368,370
19206	7612,45483,362,591,727,887,3541,5143,6778,6920
19207	19201,19203
19208	19199,19201
19209	6165,23441,47525
19210	14467,18803,6920,6925,6944,11357,14472,35193,1787,6899
19211	1797,6934,24334,1694,4516,6397,14746,1688,1689,1692
19212	19009,19030,19105,19112,19127,19204,135,19032,19049,19114
19213	10240,22154,4044,3903,4046,4159,4254,20465,22124,22147
19214	21077,27383,27388,42713,42727,1841,2176,2188,6152,7124
19215	19101,22395,22402,7255,7630,7897,9490,10489,11246,15127
19216	
19217	19439,135,20,117,629,11377,13166,13948,13966,14064
19218	23906,6653,4527,23866,23993,37830,37861,40610,5250,6611
19219	19030,19105,19121,19212,4,14,95,3257,10375,10615
19220	30002,5867,8348,27150,1603,1814,1823,1846,1874,1886
19221	439,1085,1100,1357,7177,8268,8278,8283,8284,8286
19222	19248,19226,19227,19237,19247,27150,5867,19235,549,1110
19223	19227,19238,19249,19252,19253,2552,2626,3216,3463,3541
19224	7177,19221,19222,19223,19225,19226,19227,19228,19229,19230
19225	19227,19230,19238,19249,19252,19253,7177,19221,19222,19224
19226	19222,19230,19237,19247,19248,5867,19233,27150,30002,1890
19227	19222,19223,19237,19247,19248,5867,19225,19233,19249,19253
19228	7177,19221,19222,19223,19224,19225,19226,19227,19229,19230
19229	7177,19221,19222,19223,19224,19225,19226,19227,19228,19230
19230	19226,19225,19238,19252,1890,7177,19221,19222,19224,19228
19231	2054,23619,32513,454,1810,8932,13826,13846,13854,13889
19232	7177,8268,8278,8283,8284,8286,8291,8292,8295,8301
19233	19252,19226,19227,19237,19247,19248,30002,5867,7177,7385
19234	19236,19238,19239,19247,19248,19251,19252,1810,7177,9949
19235	19222,19238,1860,2048,2855,4571,7177,7369,12345,19221
19236	19238,19252,19234,19239,19251,7177,19221,19222,19223,19224
19237	19222,19226,19227,30002,5867,19233,27150,1886,7177,9974
19238	19236,19223,19225,19230,19234,19235,19239,19249,19251,19253
19239	19234,19236,19238,19247,19248,19251,19252,7177,19221,19222
19240	7177,19221,19222,19223,19224,19225,19226,19227,19228,19229
19241	7177,19221,19222,19223,19224,19225,19226,19227,19228,19229
19242	7177,19221,19222,19223,19224,19225,19226,19227,19228,19229
19243	956,1220,1404,1500,1617,1797,2554,2720,2917,5010
19244	7177,19221,19222,19223,19224,19225,19226,19227,19228,19229
19245	7177,19221,19222,19223,19224,19225,19226,19227,19228,19229
19246	7177,19221,19222,19223,19224,19225,19226,19227,19228,19229
19247	19222,19226,19227,30002,5867,19233,19234,19239,19251,27150
19248	19222,19226,19227,27150,5867,19233,19234,19239,19251,2957
19249	19223,19225,19227,19238,19252,19253,7177,19221,19222,19224
19250	34485,27536,35613,52,975,1001,1051,1084,1465,1660
19251	19234,19236,19238,19239,19247,19248,19252,7177,19221,19222
19252	19236,19233,19223,19225,19230,19234,19239,19249,19251,19253
19253	19223,19225,19227,19238,19249,19252,7177,19221,19222,19224
19254	6222,4093,35281,1110,33192,33194,973,2334,3407,4578
19255	19266,19279,19281,19284,19263,19269,19280,19295,19296,6222
19256	4531,4539,4541,4548,4582,6222,7003,8018,8737,19255
19257	19279,19315,7728,8685,19258,19261,19263,19264,19267,19269
19258	8685,19263,19300,1595,1647,2645,4401,4407,6700,7758
19259	19271,19273,19295,19266,19278,19284,19286,19289,19300,19302
19260	39740,124,1140,2561,8705,10236,10318,13736,15087,15102
19261	8122,8227,8224,3721,26126,30858,43795,43840,3931,4053
19262	108,1392,1404,4539,5257,8123,17288,19255,19256,19257
19263	19278,19296,19268,19287,19267,19270,19255,19315,19258,19282
19264	22940,23508,186,528,850,3879,3880,3999,4260,4364
19265	4539,19255,19256,19257,19258,19259,19260,19261,19262,19263
19266	19280,6222,19269,19287,19302,19294,19255,19259,4093,19270
19267	19279,19271,19280,19314,19263,19273,19269,19268,19287,19298
19268	19296,19263,19278,19300,19286,19287,19298,19269,19289,6222
19269	19266,19280,19286,19295,19296,19268,19298,19267,19287,19289
19270	19281,19263,19273,19284,19279,19295,6222,19266,19268,19271
19271	19295,19267,19287,19289,19302,19259,19272,19294,19315,35281
19272	19271,19279,19284,19286,19289,19300,19314,19273,19278,19287
19273	19286,6222,19302,19267,19259,19270,19272,4093,35281,33194
19274	147,966,1048,1059,1595,1625,1633,1647,1695,1778
19275	3060,3084,4578,15973,19032,19257,19258,19260,19261,19263
19276	4539,19255,19256,19257,19258,19259,19260,19261,19262,19263
19277	3857,8685,11101,16631,16635,17594,19305,19315,20733,20762
19278	19263,19300,19268,19287,19289,19294,19302,19259,19272,19315
19279	19267,19287,19302,19255,19272,19270,19315,4093,19257,19301
19280	19266,19314,19298,19269,19267,19294,19255,19315,35281,4093
19281	19270,19255,19315,19282,33194,8671,19257,19258,19261,19264
19282	19263,19270,19280,19281,4539,19257,19258,19261,19264,19266
19283	19285,19299,4539,4582,19255,19256,19257,19258,19259,19260
19284	19298,19302,19255,19270,19272,19259,35281,4093,19285,33194
19285	10287,19284,19286,19299,3304,7118,8514,14495,19257,19258
19286	19273,19296,19269,19268,19298,19287,19289,19272,19294,19302
19287	19263,19279,19278,19266,19268,19271,19296,19300,19286,19269
19288	19313,6222,19282,19305,19315,3305,3311,4531,4539,4541
19289	19295,19314,19271,19300,19268,19278,19286,19294,19296,19298
19290	19257,19258,19261,19263,19264,19267,19269,19271,19272,19275
19291	6985,19257,19258,19261,19263,19264,19267,19269,19271,19272
19292	19272,19280,19287,19289,19293,19294,19314,4539,19255,19256
19293	19272,19280,19287,19289,19292,19294,19299,19307,19314,4539
19294	19280,19314,19266,19289,19300,19268,19269,19271,19278,19286
19295	19271,6222,19269,19289,19259,19255,19270,19272,35281,4093
19296	19263,19268,19286,6222,19269,19298,19287,19289,19294,19255
19297	19317,1534,1847,4539,7852,13569,19255,19256,19257,19258
19298	19280,19284,19314,19296,19300,19268,19286,19269,19289,6222
19299	19272,19285,4578,4582,19257,19258,19261,19263,19264,19267
19300	19278,19314,19268,19298,19287,19289,19294,19272,19259,19255
19301	19279,19257,19258,19261,19263,19264,19267,19269,19271,19272
19302	19273,19279,19284,19266,19271,19314,19278,19286,6222,19259
19303	15032,27404,27406,27416,27418,27440,191,201,319,2080
19304	2942,4539,4552,5040,6222,8013,8024,18080,19255,19257
19305	16532,18080,1423,3412,3432,6306,7697,8685,8837,9976
19306	16896,19286,1232,10236,16621,16883,17636,17740,19269,19271
19307	19272,19293,19299,4539,4578,6222,19255,19256,19257,19258
19308	2888,3376,3377,3685,4539,4668,5519,6900,8268,8278
19309	4539,19255,19256,19257,19258,19259,19260,19261,19262,19263
19310	4539,366,394,624,1061,1137,1667,2048,2142,2413
19311	190,2414,2415,4539,5684,7517,7529,15969,19255,19256
19312	973,8672,13207,13891,17636,17862,19087,23517,25405,43288
19313	19288,19282,624,2849,3752,4531,4539,4541,4548,4552
19314	19280,19300,19298,19267,19289,19294,19302,19272,19259,19315
19315	19279,19263,19267,19271,19278,19280,19281,19300,19314,8685
19316	19306,629,2107,2451,4539,6222,6299,9816,11395,11396
19317	1823,1110,3037,8671,23696,23697,23698,32864,34468,39740
19318	4539,19255,19256,19257,19258,19259,19260,19261,19262,19263
19319	27477,1984,6821,24841,27394,27416,27448,31409,33574,44601
19320	7458,14691,19036,19321,19322,19323,19324,19325,19326,19327
19321	19320,19323,19324,19325,19326
19322	19327,19320,19323,19324,19325,19326
19323	19320,19321,19322,19324,19325,19326,19327,20473,22954,27260
19324	27416,19325,27402,27414,27418,27433,27441,27443,27444,27446
19325	19324,1954,1958,1979,1985,5405,6805,6806,6808,6809
19326	27394,27418,27441,27446,27406,27437,27440,27456,27471,1984
19327	19322,19320,19323,19324,19325,19326
19328	3136,1234,1918,2917,3503,4808,6882,6894,6905,9530
19329	18,52,65,1943,2032,2786,2789,6152,6159,6169
19330	19338,1918,6899,7458,19329,19334,19335,19336,19337,19339
19331	19332,19333,19344,208,351,525,1169,1174,1770,1850
19332	19331,6899,19329,19334,19335,19336,19337,19338,19339,19340
19333	19331,6899,19329,19334,19335,19336,19337,19338,19339,19340
19334	6899,19329,19330,19331,19332,19333,19335,19336,19337,19338
19335	6899,19329,19330,19331,19332,19333,19334,19336,19337,19338
19336	30152,338,637,1196,1357,1505,2421,2444,2534,2894
19337	6899,19329,19330,19331,19332,19333,19334,19335,19336,19338
19338	19330,1918,6899,19329,19332,19333,19334,19335,19336,19337
19339	1234,6899,9759,19329,19330,19331,19332,19333,19334,19335
19340	6899,19329,19330,19331,19332,19333,19334,19335,19336,19337
19341	3181,47134,47139,34308,47034,47040,47044,47046,47047,47051
19342	32930,2196,3134,3164,3213,4835,6899,19329,19330,19331
19343	5314,5460,7477,10623,12774,17748,19125,33742,35994,36152
19344	19331,6899,19329,19330,19332,19333,19334,19335,19336,19337
19345	32889,3134,3164,3213,3399,4835,6899,6966,19329,19330
19346	19,1156,5225,5226,6899,7678,9741,9748,9755,9760
19347	6899,19329,19330,19331,19332,19333,19334,19335,19336,19337
19348	13983,8670,13832,13886,14073,14209,23626,23633,23674,19
19349	12188,117,135,1110,1950,2501,2541,2565,3037,3232
19350	12700,14027,44846,140,1680,3099,6452,6544,6994,8283
19351	1945,3134,3201,3305,4835,5095,8692,9206,13875,14691
19352	21873,13792,34164,34230,3574,19429,27736,34258,1099,1230
19353	9206,1384,2027,2036,2142,2410,2659,3091,4116,4389
19354	637,1196,1357,2444,2534,5188,7475,8935,9206,10484
19355	1186,3450,3920,4069,4590,5524,6243,6303,6328,6336
19356	11399,19429,34204,34220,3575,3576,9163,9289,11377,11384
19357	34207,34484,6804,19427,34179,3575,11395,9289,11387,13182
19358	34484,9289,11404,22357,6804,34364,34441,34464,3573,11387
19359	14027,7476,13967,13981,13886,13891,13898,13911,13965,13966
19360	161,453,543,1617,1822,2411,5188,5229,5776,5944
19361	8677,18575,22346,34176,3577,11384,11404,23562,23695,34220
19362	1347,4361,13166,19364,32050,32355,32447,33192,43981,44892
19363	19381,19409,19367,19371,19372,19382,19390,19370,19379,19383
19364	19384,19409,19367,19370,19371,19372,19390,19379,19383,19412
19365	10018,18912,35179,10022,10029,36672,44049,44078,10086,36854
19366	19412,19374,19405,19391,19400,19410,19377,19394,19404,19399
19367	19375,19370,19379,19382,19402,19412,19363,19364,19374,19383
19368	19373,19376,19410,19391,19394,19400,19404,19377,19386,19399
19369	19420,19390,19380,19400,19405,19394,19404,19410,19377,19391
19370	19384,19367,19364,19375,19376,19402,19409,19412,19363,19392
19371	19382,19409,19383,19384,19420,19364,19363,19372,19375,19402
19372	19381,19364,19378,19383,19384,19409,19363,19371,19379,19402
19373	19368,19375,19378,19395,19409,19382,19384,19367,19370,19371
19374	19366,19367,19381,19402,19371,19363,19364,19372,19375,19378
19375	19367,19382,19370,19373,19392,19395,19371,19379,19380,19383
19376	19368,19370,19384,19378,19383,19395,19409,19420,19364,19372
19377	19366,19368,19369,19370,19371,19382,19394,19409,19410,19364
19378	19379,19382,19395,19372,19373,19383,19392,19412,19376,19390
19379	19378,19367,19412,19364,19372,19375,19409,19363,19395,19400
19380	19369,19375,19402,19378,19381,19382,19395,19367,19370,19384
19381	19395,19363,19372,19391,19392,19374,19405,19380,19389,19386
19382	19371,19378,19367,19375,19409,19363,19395,19402,19373,19380
19383	19371,19412,19372,19378,19390,19420,19364,19367,19375,19376
19384	19364,19370,19371,19402,19409,19372,19376,19420,19395,19373
19385	543,1617,16027,19360,19361,19362,19363,19364,19365,19366
19386	19363,19367,19368,19369,19375,19378,19379,19381,19382,19383
19387	19368,19369,19390,19392,19395,19405,19409,19412,543,1617
19388	35621,35678,7343,12633,35613,7785,13870,18163,19920,25200
19389	19410,19381,19383,19370,19371,19390,19402,19409,19412,15731
19390	19369,19412,19364,19383,19392,19363,19367,19375,19378,19420
19391	19381,19366,19368,19412,19369,19378,19405,19373,19374,19375
19392	19375,19378,19381,19390,19395,19363,19364,19370,19371,19382
19393	543,1617,16027,19360,19361,19362,19363,19364,19365,19366
19394	19368,19369,19370,19382,19404,19366,19371,19377,19367,19375
19395	19381,19378,19402,19375,19392,19373,19376,19382,19384,19370
19396	543,1617,16027,19360,19361,19362,19363,19364,19365,19366
19397	19439,543,1617,16027,19361,19362,19363,19364,19365,19366
19398	543,1617,16027,19360,19361,19362,19363,19364,19365,19366
19399	19364,19366,19367,19368,19369,19371,19390,19409,19412,19363
19400	19369,19412,19366,19368,19379,19404,19378,19382,19420,19367
19401	19369,19391,19400,19404,19423,161,543,1617,2678,16027
19402	19367,19384,19395,19370,19420,19371,19372,19374,19380,19382
19403	2588,8726,32513,34347,11417,13896,14029,454,12301,13948
19404	19368,19369,19394,19400,19402,19409,19366,19382,19405,19420
19405	19366,19369,19381,19402,19395,19412,19367,19391,19404,19370
19406	2036,15750,2496,2686,3920,662,3937,5030,5803,7246
19407	33900,33903,33905,33907,33909,33912,33914,33919,33923,33930
19408	19363,19364,19366,19367,19369,19370,19371,19372,19374,19375
19409	19364,19371,19363,19384,19370,19372,19382,19410,19373,19376
19410	19368,19409,19366,19369,19389,19370,19371,19373,19374,19377
19411	543,1617,16027,19360,19361,19362,19363,19364,19365,19366
19412	19366,19367,19379,19383,19390,19370,19378,19364,19400,19402
19413	543,1617,16027,19360,19361,19362,19363,19364,19365,19366
19414	5849,5853,9193,9195,9198,9204,9219,9225,36132,161
19415	543,1617,16027,19360,19361,19362,19363,19364,19365,19366
19416	29772,29783,43145,7920,8721,12846,13430,15130,17069,19389
19417	19366,19368,19369,19378,19381,19363,19364,19371,19372,19373
19418	31376,11714,11744,12466,12519,19361,19388,29786,33256,33756
19419	19424,34319,13973,14029,14078,14101,14117,14229,19437,23643
19420	19369,19371,19383,19384,19402,19364,19367,19375,19376,19390
19421	7785,16508,27086,27552,27622,28263,87,1099,7714,10253
19422	15750,2496,29719,15758,134,1220,2686,3920,7242,10842
19423	19391,19400,19404,19369,19381,19383,19390,19394,19401,19402
19424	14101,14179,23695,8726,13998,23611,23682,14242,13982,14201
19425	543,1617,16027,19360,19361,19362,19363,19364,19365,19366
19426	543,1617,1935,2894,2896,2900,2903,8858,8860,16027
19427	22756,19428,23616,34159,34207,19431,11387,34364,13182,3575
19428	23616,19427,19431,22756,15207,11404,34250,34364,34179,34204
19429	3575,11387,11399,34176,34159,34220,11404,34207,11395,19431
19430	34176,11395,22756,3575,11387,34159,9289,11399,19431,34220
19431	19428,34207,34179,22756,19427,23616,11395,16027,13182,34204
19432	9289,19428,34159,3575,6804,22756,34204,34207,11395,13872
19433	19383,19390,19410,19412,19364,19366,19367,19368,19369,19370
19434	543,1196,1232,1520,1617,1680,1754,1790,2062,2535
19435	543,1617,16027,19360,19361,19362,19363,19364,19365,19366
19436	23360,11404,14246,19428,6804,7506,9289,11425,15207,19431
19437	8726,13973,14131,26911,34319,14026,14244,23695,7494,14132
19438	22677,39,2216,5479,6955,7266,12561,19009,19388,21843
19439	19217,1918,8859,18,273,3233,10254,10433,14391,15201
19440	1355,1373,1617,4262,5339,6508,7057,8233,8509,8806
19441	8685,8816,19481,19575,22921,32504,32505,32825,35635,35982
19442	11721,19444,48321,338,995,1355,1387,1458,1617,1657
19443	25186,25224,27549,38737,23690,27585,27609,10027,18924,21556
19444	12196,26520,45389,26905,6599,6653,13075,13115,22656,23476
19445	1216,1355,1617,1657,1658,1659,1662,1663,1668,1678
19446	1719,23730,3394,6977,15234,20154,23717,23759,23762,49609
19447	16479,16475,16486,19455,16474,16483,19460,19471,19493,19519
19448	19456,19455,19459,19460,19490,13678,16475,16479,16483,16490
19449	19490,19494,16475,16479,19455,19456,19460,19479,19507,27072
19450	19497,19572,22154,4289,19556,1113,1846,3873,4053,4090
19451	16475,16479,19452,19459,19460,19465,19479,19483,19491,19494
19452	19483,19521,16498,19491,19488,19494,19526,16474,16483,19451
19453	110,246,248,250,252,266,276,279,1355,1617
19454	16475,19452,19455,19458,19460,19461,19471,19479,19483,19490
19455	16486,19519,19490,16474,19456,16491,19447,19573,19475,19497
19456	16483,19455,19459,19460,16479,16503,19448,19470,19471,19479
19457	6653,17999,4527,23476,1432,17556,19506,35995,14454,17649
19458	19461,16479,19483,19521,16486,19491,16492,19488,19494,19526
19459	16479,19465,16486,16492,19488,19491,16498,19494,16483,19456
19460	19519,16483,19494,19490,16474,19456,19500,19556,16491,19447
19461	16479,19458,16486,16492,16498,19488,19494,19526,19475,19497
19462	19556,16486,19458,19460,19483,7057,8509,16474,16479,16483
19463	4820,6487,6568,6969,6980,6994,6997,7015,7017,7022
19464	16475,16486,19455,19456,19457,19470,19471,19473,19479,19488
19465	19459,19483,16486,16492,19488,16498,19494,19526,19451,19561
19466	6487,6579,6991,1387,4498,4522,6508,6574,6667,6669
19467	19014,26815,42152,42163,47644,0,223,265,364,1355
19468	1355,1617,4262,5339,6508,7057,8233,8509,8806,9451
19469	1617,4389,8671,23697,23698,186,23696,560,5924,6019
19470	19456,29160,29187,16475,16483,16503,19455,19479,19526,19534
19471	19488,16483,6482,16474,19497,19519,6600,19561,6474,6481
19472	8806,30149,575,1355,1357,1617,2101,2149,2554,2793
19473	26476,237,298,299,1887,5382,11198,12745,12884,13380
19474	8509,19477,223,251,1096,1387,1388,1458,1617,1787
19475	19459,16479,16486,19455,19460,19461,19471,19452,19458,19465
19476	2922,8509,9465,13885,13930,16475,16479,16486,19483,19488
19477	10652,1388,8509,17785,19115,19474,1355,1371,1387,1392
19478	467,1355,1617,1754,3503,4262,5339,5991,6508,7057
19479	16492,16498,19491,19526,16483,19497,19519,19573,16474,16503
19480	1355,1617,3376,4262,5339,6508,7057,8233,8290,8509
19481	16475,19441,19465,19488,19494,19575,934,961,1355,1617
19482	129,1355,1617,2142,2530,2657,4262,5339,6508,7057
19483	19452,19465,16474,19458,19488,19491,19526,19494,19561,16483
19484	1355,1617,3896,4262,5339,6508,7057,8233,8509,8806
19485	13280,19576,41697,8806,12107,20506,29320,6,8783,9467
19486	19495,16475,19465,19488,19494,1000,1355,1617,4262,5339
19487	5339,4262,5178,6598,13367,16479,17748,17771,19457,19488
19488	16486,19471,19459,19465,19483,19512,19561,19452,19521,16474
19489	15285,44892,1347,5049,5231,6508,8233,8806,9451,14969
19490	16475,19494,19455,19460,16479,19518,19519,16486,16474,19447
19491	19479,16479,19452,19459,19483,19458,16486,16492,16498,19451
19492	38211,5339,6514,9683,12784,13678,18016,19448,19470,19488
19493	19447,19500,19518,87,161,549,634,5186,5498,5986
19494	16479,19460,19490,16474,19452,19459,19465,19483,19519,19521
19495	19486,16475,19465,19488,19494,1000,1355,1617,1814,4262
19496	1355,1617,4262,5339,6508,7057,8233,8509,8806,9451
19497	16479,19450,19471,19459,19479,16492,16498,19452,19455,19461
19498	1355,1617,4262,5339,6508,7057,8233,8509,8806,9451
19499	2735,2738,2744,351,1355,1617,2727,2728,2730,2731
19500	16474,16475,16479,19460,19483,16486,19471,19506,19519,19521
19501	10723,3937,10502,527,1230,3931,4104,4139,5809,5933
19502	16350,1347,1928,8509,10471,13616,17234,18001,19513,20447
19503	10792,23722,39169,1355,1356,1617,2572,4262,4431,4820
19504	16475,195,208,291,293,351,575,638,973,1087
19505	35907,1680,8846,48468,140,6140,8509,10162,15063,20097
19506	4527,14454,40610,6653,1432,17999,6654,14857,31270,40870
19507	19490,16475,16479,16483,16503,19449,19455,19456,19460,19470
19508	1355,1617,4262,5339,6508,7057,8233,8509,8806,9451
19509	23733,38201,1356,7057,24541,40418,6536,6626,7039,11477
19510	19470,1355,1617,1777,2118,2122,2125,2133,2164,2192
19511	442,975,1001,1355,1617,1787,1950,2022,3230,3685
19512	19526,16475,19488,19561,16479,19483,16486,19452,19458,19461
19513	24661,1943,9822,19444,13654,13795,18587,82,110,198
19514	2735,2738,2744,351,1355,1617,2727,2728,2730,2731
19515	1355,1617,4262,5339,6508,7057,8233,8509,8806,9451
19516	19456,19459,19470,19488,19497,19512,1355,1617,4262,5339
19517	1355,1617,2694,4262,5339,6508,7057,8191,8233,8509
19518	19490,16475,16479,19455,19460,19488,19494,16483,19447,19459
19519	16474,19455,19460,16498,16477,19471,19494,19521,19479,19490
19520	4289,3971,22090,22124,22154,22164,3958,4004,4046,4115
19521	16477,19452,19458,916,16474,19488,19494,19519,19526,19561
19522	7273,17286,23747,32402,32787,32795,32858,32863,32864,32865
19523	
19524	549,5186,5498,5986,7989,9114,11501,12392,13858,14386
19525	2914,3873,4509,7024,8401,8509,8737,10293,10309,10799
19526	16477,19512,19561,16486,19479,16498,19483,16492,19452,19521
19527	19489,1347,1349,1352,1354,1356,1359,1362,1364,1371
19528	7029,16498,30061,32488,32508,437,1371,1392,1397,1407
19529	10792,6574,37856,18013,28820,37851,6487,6611,6623,7022
19530	16475,16483,16486,19488,19526,1787,2535,4498,4516,5307
19531	
19532	8724,9206,12491,13103,20211,20227,20245,20246,20248,20250
19533	14454,39475,40623,41702,1,916,917,918,1077,1110
19534	16477,16483,16503,19456,19470,19526,5382,16475,19455,19479
19535	27536,168,1664,1667,2674,14247,23523,34538,1,549
19536	12107,32203,34662,35637,44892,5588,9777,9793,9843,11737
19537	16477,16479,16483,16492,16498,19452,19458,19459,19460,19461
19538	
19539	16477,16498,16504,19500,19577,6,105,161,184,210
19540	10723,575,3937,4738,5933,27447,30328,36659,609,1417
19541	25433,25437,25449,25456,13691,25436,25440,25443,25444,25445
19542	10502,21171,575,5928,5933,8783,10267,10301,18576,20505
19543	16475,16498,16474,19519,19526,16477,16491,16503,19471,19500
19544	5159,6552,6565,6580,6678,14452,17767,32788,33805,35188
19545	16477,19479,19483,19452,19455,19458,19460,19461,19471,19521
19546	154,1913,3394,4412,5040,7511,9825,9841,11092,11100
19547	16477,16486,7041,10792,16479,19543,23730,39394,1356,5263
19548	16493,28820,29285,16474,16490,16491,16492,19447,19455,19561
19549	503,1357,2901,2920,2921,2926,3548,4828,5939,9657
19550	29249,4364,16621,1110,27536,8671,23694,25187,27086,33194
19551	
19552	27792,12782,16478,31411,41345,913,16474,19494,24456,29151
19553	16493,28820,29285,31056,16474,16475,16490,16491,16492,19447
19554	21171,16539,1432,8790,14867,14949,15330,18450,20579,23173
19555	18634,34662,44892,35677,19881,22773,24900,30992,32203,35591
19556	19586,16477,16498,19460,19483,16483,16492,19452,19462,19479
19557	6487,7057,6496,6514,6626,6450,6452,6508,7022,16486
19558	19489,1347,1349,1352,1354,1359,1362,1364,1371,1373
19559	7041,16475,16479,16486,19447,19471,19497,19543,19547,19570
19560	920,16498,16504,19500,19539,19548,19573,19577,19591,31057
19561	19526,16477,16492,19488,16486,19483,19512,19471,19521,16474
19562	19488,19584,16474,16477,16479,16486,19494,19512,19526,19561
19563	329,1384,1415,2160,4447,5270,5312,5467,5489,6668
19564	1510,2145,2409,3931,4035,4741,6450,6456,6460,6461
19565	8783,18311,18441,13654,15715,18359,18560,35752,2286,2791
19566	38235,1356,6514,6637,6692,6980,7950,14452,16498,19009
19567	6984,16477,995,1347,1349,1352,1354,1357,1359,1362
19568	338,1043,12715,17498,22592,29380,576,754,1360,1382
19569	6497,6508,7050,7051,10628,10792,10797,17746,24435,24487
19570	16477,16486,16479,19460,19471,19483,19573,19586,39519,3876
19571	16477,19556,16486,19460,19483,19573,19586,39519,3876,3971
19572	16475,19450,19497,19556,6465,7057,7292,11205,16477,17785
19573	16477,19455,19479,16479,19460,19471,16483,16486,16498,19456
19574	
19575	16477,19441,19481,19573,20504
19576	43064,19485,13280,13623,18539,19428,38962,38970,40412,1230
19577	16493,28820,29285,16474,16490,16491,16492,19447,19455,19539
19578	13638,18441,18568,21231,35726,2523,5937,8814,9467,9805
19579	
19580	17489,18648,18840,549,6161,7704,9776,13280,13632,13841
19581	7057,7337,19557,30968,39475,45407
19582	79,338,351,2204,2242,2523,2791,3283,5188,5933
19583	38231,1356,7103,10701,19555,19557,19566,24487,30992,33326
19584	19562,19488,1036,1401,1512,2187,4089,4397,4400,4420
19585	
19586	19556,16477,16483,16498,10628,14446,16474,16490,16492,19452
19587	1355,7038,19489,19573,23726,29935,32748
19588	7057,910,6963,6984,7041,7103,7337,18498,19046,19088
19589	7704,8806,8815,9463,13649,18559,18618,18816,20525,20591
19590	147,242,484,1369,1389,2128,2569,2611,2729,3669
19591	920,16498,16504,19500,19539,19548,19560,19573,19577,31057
19592	6665,919,1235,6609,6675,12782,23791,24396,31031,38215
19593	16477,1814,5588,8677,9820,9836,12650,13924,15225,18294
19594	27296,27334,27344,19723,19731,19714,19696,15369,27255,19706
19595	8268,8295,8273,8308,8399,8291,8292,8315,8318,8270
19596	19693,19606,19607,19609,19616,19620,19621,19651,19664,19599
19597	25421,1100,19599,19600,19607,19641,19645,19646,19651,19652
19598	19602,19603,19608,19614,19620,19605,19606,19613,19627,19631
19599	19664,19605,19608,19634,19639,19687,19631,19632,19662,19606
19600	19597,19599,19607,19641,19645,19646,19651,19652,19655,19658
19601	19664,19669,19608,19620,19614,19643,19693,27296,19607,19611
19602	19632,19608,19669,19731,19642,19662,27296,27344,19603,19628
19603	19614,19602,19606,19608,19605,19634,19639,19662,15369,19601
19604	19631,19632,19669,19723,19664,19651,19607,19618,19621,19650
19605	19621,19664,19614,19693,19608,19651,19631,19603,19731,19599
19606	19618,27296,19614,19634,19612,19639,19714,19603,15369,19628
19607	19620,19664,19601,19604,19631,19651,19693,19605,19612,19616
19608	19631,19602,19632,27296,27334,19601,19605,19614,19662,27255
19609	19621,19632,19631,19664,19669,27255,19639,19645,19651,19681
19610	19606,19693,19601,19614,19631,19632,19643,19596,19604,19605
19611	19631,19621,19628,19601,19608,19612,19669,19723,19604,19645
19612	19614,19620,27296,19606,19616,19618,19631,19611,19634,19639
19613	19652,19620,19631,19723,19604,19608,19616,19621,19628,19632
19614	19621,19620,19634,19603,19612,19714,19605,19606,19659,19608
19615	19672,19689,8156,12196,12875,19444,19599,19601,19607,19618
19616	19621,19620,19614,19710,19612,19669,19714,19723,19634,19605
19617	19602,19606,19621,19631,19604,19645,19609,19618,19632,19662
19618	19606,27296,19631,19612,19614,19645,19669,19681,19714,15369
19619	19606,19616,19652,19669,19693,19601,19602,19603,19605,19607
19620	19614,19634,27344,19650,19607,19612,19616,19672,19601,19651
19621	19614,27334,19605,19609,27255,19616,19676,19624,19611,19643
19622	19608,19652,19601,19602,19604,19606,19609,19610,19611,19613
19623	19599,19602,19605,19621,19624,19632,19643,19651,19652,19655
19624	19621,19652,19602,19650,19608,19631,19669,19605,19632,19681
19625	19703,19635,19642,19668,27268,19629,19700,27371,19611,19628
19626	19604,19609,19652,19605,19611,19616,19620,19621,19631,19632
19627	19652,19614,19616,19620,19631,19657,19601,19603,19606,19609
19628	19652,19602,19611,19669,19693,19606,19723,19620,19664,19621
19629	19618,19651,19652,19662,19701,19604,19606,19609,19611,19614
19630	19602,19604,19621,19632,19651,19652,19662,19669,19601,19603
19631	27296,19608,19611,19604,19609,19639,19681,27255,19618,27334
19632	19602,19608,19609,19664,19604,19731,19662,19665,27344,19651
19633	43318,7022,7024,6966,43171,6577,6962,7044,23717,23729
19634	19614,19620,19606,19731,19651,19602,19603,19608,19612,19616
19635	19625,19642,11555,19708,27268,1010,4419,8270,8271,8273
19636	19645,19602,19604,19606,19611,19614,19617,19628,19629,19631
19637	19603,19608,19621,19601,19609,19614,19618,19620,19631,19645
19638	19616,19621,19601,19603,19606,19614,19643,19646,19652,19701
19639	19631,19606,27296,19693,19608,19609,19612,19662,19599,19603
19640	19595,19596,19597,19598,19599,19600,19601,19602,19603,19604
19641	19652,19614,19621,19612,19664,19672,27295,19631,19645,19662
19642	19602,19631,19621,27334,19601,19608,19612,19616,19650,19669
19643	19652,19621,19693,19601,19723,19669,19605,19609,19651,19664
19644	2608,5957,7371,7383,7406,8695,10469,11380,13799,14569
19645	19664,19651,19614,19618,19620,19662,19681,19609,27296,19611
19646	19614,19603,19605,19606,19608,19616,19632,19634,19672,19693
19647	19652,19621,19693,19631,19605,19608,19609,19664,19603,19614
19648	19652,19614,19620,19681,19684,19602,19603,19605,19606,19609
19649	12881,13192,19595,19596,19597,19598,19599,19600,19601,19602
19650	19652,19620,19602,27334,27344,19604,19606,19614,19624,19631
19651	19731,27344,19693,19669,19605,19620,19634,19645,19681,19604
19652	27344,19643,19628,19650,19665,19726,23382,19624,19647,19696
19653	19602,19606,19608,19609,19621,19639,19652,19659,19662,19693
19654	19620,19652,19669,19612,19609,19618,19631,19634,19647,23382
19655	19697,27249,11577,19662,19664,19701,27296,23382,27262,27362
19656	19608,19652,19669,19693,19606,19617,19620,19631,19632,19650
19657	19669,19631,19723,27296,19611,19612,19616,19618,19642,19664
19658	19597,19599,19600,19607,19641,19645,19646,19651,19652,19655
19659	19741,19614,19620,19606,19609,19634,19693,19605,19608,19612
19660	64,239,368,807,1357,1614,2059,2554,3481,3576
19661	19618,19620,19652,19664,19602,19621,19604,19606,19609,19612
19662	19681,19602,19608,19632,19686,19614,19645,27344,19606,19639
19663	19621,19662,19606,19632,19691,19605,19681,19603,19608,19614
19664	19669,19632,19601,19605,19645,19665,19687,19693,19723,11577
19665	19652,19664,19632,27344,19631,19606,19662,19693,19605,19651
19666	19595,19596,19597,19598,19599,19600,19601,19602,19603,19604
19667	19634,19642,19664,19608,19620,19621,19650,19651,19652,19693
19668	19652,19662,19621,19664,19692,19620,19625,19697,11569,19608
19669	19664,19723,19602,19681,19604,19601,19651,27344,19609,19608
19670	19664,19669,19686,19651,19662,19687,27334,27344,19602,19608
19671	19602,19606,19608,19612,19614,19618,19620,19621,19624,19629
19672	27296,19620,15369,19606,19614,19618,19634,19645,19650,23382
19673	19620,19621,19634,19652,19663,19672,19680,19693,15369,19601
19674	19687,19621,19614,19664,19676,27296,19620,19634,19642,19651
19675	19642,19692,19708,1788,11555,12421,17255,19618,19623,19634
19676	19621,19631,27296,19650,19651,19682,19602,19620,19642,27334
19677	19652,19621,19664,19686,19632,19676,27296,19602,19624,19631
19678	19664,19614,19621,19634,19651,19652,19620,19669,19672,19676
19679	4118,13523,19673,19743,27478,29879,30607,202,269,468
19680	19652,19634,19664,19693,19606,19614,19602,19651,19686,27296
19681	19669,19631,19662,19651,19618,19645,19609,23382,19602,19612
19682	27296,19620,19676,19681,19606,19632,19662,19737,19602,19612
19683	19618,19601,19602,19607,19612,19631,19632,19651,19662,19664
19684	19652,19620,19614,19664,19681,19634,19651,19669,19672,19687
19685	19652,19604,19612,19614,19629,19636,19641,19645,19651,19655
19686	19662,19669,19651,27344,19602,19618,19632,19645,19736,19606
19687	19664,19736,19631,19634,19650,19599,19602,19608,19620,19632
19688	19621,19650,19687,19608,19631,19652,19601,19614,19616,19620
19689	19615,19668,19692,27249,11569,11577,19621,19655,19672,23382
19690	19664,19681,19645,19651,19652,27296,11569,19662,19665,19686
19691	19621,19663,19681,19662,19669,19603,19605,19608,19609,19614
19692	23382,3928,19668,19672,19621,19662,27346,27347,27357,27359
19693	19651,19664,19605,19643,27296,19601,19614,19628,19639,19647
19694	19606,19616,19621,19604,19620,19632,19651,19669,19596,19602
19695	951,2561,2644,8760,9891,12314,19601,19606,19611,19612
19696	19594,19652,19723,19669,19693,19606,27296,19616,19628,19643
19697	19655,19594,19668,19710,19720,19699,12702,19611,19638,19662
19698	19602,19606,19638,19594,19616,19617,19628,19632,19634,19643
19699	19697,19708,19710,19611,19638,19655,19711,19713,19720,27268
19700	19703,19711,19713,19632,19594,19625,19631,19634,19693,1722
19701	19611,19638,19655,19628,19629,19645,19668,12702,19594,19616
19702	15369,19594,19601,19602,19603,19606,19614,19616,19620,19621
19703	19711,19642,19594,19625,19628,19700,19606,19631,19634,19602
19704	19594,19602,19606,19608,19611,19628,19645,19652,19693,19719
19705	19594,19620,19632,19614,19621,19631,19693,19602,19609,19634
19706	19594,19621,19602,19609,19603,19605,19643,19645,19614,19664
19707	19621,19631,19642,19594,19601,19608,19616,19624,19650,19652
19708	27268,19642,19594,19635,19675,19699,19710,27371,11555,19611
19709	19631,19602,19594,19606,19609,19611,19652,19724,19731,19621
19710	19616,19594,19632,19693,19604,19621,19652,19608,19634,19643
19711	19703,19594,19700,19713,19631,19632,19634,19642,19655,1722
19712	19617,19594,19608,19647,19652,19656,19693,1685,8285,9637
19713	19594,19652,19602,19606,19631,19643,19618,19651,19669,19693
19714	19594,19614,19606,19616,19618,19620,19632,19664,27296,19607
19715	1238,18803,19594,19601,19603,19605,19606,19607,19611,19612
19716	19652,19594,19631,19693,19601,19602,19620,19643,19669,19713
19717	19594,19611,19710,19602,19603,19604,19606,19608,19609,19616
19718	
19719	19594,19602,19606,19652,19693,19713,19608,19631,19632,19645
19720	19697,27268,12702,19594,19655,19664,19699,19708,19710,19711
19721	19602,19604,19621,19630,19632,19662,19669,19714,1722,19594
19722	19643,19652,19594,19601,19616,19638,19723,19606,19614,19628
19723	19669,19594,19604,19664,19621,19696,19616,19643,19611,19618
19724	19731,19594,19602,19632,19651,19634,19631,19687,19604,19605
19725	19611,19643,19601,19627,19631,19632,19652,19657,19714,19723
19726	19652,19594,19631,19614,19620,19634,19693,19606,19616,19639
19727	
19728	19594,19686,19621,19662,19664,19669,19723,19608,19609,19631
19729	19594,19652,27344,6966,10309,11359,19602,19606,19616,19621
19730	437,19594,19612,19641,19652,19681,19685,19686,19736,27295
19731	19724,19594,19602,19651,19632,19634,19693,19605,19620,19621
19732	4163,4264,4295,4296,6405,7599,7638,11645,13486,14351
19733	19594,19618,19669,19608,19609,19621,19631,19681,19723,27296
19734	19602,19642,19664,19594,19723,27255,19599,19604,19631,19639
19735	2027,16941,38974,38979,43171,43414,239,338,385,546
19736	19594,19687,19664,19631,19634,19686,19651,19662,19731,27344
19737	19594,19652,27296,19681,19682,19601,19602,19632,19642,19672
19738	19594,19662,19664,19599,19602,19608,19631,19639,27296,19601
19739	
19740	
19741	19659,19594,19614,19620,27296,19606,19608,19621,19631,19634
19742	19594,19652,19664,19606,19651,19662,19681,19693,23382,27296
19743	4118,19679,30607,202,269,385,546,551,663,1137
19744	202,269,551,1137,2059,2639,2940,4118,4841,5119
19745	0,229,1780,1838,2437,2533,2869,3993,5800,6397
19746	16433,38258,7138,7599,8494,11667,11669,11672,12196,13244
19747	19775,19750,19756,19752,19760,19761,19763,19767,19780,19749
19748	19783,19787,19795,19756,19777,19755,19760,19779,19780,19751
19749	19750,1832,19747,19751,19752,19754,19756,19757,19761,19762
19750	19747,19775,19749,19754,19768,19769,19778,19752,19761,19777
19751	19756,19757,19758,19779,19748,19749,19754,19765,19776,8494
19752	19754,19760,19747,19761,19767,1832,19748,19749,19750,19762
19753	19749,19750,19751,19752,19754,19756,19757,19758,19761,19777
19754	19756,19757,19752,19776,19778,19750,19768,19775,19781,19788
19755	19760,19748,19767,19763,19765,19776,1832,19747,19762,19778
19756	19748,19754,19787,19747,19767,19751,19761,19776,19780,19795
19757	19754,19767,19751,19761,19749,19762,19765,19776,19778,19780
19758	19763,19777,19751,19780,19784,19787,19790,19747,19748,19765
19759	19747,19748,19752,19756,19768,19776,19780,19787,19791,19795
19760	19755,19752,19747,19748,19761,19778,19762,19768,19772,19777
19761	19747,19752,19756,19757,19760,19767,19749,19750,19763,19769
19762	1832,19749,19752,19754,19755,19757,19760,19763,19768,19776
19763	19758,19779,19784,19790,19778,19747,19755,19768,19791,19752
19764	19748,19754,19755,19768,19769,19772,19776,19777,19778,19779
19765	19755,19751,19756,19757,19758,19776,19779,1832,8494,19747
19766	1832,16440,19747,19748,19749,19750,19751,19752,19753,19754
19767	19755,19756,19757,19747,19752,19761,19748,19778,19788,1832
19768	19750,19754,19763,19776,19752,19760,19762,19769,19775,19779
19769	19750,19778,19761,19763,19768,19779,19787,19791,19795,1832
19770	19748,19777,1832,11221,16198,16440,19747,19749,19750,19751
19771	1832,5319,5641,13015,16309,16440,19747,19748,19749,19750
19772	19754,19760,19780,19784,19787,19748,19751,19755,19758,19762
19773	1445,1832,2409,2512,2590,3801,4642,4766,5178,5262
19774	19752,19755,19757,19758,19760,19762,19763,19768,19777,19778
19775	19747,19750,19754,19778,19768,19781,19791,1832,19749,19752
19776	19754,19795,19755,19756,19768,19781,19791,1832,19749,19751
19777	19748,19758,19779,19778,19750,19754,19760,19763,19785,16196
19778	19754,19763,19750,19760,19769,19775,19777,19779,19755,19757
19779	19763,19777,19787,19748,19751,19778,19780,19784,19790,19765
19780	19747,19748,19756,19758,19779,19757,19768,19772,19788,19791
19781	19754,19776,19748,19775,19750,19764,19768,19778,19779,19787
19782	1832,16440,19747,19748,19749,19750,19751,19752,19753,19754
19783	19748,19795,19755,19778,19779,19787,19752,19758,19760,19761
19784	19763,19758,19779,19747,19748,19772,19778,19751,19755,19756
19785	19752,19755,19758,19760,19763,19777,19779,19762,19768,19774
19786	16440,13257,16445,16447,26069,45983,11664,11668,16430,28562
19787	19748,19756,19779,19795,19758,19757,19769,19772,19776,19783
19788	19754,19750,19763,19767,19768,19780,19787,19790,1832,19747
19789	19747,19776,19778,19791,19795,1832,19749,19754,19755,19756
19790	19763,19758,19779,19747,19748,19756,19778,19788,19749,19751
19791	19754,19763,19776,19750,19752,19760,19762,19769,19775,19779
19792	26069,16440,19786,566,6825,7248,22282,22305,26132,33624
19793	1832,5319,5641,13015,16309,16440,19747,19748,19749,19750
19794	1832,16440,19747,19748,19749,19750,19751,19752,19753,19754
19795	19748,19776,19787,19756,19783,19769,19789,19752,19754,19755
19796	1832,19749,19762,19776,16208,19747,19750,19751,19752,19754
19797	22921,454,624,2588,2932,5520,8122,8145,8726,11417
19798	6900,8149,14991,19013,24409,26358,33416,33446,34169,35185
19799	1492,6473,26520,45581,48444,1370,1388,1555,1559,1577
19800	19797,19799,19801,19802,19803,19804,19805,19806,19807
19801	19797,19799,19800,19803,19804,19805,19807,26358,33446
19802	19806,19797,19799,19800,19803,19804,19805,19807
19803	19797,19799,19800,19801,19802,19804,19805,19806,19807
19804	19797,19799,19800,19801,19802,19803,19805,19806,19807
19805	19797,19799,19800,19801,19802,19803,19804,19806,19807
19806	19802,31,564,3094,3376,3935,3950,4981,8290,9394
19807	19797,19799,19800,19801,19802,19803,19804,19805,19806
19808	8122,8151,31122,43734,552,929,1002,1113,1809,1862
19809	9450,3518,10461,11015,13426,19811,19812,25938,201,2040
19810	10461,13426,13428,13463,13487,13533,13535,19808,19809,19811
19811	10461,13426,19809,9240,9245,9286,13428,13463,13487,13533
19812	19809,2040,2827,4717,6449,7898,8172,10461,10469,12877
19813	10461,13426,13428,13463,13487,13533,13535,19808,19809,19810
19814	9256,10461,13426,13428,13463,13487,13500,13533,13535,19808
19815	10461,12894,13426,13428,13463,13487,13500,13533,13535,19808
19816	10461,13426,13428,13463,13487,13533,13535,19808,19809,19810
19817	10461,13426,13428,13463,13487,13533,13535,19808,19809,19810
19818	22331,45639,16122,6882,6884,16142,2176,11030,11246,16126
19819	19822,19864,19823,19857,19829,19858,19828,19834,19831,5748
19820	19857,19831,19834,19864,19862,6889,19825,19843,16133,19828
19821	16131,16122,19820,6898,7280,7467,13088,16121,16130,16132
19822	19819,19845,19829,16133,19825,19828,6889,6906,19863,19836
19823	19827,19819,19828,6906,16133,6889,19843,5748,19833,19836
19824	19850,19857,19864,19865,19819,19832,19834,19845,19868,19873
19825	19834,6898,19822,19827,19831,16133,19820,19850,19858,19868
19826	6898,19844,19850,19828,19843,19868,45639,19846,19862,19866
19827	6898,19823,19834,19868,19825,19831,6906,19840,19850,19862
19828	19823,19822,19826,19831,5748,6889,19819,19844,19848,19858
19829	19858,19822,19819,19831,19834,19864,19868,19874,19825,19845
19830	19864,19832,19845,19850,19857,19865,6889,6898,16133,19819
19831	19844,19820,19825,19827,19828,19829,19862,19843,19866,19868
19832	19857,19826,5748,16133,19819,19822,19823,19824,19830,19834
19833	19823,19857,6898,19822,19826,19843,19858,19836,19845,19848
19834	19820,19825,16133,19827,19868,19829,19862,19819,19866,6906
19835	319,660,3451,3456,3505,3518,3519,3525,3545,3546
19836	6906,16133,19822,19823,19857,19820,19829,19843,19858,19864
19837	8536,13016,17051,21843,22542,321,2281,4234,4247,5681
19838	19866,6898,6906,19819,19822,19823,19826,19827,19829,19840
19839	19826,6898,19820,19823,19842,19846,19857,19822,19827,19834
19840	19827,19822,19823,19845,19858,19874,22331,6889,6898,6906
19841	6889,19825,19834,19850,19874,6898,6906,16133,19820,19821
19842	19820,19826,19839,19847,19852,19857,22331,6889,6898,6906
19843	19826,19857,6898,19820,19823,19831,19850,19868,6906,19825
19844	19831,19826,19862,19828,19845,19866,19868,19874,19820,19827
19845	19822,19864,19874,19858,6898,19844,19850,19827,19829,19868
19846	19826,19827,6898,6906,19823,19839,6889,19819,19845,19850
19847	19820,19826,19829,19842,19819,19822,19828,19832,19839,19843
19848	19864,6898,19858,19850,19874,19828,19820,45639,19827,19829
19849	5748,6889,6898,6906,7467,11189,16133,19819,19820,19821
19850	6898,19864,19826,19857,19868,19848,19825,19827,19845,19858
19851	19866,6884,13127,14590,16126,19819,19825,19826,19829,19831
19852	19820,6889,6906,10454,19823,19842,5748,6898,11246,16133
19853	19829,19876,23451,2876,7290,9490,9927,10454,12584,14908
19854	19823,19819,19822,19831,19834,19845,19857,5748,16133,19820
19855	19820,19826,19827,6889,6898,6906,19823,19825,19831,19843
19856	19829,6906,19819,19820,19824,19825,19834,19836,19840,19842
19857	19820,19819,19850,16133,19843,6906,19832,19833,19836,22331
19858	19874,19829,6906,19848,19819,19845,16133,19825,19828,19850
19859	19862,6898,19868,19820,19826,19831,19834,19844,19864,19827
19860	19870,6898,19820,19864,19868,19872,6882,6889,16133,19819
19861	19850,19868,6898,16133,19820,19829,19836,19843,6882,19824
19862	19820,19831,19834,19844,19859,19826,19827,6906,19825,19863
19863	19822,19831,19834,19862,19866,6898,19826,19844,19864,19868
19864	19848,19819,19820,19845,19850,19874,19866,19829,45639,6889
19865	19824,19819,19830,19850,19857,19864,19873,6898,6906,19823
19866	19864,19867,19874,19826,19827,19831,19834,19844,6906,16121
19867	19866,6898,19864,19868,19826,19831,19834,19844,19820,19827
19868	6898,19827,19834,19850,19826,19825,19829,19831,19844,19859
19869	1790,3376,3516,5748,6889,6898,6906,7467,11189,11261
19870	19860,6898,19820,19826,19827,19829,19864,19868,6889,16133
19871	6906,6898,19820,19826,19827,19846,19850,19857,19819,19823
19872	19860,6898,19820,19821,19822,19823,19826,19827,19831,19834
19873	140,1680,3099,6452,6544,6994,8283,9154,11132,12700
19874	19858,19864,19845,19848,19866,19829,19844,19850,19827,19862
19875	19829,19850,6898,6906,19819,19822,19823,19826,19827,19838
19876	7292,2540,9490,7283,7630,17468,19853,22034,22402,23464
19877	28381,33629,38837,5588,6935,9796,12465,14327,30134,33774
19878	7516,10027,13829,13889,13960,19063,19110,25215,34140,130
19879	19896,19898,3684,9584,9791,10306,19878,19880,19881,19883
19880	19881,19915,2928,3875,7494,9584,9791,9847,13836,13901
19881	18634,25249,22773,30244,35702,35796,38737,9847,12620,12636
19882	19910,19913,19914,3747,9584,9791,19878,19880,19881,19883
19883	9584,9791,19878,19879,19880,19881,19882,19884,19885,19886
19884	19910,19913,19914,3747,9584,9791,19878,19880,19881,19883
19885	9793,7477,9781,9807,9927,326,327,329,330,331
19886	143,1232,1563,1871,1950,2071,2565,2656,2935,3037
19887	35565,19891,33749,33779,34227,2537,8715,8785,9471,9584
19888	10469,21141,21205,21,69,350,351,368,546,677
19889	26271,1,131,338,454,1680,2054,2177,2251,2331
19890	442,1001,1025,1100,1113,1181,1220,1617,1823,1915
19891	9838,12655,19881,19887,19915,22773,32039,35591,19,45
19892	144,164,1421,1772,1994,2059,2091,2196,2316,2617
19893	16477,20190,503,8156,12196,16067,18008,29573,52,167
19894	33460,33472,3403,6645,7118,7134,7142,8042,8154,8555
19895	4339,13072,13109,19885,83,123,127,160,310,478
19896	19879,19898,9584,9791,19878,19880,19881,19882,19883,19884
19897	695,9584,9791,13557,13587,19878,19879,19880,19881,19882
19898	19879,19896,9584,9791,19878,19880,19881,19882,19883,19884
19899	125,142,338,366,465,541,975,1099,1216,1821
19900	13,6160,6169,6181,6182,6187,7280,7290,7307,7470
19901	4782,17349,39012,2694,2805,4717,11232,12067,12315,12341
19902	30209,478,2281,2572,2894,3625,4758,4818,4875,5809
19903	9584,9791,19878,19879,19880,19881,19882,19883,19884,19885
19904	22528,11192,22536,2554,5933,12715,13280,18436,30937,621
19905	1216,6165,6884,9414,9415,9584,9791,9872,11246,12025
19906	19904,19909,98,562,2203,2554,2841,3376,3377,3831
19907	222,457,458,541,622,2070,2074,2680,2786,3171
19908	4717,9584,9791,9950,12331,14264,14346,19878,19879,19880
19909	562,5138,6042,8154,19904,27312,161,569,2554,2949
19910	19882,19884,19913,19914,3747,9584,9791,19878,19880,19881
19911	9584,9791,14346,17454,19878,19879,19880,19881,19882,19883
19912	19904,42219,1036,1305,1404,2276,4717,5143,5588,5682
19913	19882,19884,19910,3747,9584,9791,19878,19880,19881,19883
19914	19882,19884,19910,3747,9584,9791,19878,19880,19881,19883
19915	12107,12466,32039,32203,3875,9716,9847,12649,12670,12671
19916	5805,13837,21852,46505,343,3734,4090,7343,11399,17612
19917	2084,4231,22241,3238,3883,3894,3926,4234,4254,7678
19918	19959,4364,7342,7791,8862,8927,10003,13285,13808,15225
19919	19925,19933,19953,19970,19937,19947,19951,19928,19948,8685
19920	35678,35613,35692,43447,15356,20075,23690,49546,49226,7521
19921	13837,14015,14040,14064,19,1664,1687,5179,10035,13793
19922	19946,7342,19927,19928,19930,19932,19933,19937,19947,19951
19923	7342,8862,16816,19917,19918,19919,19920,19921,19922,19924
19924	19948,19946,19941,19960,5805,19943,1595,1647,1778,4019
19925	19970,19919,19941,19960,19943,21852,5805,7343,19921,19938
19926	19957,19970,19934,19960,19943,5805,7343,19920,19938,19945
19927	19930,19934,19946,19922,19958,1595,1647,1778,4019,4903
19928	19947,19932,19933,19937,19951,19953,19957,19919,19930,19922
19929	3298,34297,1814,3575,13849,15314,18302,19429,19944,23690
19930	19927,19932,19933,19947,19953,19928,19937,19948,19951,19970
19931	3305,5928,6923,6951,7342,8862,9794,9854,16816,18080
19932	19947,19930,19928,19934,19948,19922,19941,19958,7343,19920
19933	19947,19951,19919,19928,19930,19948,19934,19946,19922,19941
19934	19957,19926,19927,19932,19933,19937,19947,19953,19928,19951
19935	15122,21855,43162,6109,6222,8721,13430,17038,17436,23623
19936	7521,13870,16871,22973,41407,454,656,961,1012,1814
19937	19953,19957,19919,19928,19948,19930,19934,19922,19946,19941
19938	20504,19,7342,9805,9814,10498,11084,13865,13958,13967
19939	168,336,1694,2413,2687,2713,2720,3400,6107,7342
19940	7342,8862,16816,19917,19918,19919,19920,19921,19922,19923
19941	7342,19919,19924,19925,19932,19933,19947,19948,19953,19928
19942	19956,3734,19920,19958,25184,19,454,1031,1083,1220
19943	7342,19924,19925,19926,19937,19948,19953,19957,19970,19919
19944	2036,19929,19968,46696,544,623,1137,1854,2043,2413
19945	7342,19919,19924,19925,19926,19928,19932,19933,19937,19938
19946	7342,19922,19924,19927,19933,19953,19919,19930,19937,19947
19947	19932,19933,19928,19951,19919,19930,19934,19922,19941,19946
19948	19924,19953,19932,19933,19937,19919,19930,19951,19970,19941
19949	129,1617,1657,1661,1670,1754,1780,2637,2646,2655
19950	3043,3072,3040,3053,3054,3081,3088,3089,13864,3041
19951	19933,19947,19953,19919,19928,19957,19970,19930,19948,19922
19952	19925,19926,19932,19957,7342,8862,16816,19917,19918,19919
19953	19937,19919,19948,19951,19928,19930,19934,19946,19922,19941
19954	19927,1343,2132,5588,7342,8862,12904,13625,14770,16816
19955	19973,84,93,336,339,352,368,376,382,544
19956	1670,168,1677,1688,1692,1694,1736,2413,2687,2689
19957	19926,19937,19934,19928,19951,19960,19922,19943,5805,7343
19958	19922,19927,19932,19946,7342,19919,19924,19926,19928,19930
19959	3926,5588,8201,13636,15353,19918,20074,42332,43100,43435
19960	7342,19924,19925,19926,19957,19933,19937,19951,19953,19970
19961	7342,8862,16816,19917,19918,19919,19920,19921,19922,19923
19962	7342,8862,16816,19917,19918,19919,19920,19921,19922,19923
19963	7342,8862,16816,19917,19918,19919,19920,19921,19922,19923
19964	26870,621,2569,2608,3831,4088,4104,4163,4180,5986
19965	19973,19974,24226,677,797,7438,18808,19976,23297,29594
19966	7343,1,13,20,128,522,538,554,560,566
19967	7342,8862,16816,19917,19918,19919,19920,19921,19922,19923
19968	3883,4206,4240,13275,16689,19077,20943,22274,22283,22298
19969	10596,5896,548,600,3882,3931,3948,4035,4231,4234
19970	19925,19926,19919,19951,19930,19948,19928,19941,19943,19946
19971	7342,8862,16816,19917,19918,19919,19920,19921,19922,19923
19972	2105,543,627,629,2022,3573,6783,6804,7342,8677
19973	352,728,18808,19965,19974,24228,24230,24249,36574,93
19974	17103,24188,343,4792,12600,19965,19973,24208,24212,24248
19975	7438,14246,24228,24249,34386,34657,351,627,3575,6804
19976	19965,19973,19974,19977,82,371,693,728,783,804
19977	17612,19976,40470,42392,93,197,343,368,797,811
19978	20073,4782,20078,36559,7458,11835,11840,19358,26808,28722
19979	19991,11835,11840,11838,24792,11837,20006,20017,680,1409
19980	680,821,2027,13599,15144,20059,343,356,370,371
19981	472,543,582,680,1371,1409,1520,2762,3397,5988
19982	5080,7611,26425,37852,282,622,659,680,973,1181
19983	11399,439,3574,19427,1234,2019,2142,3895,5490,6995
19984	20001,1092,5654,11721,15285,18841,19996,19999,20013,20047
19985	680,1409,13599,14091,17450,18015,19979,19980,19981,19982
19986	20006,680,1409,2088,3748,4590,5541,5891,8195,8475
19987	19983,20040,680,1409,13599,14091,17450,18015,19358,19979
19988	19,20042,20046,20062,154,390,556,680,1409,2030
19989	19996,19999,20047,14091,20003,20013,338,680,1409,2027
19990	24792,11838,20006,11836,24871,11833,11837,11854,20017,20053
19991	19979,11835,11840,20017,680,1409,1918,5312,7458,11854
19992	2,95,112,3233,11165,13801,13832,19032,19091,19114
19993	20046,680,1409,13599,14091,17450,18015,19979,19980,19981
19994	6882,10671,45412,45579,45609,45612,13810,15989,37857,45364
19995	680,1363,1409,2294,2876,5456,7252,7254,7268,9394
19996	19989,20047,1,113,3734,14091,15356,15710,16883,16894
19997	680,1409,13599,14091,17450,18015,19979,19980,19981,19982
19998	42245,134,490,680,1409,1534,1550,4830,7721,8692
19999	19989,20047,49550,14091,16883,19984,20013,20075,25146,29741
20000	680,1409,13599,14091,17450,18015,19979,19980,19981,19982
20001	3230,20013,124,16915,19984,43435,45834,161,239,2017
20002	11835,24905,32892,7458,11833,20004,20006,20017,680,886
20003	23586,32198,32582,32584,40243,95,2857,4841,8685,13870
20004	42096,42101,42111,42114,42107,42092,42094,42098,42110,42122
20005	14469,23471,12744,25527,24487,26265,42692,45428,45488,45514
20006	19990,24792,11833,19979,19986,20002,20007,24871,24905,24967
20007	11840,32892,11854,19429,20006,20017,22927,24871,24905,25007
20008	532,568,666,680,698,961,1100,1140,1230,1409
20009	8613,35907,680,1409,2009,2140,2143,2147,2163,2181
20010	680,695,1409,4745,4808,10496,10500,10714,10838,11310
20011	680,1409,13599,14091,17450,18015,19979,19980,19981,19982
20012	20025,680,1409,13599,14091,17450,18015,19979,19980,19981
20013	20001,18175,18194,20047,19984,19989,19996,19999,342,680
20014	680,1409,7369,8697,8748,13599,14091,15113,15356,15362
20015	680,1409,13599,14091,17450,18015,19979,19980,19981,19982
20016	95,6182,7280,25730,13,26,127,128,130,150
20017	19979,19990,19991,20002,20007,680,1409,13599,14091,17450
20018	20025,680,1409,13599,14091,17450,18015,19979,19980,19981
20019	20033,20044,20061,680,1409,13599,14091,17450,18015,19979
20020	541,680,1409,2659,8532,10378,12210,13599,13676,14091
20021	4774,4795,13584,14514,20038,20042,20054,20068,343,368
20022	134,361,385,656,696,20035,20042,20051,20078,24201
20023	19,680,1409,1918,3684,11572,11835,11838,11840,13125
20024	680,1409,13599,14091,17450,18015,19979,19980,19981,19982
20025	20012,20018,20077,680,1409,12373,13599,14091,17450,18015
20026	11,680,952,963,1409,1741,1755,2682,6998,7717
20027	20071,680,1409,13599,14091,17450,17641,18015,19979,19980
20028	20071,680,1409,6519,6643,12160,13599,14091,17450,17576
20029	310,680,1409,1412,1445,2869,2904,3845,3852,4282
20030	7064,18015,33378,211,383,680,854,920,1406,1409
20031	47095,3134,47128,47165,680,1409,1787,3376,3377,4240
20032	680,1409,13599,14091,17450,18015,19979,19980,19981,19982
20033	20044,20019,20061,680,1409,13599,14091,17450,18015,19979
20034	656,680,5114,64,84,93,356,367,385,550
20035	20022,20042,383,656,668,683,686,692,696,699
20036	680,1409,13599,14091,17450,18015,19979,19980,19981,19982
20037	680,1409,13599,14091,17450,18015,19979,19980,19981,19982
20038	14514,680,812,6573,12612,13599,20021,20042,20051,20054
20039	3230,4841,93,351,439,442,543,606,615,680
20040	19983,19987,20056,20067,20069,680,1409,7264,8169,13599
20041	2027,21513,699,4792,6573,10521,21523,45456,123,352
20042	42796,390,770,4795,4813,12207,17459,20054,394,656
20043	11835,11840,24905,32892,680,1409,1918,5312,7458,8269
20044	20033,20019,20061,680,1409,12342,12353,12366,13599,14091
20045	6626,37841,37852,37856,7029,37849,6986,17649,6493,6497
20046	42140,42080,42114,21677,42090,42108,42111,42138,30742,30785
20047	19989,19996,19999,20013,19984,338,680,1409,2027,2036
20048	680,1409,13599,14091,17450,18015,19979,19980,19981,19982
20049	680,336,2699,4782,15144,18184,20068,24217,36559,138
20050	42425,7248,12714,25495,25506,42424,42490,42500,18385,38203
20051	20022,20038,361,363,377,380,673,680,695,708
20052	20060,45467,40850,41697,45458,4509,7930,12714,13115,14808
20053	20072,19990,24775,24776,24794,24799,680,909,1409,1698
20054	680,795,17723,20042,29602,656,4795,5809,5997,13596
20055	680,12207,17723,18441,20038,20042,20054,29602,43069,265
20056	20069,6168,11843,20040,20067,134,158,159,338,680
20057	17556,11100,23906,24064,35193,2037,6660,6901,10628,11139
20058	25527,25491,27907,45514,23471,14469,16067,20067,23472,24435
20059	19980,20064,367,385,680,694,735,1409,4224,6113
20060	20064,24064,15063,7036,23883,25491,6899,6925,13156,26413
20061	20019,20033,20044,680,1409,13599,14091,17450,18015,19979
20062	9386,13230,19988,20060,21578,43143,43649,45580,467,472
20063	353,680,1409,4801,9023,13557,13599,14091,17450,18015
20064	20060,20869,20058,26413,6397,6899,6925,7018,7025,9553
20065	310,680,1409,1412,1445,2904,3246,3852,4282,4293
20066	20003,20064,30305,43259,11,19,110,131,134,168
20067	14487,45692,20058,23471,23958,28722,39402,45441,14469,18113
20068	13112,24188,343,371,692,705,28717,28738,36574,368
20069	20056,27711,7254,11843,20040,20067,42706,42725,134,338
20070	3575,34212,11395,34326,11387,14047,22756,34200,34364,629
20071	20027,20028,680,1409,13599,14091,17450,17641,18015,19979
20072	20053,19990,24775,24776,24779,24794,24799,680,909,1378
20073	19978,14091,124,2561,16915,19260,20074,25064,33262,33276
20074	16878,42051,17740,35606,35633,2659,16963,17022,21556,23550
20075	35605,43447,15175,49226,19920,35570,16862,1031,16878,23690
20076	45845,338,1839,2027,2036,3971,4163,4182,4198,4206
20077	19978,20025,611,7458,12373,12466,14204,18001,19330,20080
20078	15144,13112,13557,13573,17434,19978,42796,47653,336,352
20079	7458,12062,19878,24951,49743
20080	13661,1814,8671,17046,19428,23673,34204,34386,64,134
20081	476,584,754,1326,1458,2031,2699,3760,4452,4721
20082	2882,30761,7538,30223,35903,35907,47374,48468,198,204
20083	20094,20097,20104,20111,20112,20114,20117,20119,20124,20126
20084	20089,20095,20099,2882,20086,20098,20133,7538,20092,20094
20085	20088,20089,20091,20100,20136,570,979,1823,2630,2843
20086	20089,20099,20084,20091,20094,20095,20101,20108,20118,20133
20087	20093,20097,20102,20104,20110,20117,20119,20120,20122,20124
20088	20098,20108,20137,20100,20129,20132,20085,20092,20094,20096
20089	20084,20091,20099,20086,5387,20094,20101,20118,20129,32169
20090	30147,2827,7612,10670,10709,10801,11569,13400,14301,14318
20091	20136,20089,20086,20099,20108,20129,20085,20092,20094,20096
20092	20084,20086,20088,20089,20091,20094,20095,20096,20098,20099
20093	20133,2882,20087,20097,20102,20104,20110,20117,20119,20120
20094	20111,20114,20109,20116,35882,20112,20113,20121,20126,35890
20095	20084,2882,20099,20086,20098,20108,20118,20133,20137,7538
20096	20118,20084,20086,20088,20089,20091,20092,20094,20095,20098
20097	20110,20127,35895,20130,35890,45391,45481,3402,6473,6513
20098	20088,20115,20136,20137,20084,20095,20106,20129,3322,3332
20099	20089,20084,20086,20095,20091,20094,20101,20108,20118,20133
20100	20088,20085,20089,20091,20132,20136,2843,3685,8524,11014
20101	20086,20089,20094,20099,20108,20118,20083,20084,20087,20088
20102	20119,20122,20124,20109,20112,20121,20125,20113,20126,20110
20103	2504,3685,9731,19956,20083,20084,20085,20086,20087,20088
20104	20120,20126,20110,20135,20130,20083,20087,20093,20086,20089
20105	1137,3685,5569,6964,7652,10500,10619,10723,10799,12555
20106	20098,20129,20084,20086,20088,20089,20091,20092,20094,20095
20107	37981,6016,8399,9891,23070,25184,27653,32246,35353,44619
20108	20088,20136,20137,20086,20091,20094,20095,20099,20101,20118
20109	20122,20114,20094,20102,20121,20113,20116,20120,20124,20110
20110	20097,20104,20120,20122,20102,20109,20111,20128,20087,20093
20111	20094,20113,20116,20120,20135,20110,20115,20127,20083,20130
20112	20128,20119,20114,20117,20102,20124,20094,20115,20120,20083
20113	20111,20109,20122,20094,20102,20114,20116,20117,20124,20125
20114	20094,20117,20109,20112,20116,20120,20121,20126,20113,20115
20115	20094,20098,20111,20112,20114,20117,20119,20124,20128,20102
20116	20094,20111,20117,20109,20114,20122,20128,20113,20121,20125
20117	20114,20124,20112,20116,20126,20121,20125,20113,20115,20083
20118	20086,20089,20094,20095,20096,20099,20101,20108,20083,20084
20119	20128,20102,20112,20124,20125,20126,20121,20113,20115,20083
20120	20104,20111,20122,20109,20114,20110,20124,20112,20113,20121
20121	20109,20122,20102,20114,20117,20124,20125,20126,20094,20116
20122	20109,20102,20120,20121,20125,20113,20116,20110,20127,20135
20123	3685,6789,8560,19956,20083,20084,20085,20086,20087,20088
20124	20102,20117,20119,20109,20112,20121,20125,20126,20113,20120
20125	20119,20122,20128,20102,20117,20121,20124,20126,20113,20116
20126	20104,20117,20114,20119,20121,20124,20125,20094,20102,20113
20127	20097,20121,20109,20111,20116,20122,20125,20128,20130,20094
20128	20119,20112,20125,20116,20110,20115,20127,20135,20083,20087
20129	20088,20089,20091,20098,20106,20136,20084,20086,20092,20094
20130	20097,20104,20121,20127,20109,20111,20116,20122,20125,20126
20131	2662,3762,12768,14494,20471,21857,24424,30608,35281,559
20132	20088,20084,20089,20093,20095,20099,20100,2882,3685,3891
20133	20093,20084,20086,20095,20099,20136,2882,20083,20087,20091
20134	3685,19956,20083,20084,20085,20086,20087,20088,20089,20090
20135	20104,20111,20113,20109,20116,20122,20125,20126,20128,20094
20136	20091,20098,20108,20086,20129,20133,20137,20085,20092,20094
20137	20088,20098,20108,20095,20136,20084,20086,20091,20092,20094
20138	3685,19956,20083,20084,20085,20086,20087,20088,20089,20090
20139	8685,20084,20086,20088,20089,20091,20092,20094,20095,20096
20140	23727,39964,48519,7041,7024,7047,9983,12821,14823,23723
20141	20173,20188,20174,20189,39964,7041,23795,48519,6962,6966
20142	4431,4433,4455,32356,4399,4447,32363,35186,1384,4397
20143	20164,20171,20146,20160,20169,20175,20177,20179,20180,20181
20144	973,1060,1078,1110,1114,1150,1220,3874,3911,5237
20145	23911,6494,6960,14582,20146,20150,20153,20154,20156,20160
20146	20172,20189,48519,6962,7041,20157,20160,20170,23762,23792
20147	20184,20158,20192,20146,20160,20164,20169,20171,20175,20177
20148	20158,20142,20192,20160,2557,20141,20144,20145,20146,20150
20149	20186,20142,20192,20160,2557,20141,20144,20145,20146,20150
20150	1356,20162,20178,23738,48519,6654,6966,20160,20188,23795
20151	20141,20142,20143,20144,20145,20146,20147,20148,20149,20150
20152	20142,20192,20160,2557,20141,20144,20145,20146,20150,20151
20153	23727,20162,20178,6955,7047,8773,10778,13115,14455,14823
20154	23717,23763,36198,6962,23748,23759,23777,33267,49609,23730
20155	20141,20142,20143,20144,20145,20146,20147,20148,20149,20150
20156	23727,20162,20174,20178,48519,7041,20160,20170,20188,7024
20157	20146,20153,20173,20141,20154,20156,20161,20165,20166,20176
20158	20148,20147,20192,20142,20160,20141,20144,20145,20146,20150
20159	20142,20192,20141,20161,2557,3664,10143,13090,13865,17300
20160	20146,20150,20153,20154,20156,20165,20166,20176,20143,20145
20161	20162,20174,20178,6966,7041,15234,20170,20188,23795,4516
20162	20150,20153,20154,20156,20161,20165,20167,20173,20176,23727
20163	20141,20142,20143,20144,20145,20146,20147,20148,20149,20150
20164	20181,20143,20193,20146,20147,20185,441,916,917,1918
20165	20166,20176,20173,23727,20174,7041,20160,20162,20178,48519
20166	20176,20165,20172,23727,20174,20189,48519,7041,20160,20170
20167	20162,20172,20178,17155,17157,20142,20146,20150,20153,20154
20168	20141,20162,20178,20188,20189,10626,20142,20143,20144,20145
20169	20181,20192,20143,20146,20147,20191,20193,4414,4425,4482
20170	20146,20153,20154,20156,20161,20166,20174,20176,20141,20165
20171	20175,20177,20143,20181,20191,20146,20147,20185,20193,45509
20172	20146,20166,20167,20145,20150,20153,20154,20156,20160,20161
20173	20141,20165,20174,23727,7041,20157,20162,20178,20188,7024
20174	20141,20154,20156,20161,20165,20166,20173,20176,20170,7041
20175	20171,20192,20143,20146,20147,20191,1388,4414,4425,4482
20176	20166,20165,23727,20174,48519,7041,20160,20162,20170,20178
20177	20171,20181,20143,20146,20147,20191,20192,20193,4414,4425
20178	20188,20150,20153,20154,20156,20161,20165,20167,20173,20176
20179	20181,20192,20143,20146,20147,20191,20193,4414,4425,4482
20180	20192,20143,20146,20147,20191,20193,4414,4425,4482,5249
20181	20164,20169,20177,20179,20171,20143,20146,20147,20193,4414
20182	20141,20142,20143,20144,20145,20146,20147,20148,20149,20150
20183	20141,20142,20143,20144,20145,20146,20147,20148,20149,20150
20184	20147,20192,20142,20160,20141,20144,20145,20146,20150,20151
20185	20142,20160,20164,20171,20191,20193,441,2557,20141,20144
20186	20149,20142,20192,20160,2557,20141,20144,20145,20146,20150
20187	20141,20142,20143,20144,20145,20146,20147,20148,20149,20150
20188	20178,20141,20150,20153,20154,20156,20161,20173,20142,20165
20189	20141,20146,20166,39964,20168,123,167,1987,2427,2437
20190	10652,18005,20869,1387,1787,6140,6920,6925,8509,17785
20191	918,39481,30996,31047,39523,31018,31035,31048,39543,920
20192	20142,20147,20148,20149,20152,20158,20159,20169,20175,20179
20193	20164,20142,20143,20169,20171,20177,20179,20180,20181,20185
20194	27744,28221,28236,32141,32236
20195	17292,20340,22881,26808,27744,29463,251,6299,20198,22159
20196	14534,19358,20198,20810,23974,26853,28237,28239,28249,32141
20197	28236,19358,20198,23974,26853,28221,32141,32236
20198	20195,20196,20197
20199	29511,22507,37990,10217,42776,2639,15088,22602,22994,28635
20200	20235,20220,20241,20245,20267,20201,20203,20205,20209,20210
20201	20245,20205,20253,20261,20241,20257,20258,20265,20267,20223
20202	6965,20218,20227,20240,20245,20248,20250,20253,20255,20258
20203	20245,20205,20210,20223,20235,20252,11569,17198,19655,19662
20204	20246,20229,20231,20234,20241,20245,20258,20263,20276,2406
20205	20211,20250,29511,20210,20201,20206,20226,20260,20223,20234
20206	20205,20261,20263,20211,20240,20241,20251,20255,6965,20210
20207	20240,6965,20245,20205,20233,20250,20251,20253,20263,20282
20208	20205,20222,20240,20251,20253,20255,20261,20281,6965,20206
20209	8270,8295,8268,8286,8291,8292,8301,8318,8331,8336
20210	20205,20261,6965,20258,20255,20263,20206,20211,20215,20218
20211	20205,20251,20261,20246,20260,20206,20238,20210,20226,20241
20212	1754,2603,2608,6965,20200,20201,20202,20203,20204,20205
20213	6965,20201,20220,20226,20245,20247,20251,20253,20257,20265
20214	20210,20215,20220,20222,20245,74,168,367,385,437
20215	3575,34304,11395,19427,22756,34159,34169,34176,34183,34250
20216	44892,12107,13661,18634,19881,503,1754,3400,4389,8671
20217	20241,20200,20201,20203,20205,20206,20207,20210,20220,20223
20218	20240,20250,20251,20261,20246,20248,29511,20277,20206,20210
20219	5933,8795,9796,27590,35179,44892,45130,1,3,11
20220	20215,20251,20200,20226,20235,20245,20247,20267,6965,20203
20221	1754,2603,2608,6965,20200,20201,20202,20203,20204,20205
20222	20281,20226,20240,20251,6965,20210,20231,20253,20255,20261
20223	20245,20205,20252,20275,20201,20203,20209,20210,20230,20234
20224	19621,19664,27334,11569,19620,19634,19651,19652,19669,19684
20225	2603,20205,20208,20209,20216,20222,20223,20240,20251,20253
20226	20251,20205,20240,6965,20222,20253,20255,20265,20281,20206
20227	20263,6965,20261,20240,20246,20251,20265,20248,20260,20206
20228	1754,2603,2608,6965,20200,20201,20202,20203,20204,20205
20229	20204,20231,20245,20226,20246,20258,6965,20205,20211,20222
20230	20223,20281,20282,20206,20222,20267,1754,2603,2608,3131
20231	20253,20258,6965,20246,20255,20261,20263,20210,20222,20229
20232	20231,20233,20241,20267,20281,20201,20205,20206,20210,20235
20233	20240,20232,20205,20207,20210,20222,20251,20258,20261,6965
20234	20205,20251,20258,6965,20201,20204,20210,20211,20223,20238
20235	20200,20205,20241,20245,20252,20201,20203,20206,20210,20220
20236	2608,20205,20208,20209,20216,20222,20223,20240,20251,20253
20237	20207,20209,20226,20229,20231,20234,20240,20245,1754,2418
20238	6965,20205,20211,20251,20253,20258,20218,20246,20248,20250
20239	20240,20245,20251,6965,20215,20218,20227,20241,20246,20255
20240	20250,20261,20265,20218,29511,20227,20207,20226,20233,20206
20241	20245,6965,20258,20263,20265,20206,20246,20248,20267,20201
20242	20204,20206,20241,20263,20276,53,128,1354,1453,1469
20243	20246,20258,20232,20240,20260,20281,6965,20200,20204,20205
20244	20240,20245,20255,20205,20206,20211,20226,20250,20261,20263
20245	20248,20265,20241,20201,20223,20277,20203,20207,20229,20235
20246	20255,20211,20261,20204,20218,20227,20265,20248,20231,20241
20247	20220,20226,20251,20281,6965,8685,20213,20215,20222,20245
20248	20245,20253,6965,20251,20250,20218,20227,20246,20241,20277
20249	20241,1943,2603,342,1417,1754,2608,3403,3438,3565
20250	20205,20240,20251,20218,20248,20265,20277,20206,20226,20238
20251	20211,20250,20218,20248,20226,20227,20206,20222,20238,20260
20252	20205,20223,20235,20245,4364,19550,20201,20203,20210,20241
20253	20248,29511,20281,20231,20260,20201,20226,20238,20277,20209
20254	1754,2603,2608,6965,20200,20201,20202,20203,20204,20205
20255	20246,20281,20206,20210,20226,20231,20222,20244,20259,20201
20256	20241,20245,20267,6965,20201,20215,20218,20223,20227,20231
20257	20201,20245,20253,20281,20282,20205,20213,20222,20226,20247
20258	20241,20210,20231,20281,20238,20201,20234,20243,20275,37990
20259	20211,20245,20246,20253,20255,20261,20263,20205,20218,20227
20260	20211,20263,6965,20205,20253,20261,20227,20246,20251,29511
20261	20263,20211,20240,20246,20218,20227,20210,20206,20260,20201
20262	10029,10135,18313,20273,23283,23508,36815,36936,36967,36978
20263	20261,20227,20241,20260,20206,20210,20231,20226,20259,20281
20264	33621,223,995,2223,2602,7854,9745,15088,16882,20236
20265	20245,20240,20250,20227,20246,29511,20241,20226,20277,20281
20266	20210,20215,20220,42776,450,1754,2603,2608,6965,8006
20267	20241,20251,20201,20206,20232,20253,20261,6965,20200,20218
20268	1754,2603,2608,6965,10164,10382,20200,20201,20202,20203
20269	6965,20218,20227,20240,20245,20248,20250,20253,20258,20263
20270	6965,20205,20211,20218,20240,20245,20248,20250,20251,20253
20271	1754,2603,2608,6965,20200,20201,20202,20203,20204,20205
20272	45870,14,437,442,1754,2118,2220,2603,2608,3506
20273	22940,23696,23697,23698,33635,33636,33637,186,1754,2603
20274	1754,2603,2608,6965,20200,20201,20202,20203,20204,20205
20275	20223,20240,20245,20258,20205,20222,20251,20261,6598,17556
20276	20204,20246,6965,8315,8321,8396,20205,20206,20211,20218
20277	6965,20218,20240,20245,20248,20250,20253,20265,20205,20227
20278	1754,2603,2608,6965,20200,20201,20202,20203,20204,20205
20279	20207,20220,20245,20275,20282,1384,1435,1754,2019,2603
20280	23685,33498,33621,2646,9471,10236,12650,17898,19306,38055
20281	20222,20253,6965,20255,20258,20226,20240,20265,20231,20232
20282	20281,20201,20205,20207,20223,20230,20245,20253,20257,6965
20283	20382,20387,20395,20380,20391,16683,20384,20392,541,1100
20284	19,10052,21873,242,10505,13800,16621,20287,20300,20301
20285	19,364,861,1026,1078,1087,1095,1116,1119,1127
20286	4990,4993,8667,93,4008,4995,8683,9738,9740,13573
20287	20284,20300,20301,20303,20304,20307,20311,20314,20316,20319
20288	20325,20348,19,364,622,2440,2864,3549,4102,4143
20289	25193,25200,45022,19,146,364,442,956,973,1001
20290	439,3734,13847,1100,27736,4254,10240,23305,26849,27750
20291	8685,20299,22943,23685,49873,19,39,186,193,364
20292	25440,36166,36169,1,19,364,4143,5951,14277,16861
20293	19,28,38,83,85,328,332,364,1489,2880
20294	19,364,4143,5951,14277,20284,20285,20286,20287,20288
20295	19,364,4143,5951,14277,20284,20285,20286,20287,20288
20296	19,364,4143,5951,14277,20284,20285,20286,20287,20288
20297	19,364,4143,5951,14277,20284,20285,20286,20287,20288
20298	6304,8685,13847,14746,22984,25170,29464,29516,19,29
20299	20392,4401,20291,20384,32739,33498,1,19,135,193
20300	20326,19,20320,20368,20395,660,1181,5134,6038,14911
20301	20343,20368,20284,20287,20300,20303,20304,20307,20311,20314
20302	23717,32326,32734,2645,4405,6976,7758,8685,8737,11756
20303	20304,20311,20314,20316,20345,20284,20287,20301,20319,20320
20304	20303,20316,20345,966,20284,20287,20301,20319,20320,20321
20305	19,364,4143,5951,14277,20284,20285,20286,20287,20288
20306	17623,4036,4046,4053,4085,8047,8068,22104,22118,22124
20307	20316,20345,20284,20287,20301,20319,20320,20321,20322,20324
20308	19,364,4143,5951,14277,19751,20284,20285,20286,20287
20309	20355,19,364,952,956,971,1011,1022,1078,1080
20310	12577,578,19109,5090,8797,9105,9839,10496,13654,18614
20311	20303,20316,20345,20284,20287,20301,20319,20320,20321,20322
20312	5263,8816,12649,20384,32326,19,180,364,541,638
20313	20392,20384,19,364,1695,2557,2565,2830,4143,4401
20314	20303,20316,20345,20284,20287,20301,20319,20320,20321,20322
20315	20316,20321,20325,20337,20341,20342,20343,20348,20353,20355
20316	20341,20342,20303,20304,20307,20311,20314,20321,20324,20327
20317	19,364,4143,5951,14277,20284,20285,20286,20287,20288
20318	20392,20325,27595,19,364,442,982,1085,1088,1417
20319	2849,4053,4166,4234,4254,10390,13734,15471,16696,20284
20320	20345,20326,20368,20300,9201,20284,20287,20301,20303,20304
20321	20316,20326,20337,20341,20342,20343,20348,20355,20360,20364
20322	20284,20287,20300,20301,20303,20304,20307,20311,20314,20316
20323	19,364,4143,5951,14277,20284,20285,20286,20287,20288
20324	20342,20316,20327,20336,20345,20364,20368,20378,20284,20287
20325	20359,16683,20339,20353,20381,27086,9201,19542,20288,20310
20326	20368,20300,20320,20364,20378,16683,20321,20336,20339,20376
20327	20316,20324,20341,20342,20345,20357,20368,20377,20284,20287
20328	20284,20287,20300,20301,20303,20304,20307,20311,20314,20316
20329	106,3412,3702,7299,9976,12229,12613,14982,16532,16631
20330	20392,20384,19,364,1695,2557,2565,2830,4143,4401
20331	19,364,4143,5951,12635,13915,14277,20284,20285,20286
20332	19,364,1538,2715,4143,4983,5148,5951,6224,8750
20333	20567,30144,30384,44417,351,575,1230,3950,4717,5469
20334	19,364,4143,5951,14277,20284,20285,20286,20287,20288
20335	19,82,364,1021,2770,4143,5951,7797,14154,14277
20336	20368,20324,20326,20342,20343,20364,20378,20284,20287,20300
20337	20316,20321,20341,20342,20343,20348,20355,20360,20364,20372
20338	19,364,1409,2461,3880,3906,3932,4086,4143,4264
20339	20325,20326,20359,20364,20368,20378,20324,20336,20376,19
20340	22896,22876,601,2269,2547,3971,4009,4262,6090,9472
20341	20376,20343,20316,20355,20382,20387,20391,20321,20327,20337
20342	20343,20382,20324,20391,20316,20321,20327,20336,20337,20345
20343	20342,20341,20301,20316,20321,20336,20337,20353,20360,20366
20344	19,73,364,1301,2554,4143,5951,6191,7651,7663
20345	20320,20368,20303,20304,20307,20311,20314,20324,20327,20341
20346	19,364,4143,5951,14277,20284,20285,20286,20287,20288
20347	20325,32326,19,364,1695,2557,2565,2830,4143,4401
20348	20355,20364,20376,20378,20316,20321,20337,20341,20342,20360
20349	19,364,4143,5951,14277,20284,20285,20286,20287,20288
20350	19,364,4143,5951,14277,20284,20285,20286,20287,20288
20351	19,364,4143,5951,14277,20284,20285,20286,20287,20288
20352	1141,4336,5653,5654,5666,5668,13910,14132,17636,23613
20353	20325,20343,20378,20315,20316,20321,20337,20341,20342,20348
20354	20284,20287,20300,20301,20303,20304,20307,20311,20314,20316
20355	20341,20348,20364,20376,20378,20316,20321,20337,20342,20360
20356	14277,19,364,621,2092,2554,3450,4143,4832,4841
20357	20327,20368,20284,20287,20300,20301,20303,20304,20307,20311
20358	19,364,4143,5951,14277,20284,20285,20286,20287,20288
20359	20325,20339,20364,20368,20378,20316,20327,20336,20345,20376
20360	20316,20321,20337,20341,20342,20343,20348,20355,20364,20376
20361	2843,8017,9872,9915,31460,47423,19,126,364,1535
20362	20316,8685,20284,20287,20300,20301,20303,20304,20307,20311
20363	37181,37204,10058,23270,34644,35179,36668,36674,36688,36698
20364	20387,20326,20348,20355,20380,20316,20321,20324,20336,20337
20365	19,364,4143,5951,14277,20284,20285,20286,20287,20288
20366	20341,20342,20343,20368,20376,20378,20284,20287,20300,20301
20367	19,364,1099,1664,1667,1689,1879,1915,2660,4143
20368	20326,20320,20336,20345,20300,20301,20324,20327,20339,20357
20369	5410,5415,20284,20287,20300,20301,20303,20304,20307,20311
20370	19,364,1815,4143,5951,14277,20284,20285,20286,20287
20371	19,364,4143,4983,5185,5951,14277,20284,20285,20286
20372	20316,20321,20337,20341,20342,20343,20348,20355,20364,20376
20373	19,364,4143,5951,14277,20284,20285,20286,20287,20288
20374	19,364,4143,5951,14277,20284,20285,20286,20287,20288
20375	19,364,4143,5951,14277,20284,20285,20286,20287,20288
20376	20341,20391,20348,20355,20380,20316,20321,20326,20337,20360
20377	20327,20368,20284,20287,20300,20301,20303,20304,20307,20311
20378	20326,20348,20355,20316,20321,20324,20336,20337,20339,20353
20379	17025,21705,91,13223,0,6,52,63,575,1913
20380	20283,20364,20376,20382,20387,20391,20341,20342,20348,20355
20381	20325,20343,20283,20341,20342,20353,20364,20376,20382,20387
20382	20283,20342,20391,20341,20380,20348,20355,20316,20321,20337
20383	
20384	20283,20299,20302,20312,20313,20330,10505,12649,13676,16111
20385	656,5588,6802,8702,9796,11377,12634,13852,17030,20565
20386	19,242,394,660,667,1078,1085,1113,1343,1950
20387	20364,20283,20341,20380,20348,20355,20316,20321,20326,20337
20388	
20389	
20390	39475,1356,5263,6451,6455,6481,6505,6518,6520,6600
20391	20376,20382,20283,20342,20341,20380,20348,20355,20316,20321
20392	20299,20283,20313,20318,20330,33498,242,1083,1094,1695
20393	
20394	20283,20315,20316,20321,20325,20337,20341,20342,20343,20348
20395	20283,20300,20341,20342,20321,20324,20327,20337,20343,20348
20396	3304,3368,548,2135,3311,3318,3335,3750,3751,3993
20397	9170,9082,9091,9101,9153,18616,26883,28038,43296,43318
20398	5236,3394,5242,6487,6982,11727,11756,23718,49581,49604
20399	1680,5170,45585,64,106,622,952,956,971,973
20400	20416,20415,11341,14996,20396,20397,20398,20399,20401,20402
20401	20405,20410,20417,11341,20396,20397,20398,20399,20400,20402
20402	11341,20396,20397,20398,20399,20400,20401,20403,20404,20405
20403	1114,1366,3437,7279,11157,11341,12047,12511,12885,14266
20404	1014,11341,12695,20396,20397,20398,20399,20400,20401,20402
20405	20401,20410,20430,11341,14996,20396,20397,20398,20399,20402
20406	338,368,14007,28050,48536,265,278,343,439,663
20407	11341,20396,20397,20398,20399,20400,20401,20402,20403,20404
20408	11341,20396,20397,20398,20399,20400,20401,20402,20403,20404
20409	1605,2750,2752,3760,9943,11341,16271,17562,17675,18447
20410	20401,20405,20417,20428,11341,20396,20397,20398,20399,20400
20411	11341,20396,20397,20398,20399,20400,20401,20402,20403,20404
20412	11341,20396,20397,20398,20399,20400,20401,20402,20403,20404
20413	8468,9490,11341,11427,12805,13306,13309,18120,18121,20396
20414	20442,11341,20396,20397,20398,20399,20400,20401,20402,20403
20415	20400,20416,20417,8401,11341,20396,20397,20398,20399,20401
20416	20400,20415,20427,11341,20396,20397,20398,20399,20402,20403
20417	20401,20410,20415,45293,11341,20396,20397,20398,20399,20402
20418	23191,2053,3466,3898,8455,8508,14289,16686,17292,20471
20419	934,2129,2143,2147,2154,2157,2174,2229,2232,2249
20420	11341,20396,20397,20398,20399,20400,20401,20402,20403,20404
20421	11341,20396,20397,20398,20399,20400,20401,20402,20403,20404
20422	42751,1857,6264,8468,9277,13158,13180,18591,26116,31429
20423	11341,20396,20397,20398,20399,20400,20401,20402,20403,20404
20424	31978,22034,2255,7248,7254,7265,11246,11879,19187,21078
20425	38648,38628,38629,38630,38634,38640,38644,38657,38659,38665
20426	11341,20396,20397,20398,20399,20400,20401,20402,20403,20404
20427	20416,11341,20396,20397,20398,20399,20400,20401,20402,20403
20428	20410,11341,20396,20397,20398,20399,20400,20401,20402,20403
20429	11341,20396,20397,20398,20399,20400,20401,20402,20403,20404
20430	20405,11341,20396,20397,20398,20399,20400,20401,20402,20403
20431	11341,12313,20396,20397,20398,20399,20400,20401,20402,20403
20432	11341,20396,20397,20398,20399,20400,20401,20402,20403,20404
20433	11341,20396,20397,20398,20399,20400,20401,20402,20403,20404
20434	2487,11341,11429,11430,11678,11679,11680,20396,20397,20398
20435	11341,20396,20397,20398,20399,20400,20401,20402,20403,20404
20436	38632,38646,562,11341,13994,20396,20397,20398,20399,20400
20437	3761,3778,47610,223,995,1111,1950,2223,2505,2544
20438	2971,6359,6388,11341,12219,20396,20397,20398,20399,20400
20439	19,998,1174,3360,3883,3895,4839,6168,7655,11341
20440	9553,11341,2795,3875,4838,4942,4945,4967,5681,7571
20441	4,11,14,207,2141,2603,2608,2637,2695,2908
20442	20414,11341,20396,20397,20398,20399,20400,20401,20402,20403
20443	20447,10382,34468,1110,10449,27305,1823,10254,22500,23696
20444	38737,12689,16621,25224,439,1135,3734,9841,9998,12637
20445	52,549,1360,1489,1513,1521,1639,1777,1870,1982
20446	9841,20469,20482,20492,52,82,575,623,1639,1870
20447	20443,10236,22147,3037,3920,5030,22500,23728,44718,662
20448	186,528,987,1458,1557,1559,1569,3880,3893,4389
20449	9841,18311,18627,20456,20497,52,131,194,457,1244
20450	5933,31,52,1071,1139,1639,1870,1937,3540,3762
20451	17267,501,9983,15231,31253,39801,39835,39846,39847,40308
20452	1954,41011,1961,9182,12722,39762,52,1388,1639,1772
20453	11404,13877,16701,17880,20443,20447,20455,20465,20466,20468
20454	20491,52,1639,1870,3540,3762,5536,5928,5933,6840
20455	3762,16701,17880,20443,20447,20453,20465,20466,20468,20477
20456	5928,8815,9463,351,13280,18320,18595,20472,20506,35752
20457	52,1649,11721,19542,20465,26268,32532,17,48,82
20458	32864,52,1099,5933,10236,12640,14569,20474,20481,20498
20459	6171,12600,20480,52,476,584,754,1012,1326,1424
20460	9841,5955,8933,12188,20444,20500,28662,37948,37967,38012
20461	52,1639,1870,3540,3762,5536,5928,5933,6840,7444
20462	1,52,11402,13792,13828,13889,13959,14691,18338,18539
20463	3456,3518,3558,3762,5933,7266,8401,8492,16643,16650
20464	52,198,374,570,979,1022,1639,1823,1870,2630
20465	4053,4160,22158,22164,22147,22247,31128,4086,4254,19077
20466	20465,3762,6840,16701,17880,20443,20447,20453,20455,20468
20467	9841,18311,18627,19542,20497,20519,52,1639,1870,3540
20468	3762,16701,17880,20443,20447,20453,20455,20465,20466,20477
20469	4776,4804,9841,12697,20446,30021,33521,52,623,1382
20470	52,87,1639,1870,3540,3762,5536,5928,5933,6840
20471	8083,8082,8086,8091,8097,8107,8111,11889,11893,21857
20472	20521,20506,17059,3937,5933,8800,2204,18576,19576,20525
20473	7651,22154,22265,7852,10350,18916,23202,27736,40814,523
20474	18075,30149,3702,4197,4234,4244,6545,7242,7694,7697
20475	5933,5955,522,609,621,5986,7651,9770,10502,14569
20476	12828,13280,13510,13636,14318,18463,20505,20506,22536,43068
20477	3762,16701,17880,20443,20447,20453,20455,20465,20466,20468
20478	52,1639,1870,2786,3540,3762,4776,5536,5928,5933
20479	8790,3010,11865,17466,18311,18595,18613,20544,24159,26929
20480	8501,9153,138,166,13644,17048,17070,17612,18576,20506
20481	20453,20458,20474,52,1639,1870,3540,3761,3766,5536
20482	5536,20446,52,194,339,1639,1870,2603,3540,3762
20483	9467,14390,3283,7989,10502,14318,14391,18311,18360,20283
20484	10670,25558,4069,4101,5265,7564,7596,7619,14531,20869
20485	20498,52,168,433,573,576,973,1016,1106,1538
20486	26872,43144,44958,615,7459,8501,9841,10301,10504,13280
20487	39135,52,972,1639,1870,3540,3762,5536,5928,5933
20488	23787,41069,49648,49606,1390,13119,25300,26386,32355,32804
20489	17880,20456,20488,20500,0,39,52,87,206,343
20490	23305,19,5758,8536,12222,16433,19077,19786,20488,20943
20491	18281,20454,52,1639,1870,3540,3762,5498,5536,5924
20492	9770,5532,5588,9807,11093,11723,13654,16477,18576,18841
20493	16231,18829,52,618,762,1639,1870,2623,3540,3745
20494	52,1639,1870,3540,3762,5536,5928,5933,6840,7444
20495	368,381,13112,13280,18176,18324,18816,20471,20480,21111
20496	18819,20480,23685,52,105,110,114,162,439,670
20497	52,18576,18100,41767,5928,5933,9467,9841,13661,18311
20498	4231,14917,20458,20465,20485,22294,22295,32986,52,573
20499	18324,338,2161,7444,10723,13280,15761,20462,20505,20506
20500	20610,4782,15660,22069,522,3937,5933,5960,9861,13280
20501	52,1639,1870,2027,3540,3762,5536,5928,5933,6117
20502	9861,20567,28611,546,579,615,2538,3518,3935,3937
20503	52,1521,1639,1870,1918,3407,3540,3762,5536,5928
20504	20541,14237,35698,6958,8815,9814,9847,12107,12671,14026
20505	13681,13280,2554,13688,22536,7704,8786,9944,12828,13267
20506	20472,18576,20846,5588,9841,13640,2204,8800,9882,12107
20507	15843,1854,12344,22241,576,758,4102,4174,4194,4234
20508	52,1639,1870,2090,3126,3540,3762,3941,4246,4273
20509	19513,1146,3714,3742,3844,4909,5536,5839,8231,8621
20510	770,18445,24230,831,5137,12586,12594,13786,21129,24226
20511	18558,113,593,1220,1388,1417,1607,1797,1879,1954
20512	42897,7882,557,18450,18825,24135,47822,4875,5283,10544
20513	161,2680,134,29822,43312,6109,6120,16680,23696,25184
20514	40320,8790,13632,17059,22517,36659,11863,13636,17489,18099
20515	
20516	45854,2892,3875,4819,7747,9098,9196,9835,10653,10658
20517	9467,52,556,1230,1433,1589,2791,2919,5045,5265
20518	7882,42897,17842,18612,18646,18809,18844,11863,24140,9880
20519	18294,20467,131,1244,2167,8268,8271,8273,8284,8301
20520	578,13700,18442,20514,573,1043,1704,2455,2786,2795
20521	20472,20539,41796,9467,13690,20522,20542,20615,24147,39014
20522	20846,5682,13280,20521,20525,35740,1433,5681,9467,9839
20523	6,90,368,2149,5536,5588,7013,7261,7698,8025
20524	465,975,1821,1890,2043,2104,2413,2484,3037,3625
20525	18654,12343,18576,20472,20522,20553,40320,41767,41791,1433
20526	140,158,728,1036,1392,1673,1741,1772,1814,2201
20527	18294,24459,44976,19,1860,2662,2682,3926,4210,7242
20528	36,95,368,3099,5534,6623,9455,9854,10623,10643
20529	5682,8766,20506,29566,43171,52,1043,1245,1249,2204
20530	1495,1782,4171,4325,4765,5588,9969,12004,13592,13670
20531	41697,11863,13280,18576,24155,46220,1230,9467,9839,15843
20532	
20533	20599,20590,22638,12570,20565,95,128,9927,19107,21077
20534	6143,19542,1,93,2535,6169,6171,6183,6207,6978
20535	6113,12226,17046,20634,26906,31251,31269,134,694,1680
20536	17037,95,99,638,1404,2535,3796,6107,6802,10746
20537	
20538	110,339,2409,2603,3885,5523,5534,7243,8617,9705
20539	20521,15757,13280,17489,41788,8790,9885,13632,18099,18614
20540	
20541	20504,14237,9394,14026,14131,14205,15229,18634,21275,23657
20542	20553,9467,8800,18595,20472,20521,41765,41788,9841,18613
20543	9847,15715,2281,5265,5933,9839,9882,11860,11863,13632
20544	15231,41765,8790,8797,11865,17466,41801,41805,46036,47809
20545	41801,4254,4981,5809,6783,9885,10626,13652,15751,18213
20546	52,24101,2523,2694,8794,11865,13654,15285,18441,18560
20547	1230,8815,9843,9986,11865,18359,351,578,1043,2204
20548	
20549	2090,3126,3941,4246,4273,6298,7255,8514,8619,10328
20550	
20551	194,18294,19137,20454,20491,20510,35227,35557,35736,35772
20552	7699,8795,9573,17888,18333,18594,35698
20553	20542,20525,3238,20521,35822,41765,46220,8800,9467,9841
20554	6,338,2196,2864,2922,7897,14969,17059,17880,19109
20555	575,6935,11246,13088,13280,18441,19113,21077,22638,164
20556	11387,22756,11395,22355,25256,629,3575,11384,11400,14047
20557	18075,342,1001,2142,15186,15666,19430,20596,21873,22265
20558	366,1137,1228,2957,3026,3294,3347,3882,3884,3920
20559	18294,20458
20560	117,958,3762,16324,16701,17880,18294,20443,20447,20453
20561	8671,4389,8685,22934,23685,10236,22946,3880,22927,22940
20562	40437,40443,351,575,1357,1918,3403,5933,5960,9102
20563	15567,15843,20829,3920,4246,4247,10240,14739,22091,22106
20564	117,958,3762,16324,16701,17880,18294,20443,20447,20453
20565	142,20533,25720,17,125,6778,9927,11164,14264,21077
20566	7860,7864,6458,6497,6568,7867,7868,7869,7873,7876
20567	3937,42240,5231,10469,5033,5933,14562,30144,366,1216
20568	18294,20583,117,958,3761,3766,5549,11063,11074,11417
20569	20826,43695,16176,27526,8514,15032,31122,4163,4202,7242
20570	25311
20571	186,973,1110,1135,2830,3394,5237,7698,10063,12565
20572	5955,10709,10732,13654,18841,622,2238,2802,4736,5086
20573	9777,35612,35654,52,354,362,1417,1489,1884,2778
20574	1830,3456,5538,8492,31125,49790,613,660,673,1810
20575	21959,44985,48882,49543,95,249,574,1137,1186,2802
20576	1855,29622,38719,42782,45361,45530,338,457,465,575
20577	45428,27904,36465,44629,45598,47350,49088,2786,6882,6917
20578	4011,15032,23305,3337,3920,22147,2686,3770,4044,4118
20579	10318,3037,27305,32864,8640,10236,10268,10382,17880,19554
20580	1823,10236,19038,22291,25405,27813,31756,31780,31791,33498
20581	52,347,351,362,457,546,575,586,2523,2658
20582	19485,20567,26104,972,1244,1245,2196,2204,2501,2676
20583	3762,18294,20568,117,958,2375,2971,6888,9200,11417
20584	9927,5986,20505,30195,34902,621,656,9940,13233,14315
20585	30195,1680,5960,9376,13223,13681,14264,15310,16104,18109
20586	2554,7639,28614,52,73,351,929,1196,1301,1913
20587	132,1378,3260,6874,7521,7812,8675,8726,11417,12301
20588	21171,2694,4717,9394,12627,14691,15277,20512,26362,39012
20589	3931,4247,8536,19077,29875,762,766,792,892,4139
20590	20533,25730,17,127,2196,7897,11164,12570,47368,31
20591	8783,8790,18294,18298,18557,18560,19576,2786,2791,8774
20592	1092,2324,2922,3037,3606,4240,5040,5320,5654,7458
20593	621,2554,3023,3450,4832,4841,12328,12828,13708,17367
20594	9105,546,575,5086,9394,10480,19542,21171,22091,22239
20595	13793,13829,13832,13886,13911,13930,13965,13983,23551,45167
20596	10987,4046,4289,31122,4053,4202,4296,22147,22158,22163
20597	10314,21949,22158,22198,4069,4166,4167,13473,21915,22141
20598	1001,1100,1664,4160,8532,11045,13807,13818,13881,13889
20599	20533,22638,19033,338,12570,21077,23188,95,128,146
20600	15106,33610,15064,15087,15092,15101,15103,15105,28364,31841
20601	549,1736,4247,5670,8790,9153,9839,9950,11249,13172
20602	
20603	14309,14333,21171,534,535,579,591,595,608,613
20604	12667,2242,5588,5809,5951,7509,7699,9770,9820,9835
20605	16284,19576,553,2286,13638,13714,22303,47835,32,169
20606	3762,11417,18294,20458,20568,20583,20600,41598,44891
20607	25328
20608	19485,19576,2204,2791,5924,13280,17031,19109,21178,35740
20609	325,562,4116,4736,4782,5834,5960,7651,7661,9970
20610	20500,14318,10532,351,4782,4841,7509,15297,15715,21205
20611	972,2782,3435,10515,14372,20582,20885,28614,45992
20612	11,110,168,242,638,1638,2295,2671,2707,3948
20613	110,129,2409,5523,5534,6109,8501,8692,9847,15179
20614	2786,8790,9605,11863,17059,17273,18442,18453,18560,18561
20615	20521,2791,4981,8233,9885,11865,13655,18294,18327,18576
20616	
20617	
20618	
20619	35861,2,6,1250,1355,1371,1379,1380,1381,1384
20620	28743,7463,4046,11599,13279,36186,548,550,659,1409
20621	20645,20622,20640,7463,8068,8492,20637,20638,3920,3948
20622	20621,20626,20627,20639,20643,20624,20633,20644,20645,20628
20623	20644,20631,28743,20640,4046,7342,7463,11599,13279,20628
20624	20643,20633,20644,20646,20645,28743,20640,20622,20637,20638
20625	20621,20622,20623,20624,20626,20627,20628,20629,20630,20631
20626	20622,20637,20638,4046,8068,11599,13279,15835,20628,20629
20627	20645,20622,20640,7463,20637,20638,36186,4046,8068,11599
20628	20621,20622,20623,20626,20627,20629,20633,20634,20636,20639
20629	28112,6487,11583,20621,20622,20623,20626,20627,20628,20633
20630	6792,11284,13097,20621,20622,20623,20624,20625,20626,20627
20631	20623,20646,28743,20645,25453,25454,25434,25440,25444,25447
20632	44392,2222,2821,2824,6696,7615,10753,11246,12210,12846
20633	20636,20643,20624,20645,7463,20622,20640,4046,8068,10301
20634	31269,6113,12226,17046,20535,20621,20622,20623,20626,20627
20635	20621,20622,20623,20624,20625,20626,20627,20628,20629,20630
20636	20633,7463,4046,8068,13279,15835,20628,20629,20634,36186
20637	20621,20624,20626,20627,20638,20639,20640,20643,20644,20622
20638	20621,20624,20626,20627,20637,20639,20640,20643,20644,20622
20639	20622,20640,20637,20638,4046,8068,11599,13279,15835,20628
20640	20621,20624,20627,20639,20643,20644,20623,20633,20637,20638
20641	20621,20622,20623,20624,20625,20626,20627,20628,20629,20630
20642	20621,20622,20623,20624,20625,20626,20627,20628,20629,20630
20643	20624,20633,28743,20622,20640,7463,20637,20638,4046,20628
20644	20623,20624,25440,25450,25451,25469,25447,20640,25434,25443
20645	20621,20627,20646,20631,20624,20633,28743,7463,20622,20640
20646	20631,20624,20645,4254,7463,20640,1347,4289,8492,11599
20647	20621,20622,20623,20624,20625,20626,20627,20628,20629,20630
20648	5078,5089,28109,10579,10778,12783,19080,22049,28114,28116
20649	3815,9047,9961,13273,13274,13281,13282,13286,13289,13291
20650	3815,9047,9961,13273,13274,13281,13282,13286,13289,13291
20651	20653,13273,20654,20688,13293,13295,13303,13322,13331,20671
20652	20656,13282,13273,13286,13289,13292,20653,20666,20674,20657
20653	20651,13273,13293,20664,20688,20655,20662,20671,20672,9961
20654	13295,13286,13289,20651,13299,20661,13273,13274,13281,20659
20655	13273,13293,13299,20653,13286,13292,13295,13296,20651,20657
20656	20652,13282,20684,13273,13286,13289,13292,20653,20668,20674
20657	13273,20673,13295,13293,13322,20672,20688,20662,20665,13291
20658	13292,13274,13281,13286,13289,13299,20661,20664,20673,13291
20659	20676,20654,20684,13273,13282,13286,13289,20667,20668,20670
20660	13293,13295,20652,20656,20663,20666,3815,9047,9961,13273
20661	13286,13299,13274,13281,13295,20654,20658,20664,13273,13291
20662	13282,13273,13289,20653,20657,13286,13294,13299,20664,20665
20663	20676,20654,13273,13282,13286,13289,20667,20670,20674,13292
20664	13286,13289,13299,20653,20658,20661,13274,13281,13273,13291
20665	13282,13286,13289,13295,13299,20654,20657,20661,13273,13274
20666	13293,13295,20652,20654,20660,20667,20670,20676,20684,20690
20667	13293,13295,20654,20659,20663,20676,20666,20670,20684,20690
20668	20656,20659,13293,13295,20652,20684,3815,9047,9961,13273
20669	13273,13282,13292,13293,13295,13299,20651,20653,20657,13274
20670	13293,20659,20663,20676,13273,13282,13286,13289,13292,20652
20671	13282,20651,20653,20654,13286,13289,13299,20661,20664,13273
20672	13286,13299,20657,13273,13281,13292,20653,20661,20673,13291
20673	20657,13273,13289,13292,20688,13295,13322,20658,20661,20672
20674	13273,13282,13286,13289,20652,20656,20659,20663,20676,13292
20675	48533,223,3815,5227,9047,9961,13273,13274,13281,13282
20676	20663,20659,20654,13273,13282,13286,13289,20667,20670,20674
20677	3815,9047,9961,13273,13274,13281,13282,13286,13289,13291
20678	13273,13274,13281,13282,13289,13292,13293,13295,13299,20651
20679	578,13287,13306,18136,26100,4114,4174,9394,9892,12805
20680	3815,9047,9961,13273,13274,13281,13282,13286,13289,13291
20681	88,543,575,627,1417,1603,3573,3815,5933,6171
20682	13289,9961,13273,7194,13286,13295,13302,13322,20654,1673
20683	13273,13282,13286,13289,13292,13293,20652,20653,20656,20659
20684	13293,20656,20659,13273,13282,13286,13289,13292,20653,20654
20685	13303,13289,13322,13273,13286,13295,20654,7194,13274,13281
20686	9961,13273,13274,13281,13286,13289,13291,13292,13293,13295
20687	9961,13273,13274,13281,13286,13289,13291,13292,13293,13295
20688	13273,20651,4223,13299,15464,20653,20657,20673,22312,22617
20689	2327,2971,3815,5085,6802,7357,7477,7608,7630,8154
20690	13293,13295,20654,9961,13273,13274,13281,13286,13289,13291
20691	27884,32308,4717,5222,6120,9129,15251,24513,24613,30288
20692	20716,20695,20702,20705,20707,20722,1404,2802,3115,3474
20693	20706,20703,20707,20717,20694,20700,20701,20721,20722,1814
20694	20693,20696,20699,20700,20701,20702,20703,20706,20707,20717
20695	20709,20715,20720,20713,20692,20698,20705,20708,20712,20714
20696	20699,20707,20701,20717,20721,20722,20694,20700,20709,20712
20697	20692,20693,20694,20695,20696,20698,20699,20700,20701,20702
20698	20695,6383,20692,20693,20696,20697,20699,20700,20701,20702
20699	20696,20707,20701,20703,20712,20717,20722,20694,20700,20709
20700	18065,20693,20694,20696,20699,20701,20702,20703,20706,20707
20701	20696,20699,20702,20703,20707,20693,20694,20700,20717,20692
20702	20701,20713,20721,20722,20692,20694,20700,20705,20708,20709
20703	20693,20706,20699,20701,20707,20717,20722,20694,20700,20709
20704	20692,20693,20694,20695,20696,20697,20698,20699,20700,20701
20705	20692,20695,20702,20707,20708,20714,20716,20693,20694,20696
20706	20693,20721,20703,20717,20720,20694,20700,20713,20692,20697
20707	20696,20699,20693,20701,20703,20722,20692,20694,20700,20705
20708	20714,20695,20702,20705,20707,20716,27884,5222,6120,20693
20709	20722,20695,20696,20699,20702,20703,20707,20692,20693,20694
20710	20692,20693,20694,20695,20696,20697,20698,20699,20700,20701
20711	20692,20693,20694,20695,20696,20697,20698,20699,20700,20701
20712	20699,20695,20696,20702,32308,4717,20692,20694,20697,20698
20713	20695,20702,20696,20706,21,69,350,351,368,546
20714	20708,20695,20702,20705,20707,20722,30846,5222,6120,19633
20715	20695,20720,20721,20696,20699,20702,20707,20692,20693,20694
20716	20692,20695,20702,20705,20707,20708,27884,20693,20694,20696
20717	20706,20693,20696,20699,20703,20722,20694,20700,20701,20721
20718	20692,20693,20694,20695,20696,20697,20698,20699,20700,20701
20719	20692,20693,20694,20695,20696,20697,20698,20699,20700,20701
20720	20695,20706,20715,20703,20692,20693,20694,20696,20697,20698
20721	20706,20715,20696,20702,20693,20694,20699,20700,20707,20717
20722	20709,20696,20699,20702,20703,20707,20717,20692,20693,20694
20723	3702,146,325,342,995,1741,2216,2923,2942,3134
20724	1426,1809,4509,4518,6910,6919,7019,7036,7204,8380
20725	20569,1809,3702,9967,12537,14931,15761,16532,20724,23065
20726	638,12227,20500,548,3937,4247,4389,7242,7246,8154
20727	134,606,2802,2876,3496,3798,3808,4104,4182,6175
20728	20762,15429,20763,48860,48872,48879,20766,48830,48905,48929
20729	10744,14594,14597,14604,14605,14607,14608,14617,14620,2929
20730	21984,21968,21971,21985,28157,21981,21983,21999,21972,21978
20731	20742,20761,20764,1919,2081,2370,5150,6473,6531,6894
20732	20731,20738,20755,20762,20763,3496,3798,3808,4182,20621
20733	20766,20742,20761,20764,9748,19277,20728,20736,20765,3496
20734	20762,20728,20738,20742,20764,3496,3798,3808,4182,9748
20735	20746,20755,20758,3496,3798,3808,4182,6114,7184,7218
20736	20765,20733,3496,3798,3808,4182,20621,20727,20728,20729
20737	229,6397,9195,15801,19786,22091,22830,42100,43704,3023
20738	20764,9748,48805,11707,14991,20732,20734,20755,48813,48857
20739	20750,20751,3496,3798,3808,4182,20621,20727,20728,20729
20740	20747,20760,3496,3798,3808,4182,20621,20727,20728,20729
20741	8683,8706,9404,9696,14052,16928,20746,20755,20758,29379
20742	20764,9748,20731,20733,20763,48879,48886,20734,20766,48860
20743	18870,30486,1521,1524,3496,3798,3808,4182,7086,16342
20744	20746,20755,3496,3798,3808,4182,20621,20727,20728,20729
20745	3496,3798,3808,4182,9861,20621,20727,20728,20729,20730
20746	20755,20735,20741,20744,20758,3496,3798,3808,4182,7184
20747	20740,20750,20751,3496,3798,3808,4182,20621,20727,20728
20748	638,2501,3496,3798,3808,4182,4364,5985,6019,6819
20749	3496,3798,3808,4182,20621,20727,20728,20729,20730,20731
20750	20739,20747,20751,3496,3798,3808,4182,20621,20727,20728
20751	20739,20747,20750,20753,3496,3798,3808,4182,20621,20727
20752	20760,3496,3798,3808,4182,20621,20727,20728,20729,20730
20753	20751,3496,3798,3808,4048,4182,6778,7181,7549,7599
20754	531,3430,3496,3798,3808,4046,4182,4289,4845,7553
20755	20746,20731,20732,20735,20738,20741,20744,20758,20762,20763
20756	3496,3798,3808,4182,20621,20727,20728,20729,20730,20731
20757	3496,3798,3808,4182,20621,20727,20728,20729,20730,20731
20758	20735,20741,20746,20755,3496,3798,3808,4182,7184,7218
20759	235,577,579,580,622,3496,3676,3798,3808,3937
20760	20740,20752,3496,3798,3808,4182,20621,20727,20728,20729
20761	20763,48813,20731,20733,48857,48865,48884,48886,9755,20766
20762	20728,20766,20734,9755,11707,14598,14991,19277,20732,20755
20763	20761,20728,20742,9755,9759,19277,20732,20755,3496,3798
20764	20738,20742,20731,20733,9741,9749,9759,20734,20766,48805
20765	12953,20736,444,6338,6789,7183,7214,7215,12204,12958
20766	20733,20762,20728,9748,19277,20742,20761,20764,48805,850
20767	3496,3798,3808,4182,20621,20727,20728,20729,20730,20731
20768	762,766,792,892,3496,3798,3808,3931,4139,4182
20769	14857,14861,20927,23476,35900,1077,1421,1445,1605,2572
20770	1387,6496,6565,8509,10622,10782,12729,15063,37830,1414
20771	6928,1787,6899,6497,1680,2014,3796,4494,4516,5307
20772	6653,7022,14454,18005,41294,37,274,918,1406,1414
20773	17218,20770,20771,20772,20774,20775,20776
20774	5402,909,4516,5307,5382,10727,11139,12466,17200,17218
20775	39481,38222,39482,39516,40550,916,1433,1520,1530,1860
20776	17200,4527,13160,23993,4509,5376,26708,32,1397,1414
20777	46214
20778	2668,2720,4657,28535,28943,29264,29458,43620,46165
20779	9774,20784,20786,20787,20796,20802,20810,20811,28227,28230
20780	317,499,2282,2667,3248,3358,3412,3896,3931,3943
20781	3344,3347,3368,3378,15458,15464,15468,622,3304,3309
20782	20784,14534,20787,20809,20812,20783,20802,20813,317,544
20783	20784,20809,14534,20782,20794,20796,20808,20810,20811,20812
20784	20782,20783,20809,20810,20794,20802,28240,36596,576,606
20785	317,2659,3248,8532,9774,10302,12491,13676,14385,14534
20786	198,4101,9376,9774,10454,10473,11576,13404,14266,14288
20787	20802,20807,20782,20806,20813,28225,9774,20779,20786,20815
20788	138,166,317,3248,7438,8136,8501,8800,9774,10301
20789	4295,15130,22883,30421,44651,45059,576,606,615,1823
20790	20798,8957,11912,30767,317,887,2821,2824,3248,3438
20791	10302,10469,20801,25788,25974,317,524,536,1137,2974
20792	191,198,250,317,420,482,506,1516,1720,1723
20793	25817,25837,622,25801,25847,535,562,7599,7612,7635
20794	14534,20784,20811,20783,20807,20808,20810,20812,28255,317
20795	317,3248,9774,10302,14385,14534,15687,16751,18053,20779
20796	20811,20802,20808,20809,20810,20812,20814,28255,9774,20779
20797	317,3248,9774,10302,14385,14534,15687,16751,18053,20779
20798	4112,5373,14389,15831,20790,48488,918,1432,3702,3931
20799	14385,20801,13116,13149,15687,15818,15869,21205,22102,23332
20800	554,597,10469,10523,12328,14494,15687,20793,25974,48076
20801	20799,14385,15687,20791,317,535,595,1615,1797,3248
20802	20787,20784,20796,9774,20779,20782,20786,20809,20810,20811
20803	3248,3412,4939,7425,7697,7700,9976,14982,16532,16631
20804	22303,4204,22294,22295,22282,22292,22305,3904,4302,13277
20805	317,3248,9774,10302,14385,14534,15687,16751,18053,20779
20806	20787,20807,14534,20796,20808,20811,20812,20813,20815,317
20807	20787,20811,20806,14534,20794,20796,20808,20812,20813,20815
20808	14534,20796,20811,20812,20783,20794,20806,20807,20809,20810
20809	20784,14534,20782,20783,20796,20812,20814,20802,20808,20810
20810	20784,20796,20811,9774,20779,20783,20786,20794,20802,20808
20811	28255,20796,20807,20794,20808,20810,9774,20779,20783,20786
20812	14534,20813,20782,20796,20808,20809,20783,20794,20802,20806
20813	14534,20812,20787,20782,20796,20802,20806,20807,20808,20811
20814	20796,20809,14534,20783,20784,20802,20808,20810,20811,20812
20815	14534,20787,20796,20806,20807,20808,20811,20812,20813,317
20816	49405
20817	20818,20819
20818	2789,4717,6109,9105,12153,12325,18561,20817,20819,21210
20819	20817,20818
20820	4289,8492,20596,3971,4053,10699,28132,46654,1137,3337
20821	23569,49422,1846,21168,23694,33955,34174,49806,19,143
20822	64,84,356,550,681,1186,1670,1677,1854,1863
20823	20841,3948,3971,4033,4035,4046,4238,4240,4254,4289
20824	20844,22147,3958,4011,4044,4101,4281,4707,7242,7246
20825	20833,13430,46622,46638,4035,4118,4202,4264,4281,4707
20826	20569,16176,43695,27526,22130,3971,4046,27484,4011,4163
20827	4289,3948,4101,10380,10987,22092,22164,22172,3971,4033
20828	2798,20845,25754,35096,541,622,1912,2027,2070,2074
20829	20856,4202,4101,4289,20563,20852,22199,2686,3920,3926
20830	4590,20826,20837,566,2129,2820,2942,2972,2974,2995
20831	5538,2058,3023,5547,25748,569,1874,2017,2320,2820
20832	202,3512,2375,3531,3453,3491,3497,3508,3535,46905
20833	46622,46638,46655,46656,20825,46665,34055,4041,4264,4707
20834	4101,16806,20577,20826,20836,20841,20853,622,639,3470
20835	3702,20845,26577,26589,26599,3684,3692,3697,3706,3710
20836	20852,2827,10407,20845,20846,22049,25807,340,354,366
20837	20826,20569,22112,2974,2995,4045,20596,20830,22265,30677
20838	7246,20824,43769,161,531,544,559,569,576,581
20839	4101,4590,9389,11619,19358,20577,20821,20822,20823,20824
20840	2418,3586,4101,4590,6965,7390,7644,7675,8316,9389
20841	7852,22265,4011,4202,4289,22124,27364,27736,28563,3931
20842	4101,4590,9389,11619,20577,20821,20822,20823,20824,20825
20843	2059,2104,3230,4841,8670,8728,14316,42139,453,815
20844	22141,22158,4101,3948,3958,4707,18511,3931,12403,21958
20845	22158,1137,4198,22198,4179,4196,22141,25768,27866,4159
20846	4139,20506,20522,22158,21171,22147,47810,340,3948,4101
20847	25899,2802,5071,8457,25807,6328,7181,7549,9518,10545
20848	20826,20829,20856,622,1100,1230,1357,1664,4101,4590
20849	45428,12048,15989,25747,6917,10500,10732,12714,14304,14315
20850	20852,4707,5069,11619,20824,20825,20829,20833,20845,20849
20851	20854,12347,16680,20844,36602,43162,43175,43279,45960,81
20852	21171,4264,4289,20829,20845,25888,2092,2802,3518,4101
20853	22074,562,2802,4782,9920,14318,8004,9928,10534,11881
20854	20851,16680,161,3004,4048,4159,4270,4281,4590,10456
20855	20857,20844,617,1860,3142,3407,4052,4101,4118,4590
20856	20829,22199,3903,4046,4159,4190,4254,10987,4074,4234
20857	20855,25764,15858,20844,25824,30161,535,551,594,617
20858	4101,4590,9389,11619,20577,20821,20822,20823,20824,20825
20859	229,2986,4161,7170,8457,10896,13523,16747,20597,21179
20860	4161,13523,20861,20864,22830,24330,28324,36306
20861	22229,2064,2864,5542,5954,20860,20862,20863,20864,20865
20862	20863,20866,20867,4161,7209,7222,7340,9386,10954,13523
20863	20862,20866,20867,4161,13523,20861,20864,22830,24330,36306
20864	8004,2990,21940,21959,45870,222,1681,2967,2999,4048
20865	43814,555,662,3237,3702,3770,3927,4033,4202,4218
20866	20862,20863,4161,13523,20861,20864,22830,24330,36306
20867	20862,20863,4161,13523,20861,20864,22830,24330,36306
20868	918,6653,9927,10949,12728,13115,13810,14529,17556,31967
20869	15063,18005,9553,10701,6934,6935,33299,35193,1387,4498
20870	12735,44761,2249,2400,6452,6986,7022,7039,9668,17759
20871	372,2798,2956,3011,3337,3364,3925,3948,3971,4029
20872	6934,20869,20870,20871,20873,20874,20875,20876,20877,20878
20873	6934,20869,20870,20871,20872,20874,20875,20876,20877,20878
20874	1692,2667,1694,2687,12561,28535,204,503,1666,1670
20875	6934,20869,20870,20871,20872,20873,20874,20876,20877,20878
20876	6621,7051,12740,40761,1421,7018,7029,11142,13138,17218
20877	19935,31347,384,581,1137,1613,1685,2036,3034,3877
20878	4782,4840,7611,10513,11598,12326,15039,15620,15660,19406
20879	6934,20869,20870,20871,20872,20873,20874,20875,20876,20877
20880	223,6549,6631,6934,8509,12883,13094,19343,20869,20870
20881	14,1301,2097,2940,3050,6180,6934,7615,8578,11286
20882	33036,8494,3842,33023,33077,2694,7124,9950,10789,10865
20883	20892,20897,20900,20910,20911,33036,20886,20904,20905,20926
20884	20892,20901,20903,20905,20908,20915,562,2074,2841,5033
20885	10478,10498,14300,14318,14372,16659,20899,30182,97,143
20886	20933,20922,33010,33052,33055,33090,33061,33097,20903,20929
20887	4736,5089,10514,10709,10732,11697,14302,17367,20883,20884
20888	1676,7545,8685,20900,20903,20911,468,660,957,1564
20889	20886,20922,20933,33010,33052,33054,33055,33061,33065,33071
20890	5102,541,2576,3904,4736,5089,9483,10514,10709,10732
20891	4736,5089,10514,10709,10732,11697,14302,17367,20883,20884
20892	20883,33036,20920,20884,20894,20901,20904,20907,20926,20886
20893	10801,10814,42971,45428,1758,2694,2820,4736,6405,6882
20894	20922,20933,20886,20892,20919,6564,20883,20898,20902,20903
20895	20915,33077,8494,33023,33045,33065,33071,33099,33105,13246
20896	897,1137,3891,3906,4053,4182,4190,4196,4198,4220
20897	20900,20911,20906,20883,20920,33036,20904,20926,20886,20907
20898	20886,20894,20902,20906,20909,20919,20921,20922,20929,20933
20899	21171,7651,9861,580,2917,3937,4736,7173,7611,7637
20900	20897,20910,20906,20883,20920,20904,20926,33036,20886,20888
20901	20884,20892,20903,20905,20908,20915,3407,4736,5089,8514
20902	20886,20894,20898,20906,20919,20921,20922,20929,20933,4736
20903	20886,20907,20884,20901,20904,20930,33012,7124,20888,20894
20904	20883,20892,20897,20900,20903,20906,20910,20911,20920,20886
20905	20908,20906,20883,20884,20901,20920,20926,33036,20886,20904
20906	20897,20900,20910,20911,20920,20905,20921,20922,20933,20886
20907	20903,20915,20892,20920,20894,20895,20897,20900,20904,20910
20908	20905,20926,20884,20886,20901,20930,7124,19039,19139,20894
20909	20886,20894,20898,20906,20919,20921,20922,20929,20933,4736
20910	20900,20911,20906,20920,20883,20926,20904,20930,33012,7124
20911	20897,20910,20906,20883,20920,20904,20926,33036,20886,20888
20912	14324,22549,609,754,1967,2540,5048,10494,13632,14271
20913	4736,5089,10514,10709,10732,11697,14302,17367,20883,20884
20914	23173,39171,235,254,542,591,615,625,1216,2901
20915	20895,20907,20919,20921,20929,33105,20884,20901,33023,33045
20916	4736,5089,10514,10709,10732,11697,14302,17367,20883,20884
20917	45545,20928,10514,18118,42413,42421,42468,3430,3869,10709
20918	10514,18118,20917,20928,38203,42421,42468,42480,3430,3798
20919	20921,20915,33023,33071,33105,20894,20906,33045,33065,33099
20920	20906,20910,20926,20892,20897,20900,20911,20930,20904,20905
20921	20919,20906,20915,33023,33045,33065,33071,33077,33099,33105
20922	20886,33010,33052,33055,33090,33100,20894,20906,33061,33049
20923	918,2904,4736,5089,5960,6900,8966,9950,10514,10709
20924	9467,13654,18357,20506,22517,22536,42833,3937,5588,7989
20925	10534,14390,523,562,1043,4171,4281,9882,9920,9928
20926	20920,20908,20910,20930,20883,20892,20897,20900,20905,20906
20927	4527,7477,12714,26905,131,1432,1797,5498,5986,6477
20928	18118,20917,10514,42421,42468,45545,3430,3869,4782,16339
20929	20886,20915,8494,33077,13246,17052,20883,20892,20898,20902
20930	20920,20926,20903,20908,20910,20883,20892,20895,20897,20900
20931	20936,1201,1680,2249,3173,4736,5089,6941,7259,7475
20932	3412,6852,8042,11101,13016,14982,16652,18181,20899,20919
20933	20886,33010,33052,33055,33090,33061,20894,20906,33049,33053
20934	9467,13654,18357,22536,30324,42833,3937,7989,9927,10496
20935	20899,4841,606,609,615,617,621,637,1185,1405
20936	7479,7485,17482,20931,171,858,2249,3246,4736,5089
20937	11336,21984,21980,21988,22005,28157,21972,21985,22007,21968
20938	20894,20897,20900,20903,20905,20906,20908,20910,20911,20915
20939	20952,4280,12409,20940,20941,20943,20945,20946,20948,20955
20940	4280,12409,20939,20941,20943,20945,20946,20948,20950,20952
20941	20956,20959,554,3052,3333,3692,4280,4707,4713,4752
20942	484,2060,3415,3537,4280,4354,5006,5498,5681,5956
20943	19077,23305,1100,3882,4234,4240,4246,4254,16456,18511
20944	223,3537,4280,5498,11375,12409,12425,12441,20939,20940
20945	4280,12409,20939,20940,20941,20943,20946,20948,20950,20952
20946	4280,12409,20939,20940,20941,20943,20945,20948,20950,20952
20947	351,6318,9095,10328,10370,10462,12210,13238,14052,14907
20948	4280,12409,20939,20940,20941,20943,20945,20946,20950,20952
20949	1085,3903,4090,4264,4536,4541,4580,4589,4596,4598
20950	4074,4280,12409,16031,16034,16036,16038,16040,16042,16052
20951	2689,2719,3537,3721,4280,4287,4590,5281,5350,5498
20952	20939,4280,12409,20940,20941,20943,20945,20946,20948,20955
20953	3537,4280,5498,12409,12425,20939,20940,20941,20942,20943
20954	1520,3537,4062,4280,5498,10361,12409,12425,14931,18841
20955	22158,4295,4179,4212,20845,36614,1137,3882,4048,4270
20956	22090,3971,4289,22158,4707,22092,22172,12403,20844,21958
20957	3518,7266,19057,202,660,3482,3546,4280,5858,7272
20958	24155,557,6161,7698,10500,10709,10732,11246,13520,18445
20959	4295,21864,20956,4166,4182,4196,4279,4707,7651,11021
20960	16350,27312,351,362,562,1415,1458,2735,3537,4280
20961	2855,3511,3537,4036,4103,4280,5498,8529,10287,11598
20962	3537,4280,5498,12409,12425,20939,20940,20941,20942,20943
20963	3537,4280,5498,12409,12425,20939,20940,20941,20942,20943
20964	4048,3537,3971,4163,4289,4295,4296,4707,20959,22090
20965	3537,4167,4280,5498,5537,12409,12425,12441,20939,20940
20966	21072,21473,21490,25565,21070,21470,21474,21069,21476,21496
20967	21064,11678,20968,20969,20970,20971,20973,20975,20976,20977
20968	20971,20997,21011,20979,20993,20970,20996,21019,21027,21055
20969	20992,20991,20970,21038,21002,21004,20996,21007,21040,21061
20970	20997,21011,20971,20969,20992,21061,20993,21054,21000,21019
20971	20979,20970,21023,20968,20996,21003,20974,21060,21007,21063
20972	21011,20997,21001,21006,21008,20969,20970,20991,21000,21027
20973	21055,21054,20970,20994,21008,21023,21036,20997,21044,20969
20974	20971,21008,20969,20977,20979,20991,21000,21001,21023,21054
20975	20979,20988,21006,21015,21040,20969,20991,21008,21036,20977
20976	20970,20969,20981,20971,20993,21003,21006,21008,21023,21036
20977	20979,21008,21011,20999,21012,21019,20974,21000,21007,21027
20978	21001,10715,10740,11681,11683,223,2331,2805,3541,3548
20979	20971,20997,20977,20992,21012,21019,20968,21007,21063,21000
20980	21008,21033,21041,21049,23088,21039,21052,21493,20997,21027
20981	20969,20971,20980,20997,21011,21023,20992,20993,20996,21018
20982	20979,21003,21015,20970,20971,20977,20998,21006,21012,21036
20983	20970,21027,20988,20995,21006,21015,21036,20968,21040,20969
20984	21063,20980,21007,21033,21041,20979,21022,21027,21035,21048
20985	21001,20992,20969,20971,21000,21019,21027,20999,21002,21007
20986	20990,11435,43927,43943,43954,11351,20993,21008,21055,43928
20987	21044,21048,21033,21041,21490,21047,23106,21037,21038,21043
20988	20980,21027,20969,21016,20999,21006,21041,21044,21061,20971
20989	21005,43940,2915,5561,20967,20968,20969,20970,20971,20972
20990	20986,21034,21058,87,918,1270,1394,1655,2225,2542
20991	20969,21008,21006,21019,20974,20977,20996,21002,21027,21030
20992	20969,20970,20979,20980,21002,21027,21030,21053,20985,20999
20993	21055,21015,21023,20996,21007,21027,20970,21003,20968,21004
20994	21054,21057,21033,23088,21492,21493,20970,20979,21047,21477
20995	21008,21011,21036,20969,20993,20997,21055,20996,21012,21018
20996	20971,20993,21036,21055,20969,20968,21003,21023,21027,20974
20997	20970,20979,20968,20980,21003,21023,21007,20972,21002,21061
20998	20993,21055,21015,20996,21006,21036,20995,21004,21011,21012
20999	21036,21001,21019,21012,20977,21015,21061,20992,21000,21006
21000	21001,21019,21004,20970,20979,20980,21027,21030,21053,20974
21001	21036,21011,21000,21019,20999,21004,21007,20985,21061,21063
21002	21008,20969,20992,20997,21012,21018,20977,20985,20991,20993
21003	20971,20997,20993,21055,20996,21019,21027,20970,21002,21007
21004	21000,21008,21001,21019,20969,20993,21007,20970,21055,20977
21005	20989,21014,21025,21034,21058,20967,20968,20969,20970,20971
21006	21015,21036,21027,21055,20991,21023,21070,20972,20980,20999
21007	21059,21484,21016,21041,20993,21001,20979,20997,21038,21048
21008	21055,20980,21023,20991,20977,21002,21004,20995,20974,21018
21009	21023,20994,21054,20974,20977,20999,21001,21008,21011,21036
21010	21023,21057,21484,21476,21494,21048,21049,21059,21061,21022
21011	21001,20970,21038,20968,20972,20977,21053,20995,25565,21061
21012	21036,20979,21055,20999,21070,20977,21030,21002,21007,20974
21013	21023,21063,20974,21010,21035,21036,21044,21047,21050,20971
21014	21058,21005,2915,5561,20967,20968,20969,20970,20971,20972
21015	21006,21036,20993,21055,21023,21070,20999,21030,20977,20980
21016	21496,21007,21072,21038,23088,21042,21474,21475,21484,23104
21017	20968,20992,21008,21011,21012,20969,20991,20996,21001,21006
21018	21008,20969,21002,20992,21011,21012,20981,20985,20995,21000
21019	21000,21001,20979,20999,21004,20970,20977,20991,20985,21003
21020	21033,20980,21063,21041,21049,21052,21039,21047,21054,21476
21021	20967,20968,20969,20970,20971,20972,20973,20974,20975,20976
21022	21052,21049,21072,20980,21069,21496,21007,21010,21038,21065
21023	21010,21008,20971,21055,21027,21469,20993,23092,21036,21478
21024	21033,21035,21023,21052,21022,21039,21044,21049,21043,21050
21025	21058,21005,2915,5561,10735,11357,11368,20967,20968,20969
21026	20987,21016,21020,21033,21035,21039,21041,21042,21043,21044
21027	21023,21006,20980,20993,21055,20992,21000,20977,20985,20996
21028	21057,21492,21493,20980,21044,21477,21487,21016,21048,21472
21029	21042,21023,20994,21009,21035,21051,20972,20987,21016,21020
21030	20992,20993,20970,21000,21012,21015,21038,21006,20977,20991
21031	21066,20980,21022,21065,21033,21039,21041,21044,21048,21049
21032	21023,20980,20993,21007,21010,21051,21061,21001,21008,21022
21033	21044,23088,21072,21054,20980,23106,21043,23092,20994,21020
21034	20990,21058,21005,20967,20968,20969,20970,20971,20972,20973
21035	21047,21480,21037,21492,20999,21007,21024,21498,21474,21475
21036	21001,21015,21006,20999,21012,21023,21070,20996,21061,20995
21037	21048,21035,21041,21033,21044,21063,21039,21490,23106,20987
21038	21063,20969,21011,21016,21007,21057,21001,21030,21033,21042
21039	21043,20980,21492,21495,23088,20999,21007,21020,21037,21057
21040	20969,20992,21006,20980,20991,20997,21011,21012,21015,20977
21041	20980,21007,21494,21057,21493,20987,21020,21054,21475,21495
21042	21063,21044,21016,21038,21490,21043,21050,21069,21476,21496
21043	21063,21039,21050,21033,21047,21069,21496,21476,20980,21042
21044	21033,23088,23106,21487,20987,21028,21469,21042,23104,21478
21045	20979,21001,21002,20985,21008,21015,20971,20999,21006,21016
21046	21048,21016,21010,21022,21023,21028,21035,21039,21052,21044
21047	21035,21050,21476,21043,21069,21054,21484,21496,21469,21474
21048	20987,21492,21007,21037,23088,21057,21010,21028,21061,21477
21049	20980,21022,21476,21473,23104,21492,21474,21484,21497,21010
21050	21069,21496,21043,21047,21476,21072,21494,21042,21480,21007
21051	21041,21022,21033,21039,21052,20999,21016,21032,21044,21048
21052	21022,20980,21473,21494,21492,21007,21020,21065,23088,21024
21053	20992,21011,21000,21019,21038,20977,20979,21006,21015,21030
21054	20994,21033,23088,23092,21047,20970,21041,21469,21038,21476
21055	20993,21008,21023,21006,21015,21027,21012,20996,21003,21070
21056	21041,20980,21049,21027,21028,21035,21047,21048,21050,21052
21057	21010,21028,20994,21477,21041,21476,21038,21048,21470,21016
21058	21014,21025,21034,20990,20993,21005,21008,21055,43941,2490
21059	21007,21063,21492,21010,21033,21474,21028,21477,21493,20994
21060	20971,20997,20979,20993,20992,21007,21019,21027,20970,20980
21061	20970,21001,21036,20969,20997,20999,21010,21011,21048,21049
21062	20979,20980,20992,20993,21031,21032,21042,21061,20967,20968
21063	21475,21043,21038,21042,21469,23106,21489,21478,23089,21020
21064	20967,11678,11445,11349,11359,11429,11430,11435,20968,20969
21065	21033,21049,21052,21022,21048,21027,21044,21047,20980,21050
21066	21031,20999,21035,21068,21022,21039,21041,21054,20988,20992
21067	21035,21042,21066,21068,21494,20966,21031,21048,21052,21063
21068	21035,21066,20966,20999,21031,21039,21041,21067,21481,21494
21069	21050,20966,21047,21476,21043,21494,21022,21038,21492,21495
21070	20966,21036,21012,21015,21001,21006,21055,20993,20996,20999
21071	21028,21023,21484,20966,21044,21047,21474,21492,20980,21007
21072	21033,20966,21016,20980,23106,21022,21007,21050,21492,23088
21073	22200,566,3362,4427,4493,5071,10596,10869,12951,12952
21074	17850,17853,17857,17860,27164,27153,27156,27157,27171,27182
21075	17849,18117,21073,21074,21076,21077,21078,21079,21080,21081
21076	522,538,560,621,7511,17849,18117,21073,21074,21075
21077	19113,42727,31982,42725,42726,42730,27888,42695,42700,42720
21078	7254,42724,42730,19113,42731,42720,42754,9386,29886,42712
21079	2869,13698,16133,17057,47448,48087,147,966,1048,1059
21080	9386,21078,2862,2876,4059,6204,7254,26101,42725,42764
21081	13993,14231,14242,23592,23657,23682,439,1099,2054,2588
21082	15800,21074,21084,21085,42484,42520,566,2129,2680,3518
21083	27133,17860,27152,27153,27155,27156,27161,17850,17857,17864
21084	21074,21082,5550,17849,17850,17853,17857,17858,17860,17863
21085	17865,21082,27133,27139,27142,27145,27163,27166,27174,27179
21086	4835,11535,2181,3134,4524,5498,7677,9615,10293,10479
21087	10817,4717,28381,30134,42174,186,562,1950,2545,2565
21088	21092,21094,7651,8154,9289,9882,10773,13572,14767,21093
21089	21092,21094,7651,8154,9289,9882,10773,13572,14767,21093
21090	10817,8154,21092,21093,21094
21091	21092,21094,7651,8154,9289,9882,10773,13572,14767,21093
21092	21088,21089,21091,21094,7651,8154,9289,9882,10773,13572
21093	8154,10817,21088,21089,21090,21091,21094
21094	8154,7611,546,562,2827,9393,10484,12067,14314,24661
21095	5876,40325,12805,22561,36319,46377,46392,46402,46413,46414
21096	6165,7124,21107,29138,36130,45678,39,206,362,494
21097	2337,2389,2552,2905,3441,3873,4591,5877,5880,5881
21098	46438,46377,46413,5876,46453,5887,27091,46341,46378,46380
21099	46387,46410,46422,46496,5876,5883,21859,46343,46346,46378
21100	46392,5891,5892,5893,46377,46438,21859,27091,27093,46341
21101	5877,5880,5881,5882,5883,5884,5885,5886,5887,5888
21102	5876,4480,27116,897,4437,5877,5881,5883,5884,5885
21103	10670,10736,7630,19187,22065,22382,6165,7897,9919,10676
21104	916,1076,1356,1413,1432,2145,5250,5877,5880,5881
21105	5884,5885,5888,21106,342,2694,4104,4122,5876,5877
21106	5876,5881,5884,5886,5887,5888,5889,21105,21859,27091
21107	22382,6165,22065,7630,9490,11260,21096,21103,22046,22380
21108	372,2124,2971,5877,5880,5881,5882,5883,5884,5885
21109	5877,5880,5881,5882,5883,5884,5885,5886,5887,5888
21110	46341,46345,46362,46493,5883,5885,5890,46363,46367,46405
21111	18585,9815,12048,21903,381,6222,7316,9819,12439,12953
21112	21119,21121,21126,9815,9819,21114,21133,39748,381,385
21113	21121,5803,7473,12895,14281,20500,21127,21128,21132,22836
21114	18176,18576,21112,21115,5110,7804,14416,18332,18572,18597
21115	18176,21114,21120,21122,21125,21127,21129,21133,21134,21135
21116	4291,5550,14416,18176,21112,21113,21114,21115,21117,21118
21117	2786,4717,21135,40359,351,622,973,1216,1230,1680
21118	6302,7534,7564,7596,7619,10670,10699,14416,18176,20484
21119	9815,21112,21133,18585,21120,21122,21125,21126,21127,21129
21120	18176,21115,21119,21122,21125,21127,21133,21134,21135,9815
21121	21112,21113,25754,444,4025,6789,9819,12951,12953,14281
21122	18176,21115,21119,21120,21125,21127,21133,21134,21135,6109
21123	14416,18176,21112,21113,21114,21115,21116,21117,21118,21119
21124	14416,18176,21112,21113,21114,21115,21116,21117,21118,21119
21125	18176,21115,21119,21120,21122,21127,21133,21134,21135,9815
21126	21133,13112,21112,336,385,9819,18175,18585,19974,21119
21127	6789,13472,18176,21113,21115,21119,21120,21122,21125,21128
21128	21131,14416,21113,21121,21127,223,444,550,1797,2696
21129	680,24230,17894,24226,24249,339,367,368,390,770
21130	4272,4738,5080,5924,5948,5964,6852,8563,9461,10515
21131	14416,21128,13895,23172,26325,33051,4069,4101,4809,5265
21132	21113,21121,27686,6390,8110,8519,8523,9086,9483,11952
21133	21126,21119,6910,7240,7438,9815,13576,21112,21115,21120
21134	21135,18176,21115,21119,21120,21122,21125,21127,21133,219
21135	12958,21134,39171,411,4103,4783,12950,12955,13542,13543
21136	10493,11884,12759,21155,23442,27913,659,1823,5080,7268
21137	2827,4717,10500,11882,13079,20078,20648,20836,21094,22049
21138	19036,1169,24846,208,351,525,621,1174,1357,1770
21139	21159,623,11399,1,351,362,575,1110,2101,2786
21140	6381,11373,13104,13158,21136,21138,21139,21141,21142,21143
21141	575,14312,15310,15541,25487,42413,42417,42418,42434,69
21142	4839,6381,11373,13104,13158,21136,21138,21139,21140,21141
21143	134,3409,3503,3565,6381,10190,10841,10852,11373,13104
21144	4289,20845,22090,22152,3770,4115,4295,9285,10407,11635
21145	21141,624,2826,4530,5102,5960,6381,8170,9505,9510
21146	12612,13158,13613,21159,36559,343,356,370,379,388
21147	21866,543,626,1814,2107,2919,3177,3230,3573,3574
21148	1301,2389,3488,4752,6195,6204,6381,7012,7570,11305
21149	17022,15356,16861,35570,35633,43447,1667,8735,16865,16878
21150	2727,2728,2732,2741,22049,40344,364,533,2554,2734
21151	3023,4045,4724,5453,5467,5538,5542,5547,5548,6381
21152	367,381,770,800,821,1346,1977,3134,4813,4835
21153	11164,13079,21144,30719,43048,45428,48735,338,442,1680
21154	20966,21003,21015,20969,20991,20992,21006,21008,20971,20993
21155	21136,659,5080,10493,11884,12759,21930,23442,25814,27913
21156	342,457,542,1237,1754,2440,2588,2789,2802,5078
21157	6381,11373,13104,13158,21136,21138,21139,21140,21141,21142
21158	12070,45817,535,13408,25807,25864,25905,2782,2802,3238
21159	21139,351,2101,10469,12715,12894,20849,47366,562,672
21160	87,161,2535,6081,6381,6609,8156,8734,11373,13104
21161	1,549,2033,2955,6381,11373,13104,13158,13840,14518
21162	8284,8268,8292,8295,8399,3937,8298,8301,8308,8318
21163	21284,1357,5955,15285,32,63,90,338,2176,2196
21164	14015,19,454,1357,2588,6782,9148,9778,10849,11417
21165	21169,5057,9394,14391,21302,36524,52,336,338,457
21166	2971,2988,5049,8908,10469,10935,15032,21170,21171,21208
21167	4717,575,3575,3576,3937,11208,21180,629,2107,2785
21168	23569,35915,3702,29462,35882,35890,35895,44899,49790,343
21169	21165,265,336,338,457,536,623,1230,1357,1794
21170	52,1357,5049,12062,21208,154,223,2276,2786,2971
21171	19554,7651,4736,16539,20899,546,10500,20852,351,5670
21172	73,5033,7458,12640,19555,21200,48440,52,69,93
21173	5086,21196,21200,656,1230,1357,1987,1991,2176,2843
21174	1230,1357,2514,2798,2843,2971,2988,3250,3736,3937
21175	1357,2554,3937,4717,5033,5057,5265,5670,12894,15310
21176	204,16267,18088,19501,21171,21180,21190,43662,527,546
21177	1357,5033,11005,21163,1230,2554,2843,2971,2988,3250
21178	4717,5086,13654,16539,21171,21210,40425,52,98,351
21179	5089,21238,25747,25866,25869,25872,27312,47577,351,362
21180	3937,4736,7651,9394,9920,20899,21167,21171,21205,39012
21181	457,542,1230,1237,1357,1434,1507,1754,2588,2843
21182	1196,1230,1357,1421,1772,2196,2316,2455,2843,2922
21183	46823,1230,1357,2843,2939,2971,2988,3152,3250,3482
21184	21199,3937,21163,21178,21212,98,222,223,347,362
21185	2791,13623,40320,1357,9737,9882,13618,20525,21260,43071
21186	1230,1357,2843,2971,2988,3250,3736,3937,4104,4114
21187	5033,3937,5072,5086,21175,21209,21210,1230,1357,1536
21188	21213,987,1230,1357,2554,2843,2971,2988,3250,3736
21189	16031,16114,16055,16056,16069,16061,16068,16035,16091,16106
21190	3283,13633,14318,17032,18088,21171,21210,546,580,1956
21191	8677,8726,12633,13896,13911,13938,13967,14055,14173,16532
21192	4104,5086,21197,21208,21210,44417,342,605,1230,1357
21193	5249,49581,4398,7004,8685,12272,16305,21171,23748,23755
21194	3937,30575,347,622,981,1136,1230,1357,2199,2843
21195	5086,14867,1230,1357,2843,2971,2988,3250,3736,3937
21196	2988,5086,9854,21173,21200,42982,438,1230,1357,2786
21197	1357,21185,21192,21203,21208,21215,62,454,485,575
21198	30795,321,1230,1357,2554,2843,2862,2971,2988,3250
21199	21171,12649,21184,439,3937,7847,9394,12618,12662,12670
21200	541,1357,5033,5049,5086,9394,10670,12640,21163,21172
21201	30711,1230,1342,1357,1626,2843,2971,2988,3250,3736
21202	6565,35986,35987,35993,35996,35998,36001,36019,36053,36061
21203	1357,5033,7564,7596,7619,10670,20484,20852,21171,21197
21204	5033,2754,5055,14867,21203,43552,541,1230,1357,1809
21205	7651,562,4736,9920,13246,21171,7644,8154,9950,12062
21206	25952,2092,20567,20844,21215,27312,30151,36524,47610,351
21207	10500,21171,626,1230,1357,2238,2545,2802,2843,2971
21208	21170,1357,5033,5231,14899,21166,21192,21197,21200,21206
21209	5033,5057,5538,5543,5557,5585,9394,9683,14867,15086
21210	5086,9105,9394,21171,5234,12326,21215,186,457,546
21211	222,223,232,444,1230,1301,1357,2017,2843,2971
21212	21184,98,202,345,347,1230,1357,2554,2843,2971
21213	21215,14969,21170,21188,21206,25952,48633,364,522,560
21214	1230,1357,2843,2971,2988,3250,3736,3937,4104,4114
21215	1357,2092,2554,5061,5086,21210,25952,364,575,5033
21216	9394,1130,1230,1357,1382,1397,1436,1680,1950,2249
21217	21163,21180,1230,1357,2603,2608,2843,2920,2926,2971
21218	21209,442,1230,1357,2092,2843,2971,2988,3250,3736
21219	909,1230,1357,1431,2843,2971,2988,3250,3736,3937
21220	1230,1357,2843,2971,2988,3250,3736,3937,4104,4114
21221	21164,1230,1357,1823,2413,2554,2786,2843,2971,2988
21222	5071,1230,2074,2099,10500,16621,21206,21215,21307,21308
21223	14391,21171,472,1216,1230,1244,1357,2826,2827,2843
21224	1230,1357,2843,2971,2988,3250,3736,3937,4104,4114
21225	351,1357,2554,5033,5073,9394,21163,21171,21190,21209
21226	2864,362,575,1357,2101,2554,2793,2827,3935,5186
21227	52,457,1357,2864,4717,5086,5670,7569,7611,8455
21228	15761,40298,2523,3937,5046,5588,5960,7590,8233,9467
21229	13995,438,2786,2968,2988,3937,5033,5051,5072,5086
21230	
21231	5265,19578,26114,38300,40650,223,549,4069,4101,4254
21232	929,11169,15531,4,73,106,340,557,928,2165
21233	
21234	
21235	239,7394,13223,15652,16861,16862,16914,16947,21251,22474
21236	14867
21237	
21238	14376,5498,14315,27312,562,2554,21171,23173,351,4839
21239	11399,34326,42240,3230,3575,19427,34159,34200,34250,34441
21240	6306,6935,21171,21693,23001,33684,95,99,107,122
21241	15639,52,347,351,362,457,546,575,586,1244
21242	3246,7882,11060,11164,11504,11505,11506,11508,11509,11519
21243	3575,22756,34326,13182,15314,19428,34212,34250,629,11387
21244	338,21635,466,1148,1301,1704,1860,2033,2697,2805
21245	134,166,2700,3736,8501,15122,15768,15946,16862,24356
21246	1244,2864,5722,9386,9397,10374,13077,13202,13224,13233
21247	13638,20525,35852,549,579,1043,1418,2204,3010,3283
21248	
21249	2545,9442,12060,12466,17290,20505,21167,21180,21302,21499
21250	21,11370,13077,13212,17027,17029,17032,17033,17035
21251	13223,30749,566,2019,3304,3315,3322,3327,3328,3332
21252	3250,25733,25744,31349,31409,2181,4484,6935,9983,12516
21253	8677,34205,626,14242,23603,34258,34553,19428,23695,34179
21254	1688,2687,2667,2668,2698,129,1694,2659,2704,2709
21255	17059,18463,11863,17489,41697,2281,5681,7704,13620,18213
21256	11843,7254,9892,13082,18114,38353,42725,338,501,544
21257	8217,660,909,3250,3702,4521,4527,5017,6545,7211
21258	17088,2572,576,2926,5481,12584,17080,17081,17092,18608
21259	21276,5479,9467,43010,7509,11863,15761,17351,18463,18576
21260	13623,18614,38300,7702,7704,14271,18560,18829,35726,35852
21261	18829,41797,52,5933,7479,7985,8766,9839,12351,13176
21262	40725,9839,17059,161,578,7882,12555,13618,13632,13708
21263	2786,5928,8790,8800,11865,18560,18561,20514,20521,20591
21264	2455,2791,2867,4261,7702,8783,9967,13623,19080,19540
21265	35852,18560,18625,20472,20514,20525,20591,21263,41786,98
21266	11863,42900,549,576,8468,15757,18110,18845,24140,26144
21267	13280,41765,2286,8790,8797,8815,18557,20521,41697,41748
21268	52,9467,14447,17434,18100,18456,18646,18886,20497,20517
21269	12222,24885,29463,19,351,439,1090,1100,1220,1689
21270	577,909,2181,3237,3250,3281,5017,6004,6210,6328
21271	44892,1384,1431,22773,23761,23780,35628,2,88,95
21272	202,660,1110,1900,2136,2826,3320,3451,3456,3463
21273	13400,9861,14264,14379,7611,12438,14390,15660,23173,42240
21274	
21275	23672,23682,14244,23669,14242,23611,14049,14138,14205,14206
21276	21259,134,146,1245,5479,6143,6193,6205,6210,6212
21277	140,198,1680,2770,3099,6452,6544,6600,6994,8283
21278	42703,1085,1111,1393,1668,1676,1913,2770,2825,2930
21279	1342,3376,6609,11261,11748,17739,21278,21280,21281,21282
21280	45602,2294,2389,3376,3931,6882,6907,6919,6920,6925
21281	4527,1432,1445,8217,1421,5250,6515,6641,14454,17238
21282	15680,25851,229,533,535,550,1397,1772,2855,3237
21283	37296,9995,30786,37385,37559,37617,37711,6541,10016,10018
21284	21163,2092,2694,2802,20852,2789,6328,11612,20899,21500
21285	21287,21290,21316,21291,21293,21296,21286,21292,21300,21301
21286	21291,21296,21301,21289,21290,21303,21310,21311,21315,21317
21287	21316,21306,21285,21296,21314,21289,7785,10498,12130,13088
21288	21295,10732,15310,15315,20899,21302,21308,31,258,671
21289	21296,21301,202,8825,15982,21286,21290,21303,21310,21311
21290	21285,21296,21306,21286,21289,21180,21299,21310,21311,21314
21291	21286,21303,21293,21315,21317,21285,21310,21311,21180,21292
21292	21285,21286,21289,21291,21293,21296,21300,21301,21303,21310
21293	21291,21285,21303,21314,21316,21286,21292,21300,21301,21310
21294	4736,43107,14315,17349,21305,22067,42527,351,575,2223
21295	4736,5960,9105,10732,21288,45428,0,575,2786,2827
21296	21289,21286,21290,21301,21285,21287,21310,21311,21180,21292
21297	2694,21308,354,358,373,405,562,577,2092,2097
21298	5040,6157,9093,14284,42704,48442,125,142,338,2196
21299	21180,21286,21289,21290,21291,21296,21301,21310,21311,21315
21300	21285,21286,21289,21291,21292,21293,21296,21301,21303,21310
21301	21286,21289,21296,21303,21315,21317,21310,21311,21314,21180
21302	2694,5960,4875,10500,12060,15285,22333,24011,25863,2782
21303	21291,21301,21315,21317,21286,21289,21293,21314,21316,21292
21304	25807,2017,8846,10162,16623,20094,20097,20836,21305,21313
21305	6328,10699,21215,21294,25807,4875,5071,6138,10452,10500
21306	21316,21287,21290,21315,21317,43182,2040,2063,3475,3510
21307	21308,6882,13411,20005,21222,21302,21312,21313,22560,26101
21308	5960,20899,21309,2099,8457,9957,20820,21171,21307,22623
21309	21308,25938,2782,5960,20844,21295,21302,21305,33524,338
21310	21286,21289,21291,21296,21301,21311,21180,21285,21290,21292
21311	21286,21289,21291,21296,21301,21310,21180,21285,21290,21292
21312	2864,21302,21305,21307,21313,52,223,438,533,2223
21313	21302,21304,21305,21307,21312,52,202,546,2092,2223
21314	21316,21287,21289,21293,21301,21303,21285,21290,21292,21300
21315	21317,21291,21301,21303,21286,21289,21180,21296,21299,21306
21316	21306,21287,21285,21314,21293,21303,43182,2014,2040,2063
21317	21315,21291,21301,21303,21286,21289,21180,21296,21299,21306
21318	35903
21319	21327,21323,21322,21320,21334,35903
21320	21319,21321,21322,21323,21324,21325,21326,21327,21328,21329
21321	21332,21320,21334
21322	21319,21323,21325,21326,21327,21329,21330,21331,21333,21332
21323	21319,21325,21326,21327,21329,21330,21322,21331,21332,21320
21324	21320,21334,35903
21325	21327,21323,21322,21320,21334,35903
21326	21323,21322,21320,21334,35903
21327	21319,21325,21331,21332,21323,21322,21320,21334
21328	21333,21331,21332,21320,21334
21329	21323,21322,21320,21334,35903
21330	21323,21322,21320,21334,35903
21331	21328,21327,21323,21322,21320,21334,35903
21332	21321,21328,21327,21323,21322,343,1201,3173,3702,7422
21333	21328,21322,21320,21334,35903
21334	21319,21320,21321,21322,21323,21324,21325,21326,21327,21328
21335	18260,18266,18270,5924,8671,18262,18271,18274,22934,22940
21336	8122,8143,8180,8187,8191,7018,8160,8163,293,452
21337	909,26902,576,1480,1725,2535,2798,5458,5463,7953
21338	1356,12272,6654,6976,11477,6660,25840,26910,37839,6544
21339	6882,45598,45612,6907,10671,12784,30709,42510,45476,45484
21340	117,135,208,351,525,1169,1174,1770,1850,1911
21341	8191,8122,8140,8179,8212,11542,23476,33760,1919,2081
21342	5458,5463,8122,8169,8179,8191,8212,21335,21336,21337
21343	540,567,882,883,886,890,894,903,4620,5458
21344	6928,40404,5429,6512,6532,6547,6649,8180,12885,17785
21345	23223,36389,2044,5458,5463,8122,8169,8179,8191,8212
21346	21355,368,3770,4285,5458,5463,6796,7240,7402,7563
21347	5458,5463,8122,8169,8179,8191,8212,21335,21336,21337
21348	5458,5463,8122,8169,8179,8191,8212,21335,21336,21337
21349	3622,3904,5265,5397,5458,5463,6487,6543,6577,7704
21350	21205,107,468,534,562,605,606,615,2238,2554
21351	5458,5463,8122,8169,8179,8191,8212,21335,21336,21337
21352	5458,5463,8122,8169,8179,8191,8212,21335,21336,21337
21353	1431,4181,5339,5382,5458,5463,6245,6452,6487,7022
21354	5458,5463,8122,8169,8179,8191,8212,21335,21336,21337
21355	4782,5384,8184,9220,15061,16643,18013,21346,22513,22851
21356	22440,22438,22449,22439,22447,22446,22436,22442,18132,22437
21357	21362,21363,21368,21389,1356,2375,3933,6277,6487,6529
21358	21363,21407,21367,21368,21393,21378,21388,21404,21361,21397
21359	21375,13768,21379,21371,21394,21402,21368,21367,21393,21361
21360	21383,13768,13770,21359,21362,21366,21370,21371,21373,21375
21361	21370,21388,21402,21403,21404,22438,21377,21385,21397,21390
21362	22446,21396,22442,21412,21364,21398,21400,21380,21405,21387
21363	13770,21358,21407,22446,21389,21409,22442,21396,21412,21386
21364	13768,13770,21362,21366,21370,21376,21407,21363,21371,21373
21365	21401,21377,21379,21394,21403,13768,22440,21376,21397,21404
21366	21399,21408,21389,21396,21386,21364,21372,21380,21405,21381
21367	21397,21413,21390,22439,21358,21407,21414,21409,21359,21382
21368	21403,22440,22438,21394,22449,21358,21407,22439,22447,21359
21369	21368,21370,21375,21383,21385,21388,21393,21361,21378,21379
21370	21361,21397,22449,21414,21369,21391,21396,21386,21412,21364
21371	21408,22449,21399,21390,22446,21359,21389,21382,22442,21386
21372	21363,21366,21367,21368,21371,21378,21379,21383,21385,21388
21373	21402,21377,21403,21378,21376,21399,22438,21408,22439,22447
21374	13768,13770,21357,21358,21359,21360,21361,21362,21363,21364
21375	21394,22449,21384,21359,22446,21409,21369,21386,21391,21412
21376	21373,21377,21383,21388,21393,21401,22440,21365,21408,21413
21377	13770,21373,13768,21376,21365,21408,21399,21361,21384,21394
21378	21388,21401,21373,22438,21404,21385,21413,21394,21384,21399
21379	21383,21385,21365,21399,21408,22439,21384,21390,22447,21359
21380	13768,21361,21362,21366,21367,21368,21370,21371,21376,21377
21381	21361,21366,21367,21368,21369,21370,21371,21373,21375,21378
21382	21367,21368,21371,21373,21383,21385,21402,13770,21377,21378
21383	21379,13768,21403,21376,21404,21397,22449,21389,21414,22439
21384	21375,21388,21377,13770,21378,21379,21361,21399,21404,21413
21385	21379,13770,21378,21397,21404,21413,21361,22440,21390,22449
21386	21366,21370,21371,21361,21367,21375,21378,21402,21407,21358
21387	21358,21407,13770,21361,21362,21363,21364,21366,21367,21368
21388	21378,22438,13768,21361,21376,21384,21358,21407,22447,21414
21389	21363,21408,21366,21383,13770,21371,21379,13768,21365,21373
21390	21367,21371,21393,13770,21361,21379,21385,21377,21402,22440
21391	21370,21383,13770,21371,21379,13768,21367,21368,21375,21385
21392	21362,21366,21373,21412,13770,21363,21364,21370,21376,21383
21393	13768,21404,21376,22438,21390,21358,22446,21407,21414,22439
21394	21375,21368,21401,21402,21365,21377,21378,21403,22440,13768
21395	13770,21358,21359,21362,21363,21365,21366,21367,21368,21371
21396	13770,21362,21366,21370,21371,21373,21376,21363,21402,21383
21397	21370,21367,13770,21401,21383,21404,22440,21385,21361,21365
21398	21368,21362,21358,21361,21363,21365,21366,21367,21370,21371
21399	21366,21373,21371,21379,21402,13770,21377,21378,21413,22440
21400	21362,21367,21371,21379,21383,21393,13768,21358,21363,21365
21401	21378,21365,13768,21394,21397,21376,22439,21407,21358,22447
21402	21373,22438,22440,21361,21413,21394,21399,21408,22439,21390
21403	21368,13770,21373,21383,22438,21361,21365,21394,21408,21407
21404	21383,21393,21378,21397,21361,21385,21413,22449,21365,21407
21405	21362,21366,21368,21370,21371,21386,21407,21358,21361,21367
21406	13768,13770,21357,21358,21359,21360,21361,21362,21363,21364
21407	21358,21363,21367,21368,21404,21378,21397,21401,21361,21388
21408	21366,21371,13770,21377,21373,21379,21365,21402,21403,21404
21409	13768,21375,21379,21402,21363,21367,21378,21373,21377,21383
21410	21361,21367,21370,21375,21378,21390,21401,13768,21365,21366
21411	13768,13770,21357,21358,21359,21360,21361,21362,21363,21364
21412	21362,13770,21363,21370,21371,21375,21376,21379,21383,21361
21413	21367,21402,13770,21378,21385,21404,13768,21361,21394,21399
21414	21367,21370,21379,21383,21393,13768,21368,21388,21401,21403
21415	680,739,3826,6904,8110,8192,8326,8379,10420,10760
21416	110,1216,1694,2238,2687,2698,3798,3853,3993,5429
21417	2608,26099,28270,5179,13483,32231,36482,45860,146,188
21418	619,1809,13492,21419,21420,21421,21422,21423,21424,21425
21419	619,1809,13492,21418,21420,21421,21422,21423,21424,21425
21420	21450,619,1809,7266,8813,9504,9860,10477,10723,10804
21421	21427,21446,21452,21458,619,1809,13492,21418,21419,21420
21422	21449,235,576,619,1809,2084,2524,2678,2864,2914
21423	619,1809,9912,13492,21418,21419,21421,21422,21424,21425
21424	21442,21447,21457,21426,21443,21460,619,1809,13492,21418
21425	95,619,1809,8523,13492,21418,21419,21420,21421,21422
21426	21442,21446,21458,21424,21452,21460,545,619,1809,7667
21427	21452,21461,21421,545,619,1809,7667,13492,21418,21419
21428	6819,222,619,1809,2501,4129,4138,4590,4829,5951
21429	25186,45022,25224,27679,10063,19365,25215,27656,35179,40204
21430	64,131,542,619,627,637,1809,2427,2501,2812
21431	11162,12466,14969,31463,32169,503,619,1357,1397,1404
21432	13793,14014,23551,13800,13828,13829,13832,13846,13938,13965
21433	542,619,1809,2496,2565,5234,6805,8610,8806,8859
21434	28270,26099,13483,45860,223,619,995,1111,1787,1809
21435	7261,19388,28271,19,131,218,223,619,925,995
21436	21459,2608,619,1787,1809,3883,4114,5071,6995,7261
21437	619,1809,1814,4506,5148,5201,5958,6046,6101,9089
21438	619,1809,13492,21418,21419,21420,21421,21422,21423,21424
21439	21445,619,1135,1416,1617,1664,1667,1809,1860,3844
21440	619,1809,7614,13492,21418,21419,21420,21421,21422,21423
21441	38732,619,1809,1814,5148,5201,6046,6101,7697,9920
21442	21424,21457,21426,21460,21461,545,619,1809,7667,13492
21443	21446,21458,21452,21424,21460,36482,522,573,576,619
21444	28270,26099,13483,45860,223,619,995,1111,1787,1809
21445	21439,131,351,484,619,1129,1809,2041,2667,2674
21446	21443,21426,21421,21460,21461,619,1809,13492,21418,21419
21447	21424,21461,21460,36482,545,619,1809,7667,13492,21418
21448	14861,13026,23003,40998,45389,123,131,198,285,434
21449	21422,619,1809,13492,14557,21418,21419,21420,21421,21423
21450	21420,46505,87,619,1809,2659,7547,9872,10483,10537
21451	15220,134,153,352,543,619,1544,1809,1810,3298
21452	21427,21443,21457,21421,21426,619,1809,13492,21418,21419
21453	559,570,572,619,1809,4104,6397,6920,6942,11523
21454	619,1809,13492,21418,21419,21420,21421,21422,21423,21424
21455	619,1139,1809,2036,2644,4104,4219,4240,5200,5284
21456	619,1809,13492,21418,21419,21420,21421,21422,21423,21424
21457	21442,21458,21424,21452,21460,36482,545,619,1809,7667
21458	21443,21457,21426,21421,21460,619,1809,13492,21418,21419
21459	21436,2608,28257,34825,619,1787,1809,3883,4114,6995
21460	21424,21426,21442,21443,21446,21447,21457,21458,619,1809
21461	21427,21447,21442,21446,545,619,1809,7667,13492,21418
21462	2941,4227,7292,7654,8075,8076,8077,8083,8091,8093
21463	1244,4736,4752,7615,7639,8082,9123,12005,21464,21465
21464	11246,7265,7282,24312,6165,7322,12495,16673,17468,19876
21465	18094,338,535,564,744,1405,1670,2773,3177,3941
21466	8082,9123,12005,21463,21464,21465,21467,21468
21467	1927,5747,8082,8514,9123,11572,11802,12005,12183,20190
21468	46552,8082,9123,12005,21463,21464,21465,21466,21467,25441
21469	21063,21023,21475,21044,21474,21047,21054,20966,21476,21016
21470	20966,20980,21057,21008,21001,20977,21011,21023,21036,21059
21471	20966,21007,21010,21012,21016,21022,21023,21028,21035,21039
21472	21063,21478,21044,21489,20980,21028,23089,23092,21484,20966
21473	21490,20966,21049,21052,20980,21072,21007,21069,20987,21020
21474	20966,21484,21477,21469,21476,21016,21047,21049,21059,21035
21475	21063,21469,21484,20966,21041,21047,21016,21049,21061,21482
21476	21047,21050,20966,21010,21049,21069,21057,21474,21496,21043
21477	21492,21028,21057,21474,21493,21487,20966,20980,21041,21048
21478	21023,21063,21472,21044,23095,21487,23089,20980,21489,20966
21479	21475,21007,21474,21023,21063,21469,21482,21492,20966,21057
21480	21035,20966,21044,21050,21490,21039,21063,21069,21072,23106
21481	21048,21063,20966,21016,21039,21042,21049,21496,21050,21072
21482	21057,21475,21023,21484,23089,21054,21477,23095,21041,21047
21483	20966,21007,21010,21012,21016,21022,21023,21028,21035,21039
21484	21007,21010,21474,21475,21047,20966,20980,21494,23092,21016
21485	20966,21007,21016,21028,21041,21047,21063,21469,21470,21472
21486	21494,21035,21042,21048,21052,21063,20966,21007,21012,21016
21487	21044,21492,21028,23089,20966,21047,21477,21478,21493,21041
21488	21016,21039,21041,21048,20966,21020,21044,21049,21052,21063
21489	21063,20980,23095,20966,21472,21492,21478,21484,21493,23092
21490	21473,20966,20980,20987,21038,21042,21480,21492,21494,21495
21491	21028,21494,21484,23098,21010,21016,21046,21047,21482,21492
21492	21477,21028,23089,21487,20966,21048,21039,21047,21049,20994
21493	21028,23088,20980,21477,21041,21476,21487,23095,20966,20994
21494	21041,21052,21007,21010,21069,21484,21047,21050,21492,20966
21495	21023,21041,21039,21069,21490,21494,21044,21016,21042,21043
21496	21016,21050,20966,21043,21047,21476,21022,21038,21042,21057
21497	21049,21035,21039,21044,21069,21063,21476,21490,21016,21043
21498	21035,21039,21041,21063,21069,21490,21016,21043,21047,21050
21499	24142,21928,21893,2545,4182,6204,9386,9442,12060,12466
21500	8154,2802,2827,2864,12054,13284,15715,17357,20080,21284
21501	21504,1967,1976,13633,31223,1956,4153,4295,6413,13651
21502	21500,21501,21503,21504,21505,21506,21507,21508,21509,21510
21503	13284,21500,21505,2990,4153,4182,4288,4295,5462,6204
21504	21501,21511,21510,24142,2990,4153,4288,4295,5462,8003
21505	21500,21503,21506,21510,21511,4182,13284,13490,15246,15702
21506	21510,21928,9397,21500,21505,21893,338,566,744,2398
21507	28186,1061,7322,15004,18229,18364,20046,20730,21500,21501
21508	21500,21501,21502,21503,21504,21505,21506,21507,21509,21510
21509	21500,21501,21502,21503,21504,21505,21506,21507,21508,21510
21510	21506,7882,21500,21504,21505,21928,573,1704,3250,4182
21511	24142,21504,21500,21505,21928,4182,6204,9386,13284,13490
21512	21500,21501,21502,21503,21504,21505,21506,21507,21508,21509
21513	385,367,677,821,363,699,704,2027,4792,20041
21514	14469,25527,39404,656,6654,13917,13925,13959,13981,14027
21515	656,770,7438,31772,93,265,384,385,696,7409
21516	336,21526,2699,5137,15144,21525,21528,28718,36574,367
21517	21529,21521,21523,21524,21533,21549,368,377,699,705
21518	4795,387,699,8042,21528,21540,21545,28718,36559,336
21519	377,705,2825,4797,5137,21514,21515,21516,21517,21518
21520	7029,7034,7044,12735,23776,23792,23863,23866,23870,23881
21521	4797,21517,21529,21548,377,705,2825,4774,4807,5137
21522	377,704,705,726,728,2413,2689,2719,2825,4779
21523	699,2027,5137,20041,21517,21524,21527,21528,21529,21531
21524	21517,21523,21529,21533,21550,336,377,386,680,699
21525	336,371,705,4795,13607,21516,21526,21527,21528,21531
21526	656,728,21548,739,4793,4795,28064,336,705,732
21527	21528,735,4793,21531,28761,336,363,377,677,714
21528	699,363,735,762,21527,377,732,4793,4795,4813
21529	21517,21521,21523,21524,21531,21533,21549,367,377,385
21530	377,705,2825,4797,5137,21514,21515,21516,21517,21518
21531	656,728,21527,21528,367,377,699,735,797,2027
21532	21523,21527,21528,21531,21551,363,367,377,385,677
21533	377,699,2027,21517,21523,21524,21525,21526,21527,21528
21534	4234,6545,7242,13510,13520,14982,15567,16532,18153,18181
21535	377,705,2825,3305,3311,4797,5137,6222,15666,19254
21536	15893,14562,15888,15894,20584,47538,578,2019,2204,2831
21537	6021,21525,377,705,1129,1814,2825,4797,4805,5137
21538	382,13573,24228,24230,64,343,352,359,370,5137
21539	352,377,705,2825,4797,5137,13557,21514,21515,21516
21540	656,367,4793,20078,21129,21518,21538,64,265,278
21541	377,705,2825,4797,5137,21514,21515,21516,21517,21518
21542	377,13557,21514,109,265,336,352,367,371,385
21543	368,21526,21546,21548,64,143,161,169,278,343
21544	21545,5137,21523,21546,278,377,705,1327,2825,3845
21545	21544,5137,21518,21523,21546,278,336,377,705,1327
21546	21543,21544,21545,278,377,705,1327,2825,3845,4797
21547	705,21526,21531,377,385,387,656,728,773,778
21548	21526,385,705,2699,4807,5137,21521,21527,21538,21543
21549	21517,21523,21529,21533,21550,377,383,699,705,2027
21550	705,2027,21523,21524,21533,21538,21549,377,699,2825
21551	367,385,680,4813,21523,21527,21528,21531,21532,363
21552	21526,21548,45480,377,705,2699,2825,4736,4792,4797
21553	1863,2689,1860,2413,2496,1688,1854,2659,2668,2697
21554	29425,1688,2687,21562,2637,2647,2659,2678,2691,2692
21555	19,1113,21562,21873,29444,29461,29479,29505,29508,34164
21556	35605,9194,23550,13870,35692,16894,49226,38737,2641,16862
21557	1670,2413,24334,27299,168,1810,2689,43210,1423,1688
21558	8760,22971,168,1404,2413,16584,18118,21556,21574,24510
21559	738,1403,2687,15045,15768,21554,21555,21556,21557,21558
21560	18916,23202,25195,25224,19,242,2687,7852,12649,13810
21561	338,347,738,2687,3994,4201,4794,5319,6997,7672
21562	1688,2413,28263,29516,2678,2687,8511,27286,29490,29517
21563	738,1754,2637,2659,2666,2667,2678,2687,2689,2709
21564	738,2687,15045,15768,21554,21555,21556,21557,21558,21559
21565	1694,1705,2711,15285,17235,18158,23964,23966,35494,43224
21566	21557,21558,21574,168,738,1423,1670,1810,1849,1854
21567	36687,1689,19365,36698,36840,15383,37035,37156,10053,10058
21568	738,2687,15045,15768,21554,21555,21556,21557,21558,21559
21569	738,2687,15045,15768,21554,21555,21556,21557,21558,21559
21570	738,2687,15045,15768,21554,21555,21556,21557,21558,21559
21571	9774,19485,38045,6,37,130,284,478,701,738
21572	21574,2637,2667,2687,8672,13415,16713,21556,21558,19
21573	738,2687,15045,15768,21554,21555,21556,21557,21558,21559
21574	2687,29558,168,2637,2667,16713,21558,21572,29454,29494
21575	1347,12196,14455,24323,41106,62,131,285,738,1027
21576	694,728,738,771,2687,6693,12788,13644,13676,14318
21577	738,2687,15045,15768,21554,21555,21556,21557,21558,21559
21578	9386,13230,16532,19978,20062,43143,43649,45580,195,208
21579	20056,20069,23508,33621
21580	21963,21912,4655,8520,10489,14350,16811,32169,49388,122
21581	21585,21608,21912,21590,21607,21617,14298,21588,8008,8638
21582	21586,21600,21612,39161,222,1860,2554,3958,4139,4655
21583	21587,21607,14350,21588,8008,21590,21617,21881,39452,112
21584	21595,887,2821,2824,3438,3564,8638,10681,13062,15312
21585	21581,21593,21601,21587,21608,21615,21912,21963,21607,2294
21586	541,2053,3466,3898,8455,8508,9516,10670,14289,14875
21587	21583,21585,21963,21608,21615,21912,14350,21607,8638,10681
21588	21594,21583,21598,21601,8008,21581,21881,39452,550,6228
21589	8638,10681,21001,21581,21582,21583,21584,21585,21586,21587
21590	21581,21592,21594,21598,21617,21583,21593,8638,10681,14350
21591	12784,17556,37857,45602,2802,10949,12714,12771,13115,23958
21592	21963,21608,21615,21912,21590,21617,8908,14350,21166,21607
21593	21601,21585,21608,21615,21963,21912,21590,21607,21617,8638
21594	21588,14350,21590,21617,8008,21881,39452,7983,8003,8004
21595	622,3309,3313,3316,3321,3326,3334,3338,3344,3346
21596	8638,21001,362,2100,2540,7638,8156,8185,8507,10681
21597	2975,3023,6315,6356,8638,8990,9759,10429,10442,10453
21598	21607,21615,14350,21588,21590,21617,8008,21881,39452,7983
21599	11246,21681,21685,21713,154,467,812,1113,1652,3901
21600	10681,21582,21586,21612,570,979,1823,2334,2630,3043
21601	21593,21585,21607,21608,21615,21588,8008,14298,21881,39452
21602	8638,10681,13761,21001,21078,21581,21582,21583,21584,21585
21603	2238,3831,7608,14264,14291,21612,30787,33492,354,569
21604	5226,26740,26741,9630,35687,38628,38640,38663,45287,6138
21605	8638,10681,21001,21581,21582,21583,21584,21585,21586,21587
21606	606,9394,42455,42709,48020,615,1301,2294,2825,3560
21607	21583,21598,21601,21581,8008,21585,21587,21592,21593,21608
21608	21581,21585,21592,21593,21601,21587,21615,21912,21963,21607
21609	8638,10681,21001,21581,21582,21583,21584,21585,21586,21587
21610	13400,1216,1404,1433,2394,3094,3333,4832,6038,6964
21611	8638,10681,21001,21581,21582,21583,21584,21585,21586,21587
21612	7897,21582,21586,21600,21603,23306,362,859,2100,2540
21613	46678,46705,5062,5066,6914,7549,7602,8638,9444,9461
21614	14982,13016,16532,3702,4234,6306,6545,7242,13510,16620
21615	21592,21593,21598,21601,21585,21587,21608,21963,21607,21912
21616	8638,10681,21001,21581,21582,21583,21584,21585,21586,21587
21617	21581,21590,21592,21594,21598,21583,21593,1155,1417,7850
21618	16811,352,2084,3931,4069,4205,4841,8638,9986,10987
21619	15003,15000,10706,11563,13287,14993,14994,15006,15010,14554
21620	21642,1266,15008,21636,21637,21639,21648,1272,15003,21640
21621	19488,21626,21629,29168,19,250,467,546,812,918
21622	48805,1356,1429,1520,1617,1680,1719,1787,2022,2147
21623	223,909,3250,3770,7402,7458,7473,7590,13523,18075
21624	11246,23307,11173,23435,23441,9490,9553,12805,13681,21639
21625	10896,11200,11678,15008,15013,15074,15689,21620,21621,21622
21626	21643,21634,15000,21636,15001,15006,15689,21632,21637,21640
21627	15008,15689,21626,21629,21632,21634,21636,21639,21647,375
21628	5720,566,5689,5700,5704,5711,5713,5724,5726,5731
21629	14993,7628,14994,15010,15013,15689,21632,14391,14562,21621
21630	340,535,564,1405,2639,2802,3360,4264,4782,4841
21631	3023,4139,6005,9968,9973,10706,10896,11214,14206,14498
21632	21647,22395,7897,11246,15000,15008,21626,21629,22377,22382
21633	21672,21693,49399,503,1704,2862,3908,5682,9892,10278
21634	15008,21626,15003,21639,21640,21643,15000,15001,15010,15013
21635	9892,13629,20567,21244,40730,338,546,553,579,634
21636	15008,21620,21626,21639,21640,15003,21643,15000,15001,15006
21637	21642,21620,15008,21626,21639,21643,15003,15006,15010,15013
21638	6142,7639,615,3937,4839,5995,6161,8786,11244,11246
21639	14993,21620,21634,21636,15001,15006,15013,15689,21637,21640
21640	21634,21636,21648,15008,21620,21626,21639,21642,21643,15003
21641	21632,21638,201,554,556,566,597,2103,3362,3406
21642	21643,21620,21637,21648,14993,14994,15006,15010,15013,21640
21643	21642,21626,14993,15000,15006,21620,21634,21636,21637,21640
21644	5469,18539,18634,105,146,180,195,208,228,239
21645	4104,21632,21638,201,554,556,566,597,1186,2103
21646	15008,15013,21620,21626,21629,21634,21636,21637,21638,21639
21647	14993,15000,15006,21632,9220,9927,15001,15689,2849,4301
21648	21642,21620,21640,15008,21626,21639,21643,15003,15006,15010
21649	15008,15013,21620,21626,21629,21634,21636,21637,21638,21639
21650	5504,9391,10302,12491,20869,25693,28035,45480,45803,47577
21651	21667,21663,21654,21664,21653,21655,21658,21659,21668,21660
21652	21656,21662,21664,21667,21668,21659,21663,21669,21670,21671
21653	21661,21654,21655,21657,21658,21659,21660,21663,21670,21651
21654	21661,21662,21653,21663,21669,21651,21660,21670,20869,21666
21655	21657,21653,21658,21661,21659,21663,21668,21670,21651,21665
21656	21658,21660,21652,21669,21671,21665,918,2370,3946,6318
21657	21670,21655,21658,21668,21653,21659,21660,21665,21669,21671
21658	21661,21656,21657,21653,21655,21659,21660,21651,21663,21665
21659	21657,21658,21663,21664,21653,21655,21662,21670,21651,21652
21660	21656,21657,21661,21653,21654,21658,21670,21668,21651,21659
21661	21654,21658,21653,21655,21660,21665,20869,21666
21662	21664,21663,21654,21668,21652,21659,21669,21671,21665,20869
21663	21662,21664,21651,21654,21659,21653,21655,21669,21652,21658
21664	21662,21668,21663,21652,21659,21651,21669,21670,21665,21671
21665	21655,21656,21657,21658,21659,21664,21668,21652,21653,21660
21666	4104,21815,48612,48647,48653,235,3733,12758,13453,28033
21667	21651,21652,21671,20869,21666
21668	21664,21657,21662,21670,21652,21655,21651,21660,21665,21671
21669	21654,21656,21662,21663,21664,21652,21653,21657,21670,21651
21670	21657,21668,21653,21655,21659,21660,21664,21652,21654,21658
21671	21656,21662,21652,21657,21663,21667,21659,21664,21668,21669
21672	42126,42206,14336,28446,42096,2824,3935,5561,10532,10760
21673	21711,5538,45268,3305,22158,3950,5570,5585,7884,10392
21674	9105,3950,4264,9394,11318,15309,29045,29046,29047,29048
21675	8433,21702,21716,21717,21677,21681,21683,21689,21698,21713
21676	31756,31763,31766,31771,31773,45932,10939,31767,31779,31785
21677	20046,42081,42140,21683,21689,21698,42090,42114,8433,21684
21678	2036,3518,2017,3549,4206,4279,4295,7242,7246,11612
21679	6172,6208,13755,13758,13774,13769,1692,2929,3466,3950
21680	21683,21701,3950,8433,21599,21673,21674,21675,21676,21677
21681	21713,21698,21685,42126,21691,21714,21716,21717,12714,21675
21682	21684,21692,21687,21701,8433,21697,21685,21677,21714,21716
21683	8433,21687,21697,21677,42126,21714,21675,21702,42206,2824
21684	21687,21701,21682,21691,21714,21677,21716,21717,21707,21718
21685	21681,21692,21698,21697,21682,21687,21714,21707,21710,21716
21686	36135,3950,8433,11353,11354,11357,11358,11359,11360,11374
21687	21683,21684,21691,21682,21697,21701,21714,28435,21685,28385
21688	3950,5262,7649,8433,10903,11902,21599,21673,21674,21675
21689	21677,21691,21716,21717,21675,21702,21707,21710,21718,42206
21690	4032,6328,10710,13621,14312,23384,44446,366,468,546
21691	21687,21684,21689,21698,21713,21677,21681,21701,21714,21682
21692	21682,21685,21697,21701,28439,21707,21718,42096,2824,10532
21693	16624,21171,21240,21633,23001,33684,49399,351,457,458
21694	14209,21077,42706,390,2196,4240,6152,7254,8468,11843
21695	21712,3950,229,1216,3540,3958,3968,4069,4129,4139
21696	21708,28005,28009,28010,28011,375,569,1244,2416,2699
21697	21683,8433,21692,21682,21685,21687,21714,2824,10532,21677
21698	21681,21685,42126,21677,21691,21714,21716,21675,21702,21707
21699	8433,21681,21682,21683,21684,21685,21687,21692,21697,21698
21700	15833,21681,21683,21684,21685,21687,21689,21691,21692,21698
21701	21684,8433,21682,21692,21687,21691,21714,21717,42206,2824
21702	8433,21675,21716,21717,21677,21681,21683,21689,21698,21713
21703	1704,2862,3703,3950,4275,5682,6306,7592,8433,10359
21704	13071,13063,16384,8652,9892,13055,13057,13060,13306,16394
21705	17025,20379,21,5588,8433,42240,91,340,575,1913
21706	3950,8433,21599,21673,21674,21675,21676,21677,21678,21679
21707	21684,21685,21687,21689,21692,21698,21714,21677,21681,21682
21708	21696,3950,5355,8433,15689,21599,21673,21674,21675,21676
21709	18425,22312,4321,7425,16369,18117,18119,22320,573,5653
21710	21681,21685,21689,21698,21713,21682,21684,21691,21692,21697
21711	21673,11246,5538,5564,14474,19213,29757,30721,45268,49342
21712	12714,21695,3950,10176,11678,12744,14348,18385,22065,22085
21713	21681,21717,42126,21691,21716,21675,21702,21710,28446,6802
21714	21684,21687,21698,21681,21683,21685,21677,21682,21691,21697
21715	3950,7646,7647,8433,14974,21599,21673,21674,21675,21676
21716	21717,21689,21713,8433,21675,21681,21684,21698,21702,21682
21717	21713,21716,8433,21689,21675,21681,21684,21702,21682,21685
21718	21682,21684,21687,21689,21692,8433,21677,21683,21697,21701
21719	2389,5353,7568,7615,7897,8104,8185,11259,12067,12983
21720	1157,1357,1714,2501,2528,2541,2558,4736,7582,7628
21721	7582,7628,9490,11286,11305,21629,21720,21722,21723,21724
21722	1169,4841,15989,16643,17451,20005,20057,21606,33557,33561
21723	7582,1938,2501,3541,3692,3876,5260,7458,7568,7599
21724	7582,7628,9490,11286,11305,21629,21720,21721,21722,21723
21725	2606,7582,7628,9490,11286,11305,12009,21629,21720,21721
21726	7582,7628,9490,11286,11305,21629,21720,21721,21722,21723
21727	1673,2699,3159,4276,4485,4903,4906,4908,7582,7619
21728	7582,11435,15994,2331,2485,2490,2805,3548,4069,4793
21729	7582,7628,9490,11286,11305,21629,21720,21721,21722,21723
21730	2176,4745,6906,6933,7570,7582,7628,9490,11030,11286
21731	7582,7628,9490,11286,11305,20283,20299,20302,20312,20313
21732	4068,6783,13276,19431,543,629,7506,9816,11383,11387
21733	1945,2857,2898,5300,6117,7582,7628,9054,9391,9490
21734	25487,47374,300,2036,2389,2716,2782,2786,2802,3456
21735	7582,7628,9490,11286,11305,21629,21720,21721,21722,21723
21736	8191,17436,47259,47269,47270,47284,47304,4552,4598,4601
21737	7582,7628,9490,10350,11286,11305,13285,18116,21629,21720
21738	26623,26745,13323,26617,26637,26645,23224,26644,26747,11246
21739	1600,2956,3039,8681,10103,12409,12444,12446,19388,30223
21740	595,1137,2666,3004,4113,6224,6428,6785,8461,9924
21741	5231,6165,9774,10368,541,571,2099,2864,3541,3547
21742	21755,11286,21629,21748,21758,1301,6180,7171,7582,7615
21743	26260,26292,26276,26281,714,3947,26256,26285,11378,12578
21744	7628,21747,7568,7582,9490,11286,11305,21629,21720,21721
21745	1857,6204,6264,7582,7628,9490,11177,11189,11286,11305
21746	2865,7582,7628,9490,10652,10702,11035,11073,11286,11299
21747	21748,15000,15001,15006,15008,21626,21639,21642,21643,21647
21748	21747,15003,21642,21742,21755,21758,1673,2437,4651,4662
21749	7582,7628,9490,11286,11305,21629,21720,21721,21722,21723
21750	7582,7628,9490,11286,11305,21629,21720,21721,21722,21723
21751	2975,3023,7582,7628,8990,9490,11286,11305,12048,21597
21752	351,10801,22234,1404,4717,4832,5231,7651,8154,9950
21753	34888,45435,32,1387,3429,3978,4516,6465,6668,6977
21754	557,5960,6397,7582,7628,9490,10746,11286,11305,12388
21755	21742,21629,21748,21758,7171,7582,9490,10694,11286,11305
21756	7582,7628,9490,11286,11305,21629,21720,21721,21722,21723
21757	7582,7628,9490,11286,11305,21629,21720,21721,21722,21723
21758	21742,21747,21748,21755,7582,9490,10694,11286,11305,21629
21759	575,854,1387,1970,3528,4522,6397,6565,6802,6944
21760	23476,4527,6653,42921,5250,6654,14454,17180,17556,18309
21761	21764,21766,21767,21763,21765,21771,3528,7248,21705,21760
21762	21763,21765,21771,202,362,1244,2876,3347,5425,6158
21763	21761,21762,21766,21767,21775,21764,21771,21772,21705,21760
21764	21761,21774,21766,21767,21770,21775,21763,21765,21771,3528
21765	21761,21762,21766,21767,21775,21764,21771,21772,21705,21760
21766	21761,21767,21775,21763,21764,21765,21772,21770,21771,569
21767	21761,21766,21775,21763,21764,21765,21772,21770,21771,2081
21768	21705,21760,21761,21762,21763,21764,21765,21766,21767,21769
21769	21705,21760,21761,21762,21763,21764,21765,21766,21767,21768
21770	21774,21764,21773,21775,21766,21767,3528,7248,21705,21760
21771	21761,21762,21763,21764,21765,21766,21767,21774,21775,123
21772	21773,21775,21766,21767,21763,21765,3528,7248,21705,21760
21773	21772,21770,3528,6802,6944,7248,14361,21705,21760,21768
21774	21764,21770,21771,3528,6944,7248,14361,21705,21760,21768
21775	21766,21767,21772,21763,21764,21765,21770,21771,3528,7248
21776	12326,2831,3937,7651,13666,14297,14928,16006,18556,21273
21777	8559,8846,10162,10470,16623,19505,20094,20097,21304,28519
21778	2993,4174,10985,11303,11315,13621,16187,16961,17619,17621
21779	325,23250,4223,7248,7615,9397,13243,16452,17441,17620
21780	7119,8774,18085,21935,29435,30749,204,1150,1670,1799
21781	25215,1135,2687,25170,25175,25195,25256,27655,30220,37448
21782	21781,21783,21784,21785,21786,21787,21788,21789,21790,21791
21783	198,374,1022,3629,3654,3880,7758,9378,10264,11609
21784	9675,21781,21782,21783,21785,21786,21787,21788,21789,21790
21785	29688,43207,168,8685,29689,29693,29694,29704,34278,42247
21786	21781,21782,21783,21784,21785,21787,21788,21789,21790,21791
21787	16532,25320,87,570,979,1078,1080,1082,1084,1087
21788	16031,16033,16034,16038,16040,16041,16043,16044,16045,16046
21789	6973,8961,8963,8969,8978,12241,87,285,485,546
21790	2036,4240,8583,612,4219,4238,8468,13257,13275,13810
21791	21793,21796,20107,21781,21782,21784,21785,21786,21787,21788
21792	22118,19077,22265,23202,351,622,660,673,975,1001
21793	21791,21796,20107,21781,21782,21784,21785,21786,21787,21788
21794	544,662,2068,4118,4156,5231,7228,8563,8584,10523
21795	21781,21782,21783,21784,21785,21786,21787,21788,21789,21790
21796	21791,21793,20107,21781,21782,21784,21785,21786,21787,21788
21797	87,285,485,546,606,615,1017,1136,1148,1348
21798	4402,4405,4408,4425,4447,12929,17193,21781,21782,21783
21799	21781,21782,21783,21784,21785,21786,21787,21788,21789,21790
21800	22852,82,138,222,366,456,548,566,576,1894
21801	2397,15669,15675,2344,2356,21815,21821,2330,2395,2399
21802	1832,2334,2337,2379,2402,19746,21801,21804,21805,21808
21803	2397,15669,15675,21812,21819,2330,2344,2405,2345,2364
21804	21816,21822,21836,21842,25228,32717,35633,1,2334,2337
21805	21816,14497,14494,21809,21808,21829,21833,21836,2334,2337
21806	2330,2334,21812,2344,2370,15675,2364,15669,1373,2356
21807	2330,2364,2395,2399,21821,2357,21823,21835,2405,2342
21808	21805,21809,21816,21842,2334,2337,2379,2402,14509,14538
21809	14538,21805,14509,14542,21808,21829,2334,2337,2370,2379
21810	2330,2356,2357,2353,2361,2397,2405,21814,21824,21826
21811	2370,2364,2330,2357,2356,21821,2353,21835,1373,2365
21812	2330,2364,2350,21806,2353,2351,2362,2377,2405,21803
21813	2334,2337,2379,2402,21801,21804,21805,21808,21809,21815
21814	2330,2357,2337,2334,2350,2359,21812,2360,2362,2363
21815	48643,15675,2350,15669,21801,48653,48664,48665,2330,2399
21816	14497,21805,14494,21836,2337,14495,21801,21804,21808,21814
21817	2370,21809,21822,21824,21830,21842,2330,2334,2337,2350
21818	9391,48656,21811,48603,48633,2330,2337,2350,2364,15675
21819	2397,2344,15675,2350,15669,21803,2330,2364,48898,2395
21820	2337,21803,2350,2397,2405,15669,15675,21807,21812,21819
21821	2330,2357,15675,15669,21807,2350,2351,2363,2367,21811
21822	14494,14495,21836,21804,21833,2334,2337,2370,2379,2402
21823	21807,2397,21812,2350,2364,2399,2370,2405,21806,21819
21824	2397,14542,2330,2405,21811,21823,2350,2356,2364,2370
21825	2330,2334,2337,2350,2353,2356,2357,2361,2364,2370
21826	2330,2353,2356,2357,2361,2397,2405,21810,21814,21824
21827	2330,2334,2337,2350,2353,2356,2357,2361,2364,2370
21828	47259,47263,47317,47315,14873,47267,47290,47297,47299,47319
21829	21805,21809,21816,21842,2334,2337,2379,2402,14509,14538
21830	2370,2330,2334,2353,2356,2361,2364,2379,2394,2397
21831	2330,2334,2337,2350,2353,2356,2357,2361,2364,2370
21832	2330,2334,2337,2350,2353,2356,2357,2361,2364,2370
21833	21805,21816,21822,21842,2334,2337,2379,2402,14538,21801
21834	18916,19664,25195,25197,25257,34164,35633,35678,19,87
21835	2356,2397,2334,21807,2330,2343,15669,21811,2364,2395
21836	21816,21822,21804,21805,21842,2334,2337,2379,2402,21801
21837	15675,15669,2344,2397,21812,2330,2337,2350,21819,2379
21838	1484,8295,8335,12722,22934,25268,28649,28664,31231,33443
21839	1689,2334,2337,2379,2402,6038,11551,21801,21802,21804
21840	5588,20561,1814,6783,19012,19916,19925,19926,21852,23085
21841	35633,19920,34003,35464,35617,43210,2641,2657,13837,13897
21842	14538,14509,14494,14533,21804,21808,21829,21833,21836,2334
21843	30709,39633,29498,29552,39631,1689,3702,5854,7697,13430
21844	4133,13298,456,1099,1135,2330,2334,2337,2350,2353
21845	6057,6021,210,2330,2334,2337,2350,2353,2356,2357
21846	2330,2334,2337,2350,2353,2356,2357,2361,2364,2370
21847	4285,4707,4752,5052,6284,11693,12066,13290,18084,21849
21848	554,3052,3333,3692,4707,4713,4752,5052,5462,6260
21849	4707,4752,5052,6284,11693,12066,18084,21850,21860,21861
21850	21902,21894,21877,21885,21947,21868,21874,5052,6284,10302
21851	21870,21906,554,3052,3333,3692,4707,4713,4752,5052
21852	5462,19916,19925,554,3052,3333,3692,4707,4713,4752
21853	4285,4707,4752,5052,6284,11693,12066,13290,18084,21847
21854	10164,6356,554,3052,3692,4707,4713,4752,5052,5462
21855	4707,3920,3958,4281,5670,11045,17436,19935,20943,21868
21856	21964,2659,8091,8101,21855,21873,21915,25224,29817,46905
21857	20471,30602,2053,3466,3898,8455,8508,14289,16686,17292
21858	4285,4707,4752,5052,6284,8859,11693,12066,13290,18084
21859	46384,46395,46421,5883,46410,46445,46346,46360,46399,46385
21860	12066,4285,4707,4752,5052,6284,11693,21849,21850,21861
21861	4707,4752,5052,6284,11693,12066,18084,21849,21850,21860
21862	18084,21899,4285,4707,4752,5052,5234,6260,6284,11693
21863	13290,1778,4285,4707,4752,5052,6284,6710,8685,11693
21864	11693,20959,21874,21888,5052,6284,10302,10425,12066,18084
21865	4285,4707,4752,5052,6284,11693,12066,13290,18084,21847
21866	19429,3230,19431,34176,3575,34169,34179,34200,34304,543
21867	18084,21850,3333,4707,4752,5052,6284,6397,10164,11693
21868	4048,4295,11693,21902,21942,21949,21958,4299,4707,21850
21869	3333,10302,21935,21958,622,5052,6284,10425,11693,12066
21870	20959,21851,554,3052,3333,3692,4285,4707,4713,4752
21871	4531,34816,222,439,554,2601,3052,3333,3692,4145
21872	46668,18084,21900,21902,28704,28718,46688,46707,352,2084
21873	34299,13847,25224,1230,3734,13792,19352,25405,1689,3931
21874	11693,21850,21864,21902,5052,6284,12066,18084,21868,21877
21875	7983,15799,46668,46725,222,554,580,2044,3052,3238
21876	7983,21900,222,339,554,3052,3333,3692,4285,4707
21877	7983,21850,21879,21902,11693,21874,5052,6284,10302,10425
21878	13290,21898,222,4285,4707,4752,5052,5462,6165,6284
21879	7983,21877,21902,21907,8004,10563,21850,8008,21894,21937
21880	4285,4707,4752,5052,6284,11693,12066,13290,18084,21847
21881	554,3052,3333,3692,4707,4713,4752,5052,5462,6260
21882	5310,6252,28563,6255,6219,6295,6267,6268,28573,6251
21883	4285,4707,4752,5052,6284,11693,12066,13290,18084,21847
21884	10302,20959,3692,4713,5052,6260,6284,10425,11693,12066
21885	11693,21850,21902,21874,21894,4707,4752,5052,6284,8008
21886	4285,4707,4752,5052,6284,11693,12066,13290,18084,21847
21887	4285,4707,4752,5052,6284,11693,12066,13290,18084,21847
21888	21900,7983,21864,8004,21850,21877,21907,38344,2499,8008
21889	10302,554,3052,3333,3692,4707,4713,4752,5052,5462
21890	7651,6397,11244,14319,25747,30787,222,546,554,2789
21891	4285,4707,4752,5052,6284,11693,12066,13290,18084,21847
21892	32995,32959,23704,32993,3333,7186,7651,21868,23702,32997
21893	5462,10302,15799,21914,554,3052,3333,3692,4707,4713
21894	21850,21864,21885,21900,21902,4707,4752,5052,6284,8008
21895	4285,4707,4752,5052,6284,11693,12066,13290,18084,21847
21896	21929,222,554,3052,3333,3692,4285,4707,4713,4752
21897	4707,4752,5052,6284,11693,12066,18084,21849,21850,21860
21898	21878,4285,4707,4752,5052,6284,11693,12066,18084,21847
21899	18084,21862,4285,4707,4752,5052,6260,6284,8455,11671
21900	8004,8008,21888,21894,13326,20959,21872,38344,2499,4182
21901	21868,1266,1275,1288,1290,4285,4707,4752,5052,6284
21902	21850,10549,10553,10567,21868,10566,18084,21874,21877,21879
21903	12439,4707,4752,5052,6284,11693,12066,12443,18084,21111
21904	4285,4707,4752,5052,6284,11693,12066,12647,13290,18084
21905	5052,6284,11693,12066,18084,21850,21864,21868,21874,21902
21906	4871,20956,4129,4264,4289,4713,4884,6397,10164,10380
21907	8004,21879,8008,11693,21902,21874,21888,21937,2499,4285
21908	20956,554,3052,3333,3692,3904,4048,4153,4179,4196
21909	4285,4707,4752,5052,6284,11693,12066,13290,18084,21847
21910	4285,4707,4752,5052,6284,11693,12066,13290,18084,21847
21911	4707,4752,5052,6284,11693,12066,18084,21849,21850,21860
21912	21963,21580,5052,6284,11693,12066,18084,21581,21592,21850
21913	10302,21902,21958,4297,12403,18084,20956,21850,21868,22846
21914	30930,15799,21942,21959,29232,3052,6413,4297,5052,5462
21915	20959,21171,21928,21934,21942,21949,340,354,3052,3238
21916	4285,4707,4752,5052,6284,11693,12066,13290,18084,21847
21917	8003,21864,22151,25492,27979,4289,4707,5052,6098,11693
21918	10302,21869,21934,21954,22854,3001,3333,4297,5052,6284
21919	11693,8003,21864,5052,6284,8004,12066,18084,20456,20577
21920	42534,4707,4752,5052,6284,11693,12066,12640,15747,18084
21921	4203,363,554,1077,1918,2027,2649,2996,3004,3941
21922	21930,554,2196,3052,3305,3333,3692,4069,4104,4281
21923	11689,38350,38358,8003,10549,10552,10553,10563,10567,10570
21924	4707,4752,5052,6284,11693,12066,18084,21849,21850,21860
21925	10425,21864,21917,554,3052,3333,3692,4297,4707,4713
21926	14390,2827,12044,16350,562,4717,10469,14875,20852,21930
21927	1809,2034,3456,3525,4285,4707,4752,5052,5071,5115
21928	8004,8003,21915,30930,4048,4163,4167,4182,4279,5066
21929	10563,38353,10567,11693,21879,21896,554,3052,3333,3692
21930	7630,7651,21948,375,3560,4163,4707,5071,7611,11884
21931	4297,8003,15799,21882,21915,21949,229,554,2699,2986
21932	4264,7983,8003,8008,9490,15799,20956,21850,21877,21885
21933	21850,21902,21947,5052,6284,11693,12066,18084,21868,21874
21934	10302,340,4139,8003,20846,21915,25492,25791,27979,40300
21935	21948,562,9986,13411,14346,22053,22623,2841,3937,4074
21936	10302,15745,18085,21934,21948,21949,27133,27141,3333,4025
21937	8003,7983,11693,8004,21879,21885,21907,21947,8008,11696
21938	21906,21917,22126,47327,229,554,1216,1782,1959,1975
21939	11693,20959,21864,4297,5052,5462,6284,7983,8003,10302
21940	8004,3463,3931,4048,4264,4289,4295,10302,10380,11635
21941	47884,47895,47897,47914,47918,47927,47928,47933,47939,47941
21942	4295,4048,22158,4296,21868,21949,22198,22199,12401,20845
21943	1301,10301,12768,19080,21211,24585,24620,27316,35868,40474
21944	4752,8003,16424,20959,554,3052,3333,3692,3721,4092
21945	79,219,285,338,351,362,554,1977,2238,2249
21946	223,5462,21930,21939,21942,222,554,569,3052,3333
21947	8003,11693,21850,21902,21874,21933,5052,6284,12066,18084
21948	21935,8154,25476,10500,22053,25872,30125,30870,562,4295
21949	4048,4198,4299,4182,4296,3971,4202,4279,4281,4297
21950	10488,18084,169,554,566,595,1875,2244,2661,2857
21951	8003,10302,4048,4297,7983,11693,21850,21864,21868,21934
21952	22106,31122,1137,7246,10302,15843,27334,30550,30557,30585
21953	14286,14880,21935,21948,337,351,554,562,1404,1433
21954	3971,10302,4297,21850,21868,21869,21902,21913,21918,21934
21955	3052,8008,15799,18084,20956,20959,21902,21913,21914,21917
21956	38349,8003,8004,10549,11689,38351,38356
21957	4295,21949,3523,4011,4046,4048,4069,4103,4163,4166
21958	3971,3958,4196,4206,22198,1137,4166,20844,22147,22846
21959	10302,4295,20956,21914,5990,21882,21942,48659,4167,8008
21960	5052,6284,11693,12066,18084,21850,21864,21868,21874,21902
21961	30812,10302,11693,20471,21889,21949,30877,554,559,1366
21962	10460,10448,202,10447,13621,22175,190,269,551,1137
21963	21912,21580,21592,21587,21593,21585,21608,21615,8528,14337
21964	21856,8091,8101,45060,1,113,125,202,434,1230
21965	28160,11336,15004,28162,28183,28156,28157,28175,28179,7616
21966	21990,21978,21981,21983,21992,22000,28156,28171,28187,21973
21967	21989,21966,21968,21970,21971,21974,21982,21985,21988,21999
21968	21981,28157,28162,21999,22005,21985,21980,21982,28175,21995
21969	15004,20730,2972,21966,21968,21970,21971,21972,21973,21974
21970	21968,21984,11336,15004,21967,21982,21985,21986,21990,22001
21971	21984,28160,21981,21992,22002,22003,21988,22000,22005,28157
21972	21984,21992,22002,21968,21985,21987,28183,21980,21995,22000
21973	21984,11336,21987,21990,21992,22002,28183,15004,21997,21999
21974	21968,21982,21996,21999,22004,22011,20730,21967,21978,21983
21975	21984,22005,21987,21988,11336,21978,21985,28162,21968,21983
21976	21997,22000,21973,21990,22003,22005,22010,7616,11336,21966
21977	21973,21982,21984,21990,21999,22000,28160,11336,15004,21966
21978	21981,22003,28162,22005,21983,21980,21985,21988,22007,28157
21979	20730,21966,21967,21968,21969,21970,21971,21972,21973,21974
21980	11336,21984,21968,21978,28162,22002,28157,20937,21972,21982
21981	21968,21992,21978,21985,22007,21983,28175,21982,21995,28156
21982	21968,21981,28160,11336,21980,22007,22011,21985,21992,21995
21983	28162,28160,21978,21981,21987,22003,22002,21985,28183,21966
21984	22002,21999,21972,21987,21971,7616,21973,21980,21988,22004
21985	21981,21968,21978,22005,22007,21972,21983,21992,21995,21999
21986	20730,21971,21978,21984,22002,22004,11336,21968,21970,21972
21987	21984,22005,28183,21990,21983,22004,21973,22011,28157,21972
21988	21984,22005,21978,11336,21968,20937,21971,21987,21990,22000
21989	21971,21966,22004,21967,21973,21978,21984,21987,21988,21990
21990	21987,21992,28158,28183,22000,22003,22005,28156,28175,21973
21991	21982,21983,21987,21992,21995,20730,21966,21967,21968,21969
21992	21981,21990,21999,21972,22004,21973,22011,28179,21971,21985
21993	702,3819,4139,7599,9752,12755,13202,13287,15070,15074
21994	20730,21968,21971,21974,21982,21985,21988,21989,21999,22004
21995	11336,21968,21981,22003,7616,21978,21985,22002,22007,28157
21996	21974,21968,21978,21982,21983,21987,21990,21999,22004,22008
21997	11336,21973,22003,21988,21990,21992,22002,28179,28183,21976
21998	21968,21971,21978,21984,21990,22000,22005,28175,7616,11336
21999	28162,21968,21984,28160,21992,28187,21990,22000,21973,21985
22000	22005,28160,28175,21990,28157,21999,28156,22007,7616,21971
22001	21966,21967,21970,21989,3857,4036,11336,11522,15004,21968
22002	21984,28183,21972,21973,21980,21983,21990,22004,22007,21971
22003	28160,21978,22007,21983,21990,28156,21995,21971,21985,28158
22004	21984,11336,21987,21992,22002,28187,21981,21990,22007,21973
22005	21968,21987,21978,22000,28157,21985,21988,21990,28175,22011
22006	21971,21973,21975,21978,21987,21988,21989,21990,21998,21999
22007	21981,11336,22003,21978,21985,22002,21995,22000,22004,21980
22008	11336,21984,21990,21992,21995,21978,21987,22004,21972,21981
22009	21971,21988,21989,21999,22004,22005,22010,22012,20730,21967
22010	21988,21999,21997,22000,22004,22007,21966,21968,21971,21976
22011	11336,21987,21990,21992,22005,28156,28160,28183,21982,22000
22012	20730,21968,21971,21988,21999,22004,22005,22009,22010,21967
22013	6558,7263,7325,8271,9638,11109,11114,11732,13575,17234
22014	2155,2811,4354,4430,6026,7332,9695,12636,15088,16882
22015	7332,17700,22014,22016,22017,22018,22019
22016	1973,1982,8319,10622,12193,12251,17180,17192,17198,17200
22017	7332,17700,22015,22016,22018,22019,32204,33464
22018	2137,7332,11132,16918,17700,22014,22015,22016,22017,22019
22019	7332,17700,22014,22015,22016,22017,22018
22020	29594,14,2097,2940,3050,3313,8154,8562,9172,9872
22021	22034,22038,22056,22065,22067,22085,81,95,354,466
22022	11246,22051,22056,22085,19187,23301,9490,11162,11187,15127
22023	8154,11246,14312,14315,18114,20424,21948,22020,22021,22022
22024	4942,11246,22037,22046,22049,22053,22065,22066,22078,123
22025	7611,5355,11246,22078,30134,47610,186,541,562,2841
22026	45714,11246,22056,24036,45712,466,4717,5038,5049,6885
22027	11246,22059,22085,26279,253,362,1244,1426,1787,2603
22028	14309,14318,22049,22077,28381,30836,560,622,4809,7527
22029	7983,8003,8154,11246,14312,14315,16532,18114,20424,21948
22030	22382,11246,9490,22034,22046,22049,22395,9919,10746,11173
22031	22076,11246,22028,22049,22065,45108,340,745,1250,1809
22032	8154,11246,14312,14315,18114,20424,21948,22020,22021,22022
22033	8154,18114,1489,2413,2644,2894,2904,2915,3038,3889
22034	9490,22065,10801,22046,22056,22085,37857,45297,47535,2540
22035	8154,11246,14312,14315,18114,20424,21948,22020,22021,22022
22036	22085,9490,11246,22034,22046,22382,22385,338,466,3347
22037	2786,351,14315,22067,27312,47366,52,638,2988,4530
22038	22021,22034,22056,22065,22085,466,471,856,1414,2252
22039	8154,11246,14312,14315,18114,20424,21948,22020,22021,22022
22040	2540,9490,22055,22065,22085,47535,3831,11180,11260,14319
22041	20899,22089,351,3937,4738,4841,5038,7651,9393,9986
22042	22065,22085,5824,6306,7240,7264,7280,7290,7480,8154
22043	562,2841,5960,8154,13411,22049,25830,46668,2554,4139
22044	4103,4182,6084,6428,7583,7596,7619,8154,8507,9553
22045	22055,19187,22040,22051,22076,22378,22382,2540,2554,2786
22046	11246,22395,9490,22065,22382,5824,7897,17468,22055,23307
22047	8154,11246,14312,14315,18114,20424,21948,22020,22021,22022
22048	22056,45238,6778,11246,19187,21103,22025,22026,22043,22055
22049	28381,30134,9920,10500,10504,4736,22057,28613,45108,364
22050	22060,562,12758,21948,22049,22053,22057,44446,337,351
22051	19187,22085,9919,22055,22056,22376,12805,22022,22561,23301
22052	4717,5954,9483,13544,14302,14875,22043,22049,22078,25490
22053	21935,21948,4782,12025,12032,13400,13411,28381,2802,8154
22054	11246,11660,606,1245,2773,3676,3937,4662,4782,5085
22055	22395,19187,22046,22051,22056,47524,22065,7264,9490,9919
22056	22085,5824,19187,22065,22051,22055,23306,47524,11187,22022
22057	22049,21948,22053,25747,25918,351,564,1301,2802,4048
22058	22030,22043,22086,22089,202,455,2942,3485,3518,3549
22059	22046,22382,23441,10709,11246,20424,22027,22034,22065,22070
22060	562,14315,20849,21948,22050,44446,351,7651,8175,12062
22061	48738,11246,18114,28361,14312,15989,25527,1919,2081,2370
22062	8154,11246,14312,14315,18114,20424,21948,22020,22021,22022
22063	83,123,127,160,351,478,531,2156,2176,2188
22064	10500,17441,22071,45527,626,744,2238,2545,2917,3360
22065	9490,22046,22056,47524,47535,22034,42449,5824,21103,22055
22066	22024,22037,22078,123,434,659,1388,3041,3463,4022
22067	17478,546,9882,10500,14318,14346,21171,21294,22037,22068
22068	4738,14277,8154,10479,12703,20567,21867,22067,23168,44474
22069	22089,9928,11369,14352,20500,28381,30818,9920,10468,14283
22070	7897,22046,22561,11246,19187,22034,22065,22380,22386,22395
22071	4736,20899,22077,28613,39012,351,615,2554,2825,2917
22072	17,98,351,623,1076,1845,5840,8154,9436,11214
22073	14312,14315,21238,21948,22037,22067,22068,22069,22075,22511
22074	20853,615,606,7611,9928,5995,8508,10469,12328,13400
22075	9393,7651,14264,14315,21948,22234,23173,562,2802,3831
22076	22031,11246,22051,22055,22065,9490,19187,20424,22022,22028
22077	10529,41735,4736,7651,10500,14315,22028,22049,22071,49431
22078	22069,30836,354,7611,9919,18436,22025,22074,22089,23913
22079	22051,22085,9919,21103,22065,23307,30440,338,467,469
22080	8154,11246,14312,14315,18114,20424,21948,22020,22021,22022
22081	2841,21273,22083,22089,25823,562,4036,4738,5934,6328
22082	5995,8154,12715,14310,22069,22089,542,569,2092,2825
22083	22049,22081,2841,6328,7611,14315,20853,22025,22043,22060
22084	8008,14312,14339,18114,20793,22028,22043,22053,22061,22068
22085	22056,5824,22376,23306,12805,19187,22051,23301,23304,47524
22086	11162,22030,22043,22058,22070,22089,23306,25537,362,3023
22087	22061,8154,11246,13107,13179,14312,14315,16324,18114,20424
22088	11246,4227,6165,6920,7322,8154,9415,10709,10732,10753
22089	14346,22069,11369,14354,5957,6328,7663,8154,9861,24665
22090	4033,4202,4046,22198,20956,22195,4198,4281,22172,4053
22091	10987,3958,4159,22147,22158,28563,4281,4289,7242,7246
22092	3971,4046,4074,4295,4296,20956,3920,3948,4004,18511
22093	22165,3770,3903,3920,3948,3958,4139,4281,4289,7402
22094	3948,3971,22097,3903,3906,3958,4101,4295,4707,18511
22095	12831,14458,22165,40542,282,321,557,1500,1510,1693
22096	3903,3906,3948,3968,3971,4011,4069,4074,4075,4115
22097	3958,18511,3971,4707,10987,20844,22147,3948,22115,22158
22098	4264,3971,22161,22163,4011,4295,11570,22112,22141,22152
22099	3958,3971,4202,22158,4289,22265,31122,4036,4069,4074
22100	3971,3903,22147,22163,3882,3906,3920,3968,4035,4046
22101	4053,4046,22103,22141,22505,3971,22115,22147,22149,22163
22102	4048,10987,22118,22158,3958,4264,11536,16211,22091,22161
22103	3948,3971,22147,4046,4053,4074,22158,3903,22141,3920
22104	4046,3971,3920,3948,4074,22103,22127,22141,22147,22158
22105	10987,18511,3948,3971,4296,22092,22147,22149,22164,3906
22106	11605,21952,31122,10978,15567,20563,22099,22136,22141,1186
22107	4296,22144,3530,3903,3906,3948,3968,3971,4011,4069
22108	4289,22091,22158,3971,4069,10380,10987,22113,22119,22124
22109	22166,3903,3906,3948,3968,3971,4011,4069,4074,4075
22110	3903,22124,22149,4053,4115,22092,22103,22147,22163,1137
22111	22129,621,3903,3906,3948,3968,3971,4011,4069,4074
22112	22141,22127,4069,4295,22147,22198,3903,3948,3971,4004
22113	22147,22091,3906,4033,4046,4101,4264,22092,22130,22141
22114	4264,4296,22115,22154,3948,4115,20844,22119,22130,22137
22115	4707,3958,22164,3906,4053,18511,22137,4033,22136,22158
22116	4069,10987,22098,22112,22126,22139,22147,22158,439,1689
22117	22166,218,964,1125,1516,1553,1595,1647,1778,2051
22118	3958,4046,3525,10987,22158,3971,4281,4296,4074,4159
22119	4264,4033,4296,22124,10987,11547,20844,22115,22142,22149
22120	3903,3906,3948,3968,3971,4011,4069,4074,4075,4115
22121	10987,22166,319,581,2196,3320,3903,3906,3937,3948
22122	3948,3971,3903,4074,22124,22127,22141,22149,22151,22152
22123	22164,3971,4074,4289,20596,22092,22104,22149,22158,31122
22124	4046,3971,22154,3948,19077,22158,22149,3903,4295,10987
22125	6823,28206,4059,4135,4210,4516,5670,10699,22115,22137
22126	3903,3948,4046,4101,18511,22127,22149,22164,4033,4074
22127	22198,4264,22154,4074,22137,4295,4300,22104,22151,22158
22128	4115,22130,4264,4289,22158,22172,42617,3931,3971,4011
22129	22111,24665,33531,3903,3906,3948,3968,3971,4011,4069
22130	3971,22149,20826,20844,22172,3948,4074,4101,4296,10380
22131	22115,3906,4033,4296,18511,22163,4053,4074,4190,4264
22132	20844,3971,4069,4074,4289,18511,20956,22092,22099,22115
22133	4264,4289,3906,3971,4033,4115,4152,4287,4296,22103
22134	4296,22180,4264,22127,22154,22164,3948,3971,4074,4152
22135	3971,4011,4069,4289,10380,20956,4099,10987,22098,22108
22136	3948,22115,3903,3958,3971,18511,4033,4707,22092,22164
22137	22115,22127,3948,4264,22198,19077,22103,22149,4053,4074
22138	22150,22157,2929,2961,2967,2969,3903,3906,3948,3968
22139	3971,22147,3948,4048,4202,4289,11018,21958,22158,1137
22140	4115,4264,4289,4296,22119,4069,4707,10456,11649,20844
22141	4264,22158,22154,3948,4202,20844,22147,3920,22199,4044
22142	4264,22152,4289,20845,22158,22195,10987,20844,22119,22141
22143	4325,7611,25747,351,562,1357,4075,4159,4264,4288
22144	4296,22198,3920,3948,4035,4053,4295,22127,22137,22141
22145	3971,4115,20844,22154,3903,3948,4004,4074,11570,12401
22146	22147,338,351,362,466,662,2686,3903,3906,3920
22147	22158,19077,3882,3920,4160,4101,4196,4159,10987,3958
22148	4289,3948,3971,4011,4069,4141,4265,6326,10380,11649
22149	22198,4296,22130,4053,4707,22124,22147,3948,4046,4101
22150	22138,22157,3903,3906,3948,3968,3971,4011,4069,4074
22151	22141,3971,22127,22154,22164,22152,22158,3948,4074,22103
22152	27866,4264,22141,4074,20845,22142,22147,22198,3971,4231
22153	4264,22163,3906,3971,4011,22115,22141,22152,22164,3903
22154	4289,22141,4046,3948,4074,4295,3903,22127,22198,22199
22155	4264,22142,22161,4115,22102,3968,4069,4129,4287,4296
22156	2930,3903,3906,3948,3968,3971,4011,4069,4074,4075
22157	22138,22150,499,2282,3358,3412,3896,3903,3906,3931
22158	4289,22147,3971,4074,10987,22141,4231,12403,22199,4053
22159	7343,6304,12647,22104,22118,22124,22142,26195,4036,4046
22160	4289,20844,22152,4159,4295,8492,11645,22154,4074,22112
22161	4295,4264,4296,4048,10987,22152,30864,4011,20844,22195
22162	22158,4295,22147,22164,4101,4159,4296,10987,22124,22136
22163	4202,4046,10987,4033,4296,18511,22199,31122,3903,4074
22164	4053,4296,3971,22147,22158,3958,4004,22115,3948,18511
22165	4046,4295,3958,4011,20845,3920,3948,4069,4101,4159
22166	22109,22117,22121,3903,3906,3948,3968,3971,4011,4069
22167	4289,22091,22124,22158,22186,3948,3958,3968,3971,4011
22168	14879,20820,22196,23969,3965,4022,4023,4027,4255,4290
22169	546,3971,4289,4295,8004,22092,22127,22141,22154,42862
22170	21732,22195,48906,48925,52,455,2514,2943,3026,3903
22171	4289,4044,4046,4074,4101,4139,4264,10240,20845,20956
22172	3971,22090,4046,18511,4074,22158,3903,4254,20956,3920
22173	3971,22164,18511,22090,22105,22130,22149,22162,4004,4101
22174	3920,4202,6275,10976,15567,20578,22093,3010,3770,3958
22175	22158,22141,4048,8508,20844,22198,3971,4099,4270,4281
22176	12403,22158,4048,3971,4163,4189,4202,4296,8004,11018
22177	4202,4033,4035,4046,22090,3948,4296,13761,3903,3971
22178	4295,4296,22090,4033,27866,48662,3958,4069,22164,28132
22179	7985,10817,28611,42219,47769,204,366,546,560,575
22180	22134,4296,22164,3958,3971,4004,4044,4152,4289,4707
22181	4033,22149,4046,4296,4707,22090,22182,4004,4295,22115
22182	4289,3948,4046,4074,3903,4160,4202,22158,4234,4295
22183	4289,22195,4264,10380,10390,13761,22090,22130,22154,22172
22184	3958,22164,204,3906,3971,4033,4035,4046,4053,4115
22185	1137,1941,3394,3958,4289,10240,22090,22182,22242,23049
22186	4289,4264,22167,3931,3971,4046,22090,22124,22154,22199
22187	11551,14264,18526,18529,22182,23179,24424,28112,30507,31122
22188	46668,46711,46680,46690,46702,46719,46740,28330,46693,46710
22189	27379,4158,4264,11577,23190,27249,27267,27270,27271,27276
22190	4302,338,439,591,618,1186,1823,2027,2036,2054
22191	23188,455,555,569,1148,1832,2034,2090,2981,3126
22192	25801,562,21205,25795,45074,622,4840,5934,7994,9966
22193	229,1216,3540,3958,3968,4069,4129,4295,6353,6573
22194	4289,22165,22090,22103,22161,43798,4004,4086,11570,20826
22195	22090,4295,4296,22163,4011,22142,3931,10380,10987,11649
22196	3450,4069,4163,4295,10987,20569,20820,25768,27866,42766
22197	3575,19429,34176,9281,9289,23616,34145,34159,34207,34304
22198	22090,4202,22127,3948,4264,4300,4198,28563,3920,4279
22199	4289,22158,4046,3948,4190,4254,22141,3971,4234,4246
22200	22312,4240,4321,5682,21073,22298,24178,29190,42905,338
22201	4396,4506,6168,6806,7343,10596,12950,13773,15464,17852
22202	22204,22214,22215,22216,6168,13773,22201,22203,22205,22206
22203	1000,1904,2608,3468,5376,6168,13773,22201,22202,22204
22204	22202,22213,6168,13773,22201,22203,22205,22206,22207,22208
22205	6168,13773,22201,22202,22203,22204,22206,22207,22208,22209
22206	22214,6168,6802,13773,22201,22202,22203,22204,22205,22207
22207	18051,566,621,2876,3332,3333,3347,3362,3365,3368
22208	468,660,1564,1676,2971,3305,4092,4118,4138,4280
22209	22214,22215,22216,6168,13773,22201,22203,22205,22206,22207
22210	338,13810,285,362,575,1977,2249,2802,3328,3395
22211	22213,123,434,659,1388,3041,3463,4022,5294,5716
22212	6168,13773,22201,22202,22203,22204,22205,22206,22207,22208
22213	22204,22211,6168,13773,22201,22203,22205,22206,22207,22208
22214	22202,22206,22209,22215,22216,6168,6802,13773,22201,22203
22215	22202,22209,22214,22216,6168,13773,22201,22203,22204,22205
22216	22202,22209,22214,22215,6168,13773,22201,22203,22204,22205
22217	218,1022,1661,1685,1695,1778,2324,2645,2650,2692
22218	6168,13773,22201,22202,22203,22204,22205,22206,22207,22208
22219	8468,24331,26144,36130,600,4173,4223,4415,5682,8056
22220	554,570,572,6168,12333,13773,14494,14504,14540,14544
22221	134,166,243,438,1617,1667,1673,1692,2511,2647
22222	13773,22224,117,1703,1704,2019,2022,3237,3281,3574
22223	228,576,1416,2181,2869,2920,2926,3250,3500,3883
22224	13773,22303,7425,1704,13309,18117,4240,6168,14983,16369
22225	19,1220,1228,2059,3873,3882,3883,3920,3927,3948
22226	548,3024,4115,4264,6021,6065,6072,6076,6086,16176
22227	8508,9060,9105,14330,22606,23406,28958,38119,45290,47535
22228	338,4163,6165,9490,12005,23441,351,362,466,562
22229	20861,30190,364,372,533,537,550,1186,1216,1356
22230	1319,2017,2699,3159,4485,4903,4906,4908,12357,12363
22231	22240,2064,20859,21179,22232,22233,22234,22235,22236,22237
22232	22238,201,2782,3406,5549,7222,10359,10723,10732,10900
22233	11860,22230,22231,22232,22234,22235,22236,22237,22238,22239
22234	622,351,4717,28613,15310,16350,2827,9105,9920,14309
22235	522,5071,17038,25798,25865,223,229,338,558,560
22236	21284,21290,21301,14593,21286,21289,21296,21303,21306,21314
22237	8536,15021,21289,21291,22230,22231,22232,22233,22234,22235
22238	22232,467,7654,9393,9398,10489,10723,11181,13399,14284
22239	38206,23778,45373,6654,6955,12735,23792,46031,6568,6626
22240	22231,64,2064,2699,2897,3305,7245,7884,8154,20861
22241	8531,4204,4206,18532,4102,14983,4254,16689,19077,2153
22242	13818,25195,1100,3895,13800,13801,13832,13886,13934,13939
22243	22249,22250,22264,22254,22245,22261,22263,22315,458,1233
22244	20596,31122,3931,4135,4234,4590,10380,12401,13430,20844
22245	22251,22264,22243,22249,22250,22254,22258,22260,4240,13317
22246	3878,4223,4234,4240,4253,7425,7446,10302,10407,11068
22247	4302,4160,24127,3903,3948,3958,4074,22147,4035,4207
22248	4206,4295,1137,4048,4297,4299,8008,11068,20845,21942
22249	22243,22254,22252,458,22245,22261,22315,22263,22287,1233
22250	22258,22243,22245,22315,22263,22287,437,499,1137,1233
22251	22245,458,22261,4240,13317,22242,22244,22253,22257,22263
22252	2153,22249,22254,22258,22264,22261,22245,22263,22315,458
22253	10287,15567,20563,22244,22303,4234,4240,10302,13317,16240
22254	22249,22264,22243,22252,22258,22245,22261,22263,22315,458
22255	2876,3878,22257,22312,22320,566,909,1698,1703,1704
22256	22282,22305,4204,22257,22294,22306,22315,4206,13773,18532
22257	22282,22305,4234,22298,22291,22306,13317,16689,29216,4206
22258	22250,22252,22254,8295,8305,8331,8346,8362,22245,22315
22259	22315,458,22287,1233,1484,2118,2167,3878,4049,4223
22260	458,22245,22261,22315,22263,22287,1233,1484,2118,2167
22261	22249,22251,22252,22254,22260,22264,2153,22243,22245,22258
22262	3878,4223,4234,4240,4253,7425,7446,10302,10407,11068
22263	22243,22245,22249,22250,22251,22252,22254,22258,22260,22261
22264	22243,22254,22252,22245,22261,4240,13317,22242,22244,22253
22265	4254,4234,27736,18916,22147,22158,4202,4204,4246,4289
22266	3878,4223,4234,4240,4253,7425,7446,10302,10407,11068
22267	4240,4238,22257,4234,22283,22293,22305,22308,15799,22265
22268	43242,2324,17070,1664,1679,2680,2681,3702,4234,4247
22269	126,168,185,1692,1736,1860,2637,2662,2668,2687
22270	4234,22265,4202,4246,4247,4254,13430,3948,4053,4074
22271	22147,22281,4204,4231,4234,4254,11312,11811,11820,11826
22272	19077,22257,22305,13309,16689,22293,22315,22320,3878,3883
22273	3878,4223,4234,4240,4253,7425,7446,10302,10407,11068
22274	22305,22282,22299,18532,22295,22312,22314,4204,4253,16689
22275	2059,3878,4223,4234,4240,4253,7425,7446,10302,10407
22276	609,18119,22257,22272,22274,22285,22289,22291,22293,22294
22277	22298,4240,22257,4234,4253,4254,13486,16689,22282,22292
22278	22303,22312,7425,13305,22289,22294,22306,522,576,621
22279	22294,22257,22312,4240,19077,22298,22320,3878,4102,7446
22280	3878,4223,4234,4240,4253,7425,7446,10302,10407,11068
22281	4035,4231,3798,4202,4308,18511,34825,4196,4207,4246
22282	4240,22257,3882,3903,4102,4302,11571,22147,22274,22315
22283	4240,4231,13317,22312,3882,4254,19077,22147,4302,22281
22284	22303,22283,4240,22294,22295,22305,8531,22274,43079,1704
22285	22294,3882,4204,22305,18532,19077,22147,22281,22282,22298
22286	22282,22283,22294,22305,4240,13317,22257,22274,22279,22289
22287	22249,22250,22251,22258,22259,22260,22315,458,2153,3878
22288	3878,4240,7446,13309,13317,22256,22257,22267,22272,22274
22289	22294,22257,22283,22305,22306,576,22282,22291,22312,22315
22290	4223,4240,4415,7425,8468,10302,11068,11897,13305,18120
22291	22303,4206,4234,16689,22257,4254,22265,11068,13263,22299
22292	22301,22305,22303,4240,22295,4254,16689,22299,22310,4231
22293	22294,22305,22257,29232,4194,22267,22299,22315,24129,4238
22294	26320,4204,22295,18532,11571,22289,13317,22293,3926,13263
22295	22294,4204,4231,4240,22292,22312,4246,4253,8531,11068
22296	3878,4223,4234,4240,4253,7425,7446,10302,10407,11068
22297	4234,22147,22158,22247,22282,2216,3530,3878,3882,3903
22298	4240,13317,4234,22257,8531,16689,22312,3010,3878,4254
22299	22301,4206,22257,22274,4240,18532,22291,22292,22295,22310
22300	13280,8790,22303,40320,2793,4981,5670,5681,7425,7590
22301	22292,22310,22299,18532,11068,16689,22295,22315,3878,4234
22302	22303,4234,4240,4253,13430,15913,18165,22089,22242,22265
22303	22291,4234,18530,4253,15913,3926,11068,22292,26320,29232
22304	22315,22294,22282,22295,22299,22305,4240,5682,13773,22301
22305	22257,22274,22292,19077,13263,3882,3903,4102,11571,13773
22306	22257,22289,22283,29216,22294,22312,22315,13773,22256,22293
22307	9170,2680,26872,5005,17070,26877,29836,43123,43185,43190
22308	22267,4238,22303,22305,4234,22257,22285,22314,22315,4204
22309	4223,22303,7446,13309,13317,22257,22274,22278,22283,22289
22310	22301,22282,22292,22299,18532,22294,22315,4204,22274,22295
22311	22303,13317,22257,22283,22294,22298,22320,4234,4240,8531
22312	22283,7425,8468,8531,4234,4254,5682,12805,3347,3926
22313	4234,22298,22147,4240,15843,16689,18523,22277,22292,22295
22314	22283,22315,22274,22312,4240,14983,22282,22299,22304,29232
22315	22304,22282,22314,22322,29216,4204,18532,22301,3878,4206
22316	22279,22312,3878,13309,22257,22272,22289,22294,22295,22305
22317	3882,4160,4234,4239,4240,22294,3948,4246,22147,22305
22318	22303,22283,22295,22298,4204,4234,4240,4253,22265,22294
22319	4223,22646,42855,22312,6180,7425,36130,8468,13309,13312
22320	8531,4240,4234,22305,3878,22298,13317,22279,24178,4102
22321	22312,4254,3878,7446,20955,22283,22291,22303,3347,3904
22322	22315,22257,22294,16689,22274,3878,4204,4253,8531,13773
22323	3878,4223,4234,4240,4253,7425,7446,10302,10407,11068
22324	3878,4223,4234,4240,4253,7425,7446,10302,10407,11068
22325	
22326	2394,3347,4181,5300,7167,7446,13220,14467,22036,30543
22327	13276,2802,3322,3332,3365,3368,3375,6825,7124,7409
22328	22106,30585,30595,1661,2330,2337,2379,2389,2393,2403
22329	34219,34266,11395,11404,15207,34420,34438,3298,3575,22346
22330	3879,336,439,1342,1378,1680,1776,1790,3936,3999
22331	19818,19822,19823,19857,19864,19819,19840,6889,19831,19834
22332	9882,523,1043,4171,4281,5986,9957,10287,10350,10454
22333	2864,21171,21302,562,1393,2825,4679,4717,4736,7639
22334	457,1356,2238,6514,18576,20555,24661,25311,27924,28614
22335	546,1216,11225,202,336,351,4736,5960,7639,9401
22336	11395,11387,3575,11404,15207,34176,11401,19427,19429,626
22337	546,1216,2827,2897,3560,4736,9105,9453,10469,13400
22338	47366,351,562,2554,7651,15310,25476,49412,2694,3937
22339	17636,23616,34159,7476,8932,11395,11399,13800,13807,13863
22340	34207,626,34176,11387,3575,11404,34258,34326,34484,1230
22341	22351,336,659,4736,11377,11384,11385,11395,11398,11400
22342	22345,22351,22354,22356,22357,336,3298,4736,4995,6804
22343	22357,3298,7506,11401,13072,13182,19428,22355,22756,23507
22344	9289,22355,34207,629,11387,19427,22357,34183,3575,11392
22345	13872,11404,11405,14047,22346,22351,23693,34204,34446,34553
22346	11404,34326,11395,14047,34159,6804,34183,34439,34220,34244
22347	8677,34553,34641,3573,9289,9808,13872,14198,14232,17493
22348	336,1528,4736,11705,11706,15201,20853,22043,22089,22329
22349	13982,14026,14053,14165,18575,22355,23551,34566,34979,336
22350	336,4736,20853,22043,22089,22329,22330,22331,22332,22333
22351	11404,8677,626,11395,34364,9289,11410,19428,7506,11401
22352	336,2177,2251,2331,2370,2683,3230,4736,6320,6802
22353	8671,9605,25687,28652,186,285,336,454,483,657
22354	11404,14232,19428,22351,22356,29806,8742,9291,9808,18575
22355	11387,11395,13182,22756,34159,5143,34207,34364,11399,15207
22356	11404,8677,34364,34641,9289,19428,6804,18575,22351,34558
22357	19427,19431,22756,11387,13182,22355,16027,23616,34159,11399
22358	3573,11395,22355,22357,22756,29827,34737,7506,11405,19429
22359	14284,6296,10742,11162,19086,22026,22705,22706,22707,22711
22360	22369,22375,14284,22372,2223,2679,4058,5058,5075,5310
22361	22368,22374,22369,22375,858,1242,1855,2940,3429,6296
22362	22369,22375,14284,22372,6296,11242,22364,22365,22366,22367
22363	22373,22374,14284,22372,6296,11242,22364,22365,22366,22367
22364	22370,11242,22360,22361,22362,22363,22367,22368,22369,22372
22365	22366,22371,11242,22360,22361,22362,22363,22367,22368,22369
22366	22365,22371,11242,22360,22361,22362,22363,22367,22368,22369
22367	11242,22360,22361,22362,22363,22364,22365,22366,22368,22369
22368	22361,22373,22374,858,1242,1855,2940,3429,6296,7651
22369	22360,22362,22361,11242,14284,22364,22365,22366,22367,22370
22370	22364,11242,22360,22361,22362,22363,22366,22367,22368,22369
22371	22365,22366,11242,22360,22361,22362,22363,22367,22368,22369
22372	22360,22362,22363,22373,11242,14284,22364,22365,22366,22367
22373	22363,22368,22374,22372,6296,11242,14284,22364,22365,22366
22374	22361,22363,22368,22373,6296,11242,22364,22365,22366,22367
22375	22360,22362,22361,11242,14284,22364,22365,22366,22367,22370
22376	22085,47535,11246,22051,23306,47524,5824,9927,22056,23301
22377	22395,22382,7897,9490,22065,22386,23437,37857,47525,7255
22378	22395,2540,7897,10454,14562,22377,22402,5824,6165,9919
22379	23184,23206,42088,42090,42103,713,1147,1854,2063,2226
22380	22386,7897,22070,22395,7630,14341,19187,21107,22065,22383
22381	9490,6885,11246,15061,16274,17407,22378,22382,22385,22386
22382	7630,11246,15127,6165,22046,22377,22030,22561,23441,23450
22383	22382,22386,11228,22380,22395,285,338,362,467,472
22384	20050,33051,42413,44446,45987,503,518,546,547,582
22385	11246,6165,9927,11260,14341,22382,22395,23296,23437,47550
22386	15127,7630,7897,11246,22561,22402,23306,42449,47522,19187
22387	7630,9490,22382,22395,6778,21632,22048,22051,22377,23441
22388	1137,1244,1301,2554,3006,3548,4069,4087,4163,4166
22389	7897,22377,22393,23306,23307,466,471,856,1414,2252
22390	7170,7897,13440,14341,21612,21632,22036,22377,22378,22379
22391	5716,5732,7170,7897,13440,14341,14621,14623,14651,14658
22392	7170,7897,13440,14341,21612,21632,22036,22377,22378,22379
22393	7897,22377,22378,22389,24066,42454,46220,466,471,856
22394	7897,21632,22377,22382,22386,22395,22402,304,2944,4240
22395	47522,22046,22561,7897,9490,22377,47535,11246,22055,23437
22396	9393,9398,10424,10469,11162,375,454,1389,2054,2557
22397	22386,23306,7290,7897,14562,14928,22085,22398,23301,23304
22398	14421,535,606,1405,9986,14283,14318,14413,16265,20500
22399	532,568,666,698,2850,3500,4035,4036,4048,4059
22400	7170,7897,13440,14341,15869,21612,21632,22036,22377,22378
22401	32,90,770,778,1366,1458,2276,4447,5243,5274
22402	11246,22386,22561,22065,22382,23451,24310,469,2540,6165
22403	7171,29879,93,439,442,606,615,975,1001,1100
22404	7897,14487,22398,47516,1447,1928,4219,4223,4238,4240
22405	7170,7897,13440,14341,21612,21632,22036,22377,22378,22379
22406	1470,1471,4486,41791
22407	22415,22420,22430,22421,22424,22426,22427,22431,22435,22410
22408	22409,22410,22413,22414,22417,22419,22420,22421,22422,22423
22409	22421,22423,22426,22424,22431,22432,22414,22408,22411,1470
22410	22417,22422,22413,22421,22427,22431,22434,22435,22423,22426
22411	22409,22410,22414,22415,22416,22417,22419,22421,22422,22423
22412	22407,22415,22422,22425,22429,22430,22433,22434,22420,22423
22413	22420,22421,22424,22426,22427,22431,22432,22410,22414,22408
22414	22409,22419,22425,22429,22430,22417,22421,22422,22423,22426
22415	22434,22407,22412,22411,1470,1471,4486,22428,41791
22416	22418,22435,22432,22411,1470,1471,22428,41791
22417	22418,22421,22424,22435,22410,22426,22427,22432,22414,22408
22418	22416,22420,22430,22435,22417,22431,22410,22412,22414,22408
22419	22424,22414,22408,22411,1470,1471,4486,22428,41791
22420	22413,22418,22424,22432,22407,22412,22408,1470,1471,22428
22421	22409,22413,22417,22434,22407,22410,22414,22408,22412,22411
22422	22432,22431,22410,22412,22414,22408,22411,1470,1471,4486
22423	22430,22427,22409,22434,22435,22410,22412,22414,22408,22411
22424	22419,22420,22426,22409,22413,22417,22435,22407,22410,22414
22425	22412,22414,22408,22411,1470,1471,4486,22428,41791
22426	22409,22424,22430,22413,22417,22431,22407,22434,22410,22414
22427	22423,22430,22413,22434,22417,22431,22407,22410,22414,22412
22428	22407,22408,22409,22410,22411,22412,22413,22414,22415,22416
22429	22412,22414,22408,22411,1470,1471,4486,22428,41791
22430	22423,22427,22418,22426,22407,22412,22414,22408,22411,1470
22431	22422,22409,22413,22426,22427,22432,22434,22410,22418,22435
22432	22422,22416,22420,22409,22413,22431,22417,22434,22407,22410
22433	22412,22408,1456,1472,22411,1469,4486,22428,41791
22434	22415,22423,22421,22427,22431,22435,22410,22426,22432,22412
22435	22416,22418,22423,22417,22424,22434,22410,22431,22407,22412
22436	21356,21393,13768,21361,21367,21370,21375,21378,21388,21401
22437	21368,21356,21362,21393,1845,13768,21358,21359,21361,21365
22438	21356,21368,21378,21388,21373,21402,21403,21393,21361,21413
22439	21356,21367,21379,21368,21401,21402,22440,21378,21383,21393
22440	21356,21368,21402,13768,21397,21365,21376,21385,21394,21399
22441	13768,21356,21359,21361,21362,21365,21366,21367,21368,21370
22442	21362,21367,21371,21363,21379,21404,22439,21356,21378,21402
22443	21356,21362,21366,21368,21370,21371,21386,21405,21407,22447
22444	13768,21356,21376,21409,6172,6208,14736,18129,18132,21358
22445	21356,21362,21368,21405,21409,21358,21361,21366,21367,21370
22446	21362,21356,21363,21371,21375,21393,21361,21377,21385,21402
22447	21356,21368,21379,21378,21402,21404,22438,21388,21393,21397
22448	6172,6208,13768,14736,21356,21358,21359,21361,21362,21365
22449	21370,21371,21375,21356,21383,21368,21404,21385,21378,13768
22450	17059,14518,7702,13618,43064,2204,2281,3937,4246,5670
22451	13768,21370,21371,21375,21404,22438,21356,21358,21359,21361
22452	21368,21356,21362,21393,1845,13768,21358,21359,21361,21365
22453	21383,21356,21362,13768,21376,21393,21409,1845,21361,21365
22454	
22455	
22456	23941,23943,23944,23946,26495,39654,48934,957,1676,1813
22457	22466,22473,16370,22460,3407,12600,13237,17894,21148,22458
22458	26500,22466,35325,35387,1860,3407,12344,14361,16370,16643
22459	3407,16370,22457,22458,22460,22461,22462,22463,22464,22465
22460	16370,22457,22470,22473,3407,22458,22459,22462,22463,22464
22461	22462,22464,22466,22468,22471,23943,23944,48934,3407,12600
22462	22461,22470,16370,22464,22468,26493,3407,22458,22459,22460
22463	5266,439,660,910,1100,1101,1382,1448,1485,2550
22464	16370,22461,22462,22468,3407,22457,22458,22459,22460,22463
22465	3407,16370,22457,22458,22459,22460,22461,22462,22463,22464
22466	22457,22458,22461,22473,26497,1860,3407,12344,12600,16370
22467	3407,16370,22457,22458,22459,22460,22461,22462,22463,22464
22468	16370,22461,22462,22464,3407,22457,22458,22459,22460,22463
22469	3407,16370,22457,22458,22459,22460,22461,22462,22463,22464
22470	22462,16370,22460,22473,24230,339,368,663,680,692
22471	22461,22473,3407,8401,10667,12344,16370,16624,16639,16643
22472	3407,16370,22457,22458,22459,22460,22461,22462,22463,22464
22473	22457,8401,10667,12344,16643,22460,22466,22470,22471,3407
22474	15652,7394,9423,11,52,239,338,351,577,622
22475	5038,16908,22476,22477,22478,22479,22480,22481,22482,22483
22476	6893,6993,8685,8699,13756,16305,16908,17645,22479,22480
22477	16908,22478,22488,22492,15652,1237,1814,3142,5038,6918
22478	22477,22479,22480,64,2044,2855,5038,9423,10849,11181
22479	22490,16908,22488,9423,22476,22478,22483,5038,6918,8705
22480	22483,22485,22484,22487,7394,15652,22476,22478,239,5038
22481	5038,16908,22475,22476,22477,22478,22479,22480,22482,22483
22482	5038,16908,22475,22476,22477,22478,22479,22480,22481,22483
22483	22480,22492,341,7394,9423,10947,16518,22479,22484,22485
22484	22480,22485,22476,22483,22490,22492,5038,6918,8705,9423
22485	22480,22484,22487,22476,22483,22492,5038,7394,9401,9405
22486	25195,439,19365,25224,10058,10120,18916,25175,25215,25225
22487	7525,22480,22485,28135,31409,42870,3450,3523,10379,15092
22488	22477,22479,2857,7388,7408,9423,15649,22476,22490,2
22489	23987,113,3034,4055,4224,4934,5038,6117,7183,7184
22490	22479,9423,16908,22476,22483,22484,22487,22488,22492,5038
22491	40472,10899,11192,27573,35796,46388,93,132,351,1025
22492	22477,22483,7394,15652,22484,22485,22487,22490,239,5038
22493	5038,8673,15246,16908,16987,19909,22475,22476,22477,22478
22494	503,536,3407,4035,4077,4104,4275,4951,5498,8136
22495	576,3903,2181,3883,4021,4289,4301,7758,8468,9386
22496	13072,19,191,198,250,337,351,420,482,506
22497	22495,22496,22498
22498	957,1676,1813,2060,2068,2258,2657,2855,3008,3120
22499	15277,22574,30472,19,154,390,553,556,595,975
22500	1823,3037,10382,22281,10254,20447,1110,3530,10269,10308
22501	553,595,2855,3026,5809,8475,9467,9892,9925,9957
22502	338,14809,14821,1064,14806,18595,22510,22512,22518,22521
22503	2204,3430,5809,8122,8191,11340,11863,13156,13267,14264
22504	4074,3903,3920,4004,4046,4053,4086,4281,4289,17235
22505	19,1689,13847,21873,22101,22281,25195,1135,7266,8492
22506	29513,1673,1694,1854,1860,29229,1415,1679,1692,4196
22507	20199,20245,20246,6965,20204,20205,20211,20229,20241,20248
22508	6142,10504,10723,13280,13654,14284,578,1244,2204,4832
22509	2554,9467,13686,48792,484,553,576,595,1674,4354
22510	3958,3971,4046,4254,3882,3906,3920,4033,4207,4289
22511	562,5954,10454,16350,19092,622,5265,5960,7630,9919
22512	22521,4223,19128,22502,22505,22510,22518,22522,22532,22537
22513	22536,9872,9884,14318,22069,22505,22529,22540,38719,553
22514	9892,22551,22505,22506,22522,22527,22541,29513,37035,19
22515	102,553,595,1242,2802,4646,5040,5809,6328,7862
22516	22541,1694,2802,4494,5376,5809,6537,6621,6691,7029
22517	17059,2286,7704,14271,20514,42897,2554,4738,5933,8806
22518	22510,22182,1220,2069,3882,3920,3948,4035,4046,4053
22519	22534,254,3937,5188,8794,11214,13640,13686,15176,17031
22520	9892,22562,22565,0,14,17,50,439,543,553
22521	22512,22502,22510,22518,22522,22532,22537,22543,19,546
22522	762,22502,22510,22512,22514,22518,22521,22525,22532,22537
22523	553,595,5809,9467,9892,9925,10494,11214,13267,13654
22524	22516,22580,39021,553,595,4527,5376,5809,7051,7255
22525	13689,22502,22510,22518,22522,22532,22537,22543,33299,19
22526	1670,168,1679,3231,22548,27286,35494,47442,49644,204
22527	366,7254,7280,7499,9892,13654,22514,22551,22572,24062
22528	22536,621,19904,9892,12828,17348,36578,615,5265,5933
22529	22536,22593,13619,13654,22513,22528,22533,22538,553,595
22530	5809,7509,19904,22528,595,6185,7280,7678,9786,9892
22531	13681,4782,5809,7509,9839,13618,14271,14391,17466,17490
22532	4160,4231,4234,4254,8068,19077,20853,21273,22506,22540
22533	22529,22536,32626,553,3937,13267,13678,13688,14318,17478
22534	18441,22519,254,5188,8794,9774,13654,18311,18343,18344
22535	6161,9839,9942,9944,15761,17343,18612,22536,43068,595
22536	22593,22528,15761,14318,13688,19904,20505,615,12828,13280
22537	15757,17359,7509,8812,13681,17355,20505,93,553,1220
22538	17489,22529,41697,7612,9467,9799,11863,13280,15660,18296
22539	22506,22516,22540,22543,22544,22548,553,595,1043,1694
22540	17059,18845,22513,22532,30881,2281,3937,4254,4981,5265
22541	13632,578,1043,9467,9839,9892,18595,22516,24149,41775
22542	4234,13510,24444,6545,7242,8536,14982,18153,24434,13016
22543	22532,2689,18911,22502,22506,22510,22512,22518,22521,22525
22544	22506,5809,9940,10494,11863,17059,18463,20514,22517,22526
22545	18441,5670,13654,17059,338,578,5681,7479,7704,9927
22546	10494,22508,22532,22540,22541,535,553,578,595,4161
22547	8501,9153,9170,26883,43371,138,166,553,595,1378
22548	22506,22526,22532,22539,5,366,439,482,553,576
22549	7479,7651,9986,522,609,3931,4135,5809,7611,9892
22550	27101,595,9839,13267,14293,18806,22517,22535,27068,27084
22551	9892,22514,24334,366,553,1673,4233,9284,9453,9467
22552	9925,12060,13267,14264,15310,22560,47746,553,562,574
22553	9553,6920,12210,13238,31932,45528,46220,351,557,2252
22554	553,595,5809,9467,9892,9925,10494,11214,13267,13654
22555	22561,19,61,66,106,242,553,595,1100,1244
22556	9467,595,10494,10723,12602,14271,17355,22517,98,195
22557	553,595,5809,9467,9892,9925,10494,11214,11738,12186
22558	10413,12771,12784,13810,37857,45412,553,595,918,2179
22559	553,595,5809,9467,9892,9925,10494,11003,11214,13267
22560	522,11191,14411,600,5033,13267,14264,16185,20050,21307
22561	22395,6165,22386,7897,13107,15127,19187,22382,22402,7255
22562	16369,10670,13654,15800,22520,23391,31989,42454,42855,45678
22563	553,562,595,2238,2554,2841,4736,4782,4840,5809
22564	2802,30719,562,3003,6326,14264,19119,22085,22376,22382
22565	22520,553,595,1244,5809,7248,8170,9467,9892,9925
22566	11214,30787,48091,553,2238,10232,10709,10723,10773,10789
22567	3937,5809,10987,22069,22511,22532,24665,546,553,595
22568	553,595,5809,9467,9892,9925,10494,11214,13267,13654
22569	553,595,5809,9467,9892,9925,10494,11214,13267,13654
22570	553,595,5809,9467,9892,9925,10494,11214,13267,13654
22571	553,595,5809,9467,9892,9925,10494,11214,13267,13654
22572	472,14264,16265,582,11162,12054,12537,12715,13246,22508
22573	9925,10494,13654,14403,15297,15660,16007,22531,25747,154
22574	7479,9471,10723,11214,12392,14293,14376,14880,15660,20924
22575	8786,575,578,579,9467,10534,12324,12679,14264,14437
22576	553,595,5809,9467,9892,9925,10494,11214,13267,13654
22577	10350,14366,3937,5234,9925,12511,14562,22615,35875,40344
22578	
22579	39018,7255,9927,14324,21647,22046,22376,39023,39435,40413
22580	22524,39021,7255,9927,21647,22046,22376,39018,39023,39435
22581	5986,1787,2017,3407,3831,3844,4782,5960,6021,6072
22582	43614,5960,5986,6065,7989,9467,14324,17478,20924,20934
22583	3937,14318,42833,606,5986,10531,12828,15761,16272,23465
22584	562,577,2694,2798,3692,3943,5681,6343,7242,7473
22585	7691,9569,10380,14324,15757,27059,27067,27098,27102,27107
22586	14264,9861,3831,10532,14324,45418,385,522,551,594
22587	595,26322,566,3006,3328,3332,3347,3353,3366,3368
22588	12714,609,714,754,1967,2540,3947,5048,7266,10494
22589	14324,5809,4782,7509,10532,12554,14271,17359,24249,30939
22590	191,201,616,3937,5809,8049,9876,10453,11577,14324
22591	
22592	5085,12715,14426,1220,2281,2802,3831,3931,3937,4223
22593	22536,22529,9863,12715,12828,14318,14379,15757,19904,20505
22594	6161,35791,549,609,1433,2161,2286,2915,4764,6121
22595	351,744,1216,1685,2917,3360,5062,5066,5086,5905
22596	18372,18406,18408,15761,18423,366,1976,4717,4736,4782
22597	7704,186,338,578,748,972,2204,2276,2286,3250
22598	3937,7913,8774,8794,9909,10548,18628,19565,20456,32626
22599	15761,18081,18612,609,3937,5681,7702,8783,8813,11198
22600	5188,5320,15757,64,542,627,637,726,2427,2812
22601	13684,338,535,547,548,579,615,1405,1905,2694
22602	20199,20207,6965,20205,20211,20241,20243,20245,20246,20248
22603	22694,23789,22690,22699,33275,22691,22698,43061,32352,4114
22604	22609,22612,22619,22666,22671,22625,22628,22637,22660,22694
22605	11617,22612,22614,22631,22657,22673,556,6214,6277,6465
22606	4240,13287,4219,4223,4415,8468,13317,22617,22640,24331
22607	22619,22611,23789,22618,22613,22686,22675,22629,22668,22685
22608	22609,22611,22628,22653,22660,22662,556,6214,6277,6465
22609	22628,22613,22619,22671,22682,22607,22618,22644,22666,22604
22610	22619,22662,22635,22677,22629,22671,22613,22622,22660,22663
22611	22683,22613,22607,22635,23789,22622,22675,22685,22699,22686
22612	22628,22619,22683,22630,23789,22635,22661,22694,22610,22622
22613	22611,22618,22632,22683,22607,22622,22635,22675,22677,22685
22614	8531,13287,13317,22605,22606,22612,22637,22641,22657,22673
22615	32,27383,21281,24249,24449,1890,2176,3430,3931,7280
22616	22611,22625,22619,22660,22661,22683,22610,22618,22632,22635
22617	26100,6180,13277,13305,18136,13309,15464,24178,9386,13107
22618	22683,22613,22644,22607,22677,22635,22684,22622,22675,22685
22619	23789,22607,22610,22612,22690,22699,22622,22666,22685,22684
22620	6165,6214,13179,13306,18109,22606,22640,22641,482,544
22621	339,343,368,4774,4813,12600,13112,13573,14514,24249
22622	22625,22630,22635,22611,22632,22613,22675,22619,22610,22618
22623	6413,20844,5990,17218,4048,4206,4279,10987,14318,21935
22624	1002,1139,3011,12435,12445,14182,21866,22131,26157,26163
22625	22694,22622,22616,22653,22698,22654,32590,22604,22652,23718
22626	22615,696,758,783,4053,7248,10670,14318,20488,24203
22627	556,6214,6277,6465,7278,8531,9774,11617,13287,13306
22628	22671,22612,22675,22690,33275,22647,22663,22698,22609,22668
22629	22662,22610,22671,22677,22683,22690,22607,22660,22663,22684
22630	22662,22694,22622,22635,22612,22663,22671,22684,22647,33275
22631	18052,15464,22617,26144,556,1416,2106,4114,4223,6180
22632	22677,23789,22613,22622,22685,22699,22675,22663,22686,33275
22633	23883,23881,24435,28721,22639,25527,40688,40868,49485,15063
22634	22637,22658,22659,22676,22688,22691,8531,13287,13317,22606
22635	22622,22630,22611,22610,22613,22675,22618,22663,22686,22612
22636	11617,22616,22657,556,988,1394,2483,2596,4412,4420
22637	22604,22609,22634,22658,22669,22673,22681,22688,22612,22613
22638	20599,6935,7457,7479,9786,42704,44505,1250,7467,20533
22639	45467,22633,45545,25491,45493,16534,23883,24064,42726,45531
22640	13306,4415,6152,8468,11843,16452,22312,22606,22617,22641
22641	13306,9892,22640,36130,544,556,576,4174,4415,6214
22642	18803,4717,14808,22645,23730,25491,28722,32748,45401,45
22643	556,6214,6277,6465,7278,8531,9774,11617,13287,13306
22644	22694,22618,22690,22684,22685,22671,22668,22679,22698,22660
22645	45514,45569,45537,22633,28722,40688,45549,18803,22649,25491
22646	4240,6180,22319,26100,13277,26096,36130,11843,13276,13309
22647	22628,22630,22694,22663,22610,22619,22632,22675,22685,33275
22648	17218,1426,14823,16486,24364,1387,40853,6523,7019,9983
22649	22639,22645,40688,90,22623,34875,92,12561,18591,19130
22650	6465,9798,9847,22623,22633,22639,22645,22649,22651,39588
22651	22623,22633,3429,25527,45493,45549,32,744,3430,20058
22652	22610,22612,22625,22653,22655,22660,22661,22604,22616,22618
22653	22625,22618,22619,22629,22630,22632,22644,22655,22661,22662
22654	22611,22613,22618,22619,22625,22607,22609,22610,22622,22632
22655	22619,22644,22660,22677,22683,22610,22612,22613,22618,22630
22656	19444,1393,41076,4527,6892,7261,7930,10299,12572,13072
22657	11617,6277,22605,22612,22614,22616,22631,22636,22693,556
22658	22634,22637,11617,22664,556,3883,5310,6214,6260,6280
22659	22691,6277,22634,22637,556,6214,6465,7278,8531,9774
22660	22661,22610,22629,22662,22612,22632,22644,22683,22694,22616
22661	22660,22611,22612,22683,22644,22616,22628,22632,22618,22629
22662	22630,22610,22629,22663,22671,22675,22690,33275,22668,22679
22663	22628,22662,22630,22635,22610,22629,22632,22647,22671,22685
22664	22637,22658,22669,556,3883,5310,6214,6260,6280,6295
22665	556,6214,6277,6465,7278,8531,9774,11617,13287,13306
22666	22619,22628,22684,22690,23789,22611,22644,22662,22677,22694
22667	22652,22654,556,6214,6277,6465,7278,8531,9774,11617
22668	22662,22607,22628,22644,22635,22610,22619,22630,22663,22675
22669	22673,22681,22688,22637,11617,22634,22664,556,3883,5310
22670	13306,13287,16452,8468,22319,22646,4223,4240,8531,12805
22671	22628,22662,22630,22675,22610,22629,22644,22635,22663,22677
22672	556,6214,6277,6465,7278,8531,9774,11617,13287,13306
22673	22681,22669,11617,22637,6277,22605,22612,22614,22631,556
22674	556,2956,6214,6277,6465,7278,8531,9774,11617,13287
22675	22628,22611,22613,22622,22635,22662,22671,22607,22632,22686
22676	11617,22634,8531,13287,13317,22606,22641,556,1950,2905
22677	23789,22632,22610,22613,22618,22629,22690,22671,22684,22679
22678	556,6214,6277,6465,7278,8531,9774,11617,13287,13306
22679	22662,22610,22630,22644,22619,22629,22671,22677,22635,22684
22680	22628,22690,22612,22619,22629,22644,22662,22683,22694,23789
22681	22673,22669,22637,3525,3931,3958,4041,4048,4159,4201
22682	22609,22619,22628,22610,22613,22618,22671,22612,22630,22632
22683	22611,22618,22613,22686,22612,22629,22684,22661,22660,22616
22684	22630,22644,22618,22662,22683,22694,22619,22629,22677,22622
22685	22611,22613,22632,22644,22619,22662,22607,22618,22635,22663
22686	22683,22607,22611,22635,22675,22699,22613,22619,22632,22610
22687	556,6214,6277,6465,7278,8531,9774,11617,13287,13306
22688	22669,22634,22637,6277,11617,556,6214,6465,7278,8531
22689	
22690	22603,22628,22694,22644,22619,22662,22629,22677,22680,22607
22691	22603,22659,22634,6277,2483,2990,4959,5654,8153,11598
22692	22603,22610,22611,22619,22625,22628,22629,22632,22690,23789
22693	11617,22603,22657,2483,5654,6277,8153,21357,22616,22636
22694	22603,22625,22644,22630,22690,22699,22647,22684,33275,22612
22695	3033,4332,4995,8679,8683,8688,8756,8804,9738,9740
22696	22603,22610,22612,22622,22625,22628,22630,22632,22635,22644
22697	15297,7509,13618,9839,14271,30881,5682,17059,42897,4782
22698	22628,22607,22644,22662,22603,22619,22625,22610,22668,22690
22699	22603,22694,22611,22619,22632,22686,22663,22685,22690,22613
22700	1671,1703,3682,6140,6782,6966,7086,7273,7279,11211
22701	
22702	5466,5661,8156,12979,16122,21153,24487,24494,26412,27703
22703	24487,35193,6920,6925,6928,6929,20869,26279,26349,26372
22704	41131,1387,1973,1982,2535,4520,4521,6458,6514,6642
22705	17631,28538,31436,503,2149,2176,2188,2196,2282,2608
22706	22712,22722,22710,22724,22728,31436,503,2149,2176,2188
22707	22846,25726,7475,7483,18591,27888,42692,42715,90,1841
22708	22715,11242,22722,22710,22724,22728,31436,503,2149,2176
22709	11242,14596,22706,22707,22708,22710,22711,22712,22713,22714
22710	22706,22707,22708,22711,22712,22713,22715,22722,22724,22728
22711	22713,14596,22714,22722,22710,22724,22728,2149,2176,2188
22712	22706,22707,22722,14596,22714,11242,22710,22724,22728,503
22713	22711,22715,11242,22724,1943,3246,6631,9856,12430,12542
22714	22718,22711,11242,22712,22715,22722,503,2149,2176,2188
22715	22708,22713,22707,11242,22724,14596,22710,22714,22728,11860
22716	1301,2389,3521,3989,5097,5453,5467,5670,6386,6925
22717	11242,14596,22706,22707,22708,22709,22710,22711,22712,22713
22718	14596,22714,11242,22726,22730,31436,44452,433,503,547
22719	22721,325,11242,11686,14596,22706,22707,22708,22709,22710
22720	4736,5948,5965,7478,7617,7630,7970,9919,11242,11369
22721	22719,325,11242,11686,14596,22706,22707,22708,22709,22710
22722	22706,22712,22707,22708,22711,14596,22710,22714,22728,503
22723	4272,4738,5924,5948,5964,6852,8563,10896,11242,11716
22724	22713,22715,22706,22707,22708,22710,22711,22712,22728,11242
22725	11242,14596,22706,22707,22708,22709,22710,22711,22712,22713
22726	22718,28538,11242,14596,22706,22707,22708,22709,22711,22712
22727	11242,14596,22706,22707,22708,22709,22710,22711,22712,22713
22728	22706,22707,22708,22710,22711,22712,22713,22715,22722,22724
22729	11242,14596,22706,22707,22708,22709,22710,22711,22712,22713
22730	22718,28534,11242,14596,22706,22707,22708,22709,22711,22712
22731	186,972,3250,3958,5933,5986,6326,6963,7211,7509
22732	16032,5930,8932,12722,12938,15697,17809,18118,22734,22735
22733	15778,22737,1378,9917,22741,22745,29207,47403,3073,3076
22734	22738,22737,22741,15697,22732,22744,22745,3077,3101,4048
22735	22744,15697,22732,22746,3077,3101,3155,3718,4048,5410
22736	22737,22741,15697,22732,22744,22745,3077,3101,4048,5429
22737	15778,22733,22734,22736,22738,22742,22746,22745,3077,3101
22738	22734,22742,15778,22737,22741,22745,3077,3101,4048,5429
22739	4048,15697,15778,22732,22733,22734,22735,22736,22737,22738
22740	22741,22744,2249,2328,3313,4048,10709,11690,11903,15697
22741	22734,22736,5941,15697,22732,22733,22738,22740,22742,22745
22742	22738,15778,22737,22741,22745,3077,3101,4048,5429,5924
22743	42417,42424,42434,42485,17556,36150,591,5097,6623,7171
22744	22735,15697,22732,22734,22736,22740,2328,4048,5941,14974
22745	15778,22733,22734,22736,22737,22738,22741,22742,4048,5429
22746	15778,22737,11939,12757,22735,329,855,920,1356,1421
22747	4048,15697,15778,22732,22733,22734,22735,22736,22737,22738
22748	454,659,1453,4160,4839,5498,8725,8726,8785,8932
22749	18845,5681,7882,13708,17064,18445,18654,18829,18848,20525
22750	22754,16181,22749,22751,22753,22755,22756,22757,22758
22751	16181,22749,22750,22752,22753,22754,22755,22756,22757,22758
22752	1453,16181,22749,22751,22753,22755,22756,22757,22758
22753	16181,22749,22750,22751,22752,22754,22755,22756,22757,22758
22754	22750,1382,1393,1428,1933,2520,2914,3394,6976,6979
22755	16181,22749,22750,22751,22752,22753,22754,22756,22757,22758
22756	23616,11387,11395,19427,34364,19428,13182,19431,34326,34207
22757	9362,18803,82,551,573,748,3175,4032,4782,4841
22758	16181,22749,22750,22751,22752,22753,22754,22755,22756,22757
22759	39481,916,39516,7466,39482,39503,39556,39557,917,2437
22760	39490,916,4498,5823,7466,20191,39496,39500,39516,39525
22761	39481,917,31001,31010,39523,7493,11094,14824,15588,17556
22762	7811,17948,27883,32253,33076,33971,38149,48592
22763	22764,1510,3307,4369,4738,6965,9793,17948,21500,22767
22764	22763,22765,22766,7712,9948,16380,17948,22767,22768,22770
22765	22769,22764,22767,22768,22770,27883,38149
22766	22769,22764,22767,22768,22770,27883,38149
22767	2869,9184,10943,15301,16636,18936,22763,22764,22765,22766
22768	22763,22764,22765,22766,22767,22769,22770,22771
22769	22765,22766,7811,17096,17940,17961,17963,19150,22767,22768
22770	22763,22764,22765,22766,22767,22768,22769,22771
22771	7811,17948,22767,22768,22770,27883,33076,33971,38149,48592
22772	54,112,1417,1458,1489,2752,3376,3377,4990,4993
22773	30200,44892,2554,9154,13661,19881,23512,24900,32096,33274
22774	44795,1665,23200,48942,600,612,1100,2744,2915,3333
22775	22776,22778,22782,22792,22786,22797,22806,22790,22800,22802
22776	22785,22780,22815,44795,22788,22811,22814,22795,22809,22775
22777	22780,22785,22781,22784,22789,22809,22779,22795,22807,22791
22778	22806,22802,22811,22795,22809,22779,22791,22796,22801,22803
22779	22801,22785,22786,22777,22778,22780,22776,22782,22804,22806
22780	22777,22782,22776,22789,22806,22795,22804,22809,22779,22802
22781	22798,22777,22782,22802,22807,22789,22804,22811,22812,22815
22782	22792,22780,22781,22785,22789,22802,22807,22809,22811,1665
22783	22792,22798,22814,22790,22802,22812,44795,22794,22800,22804
22784	22777,22806,22812,22790,44795,22804,22814,22800,22811,22789
22785	22776,22777,22789,22806,22782,22779,22809,22815,22791,22812
22786	22790,44795,22815,22794,22802,22807,22779,22788,22791,22801
22787	3971,12403,20956,1694,4048,4176,4297,4299,10268,10302
22788	22776,22786,22792,22798,22814,44795,22777,22782,22790,22799
22789	22777,22785,22780,22782,22804,22806,22781,22797,22784,22812
22790	22786,22797,22783,22784,22812,22814,22794,22802,1665,22803
22791	22792,22785,22786,22777,22778,22780,22782,22776,22804,22806
22792	22782,22800,22783,22796,22791,22807,22814,22801,22788,22808
22793	22776,22778,22783,22784,22785,22788,22795,22797,22802,22806
22794	22786,22812,22790,22783,22800,22802,22806,22815,22780,22781
22795	22778,22800,22780,22777,22806,22776,22797,22781,22782,22784
22796	44795,22792,22800,22778,22780,22777,22776,22782,22804,22806
22797	22806,22790,22804,22811,22800,22815,22789,22795,22803,22775
22798	22781,22783,22807,22808,22814,22788,22799,19,242,394
22799	22780,22792,22798,22781,22783,22776,22777,22782,22788,22807
22800	22815,22792,44795,22795,22796,22806,22797,22812,22783,22784
22801	22779,22792,22786,22808,22777,22778,22780,22785,22782,22776
22802	22778,22786,22781,22782,22783,22780,22790,22794,22804,22795
22803	22778,22776,22790,22797,22800,22806,22811,22812,22815,22782
22804	22797,22780,22789,22784,44795,22781,22783,22802,22809,22811
22805	52,186,546,2827,3217,3489,5527,9453,9950,10373
22806	22778,22797,22785,22780,22784,22800,22789,22795,22794,22809
22807	22786,22792,22798,22781,22777,22782,22780,22790,44795,22794
22808	22798,22809,22792,22801,22815,22786,22800,22778,22780,22777
22809	22777,22778,22780,22785,22808,22776,22782,22804,22806,22781
22810	22817,11572,19,439,1090,1220,1689,1797,2084,2413
22811	22815,22778,22797,22776,22781,22782,22784,22804,22806,22802
22812	22784,22794,22783,22790,22785,22800,22815,44795,22781,22814
22813	22807,16431,22775,22776,22777,22778,22779,22780,22781,22782
22814	22783,22792,22798,22790,22776,22784,22812,22815,22788,22800
22815	22800,22811,22786,22776,22785,22797,22808,22812,22781,22794
22816	16431,22775,22776,22777,22778,22779,22780,22781,22782,22783
22817	22810,1418,1441,1448,3395,3910,6588,7293,7907,9461
22818	
22819	
22820	2181,2864,4770,5971,6021,6260,10841,10940,14391,14522
22821	6087,10896,17850,17853,17857,17858,17860,17863,17865,21074
22822	702,3819,6087,7599,10896,13287,15889,15996,16433,16440
22823	22495
22824	536,4035,4077,4104,4951,5498,8136,9325,10027,10687
22825	22495
22826	5142,6264,6318,6821,7860,7863,7869,7887,7888,7891
22827	16452,4299,20845,4297,21949,22247,48662,3001,3971,4203
22828	22846,22854,20959,22838,22841,22866,3971,4048,4174,8008
22829	4174,5555,11315,13243,13569,19032,22828,22831,22832,22833
22830	10987,22158,29878,1860,4048,4163,4295,7246,8008,14900
22831	4174,4520,5555,6935,7930,10709,11315,11799,13243,13306
22832	4174,11315,19032,22828,22838,22841,22842,22844,22847,22849
22833	13243,22828,223,4174,5555,7450,11315,13569,19032,20959
22834	4048,4174,5555,8008,11315,13243,13569,19032,20959,21586
22835	19032,22841,22842,22843,22844,22850,22860,22869,4174,5555
22836	2054,2588,13867,13891,13911,13930,13966,14138,14203,14206
22837	22867,22843,16452,19032,22835,22841,22842,22850,1559,2114
22838	8008,22852,22828,22842,22846,22849,22858,22864,4174,11315
22839	12029,30124,30716,30751,366,541,4174,5555,7549,7566
22840	22846,4175,4270,3525,4048,12222,20844,20955,20959,21864
22841	11315,19032,22828,22842,22844,22869,49097,3347,4174,13261
22842	16009,19032,22838,22841,22844,22869,522,4174,4201,4841
22843	22860,22869,19032,22835,22837,22841,22842,22850,4174,5555
22844	19032,22841,22842,4174,11315,22828,22832,22835,22838,22847
22845	39219,3931,3950,4133,4202,4205,4264,4281,13569,22160
22846	3971,4175,21958,4211,22707,27888,4048,4206,12403,21077
22847	22849,22852,22854,4174,11315,19032,22828,22832,22838,22841
22848	22862,4139,11018,22049,25788,577,987,1366,1405,2179
22849	22852,21958,22838,22846,22847,22853,22854,22858,3971,4174
22850	19032,22835,22841,22842,22843,22844,22860,22869,2572,4174
22851	3347,11315,16452,20959,22828,22857,2855,3904,4174,4180
22852	6260,22282,22846,3904,22838,22849,19,4048,4206,8184
22853	44511,11315,22849,4174,13243,19032,22828,22832,22838,22841
22854	22828,22846,21958,22847,22849,22852,22866,2993,3971,4048
22855	4046,22090,4289,4295,4296,4264,4033,4198,22092,22163
22856	4048,4299,8528,16452,20959,22847,22852,22853,22854,22855
22857	16452,13243,22851,22852,40440,4174,5555,11315,13569,22828
22858	22158,4295,4159,4206,10987,4163,4182,4202,4246,4279
22859	4174,11315,19032,22828,22832,22838,22841,22842,22844,22847
22860	22843,16452,19032,22835,22841,22842,22850,4174,5555,11315
22861	4048,4174,5555,8008,11315,13243,13569,19032,20959,21586
22862	22848,4174,11315,19032,22828,22832,22838,22841,22842,22844
22863	22843,815,906,1099,2059,3472,3887,4048,4174,4176
22864	22838,4174,11315,19032,22828,22832,22841,22842,22844,22847
22865	2017,4212,11536,22846,28573,2050,3878,3971,4046,4074
22866	4048,4279,4046,4295,4206,10987,23234,42832,3518,3882
22867	8008,22837,4223,4299,20845,48662,4048,4240,7254,20959
22868	22867,4174,11315,19032,22828,22832,22838,22841,22842,22844
22869	19032,22841,22842,22843,4174,11315,22828,22832,22835,22838
22870	146,325,342,995,1741,2216,2923,3134,3574,3867
22871	32236,4099,1617,4198,21855,32141,39163,49436,1145,1404
22872	22887,22888,22878,1617,22896,32141,32236,1145,4162,9609
22873	12388,198,457,503,1357,1404,1680,1719,1918,3685
22874	535,2820,3971,4011,4162,4198,5137,5990,6397,6413
22875	22877,4162,20340,22872,22873,22874,22876,22878,22879,22880
22876	20340,22886,22887,22888,22896,1617,4162,6520,6962,9608
22877	22875,39,206,494,660,964,1495,1606,2128,2147
22878	22872,22881,22886,22887,22888,1145,1617,4162,9609,19469
22879	22885,4162,8859,20340,22872,22873,22874,22875,22876,22878
22880	4162,20845,22161,48662,4069,4103,13449,22102,22112,22178
22881	22878,1595,1778,17292,19388,20195,26808,29463,147,186
22882	24628,101,131,153,198,577,660,975,1113,1347
22883	22158,3958,4046,4159,4206,4295,20844,3971,4182,4279
22884	4099,4162,21855,49436,4048,4069,4198,4202,4220,4707
22885	22879,22890,4162,8859,20340,22872,22873,22874,22876,22878
22886	22896,32236,22876,1617,22878,32141,1145,4162,19469,20283
22887	22872,32141,1617,22876,22878,251,1145,4162,17292,19469
22888	22872,32141,1617,22876,22878,251,1145,4162,17292,19469
22889	762,1410,1412,1637,2088,3010,3958,4069,4070,4153
22890	22885,4162,20340,22872,22873,22874,22876,22877,22878,22879
22891	1719,6548,9461,13034,19446,23717,28722,35999,40634,48472
22892	4162,20340,22872,22873,22874,22875,22876,22877,22878,22879
22893	4162,20340,22872,22873,22874,22875,22876,22877,22878,22879
22894	4162,20340,22872,22873,22874,22875,22876,22877,22878,22879
22895	5568,18084,23232,27920,46552,4162,5567,5569,9516,11542
22896	20340,22886,22872,22876,32141,251,1617,4162,17292,20195
22897	
22898	22899,22900
22899	22898
22900	22898
22901	16429,553,2816,15987,16645,18075,20557,22593,23913,25531
22902	19,11619,20578,22145,25074,25084,25089,44943,1860,2662
22903	22906,22907,22909,22910,22908,22913,553,16429,22902,22911
22904	16429,22913,22915,22914,553,15987,16645,22902,22911,22912
22905	22908,22915,22914,522,588,612,616,5924,5986,6451
22906	22909,22903,22913,553,588,612,9117,13244,13257,13265
22907	22903,16429,22913,22915,22914,553,15987,16645,22902,22911
22908	22905,22903,22915,12229,14456,21614,22914,29498,36357,39631
22909	22906,22903,22913,16429,553,6614,7013,7292,7953,8217
22910	22903,16429,22913,22915,22914,553,15987,16645,22902,22911
22911	2816,18075,20557,22903,22904,22905,22906,22907,22908,22909
22912	2816,18075,20557,22903,22904,22905,22906,22907,22908,22909
22913	22906,22904,22907,22909,22910,22917,22903,553,588,612
22914	22904,22905,22907,22908,22910,22915,22917,16429,22902,22903
22915	22904,22905,22907,22908,22910,22917,22914,16429,22902,22903
22916	47538,362,680,1244,2204,2603,2608,4782,4840,5809
22917	16429,22913,22915,22914,553,15987,16645,22902,22911,22912
22918	22902,22903,22904,22905,22906,22907,22908,22909,22910,22911
22919	12759,16532,22922,22929,22934,22935,22939,22940,22943,22947
22920	1823,2017,3770,8685,12645,16532,17880,20567,22955,23507
22921	8685,23513,20561,22950,22981,23517,23685,29751,30214,1114
22922	16532,22919,22929,22934,22935,22939,22940,22943,22947,22951
22923	4265,33601,4222,13654,16267,16532,22934,22949,22969,22977
22924	13,3816,4265,8685,9872,9876,12345,14930,15356,16532
22925	29574,33051,35630,43304,19,971,2641,2659,2691,3926
22926	3816,4265,8685,9872,9876,14930,16532,17595,18351,20567
22927	4389,3880,22940,40455,22934,22963,6019,23065,528,16111
22928	8685,16532,22921,22956,22973,22979,22981,22989,22991,11
22929	22963,1378,4389,22934,23685,26963,40455,4313,5479,5924
22930	8685,22934,22939,22940,16532,22947,22949,22954,22961,22968
22931	22954,22949,3816,4265,8685,9872,9876,14930,15566,16532
22932	23512,32513,33194,34466,35731,19,2019,8685,8859,9281
22933	114,3816,4265,5341,7721,8514,8667,8685,9404,9407
22934	22946,22947,22940,3880,22963,40455,22927,528,10236,16111
22935	22981,25170,34466,38992,43052,1099,1689,2641,14930,15356
22936	3816,4265,8685,9872,9876,14930,16532,17595,18351,19359
22937	7713,8683,8685,15175,22921,22983,19,64,110,143
22938	608,5353,7666,10532,29444,41701,45889,19,283,439
22939	22934,8685,22940,8671,16532,22947,22968,22991,0,7758
22940	186,22934,22947,22927,3880,4389,528,10236,22963,16111
22941	3816,4265,8685,9872,9876,14930,16532,17595,18351,20567
22942	190,441,1156,1170,1617,1797,1923,2141,2698,3584
22943	22934,22946,22947,23685,49873,3880,3999,7804,12650,18056
22944	8685,23003,147,218,285,964,1125,1352,1356,1369
22945	15362,6109,114,1535,1546,1602,4830,11084,11086,15140
22946	22934,22963,6016,4439,12650,22987,12351,23006,23039,23543
22947	22934,3880,22940,3999,528,10236,16111,22963,23065,4364
22948	3816,4265,8685,9872,9876,14930,16532,17595,18351,20567
22949	22977,4265,16532,20567,22923,22930,22931,22934,22947,33557
22950	4717,5045,22921,22946,49187,186,3999,4096,4736,5086
22951	8286,8326,22934,22940,22977,3505,3525,3546,4101,4118
22952	22921,22927,22943,22946,22950,23067,1232,3880,3999,4389
22953	22968,30413,22971,24512,18118,24555,1404,7012,14434,16032
22954	33647,33652,8671,4389,22940,4222,10236,14930,22947,22963
22955	22994,1741,5930,8685,8932,9872,12722,12938,16532,17809
22956	22963,9394,17595,22929,22947,22973,40455,1378,2601,4313
22957	2798,9872,10052,21210,22955,22965,23003,161,2845,2971
22958	22932,22946,22976,22978,22985,22987,22994,22999,23004,32216
22959	22946,7850,638,1404,1417,1458,3999,4251,7751,9800
22960	3816,4265,5547,5553,7956,8685,9872,9876,14930,16178
22961	22934,22940,1113,8271,8685,13795,14455,16532,22947,22951
22962	1388,1404,1959,10293,20567,22999,48327,123,434,659
22963	22934,40455,4389,22940,22946,22927,22947,186,528,3880
22964	42627,42630,42638,7463,16532,22919,22922,22929,22934,22935
22965	9872,22955,22957,23003,3816,4265,8685,9876,10468,11842
22966	22959,1404,3816,4265,8685,9872,9876,14930,16532,17595
22967	22983,8154,9181,20567,22980,22982,186,1157,1357,1714
22968	22953,22934,22971,13795,14434,22940,24512,8671,10236,16032
22969	1186,3734,4265,6030,9850,13858,22921,22923,22954,22977
22970	22147,2996,3023,3920,6275,23037,25992,44718,45079,211
22971	22968,22953,24541,21558,22951,43301,2324,2674,7269,7299
22972	3816,3937,4265,8685,9872,9876,14930,16532,17595,18351
22973	22956,1357,2922,5037,5086,9394,12715,14899,16532,19936
22974	2413,2689,3816,4265,8685,9872,9876,14930,16532,16655
22975	3816,4265,8685,9872,9876,14930,16532,17595,18351,20567
22976	7024,22946,22958,22978,22985,22987,22994,22999,23004,83
22977	22934,22947,22951,7758,16532,22940,22949,22961,33552,34886
22978	8685,22946,22958,22976,22985,22987,22994,22999,23001,23004
22979	16532,22928,22956,22973,22989,22991,26425,27363,38628,38629
22980	2507,4389,22953,22967,22968,22971,22982,22983,23017,44588
22981	16380,8685,15314,22921,22935,34207,629,1031,1392,3576
22982	28658,28662,1357,2501,4213,4464,17199,22983,23696,28640
22983	8154,8685,2501,20567,22967,22982,23537,27091,44899,46402
22984	22961,27086,29464,29516,37168,1689,2715,4653,8685,13795
22985	7024,7173,22946,22958,22976,22978,22987,22994,22999,23004
22986	3816,4265,8685,9872,9876,14930,16532,17595,18351,20567
22987	22946,8695,22934,22940,22963,23569,528,7970,8671,12351
22988	8685,16532,22934,22940,22947,22961,22991,186,554,850
22989	16532,13795,22919,22922,22928,22929,22934,22935,22939,22940
22990	4264,9885,14467,15694,16433,22147,22934,22968,22991,27334
22991	22934,8685,13795,16032,19388,22939,22940,3880,16532,22947
22992	3816,4265,8685,9872,9876,14930,16532,17595,18351,20567
22993	7758,22939,4381,8685,16532,16871,22919,22922,22929,22934
22994	22934,2639,5930,20199,22955,22981,22999,28635,33621,44358
22995	22940,2608,22927,22934,22939,22943,22947,22968,34688,2516
22996	16532,591,618,1186,2866,2869,3530,3816,3844,3903
22997	3816,4265,6962,7343,8685,9872,9876,14930,16532,17595
22998	16532,22919,22922,22929,22934,22935,22939,22940,22943,22947
22999	22994,20567,22934,22946,22955,22958,22962,22976,22978,22985
23000	3816,4265,8685,9872,9876,14930,16532,17595,18351,20567
23001	7183,39135,6306,6778,7201,7218,7219,8563,8685,21171
23002	352,1078,1150,1665,2956,3816,4265,5537,8685,9872
23003	23755,6997,18436,285,8685,33772,3422,6966,6993,7010
23004	5933,8136,8685,9950,12107,12636,14271,14930,15283,16941
23005	13072,13135,13145,16532,22919,22922,22929,22934,22935,22939
23006	10236,8671,22927,22934,22940,22946,23039,186,3999,10254
23007	10479,17596,10468,10481,17592,1404,1617,3407,3685,4313
23008	14065,146,325,342,995,1149,1741,2216,2923,3134
23009	5086,6298,7452,9394,9891,9986,10498,11369,12210,12715
23010	
23011	9891,16184
23012	4104,5930,8932,12722,12938,17809,22732,22955,22994,23543
23013	14867,14990,541,583,13008,13430,13537,13773,15623,15843
23014	9891,2864,23697,23698,4717,8671,20567,23696,28611,3937
23015	9891,16218,44504,48759,48781,48782,48783,52,219,347
23016	19,375,556,559,1681,1784,2572,2684,2843,2857
23017	2507,4389,33555,186,8685,19269,22295,22980,23065,23697
23018	
23019	108,168,234,484,980,989,1113,1114,1369,1374
23020	3407,83,150,2608,2904,3646,3879,4169,4717,4731
23021	
23022	186,23696,49867,638,1113,4364,4389,6019,8399,8667
23023	2608,4717,23034,83,150,1113,1782,2603,2904,3407
23024	13214,30736,83,150,2608,2904,3407,3646,3873,3879
23025	16032,1113,4184,6893,10671,10924,12650,13795,22934,22961
23026	22934,42408
23027	5068,5090,13336,13473,17443,28089,33805,242,672,973
23028	218,1778,2953,5387,6233,7759,8685,9120,12444,17109
23029	43651,5249,20107,43340,242,1485,1685,1763,1778,1782
23030	522,600,603,618,660,909,1181,4115,4129,4302
23031	15179,28635,16983,22954,371,973,995,1020,3032,3034
23032	1782,2603,2608,3620,4717,5807,6984,7758,9553,9565
23033	6725,6739,12536,47458
23034	8671,9891,23014,2557,2608,4389,4717,5086,13795,16532
23035	1782,2603,2608,3620,4717,5807,7758,9565,9576,10318
23036	9,82,4364,6021,6042,6045,8804,10506,19909,25153
23037	2996,3023,3920,6275,22147,22970,25992,44718,45079,606
23038	956,1342,12135,13899,15287,23570,23696,23697,23698,25187
23039	22934,22940,23065,33634,186,3880,8671,22946,22947,22963
23040	9891,23697,23698,3999,22927,23696,1404,4364,4389,8399
23041	43190,16997,43175,3736,6109,12154,15706,16181,16680,16963
23042	1782,2603,2608,3620,4717,5807,7758,9565,9576,10318
23043	9891,23014,3039,3565,3685,4024,5086,5760,7181,7452
23044	13117,13233,14376,24665,30881,457,546,547,575,577
23045	352,1078,1150,1665,2956,5537,11009,12622,21417,21422
23046	23069,336,381,739,1928,19502,26101,27720,29452,101
23047	
23048	2608,5930,8671,10369,22934,24106,41827,47743,83,101
23049	638,23697,23698,30473,4261,22940,23685,23696,27380,33635
23050	186,638,1404,1617,1797,3685,4364,4389,6016,6019
23051	1617,2009,7463,8686,9891,14930,16584,20107,23685,24106
23052	9891,23040,52,347,351,362,457,546,575,586
23053	12735,12719,12784,13115,22934,22943,22968,285,338,362
23054	
23055	11,987,1234,1797,4101,4483,7796,7849,9453,9891
23056	4265,4717,9891,13654,16532,22923,22934,22977,23006,33601
23057	
23058	1404,7463,9933,15648,17765,22502,22962,34340,49112
23059	3702,16632,16625,24275,15464,16470,16624,16626,16639,16643
23060	10485,17592,45984,10479,17593,19513,101,131,153,198
23061	95,42704,17,6157,30062,0,13,38,53,83
23062	14553,37955,351,452,854,956,1114,2198,2601,3734
23063	4002,5670,5986,6306,6612,9861,10453,10533,10536,10801
23064	754,2461,4745,5849,5853,7639,7864,8694,17829,18165
23065	8671,40455,3880,186,22947,3999,22927,4364,10236,16111
23066	9872,10468,11842,11844,15635,15689,22955,22957,22965,23003
23067	22952,1661,2641,12618,27567,45133,45168,87,132,186
23068	22977,23079,198,374,1022,2398,3629,3654,3880,4104
23069	23046,381,24201,131,285,336,363,376,385,387
23070	9891,22954,20107,8399,33621,186,242,284,638,1404
23071	32072,8671,8685,11169,13618,22946,22999,23014,23685,26519
23072	1661,3873,7371,8816,11095,22921,25269,28258,32373,32488
23073	9585,501,1216,1359,1393,1541,1657,1659,1660,1663
23074	14204,629,6783,11392,11393,13182,13792,13854,14242,15314
23075	31304,12722,17267,17187,17238,17266,17278,22934,25372,25392
23076	2040,4086,4182,9397,14361,15045,16104,39023,44437,45870
23077	13616,29797,39742,49593,113,239,351,1031,1081,1458
23078	7611,7651,22068,23168,23169,23170,23171,23173,23174,542
23079	1685,1485,1778,8737,11609,22977,22991,23068,27808,32363
23080	14324,22543,19,218,546,964,1125,1183,1220,1382
23081	591,3733,3917,4005,8514,8583,11191,12432,12441,13214
23082	2849,4301,9220,10466,14361,21647,23061,30124,4033,4296
23083	29507,38045,19,168,438,455,577,591,608,618
23084	456,1586,1678,1689,1692,2830,3505,3518,3525,3530
23085	23696,23697,23698,638,4389,23685,33635,33636,33637,6019
23086	1782,3880,4439,8671,12650,23569,25187,42556
23087	1679,1685,1694,7280,19131,19664,22268,29260,29513,29759
23088	21033,21044,21054,20980,21493,20966,21016,20994,21048,21072
23089	21492,21063,21033,21044,21487,21478,21469,21472,21477,20994
23090	21033,23088,21474,23092,21007,21023,21047,21054,21478,23096
23091	21023,21033,20966,21016,21041,21047,21049,21495,21039,21072
23092	21023,21033,21054,21063,21484,21044,20980,21472,21489,23090
23093	21023,21033,23091,21016,21024,21028,21035,21037,21048,21049
23094	21033,21041,20966,21016,21023,21049,21044,21072,21473,21490
23095	21063,21489,21033,21478,20980,21493,21044,21484,21469,21476
23096	23090,23088,21023,21033,21474,20999,21010,21016,21024,21041
23097	21023,21033,21010,21041,21048,21493,23088,23094,20966,21482
23098	21484,21016,21033,21047,21474,21482,21491,23088,23089,23100
23099	21028,21023,21063,23089,21049,21469,21474,21482,21492,23094
23100	21063,21482,23089,21010,21023,21484,21489,23092,23095,23097
23101	21023,21051,21042,21065,23091,23102,20966,20972,21016,21024
23102	21048,21052,21063,21023,21033,21049,21065,21024,21051,21072
23103	21041,21035,21063,21016,21039,21043,21049,21052,21490,21496
23104	23106,21044,21049,21063,21033,21016,21072,20966,21038,21022
23105	21023,21016,21035,21048,21049,21063,21489,23103,23104,9891
23106	21033,21044,21063,23104,21072,20966,21038,21476,20980,20987
23107	8675,9404,12633,15383,16865,16884,29574,1,132,180
23108	5527,6334,7773,9407,16883,25153,29726,34143,40817,41000
23109	25545,25597,25633,25537,25561,25603,25604,25670,12957,25565
23110	3134,3152,3148,3189,3209,4835,23111,23120,23123,23124
23111	25603,23123,23116,25565,25627,23122,25572,25611,25642,25686
23112	25537,25545,23127,23119,12957,23114,25647,25564,25567,25627
23113	23111,23118,23121,23116,23122,23127,25561,25603,25633,47621
23114	23112,23119,25537,25545,25597,23118,23121,25604,25553,25611
23115	385,4775,4795,4813,13606,336,338,349,363,378
23116	23111,23122,23121,23123,23127,25604,25633,12957,23113,25537
23117	23110,23111,23112,23113,23114,23115,23116,23118,23119,23120
23118	25537,25561,23119,23121,23127,25647,25600,25603,25640,25686
23119	23112,23118,23114,23125,23128,25537,25545,25597,25670,25633
23120	23110,23111,23123,23124,23125,23126,23127,23128,23129,21979
23121	25633,23118,25561,25597,25553,25603,25615,23113,23114,23116
23122	23111,23116,23121,23123,25597,12957,22011,23113,23127,25565
23123	23111,23116,23122,23126,23127,23129,23110,23112,23120,23121
23124	23110,23111,23120,23123,23125,23126,23127,23128,23129,21979
23125	23128,23118,23119,23127,23110,23112,23120,23121,23124,25561
23126	23111,23123,23129,23110,23120,23124,23127,23128,21979,23112
23127	23112,25561,23118,25558,25627,25604,25615,12328,23116,23123
23128	23125,23118,23119,23127,23110,23112,23120,23121,23124,23126
23129	23111,23123,23126,23110,23120,23124,23127,23128,21979,23112
23130	41874,1894,15086,20354,36132,43849,47809
23131	23133,23137,23134,23140,23142,1895,1898,1901,1903,1907
23132	23138,23139,23136,910,1002,1431,1894,2504,3498,5300
23133	23131,23138,23142,23136,15086,20354,23143,23144,23145,23146
23134	23135,23136,23131,23139,41874,15086,20354,23143,23144,23145
23135	23134,23140,23142,1894,15086,20354,23136,23138,23143,23144
23136	23134,23132,23133,23137,23131,23135,23139,23141,23143,23144
23137	23131,23138,23139,23142,23136,15086,20354,23143,23144,23145
23138	23132,23133,23137,23142,23141,910,1002,2504,5458,5832
23139	23132,23141,23137,23134,23140,1894,23136,23138,23142,23143
23140	23141,23135,23142,23131,23139,41874,351,546,557,580
23141	23140,23139,23142,23138,1894,15086,20354,23136,23143,23144
23142	23140,23133,23137,23138,23141,23131,23135,15086,20354,23139
23143	23131,23132,23133,23134,23135,23136,23137,23138,23139,23140
23144	23131,23132,23133,23134,23135,23136,23137,23138,23139,23140
23145	23131,23132,23133,23134,23135,23136,23137,23138,23139,23140
23146	23131,23132,23133,23134,23135,23136,23137,23138,23139,23140
23147	89,1694,1918,3985,16388,26329,26347,28006,43446,43820
23148	23151,23152,19,168,204,1220,1657,1666,1670,1677
23149	23150,23154,23156,23159,208,351,525,1169,1174,1694
23150	23149,23151,23154,23156,23158,23159,26325,7425,23148,23153
23151	23148,23150,23154,23156,23159,1918,2606,3796,5376,6103
23152	23148,89,1918,16388,23153,23155,23157,26329,26347
23153	23148,23149,23150,23151,23152,23154,23155,23156,23157,23158
23154	23149,23150,23151,23156,23158,23159,23148,23153,23155,23157
23155	364,3951,4006,4022,4023,5355,6098,7566,10447,12297
23156	23149,23150,23151,23154,23158,23159,0,12,16,18
23157	23148,23149,23150,23151,23152,23153,23154,23155,23156,23158
23158	23150,23154,23156,23159,1694,1918,16388,23153,23155,23157
23159	23149,23150,23151,23154,23156,23158,23148,23153,23155,23157
23160	1664,1667,3205,3231,6115,9660,23162,26869,26879,43010
23161	19542,26870,30329
23162	457,2956,3151,4819,5046,5234,5937,6127,6156,6194
23163	534,562,605,606,615,4182,5188,5766,5969,6318
23164	44717,17441,4717,15130,22954,27881,44446,748,4736,4839
23165	7046,12715,40121,351,562,4330,4839,4841,13621,16284
23166	962,973,1110,1818,2040,2805,2943,3481,3894,4841
23167	2805,4841,9876,10459,13654,20567,22068,23014,23078,23165
23168	13654,4717,10801,22068,366,606,1216,2827,5809,6121
23169	11244,606,615,3560,4736,4782,5809,10468,10469,11878
23170	2786,7897,11246,20506,41697,4841,9969,14318,17468,20846
23171	23173,351,546,2805,9928,14880,16369,20567,22068,23078
23172	12328,13400,20853,28381,4782,4809,7611,9928,12317,14309
23173	7651,2554,7611,13995,14346,20567,21171,21273,2576,4736
23174	1137,3360,8530,9949,12070,13654,22068,22069,22074,23078
23175	12060,13654,14390,562,2554,3937,4782,4832,4841,10459
23176	23175,88,1422,2422,2802,2805,3377,3937,4841,5061
23177	14264,7639,14318,580,4736,9930,10453,11315,12067,12071
23178	25747,25837,14379,25864,10459,16007,30862,7635,7644,7677
23179	15833,4011,4270,4295,6397,11572,22158,42088,660,3004
23180	4115,4161,4287,8004,10987,11649,14408,14919,16067,17531
23181	4069,4161,9516,10747,14285,17623,23180,23182,23183,23184
23182	23201,25516,12714,15064,16175,20004,21677,33760,42078,42089
23183	4069,10747,23187,23189,23192,23193,23195,23196,23197,23198
23184	23231,4036,10313,15149,15151,15154,15157,15160,15164,15170
23185	10287,16196,11064,16224,16198,16200,16211,16215,16222,16205
23186	4161,17623,23189,23198,23225,23227,23236,23240,4069,9516
23187	4069,10747,23183,23189,23192,23193,23195,23196,23198,23208
23188	2773,42414,42704,20599,17,1857,2617,6170,7485,13081
23189	23198,3023,4069,4161,10747,16806,17623,23183,23186,23187
23190	27249,27300,27264,27280,27268,27282,27317,27289,27313,27266
23191	20418,30602,2053,3466,3898,8455,8508,14289,16686,17292
23192	23211,4135,4295,10747,16208,16215,20569,22090,22102,22118
23193	14927,4069,4074,10747,11570,14867,14990,22158,23013,23183
23194	42090,3206,20004,30742,30785,42078,42080,42089,3004,7266
23195	4069,10747,23183,23187,23189,23192,23193,23196,23197,23198
23196	4069,10747,23183,23187,23189,23192,23193,23195,23197,23198
23197	4069,10747,23183,23189,23192,23193,23195,23196,23198,23208
23198	12774,23189,4069,4161,6929,7831,10671,10747,12714,12744
23199	9516,2825,4069,4161,5089,6860,8492,9761,10747,11588
23200	22099,23212,4069,4279,10240,18511,20841,22118,22152,22774
23201	23182,26456,28393,28402,28441,28467,28470,31395,5694,6320
23202	18916,7852,15186,19077,25224,1135,3931,3971,4069,8492
23203	7611,19603,19614,19620,19621,19669,19684,21171,23382,546
23204	9516,4069,4161,4745,7343,10747,11672,13013,14285,17623
23205	35325,35336,35338,35353,4069,4161,8511,9516,9880,10747
23206	113,15153,22379,23182,23201,23231,44914,1147,4036,4069
23207	42703,29622,42717,19113,42455,42698,42712,42713,42722,42736
23208	4069,10747,23183,23187,23189,23192,23193,23195,23196,23197
23209	4069,10747,23183,23187,23189,23192,23193,23195,23196,23197
23210	23236,4069,4161,9516,10747,14285,15429,16431,17623,23180
23211	22158,3958,4048,4196,4295,22883,4070,4159,4182,4202
23212	23200,3903,4090,4264,4536,4541,4580,4589,4596,4598
23213	4069,10747,23183,23187,23189,23192,23193,23195,23196,23197
23214	23755,24433,4527,10821,13115,23484,23993,24249,24422,1432
23215	4069,10747,23183,23187,23189,23192,23193,23195,23196,23197
23216	17623,340,1090,1689,1897,2413,2667,2769,2948,3971
23217	4069,10747,23183,23187,23189,23192,23193,23195,23196,23197
23218	11959,11962,13115,39479,46668,6388,6653,7582,10949,11956
23219	3958,22158,43818,3920,3931,4036,4069,4103,4160,4189
23220	2437,4069,4161,8582,9516,10301,10350,10747,11634,13241
23221	11619,4092,6277,16440,16444,19786,23242,26069,26072,28764
23222	48437,6223,9516,23203,24989,48476,2088,4069,4161,8492
23223	11948,2044,10441,11991,46668,11954,11964,11965,11966,11967
23224	26760,26636,26621,26647,26649,26623,26619,26629,13323,26634
23225	4161,11645,17623,23186,23189,23198,23219,23227,23236,23240
23226	455,562,4782,14332,17623,28381,138,362,522,546
23227	23485,23486,48951,4052,4161,10680,12714,14264,14348,14879
23228	23239,23242,600,612,2690,3333,3353,4069,4095,4161
23229	23201,31,116,234,660,980,989,1032,1113,1790
23230	9516,4069,4161,7343,10747,14285,17623,20107,23180,23181
23231	23184,23194,23206,23242,43244,1918,4069,4161,5085,5138
23232	4069,5569,10747,12777,18084,22895,23183,23187,23189,23192
23233	4069,4161,9516,10747,14285,17623,23180,23181,23182,23183
23234	3882,16689,4159,4204,4231,22283,22866,3904,4069,4103
23235	20569,23227,30774,30868,229,249,458,1100,1137,2036
23236	4161,17623,23186,23189,23198,23210,23225,23227,23240,3246
23237	4069,4161,9516,10747,14285,17623,23180,23181,23182,23183
23238	265,1794,2122,4069,4161,4810,4838,4959,5038,6243
23239	23228,23232,23241,23242,566,3332,3362,3365,3523,4069
23240	4161,17623,23186,23189,23198,23225,23227,23236,4069,9516
23241	3353,3366,3368,3322,3328,3332,3347,595,3304,3327
23242	9516,4194,4446,8468,12813,13277,16426,22293,22294,23221
23243	2181,5971,6260,10841,10940,14522,14993,20864,21619,22820
23244	4302,4755,9386,10309,10748,14341,23382,25332,26069,26402
23245	3928,3904,4231,6650,6825,9553,16433,19601,19664,27262
23246	8726,13998,14051,14072,14171,14174,14178,14179,14208,23695
23247	23351,23352,23353,23354,23355,23356,23357,23358,23359,23360
23248	14347,16333,18972,338,566,595,744,1134,1404,2993
23249	23251,4163,4206,4295,9386,10720,14900,21882,21958,22077
23250	4279,22198,4053,4190,4206,4211,4234,4295,11018,22090
23251	3365,26297,36552,3332,3347,3353,3368,3375,4254,10987
23252	6175,9386,1244,3347,6158,6195,6204,7409,7467,9397
23253	9386,14347,23250,23251,23252
23254	37469,39268,37356,18963,41233,41816,39273,39333,37119,37244
23255	36708,10055,36735,36808,37150,37197,10072,35179,36695,36763
23256	36735,36763,37018,10058,10089,10117,23259,36672,36713,36808
23257	19,439,454,459,1084,1667,2588,7521,7785,9997
23258	2948,10029,10037,10042,10112,14581,17335,23255,23256,23257
23259	41851,44049,10040,10066,10086,36947,41903,10059,36752,36908
23260	39237,10045,10066,10099,23259,36764,36870,37132,44049,10014
23261	23283,37469,23274,23263,41366,8686,10029,14008,18963,23259
23262	36703,37812,44178,10105,18963,19365,36908,36947,37215,37649
23263	23286,23281,23274,36821,37359,23273,23284,23285,41366,10029
23264	19,204,340,660,667,1181,1342,1626,1904,2294
23265	9995,23259,23275,44178,87,1113,1689,4509,6995,8686
23266	10018,19365,37188,8686,10055,23270,23279,36672,36698,36703
23267	23273,39297,4498,8509,10002,10026,10029,10035,10119,10127
23268	10037,23279,23289,36729,36870,37022,39232,44189,4488,5237
23269	23281,23276,37257,23273,23274,23284,23286,39243,39268,41366
23270	36674,36703,34644,35179,36699,36735,8686,10018,10050,10055
23271	37729,6688,10029,23255,23256,23257,23258,23259,23260,23261
23272	36694,36800,37133,37197,36813,36818,36847,36854,36913,36980
23273	39247,10029,39240,39243,39268,44181,10127,23274,36821,39236
23274	23273,39243,41366,41816,36821,39247,41369,10029,39234,39239
23275	36988,10066,23259,36811,36862,10014,10086,36752,36840,44178
23276	39273,23273,23281,37580,41233,36821,10144,10145,23269,23285
23277	44173,10014,10070,23278,23288,37580,37701,39366,41244,41253
23278	10014,36693,36777,37339,41851,10053,36870,39288,10086,36742
23279	39268,23273,36674,39233,10022,19365,30220,37188,37580,39247
23280	23255,23256,23257,23258,23259,23260,23261,23262,23263,23264
23281	36929,37359,37580,10029,37822,39243,41233,23263,23276,23285
23282	43282,239,4935,6109,15353,15394,16865,16878,16883,16906
23283	39268,37469,37580,37597,37734,37735,39273,23274,37675,37822
23284	23263,23286,38575,38576,39243,40748,41367,10145,23269,23274
23285	37580,37597,37734,37735,23281,37211,37701,37822,39273,40395
23286	38474,40395,23263,23274,36821,37476,23273,23281,39243,39364
23287	23273,10029,39247,23274,36821,39233,39240,41921,14008,23279
23288	36927,37701,39242,23287,37580,37597,39233,39237,39288,41898
23289	23288,36693,36870,37457,39237,39332,39366,41102,41898,41911
23290	10041,10066,10109,16714,23259,23266,23270,23279,23281,23286
23291	472,728,10009,10028,17309,17331,22307,23255,23256,23257
23292	23255,23256,23257,23258,23259,23260,23261,23262,23263,23264
23293	36909,10089,36727,37503,10055,10058,10100,10114,13947,15383
23294	23283,37257,39268,23274,23276,37332,37359,37475,39233,39273
23295	38576,38578,39268,38573,38575,39242,39362,23274,37580,38574
23296	11246,6885,7897,17468,23437,9927,22046,22385,23170,35365
23297	24249,24230,728,371,4787,93,339,7438,17434,17894
23298	8013,49213,2802,4289,7852,8508,14298,14919,15567,16284
23299	795,7496,9490,23297,23298,23300,23301,23302,23303,23304
23300	795,7322,7457,9490,23297,23298,23299,23301,23302,23303
23301	22085,23307,7264,11187,22051,22065,22376,23306,47524,469
23302	22034,24066,24304,36440,39432,49165,522,540,560,567
23303	23304,22085,23307,6165,7290,9490,22376,23391,23451,47525
23304	23306,23303,23451,22085,6165,9490,23307,7290,30440,14562
23305	439,4046,4234,4035,4159,4254,8492,24127,3948,4053
23306	23304,23451,22085,23307,6165,9490,14562,22056,22376,22386
23307	23306,6121,7897,22046,22085,23301,23304,11173,14487,21624
23308	9490,11246,22561,23301,795,1918,2161,2286,5314,6142
23309	3798,3845,13506,15760,17594,20682,36179,142,204,343
23310	3798,3808,3844,3845,4206,4295,5085,5555,6564,8004
23311	7605,10161,27687,223,518,578,1301,1309,1918,2276
23312	3798,3808,3844,3845,4939,15909,16624,23309,23310,23311
23313	229,304,1368,2595,2597,2944,3798,3808,3844,3845
23314	3798,3808,3844,3845,4939,15909,16624,23309,23310,23311
23315	23322,3798,3808,3844,3845,15909,18119,23309,23311,23312
23316	3845,7700,15909,106,558,1423,2081,3117,3126,3412
23317	3798,3808,3844,3845,4939,15909,16624,23309,23310,23311
23318	7468,2864,11886,12326,16267,19080,23173,24618,26349,28356
23319	559,1642,3798,3808,3844,3845,9391,10653,10663,12108
23320	3798,3808,3844,3845,15909,23309,23310,23311,23312,23313
23321	3798,3808,3844,3845,15909,23309,23310,23311,23312,23313
23322	23315,3798,3808,3844,3845,4206,4295,5085,5555,6564
23323	49389,579,10306,25823,42174,351,535,636,1581,2841
23324	23331,23340,23336,23335,14332,23325,23329,23337,23338,23348
23325	23343,14332,23324,23327,23330,23331,23334,23335,23336,23340
23326	1002,3003,3702,6222,6237,8138,8148,8151,8158,8162
23327	23335,14332,23325,23329,23338,42174,3003,5339,12517,14496
23328	44358,44413,44430,44448,40359,44396,44401,44403,44416,44417
23329	23344,23347,14332,23324,23327,23330,23331,23334,23335,23336
23330	23336,23348,14332,23325,23329,23337,23338,42174,3003,5339
23331	23324,23340,23336,23335,14332,23325,23329,23337,23338,23348
23332	20799,1719,3003,4104,4112,5948,7024,7279,7672,10824
23333	30125,7549,10500,14310,23447,25750,25803,25807,25801,25866
23334	23340,23335,14332,23325,23329,23337,23338,23348,3003,18020
23335	14332,23324,23327,23331,23334,23340,23341,23325,23329,23336
23336	23330,23341,23324,23331,23348,14332,23325,23329,23335,23337
23337	23324,23330,23331,23334,23336,23340,23341,23348,2410,2662
23338	23344,23347,14332,23324,23327,23330,23331,23334,23335,23336
23339	319,1797,3003,3928,4716,4939,6573,6631,6650,6882
23340	23334,23324,23331,14332,23335,23325,23329,23337,23338,528
23341	23336,23335,23348,14332,23325,23329,23337,23338,42174,3003
23342	4270,22147,22158,3305,3971,4046,4053,4112,4160,4166
23343	23325,49389,336,364,365,372,438,546,615,1918
23344	23329,23338,351,3003,14332,23324,23326,23327,23328,23330
23345	3003,12344,14332,23324,23325,23326,23327,23328,23329,23330
23346	7677,10723,45999,7637,7667,16007,25795,25837,30125,30870
23347	23329,23338,351,3003,14332,23324,23326,23327,23328,23330
23348	23330,23336,23341,23324,23331,23334,23337,49389,3003,5339
23349	602,7681,22535,23350,23879,42883,522,551,636,2253
23350	30181,5986,5995,14318,23465,26104,42833,551,574,606
23351	23247,23352,23353,23354,23355,23356,23357,23358,23359,23360
23352	117,439,454,2588,5225,8715,9774,11591,12519,13076
23353	23247,23351,23352,23354,23355,23356,23357,23358,23359,23360
23354	23247,23351,23352,23353,23355,23356,23357,23358,23359,23360
23355	23247,23351,23352,23353,23354,23356,23357,23358,23359,23360
23356	23358,32,2694,4364,7494,7611,8726,9829,10704,12715
23357	23247,23351,23352,23353,23354,23355,23356,23358,23359,23360
23358	23356,1393,2201,6523,6709,6766,6795,7415,7715,7915
23359	27383,2196,13117,22707,42699,42715,2176,19113,24075,27388
23360	34553,11404,8677,13182,18575,19428,19431,34364,34484,6804
23361	23364,23362,23363,23247,23351,23352,23353,23354,23355,23357
23362	13182,14246,19431,8677,9289,34257,34553,11404,19428,23360
23363	23361,23364,23247,23351,23352,23353,23354,23355,23356,23357
23364	23361,23362,23363,1432,4516,4527,6496,6596,6623,6654
23365	2843,2852,2854,2863,2851,2890,23366,2861,2871,2878
23366	11863,15761,2286,1433,2843,2848,2863,7509,15757,17351
23367	13131,7248,7250,7254,7264,9172,11246,16624,23958,26148
23368	23372,23377,23389,23404,23406,23414,23415,23418,23423,23378
23369	371,676,680,4169,4774,12586,13577,13834,14467,16991
23370	146,7012,7290,7307,9391,10652,12005,13373,14467,23368
23371	23943,3412,6852,8042,11101,13016,16652,18181,20932,23381
23372	23418,23378,23423,23414,23415,23427,23407,23405,23421,23368
23373	23382,146,7012,7290,7307,9538,10652,12005,12530,13373
23374	146,7012,7290,7307,10652,12005,13373,14467,23368,23369
23375	146,235,3733,3751,3754,4104,7012,7290,7307,7970
23376	23400,23403,23418,23426,23413,23414,23415,23427,23401,23407
23377	23427,23407,23410,23428,12005,13373,23408,13131,23368,23385
23378	23372,23414,23413,23415,23379,23405,23409,23421,12005,13373
23379	23398,23404,23411,23378,23389,23423,23418,12005,23413,23414
23380	9730,11244,12005,15130,17045,23384,82,146,372,551
23381	25864,30161,39171,7635,7644,7697,7700,16631,25788,25809
23382	19652,19594,19606,19614,19650,19681,19602,19662,19669,19672
23383	10652,7255,7648,7983,8008,20651,21850,21894,45107,46644
23384	4032,10350,11162,13400,31463,523,1404,2827,4841,7639
23385	23390,23377,23406,13373,23389,23398,23403,23404,23411,23426
23386	14709,9640,9639,9649,17302,788,9638,11002,13373,23372
23387	23389,23398,23411,23378,23379,23400,23403,23404,23406,13373
23388	23372,23385,23390,23400,23376,23377,23392,23403,23406,23426
23389	23423,23415,23426,23427,23379,23401,23405,13373,23387,23421
23390	23426,23413,23407,23410,23428,23385,23392,23368,90,23386
23391	7290,7307,6165,7280,9490,7240,22386,23306,1250,2876
23392	23377,23390,23406,23417,13373,23389,23398,23403,23404,23411
23393	23372,23376,23377,23390,23407,146,7012,7290,7307,10652
23394	23372,23376,23379,23392,23400,23417,146,204,2060,3685
23395	146,7012,7290,7307,10652,12005,13373,14467,23368,23369
23396	146,7012,7290,7307,10652,12005,13326,13373,14467,21919
23397	39684,7,146,1404,1685,1787,2403,3734,3831,3869
23398	23404,23413,23379,23414,23415,23427,23409,23428,12005,23387
23399	146,7012,7290,7307,10652,12005,13373,14467,23368,23369
23400	23376,23427,23409,23408,23410,23421,23387,352,23388,26148
23401	23403,23411,23389,23406,23404,23426,23376,23372,23413,23414
23402	23425,11246,23913,24063,26621,26626,26745,2999,4227,6885
23403	23376,23401,23428,12005,13131,13373,23387,23417,23385,23392
23404	23398,23379,23428,23401,12005,23405,23407,13373,23368,23387
23405	23378,23423,23389,23406,23411,23372,23404,23414,23426,23379
23406	23409,23401,23405,23407,13373,23408,23410,13131,23368,23385
23407	23377,23390,23418,23372,23406,23423,23376,23404,23426,23405
23408	23377,23400,23406,23411,23418,23427,23372,23378,23389,23423
23409	23406,23411,23400,23423,23378,23413,23414,23398,23426,23376
23410	23377,23390,23400,23406,23411,23413,23418,23372,23378,23427
23411	23409,23379,23401,23405,12005,13373,23387,23408,23410,23421
23412	16477,39161,146,362,575,663,1180,2162,2831,3702
23413	23390,23378,23398,23426,23376,23409,23427,23379,23410,23401
23414	23378,23423,23372,23426,23398,23415,23409,23376,23379,23405
23415	23389,23418,23372,23378,23414,23398,23426,23427,23376,23379
23416	146,7012,7290,7307,10652,12005,13373,14467,23368,23369
23417	23376,23377,23392,23403,23406,12005,13131,13373,23389,23398
23418	23372,23415,23427,23376,23407,23379,23428,23408,23410,23421
23419	146,7012,7290,7307,10652,12005,13373,14467,23368,23369
23420	146,7012,7290,7307,10652,12005,13373,14467,23368,23369
23421	23372,23378,23389,23400,23411,23414,23415,23418,23423,23376
23422	25850,106,3412,4925,4933,7697,8837,9336,9976,13016
23423	23389,23372,23414,23409,23379,23405,23407,23421,12005,13373
23424	146,6178,6201,7012,7290,7307,8468,10652,10973,12005
23425	26762,26644,26753,26761,26752,26621,26650,26750,26763,26648
23426	23390,23389,23376,23413,23414,23415,23401,23409,23405,23407
23427	23377,23400,23418,23389,23372,23398,23415,23376,23413,23408
23428	23403,23404,23377,23390,23398,23418,23372,23376,23389,23413
23429	146,7012,7290,7307,8401,10652,12005,13373,14467,20775
23430	5940,29816,13282,20483,29714,30141,30467,31275,32401,40838
23431	1685,1702,17617,20518,23432,23433,23434,24334,24352,24439
23432	31,270,639,5850,7194,7425,9961,13273,13274,13281
23433	23434,453,1033,1517,2915,5924,5939,6066,10539,12586
23434	23433,13280,16369,18582,41748,42855,42897,132,453,2062
23435	11246,9490,22065,22085,4227,5824,13681,16673,21624,22395
23436	10454,17468,19120,23437,23464,24,614,993,1660,1857
23437	11246,7897,17468,22395,23441,9490,10454,11260,22046,22377
23438	17468,7897,11246,15127,21103,22382,22386,22561,23437,23450
23439	2375,23450,3466,7644,9919,10454,10709,23441,23464,24966
23440	47878,47941,47897,47943,47968,47933,47927,30880,47908,47936
23441	28843,7897,11246,19187,22382,23437,23450,5824,6165,11260
23442	10493,11884,12759,21136,27913,659,5080,21155,21930,22921
23443	562,14264,25728,5661,10489,13411,14411,14421,21935,22069
23444	319,134,524,536,614,3472,3831,3842,4076,4114
23445	9105,23306,13426,13528,13553,22085,22561,23303,23304,23451
23446	32626,338,6161,6191,13678,13688,14318,17468,17478,18613
23447	23465,25812,25807,30862,25764,25788,25837,7612,7635,7644
23448	10454,614,1076,1077,5407,6158,6542,6549,6563,6570
23449	531,614,1860,2802,3374,4095,4955,7255,7479,10454
23450	48959,22382,23441,9490,12805,17468,22386,48942,10489,14324
23451	23306,23304,6165,9490,47534,22085,9927,14562,22402,23464
23452	16333,17468,23438,23459,23461,79,351,464,590,614
23453	23455,23457,614,10454,17468,19120,22589,23306,23436,23437
23454	23457,614,10454,17468,19120,22589,23306,23436,23437,23438
23455	23453,23456,23466,614,10454,17468,19120,22589,23306,23436
23456	23455,23457,614,10454,17468,19120,22589,23306,23436,23437
23457	23453,23454,23456,614,10454,17468,19120,22589,23306,23436
23458	23465,614,6165,7507,9490,10454,11246,12005,12715,16673
23459	2999,11173,17468,23438,23452,23461,23464,464,551,562
23460	23467,614,4238,7264,7477,7672,8067,9801,9878,10454
23461	6885,17468,23913,24066,4227,7265,10454,11246,11259,15127
23462	10454,17468,23306,23450,23451,23464,466,471,472,614
23463	614,10454,17468,19120,22589,23306,23436,23437,23438,23439
23464	9490,11173,23306,23451,7292,17468,18113,19876,22085,23391
23465	23447,26765,25812,5986,7679,15757,16532,17343,22583,23350
23466	23455,614,10454,17468,19120,22589,23306,23436,23437,23438
23467	23460,614,4238,7264,7477,7672,8067,9801,9878,10454
23468	10716,15063,14491,4516,6624,7466,9553,10709,10799,11757
23469	20060,23471,45467,10709,10716,12770,14491,15063,15887,20052
23470	21281,23471,26413,14461,23469,23472,27889,45467,727,785
23471	14469,25527,6623,45435,45467,12714,24064,37875,6472,6642
23472	23482,45453,39479,42921,45514,20058,45543,14472,14862,23476
23473	5799,6180,34286,40245,113,522,609,621,2204,2249
23474	23482,23484,35193,74,168,855,918,920,1201,1356
23475	23469,23470,23471,23472,23473,23474,23476,23477,23478,23479
23476	6653,39479,12196,17556,45461,33331,37830,45481,4527,19457
23477	23471,6614,14460,14463,14469,15968,15989,34888,35923,42995
23478	23471,45481,557,2147,3931,6455,6606,6631,6634,6660
23479	10625,43973,43980,43987,43989,43993,44004,44007,146,524
23480	37857,11246,30619,45514,45602,7599,10670,10671,11228,11543
23481	4516,5307,5908,6941,11723,13166,18573,32928,36562,19
23482	23472,7036,10701,20869,39479,39576,45441,45528,45543,6653
23483	30883,25864,30793,602,10500,13257,14900,15624,16447,23333
23484	37827,44761,6653,37839,37888,40610,1432,4527,6654,23906
23485	23227,5766,12714,12768,12834,14469,15040,22102,22995,28112
23486	4118,4011,4281,10287,20473,23227,27480,48847,523,1043
23487	444,6789,12951,12953,14281,20765,21121,21940,23486,23502
23488	499,1637,2268,2282,2328,3358,3412,3896,3931,5984
23489	35408,43052,44377,49518,600,966,1022,1031,1085,1136
23490	20569,23493,23495,23497,23500,23503,249,338,458,2268
23491	64,134,167,1036,1673,2268,2328,2678,2699,2897
23492	113,575,579,1388,1772,1927,2268,2328,2802,3798
23493	23490,23495,23497,23500,23503,134,166,1409,2268,2328
23494	2328,5803,13463,242,2268,2956,3770,4484,7071,7290
23495	22633,23490,23493,23497,23500,23503,367,385,744,2268
23496	4059,4114,7248,13230,13306,26101,29184,285,576,964
23497	5766,12834,23227,23486,23490,23493,23495,23500,24249,88
23498	20956,22090,23504,7672,22132,25791,28818,43814,338,963
23499	566,1234,2268,2328,2865,4114,4219,4240,4278,5314
23500	9208,23490,23493,23495,23497,23503,23504,2268,2328,5085
23501	23505,32991,18074,6984,12744,14691,20856,22633,23502,23503
23502	22078,22633,23486,23487,23501,23504,23505,321,366,1387
23503	17267,17278,22633,23490,23493,23495,23500,23501,23505,37
23504	23498,4011,4491,6877,7672,10408,11557,22633,23202,23500
23505	7473,23501,1455,5507,7458,9461,13430,13670,18446,44807
23506	35193,1426,7511,9553,11757,17556,18118,20869,31030,41386
23507	13182,13877,19427,34207,34179,34204,34484,11399,19428,19431
23508	2409,4389,8671,12633,22940,186,503,528,1918,4364
23509	24697,14140,2919,10052,23525,25256,33990,45161,11377,13877
23510	34464,25256,34413,34207,34326,34484,11399,23616,29720,34200
23511	13960,17636,23519,23523,23525,23527,69,1230,2805,8932
23512	32513,13828,13948,14027,14162,13930,13938,14073,23633,13793
23513	34176,34326,11387,11399,34159,34179,11404,12519,15207,34183
23514	13960,14027,14040,14162,14171,17636,23523,23527,168,258
23515	14191,8932,13854,13898,14171,23556,13805,13939,14150,14162
23516	13872,22336,623,9289,11387,19427,23616,34159,34200,34207
23517	25256,34464,6804,34326,34304,34183,34484,3575,8685,19428
23518	34464,11387,34220,14047,34169,34304,3576,11398,11399,11401
23519	23512,13800,13801,13911,13960,14027,23523,45161,8932,13889
23520	17636,13948,43268,13960,23510,23512,35605,35630,49226,13866
23521	1100,439,13800,13835,13948,17636,21873,23305,23512,23517
23522	23517,8862,12647,13807,13826,13837,13858,13872,13938,13948
23523	19063,11399,13800,14027,13801,14162,32513,13960,23519,27536
23524	13960,8862,13800,14027,11377,13801,13807,13858,13867,13872
23525	14015,454,8932,23617,13934,13983,13793,13891,13948,14027
23526	8671,101,162,168,638,1814,2680,3242,3565,4207
23527	17636,19063,23511,34394,34413,43121,13835,13960,16621,18578
23528	8862,13858,13872,23510,23517,23524,23530,23534,11377,13807
23529	3565,22093,23519,23520,81,134,161,202,638,1001
23530	11395,11404,14047,15207,19428,3575,13872,34179,34207,5143
23531	23607,32513,13793,13805,13930,13956,13981,14040,13832,13889
23532	8685,23527,43174,218,284,570,638,701,760,918
23533	638,3565,7476,8671,8862,8932,12301,13793,13800,13807
23534	23530,8862,13858,13872,13938,13948,23510,23517,23524,23528
23535	14132,14152,17636,23512,7476,13793,13858,13891,13938,13960
23536	8862,23517,1457,7476,8685,8816,13832,13835,13872,13960
23537	13872,22983,186,975,2507,2855,8154,8862,12885,13832
23538	13832,13911,14040,14130,14138,14140,14149,23508,25019,27736
23539	23535,13793,13800,13858,13938,13948,14012,14027,23512,23530
23540	13938,23535,8862,11377,13807,13826,13858,13872,13886,13934
23541	13661,14012,17634,23513,23516,627,638,1101,1155,1360
23542	19063,23510,17636,23520,34140,11377,13872,13948,15207,23507
23543	22946,186,3999,10236,22927,22934,3880,8685,12650,13962
23544	11387,13182,15207,19429,34176,6804,11395,11400,11401,14047
23545	
23546	13886,13854,11417,14094,23551,13846,14005,23619,2054,14027
23547	11377,34464,11385,15175,22351,34179,34204,34206,34390,34407
23548	23507,1489,2407,8859,11591,13877,13917,13960,14014,14090
23549	98,134,975,1457,2033,2412,4999,8489,8862,10315
23550	21556,35613,9194,32968,35570,35692,35605,42051,16894,25199
23551	454,13959,13983,13966,14015,13898,14029,11417,13846,13911
23552	1156,8726,13867,13948,14027,14049,14174,14179,14242,19424
23553	23512,13930,34140,8932,13889,13911,14027,439,1100,13801
23554	13877,13896,13959,13973,14150,23558,7476,12578,13793,13858
23555	34356,13870,14027,14101,23525,33466,961,3895,11417,13107
23556	35722,13805,13960,13983,44891,13846,13898,13966,14094,14162
23557	10029,39268,39241,39239,41366,23273,38474,39234,44055,10013
23558	13888,13938,13959,23615,23633,34219,14048,14162,45167,11387
23559	14209,44891,14140,14191,13805,13889,14007,14040,14145,14162
23560	14094,14095,14078,44891,13846,13966,14029,14150,14191,23592
23561	15207,34484,9291,34179,34326,34657,543,6783,7506,8677
23562	12519,19431,34159,34169,34176,11404,13182,34183,34207,34326
23563	1230,13801,13934,17636,23517,1814,11387,13807,13858,13886
23564	8671,22934,22940,23065,186,528,3880,22946,22947,22963
23565	13934,13939,13960,13966,14043,14044,35722,44891,1617,3576
23566	211,439,638,1100,1113,1181,1232,1831,1893,2019
23567	14047,8677,15207,11387,11404,34250,34274,34326,3575,19428
23568	14209,14231,14234,15175,35633,35678,2054,13800,13998,14064
23569	8671,22934,22946,186,528,3880,4439,22940,22947,22963
23570	25187,49546,657,956,1010,1342,1366,1376,1392,1667
23571	11377,13886,13934,13938,23535,23540,34464,1617,3260,3576
23572	23510,23517,32534,34413,34464,14204,14246,15207,18338,19430
23573	13793,13930,23525,13801,13934,13983,8932,13867,14150,23593
23574	11,87,439,1085,1113,1158,1181,1689,2684,2686
23575	13800,23525,454,13832,13886,13891,13898,13930,14078,14095
23576	5243,26151,30214,32357,197,270,343,368,605,686
23577	25256,27597,971,8674,9194,15186,19427,20556,23517,23690
23578	23602,454,13793,13858,13877,13938,13983,14085,23624,2238
23579	6804,11387,13872,34205,34304,3575,11399,11401,11404,13182
23580	3574,19429,25060,34169,34220,9281,11391,22357,31435,34207
23581	14049,14149,8932,14162,23617,13800,13867,13886,13914,13930
23582	4007,13832,13886,23546,13800,13846,13898,13965,14027,14065
23583	14138,23611,14206,13948,14040,14043,14191,23672,8726,11417
23584	13891,13917,13998,14013,14026,14101,14130,14236,8726,13872
23585	16539,3577,2894,9803,43728,8685,18841,23685,32532,40423
23586	23510,23517,34450,8685,23690,25200,25256,34464,34466,35661
23587	22935,22940,22981,23510,23542,27736,29444,35614,41407,49593
23588	23556,13800,13828,13832,13885,13930,14064,32513,439,975
23589	1458,1577,2922,4260,4999,9778,19306,22968,23512,23517
23590	34250,34364,19428,11400,11404,13872,34179,34258,8677,11387
23591	15362,2689,2714,2722,5806,15356,16883,17740,19920,28635
23592	14231,14234,14150,14237,23672,13967,13981,14040,14078,14162
23593	8677,13938,34179,34219,3576,11384,11410,14048,23507,34267
23594	23517,8685,32046,3575,5143,6783,7723,7732,7849,8683
23595	11387,34220,13872,3575,9289,11395,11400,11404,19427,22756
23596	
23597	13832,13800,13966,14140,14152,13801,13867,13886,13960,14027
23598	2054,13800,13867,13886,13930,13966,13998,14015,14027,14231
23599	15087,15105,27179,31841,31898,2865,3762,8682,12238,15064
23600	23592,23657,14244,23672,2054,13800,13889,14027,14040,14043
23601	14040,14094,13888,13982,14058,14073,23592,23633,32513,13959
23602	23578,13877,454,13793,13876,13896,13938,14085,14171,23660
23603	19431,19427,34207,19428,34200,34205,34484,23507,34179,34258
23604	2054,23674,13930,13998,14043,14094,14179,14206,14231,23546
23605	14043,23681,8726,11377,12301,13832,13889,13891,13898,13917
23606	34173,52,106,450,543,1230,3230,3246,5013,8804
23607	32513,13956,13934,13889,13983,14015,23592,13793,13886,13888
23608	13966,13960,14027,13832,13886,13891,13911,14162,13917,13981
23609	
23610	13930,13967,23556,13793,13818,13965,14027,14043,14207,14231
23611	14095,13967,34319,23672,14029,14191,8726,14171,14244,23592
23612	1183,1394,1415,1489,1822,2411,5153,5188,5259,5260
23613	14101,13896,14244,23611,35731,13967,13973,14132,23614,11399
23614	13896,11417,12578,14073,34319,45170,13959,14026,23611,8726
23615	11417,454,13793,3575,23525,14058,13888,13930,13934,13959
23616	22756,19428,19427,11387,34326,34364,19431,13182,34159,34179
23617	13983,14044,14078,14095,14207,13867,13966,14015,14150,13930
23618	937,989,1129,1155,1661,1670,4791,5524,6425,6482
23619	13854,13939,13846,13914,14094,14131,44891,45170,23551,454
23620	27086
23621	11417,14048,13998,34356,454,14015,14094,14095,14149,13846
23622	11387,11395,11404,23616,34159,3575,14047,22355,34183,34207
23623	15731,29719,6100,17038,17437,18045,29846,43175,44803,453
23624	454,13982,23611,13983,13993,14048,14149,14171,13938,14013
23625	31435,543,627,2107,6804,11402,11404,13182,15207,19428
23626	13829,13800,13930,14056,14098,14125,439,8726,13818,13881
23627	13872,13896,14048,14132,23611,34205,7476,9289,9735,12578
23628	13829,13967,19,439,1113,2554,13246,13810,13854,13930
23629	23617,13898,13934,14056,14065,14095,14191,13872,13891,13914
23630	7476,13805,13867,13886,13889,13901,13966,13981,13982,13983
23631	14163,2588,8686,14152,14195,14234,17636,13870,13993,14013
23632	9453,4425,4426,5249,11756,32440,32740,32779,32782,32784
23633	14015,14055,14206,14207,13930,13983,13938,13959,14040,14131
23634	17636,23507,23512,16621,19063,24773,33853,34152,34161,34164
23635	8862,11377,13872,23510,23517,23524,23528,23530,23534,23542
23636	14174,14244,14242,23695,8726,14029,14149,23611,23682,13998
23637	13795,22991,33610,1409,2461,3880,3906,3932,4086,4264
23638	14231,14191,14073,14234,44891,14040,14140,14152,13867,13998
23639	11377,11404,13877,13901,13921,14013,14065,14081,14085,14130
23640	8726,14101,14236,34205,6804,12519,13800,14234,14244,23682
23641	14244,14013,35731,8726,13896,13948,14026,14203,14207,23592
23642	13877,23507,23530,975,1457,2033,2412,4999,8862,11377
23643	13846,14130,14134,14150,14078,14149,13800,13854,13889,13901
23644	19,13800,13967,14196,14201,32513,35722,8932,9841,13805
23645	522,621,3036,6812,12894,13691,15659,15715,23172,23656
23646	14123,23660,14095,14236,23682,454,13901,14044,14094,14105
23647	223,3230,154,336,350,362,975,1073,1076,1846
23648	1,4454,27551,32188,32532,33785,34229,34930,41407,41828
23649	14152,13867,14073,14207,14234,13901,13930,13959,14040,14044
23650	3573,23507,34152,34297,543,3574,7476,9289,11395,11399
23651	
23652	13967,14188,14203,14207,14231,13867,13888,14078,14095,14174
23653	19,110,439,623,626,629,3230,3282,3574,3575
23654	
23655	14203,14236,13958,14244,23556,2054,13846,13882,13898,13982
23656	3036,12894,23645,29732,29784,29802,42245,44260,44276,44286
23657	14237,14234,14191,14244,23672,23674,23682,13867,13981,14073
23658	13938,13960,13966,15552,34210,45167,6,19,134,138
23659	14073,14207,14203,13981,14229,23657,13867,13983,14095,14134
23660	13867,13911,14078,14234,14138,14040,14123,14044,7476,44891
23661	23660,13998,44891,13966,14044,14078,14130,14138,14188,14055
23662	13889,13976,14090,14145,14209,14230,14235,14239,23559,23611
23663	548,1100,2905,4046,4158,8593,10725,10909,11015,13604
23664	14138,23633,13939,13998,14044,14150,23638,23660,7476,14131
23665	14140,14191,14231,14040,14209,14234,14171,14179,14237,23633
23666	14056,14101,13930,14064,14152,14189,23611,8726,13938,13948
23667	14237,14244,38626,13981,14196,14231,14234,14236,14239,23657
23668	14191,14209,14171,14206,13939,14040,14231,23674,13898,13967
23669	14244,14203,23682,38626,14207,14229,14095,14150,14237,23657
23670	14013,8726,12301,13976,14150,18313,14026,14123,14218,26911
23671	14234,13867,14174,23592,14073,23672,2054,13889,13967,14231
23672	14231,14095,14207,38626,14073,14237,23592,14206,14234,13965
23673	7506,19428,543,6804,9289,14246,18338,18539,20080,29827
23674	14237,14234,14073,14206,14207,13981,14191,13967,13983,14043
23675	36683,10096,10103,36669,37061,10026,10064,10114,10123,10142
23676	14231,14234,14237,13967,23592,14174,23672,38626,2054,13938
23677	13982,13993,14179,10135,10144,13852,13870,13976,14090,14130
23678	1131,1559,2123,2680,5295,5537,6955,8454,8542,9030
23679	14244,34356,14205,23672,14237,14078,14150,14191,14207,14234
23680	
23681	13917,14027,14209,14229,23605,2054,13800,13891,13960,13981
23682	13998,14242,14237,23611,14234,14236,23657,23669,14073,23660
23683	4389,23696,23697,23698,6016,6019,32864,33634,33635,33636
23684	34326,34250,6804,22756,34304,23616,34205,34484,13182,19427
23685	33636,638,33635,40455,33637,24595,9891,33634,40513,8399
23686	1689,2575,2789,10041,10144,11389,11414,12519,13876,14012
23687	34179,34159,34220,3577,11395,11404,14047,34176,34484,8677
23688	32579,912,1156,1159,1170,1191,32488,32565,34208,34320
23689	8677,626,19431,23616,19428,34484,6804,23603,34207,34304
23690	3575,22756,34207,14047,34364,11387,11395,19427,23616,25256
23691	282,4401,6958,10040,10053,10114,32356,32394,32728,32784
23692	14246,34212,19431,11385,15207,34250,629,9291,11384,11395
23693	3575,11404,14047,34364,11387,11401,19428,34220,34304,13182
23694	23697,23698,186,23696,3879,4364,33636,638,33635,6016
23695	13998,14131,12578,13967,14152,14231,23592,23672,23682,14150
23696	23697,23698,638,33636,33635,33637,6019,4364,8399,6016
23697	23698,23696,33636,33635,33637,638,6019,8399,23694,6016
23698	23697,23696,33636,33635,33637,638,6019,8399,23694,6016
23699	
23700	2997,3115,9962,11305,12210,13835,13960,13966,14867,14900
23701	14244,14236,23657,14073,14229,23682,24761,34342,14095,14242
23702	32995,21892,32972,32987,32997,32955,32956,32959,32961,32965
23703	7186,43152,1137,4166,4281,5077,6279,11605,15483,19358
23704	32966,21892,32987,7186,23705,23709,32950,32951,32974,32975
23705	23706,32996,33003,23704,23708,32966,32984,4166,15483,23709
23706	32996,23705,23708,32955,32961,32965,32984,32987,32988,32992
23707	23703,23704,23705,23706,23708,23709,23710,23711
23708	23705,23706,32995,32996,21892,23709,32955,32956,32959,32961
23709	23704,21892,23705,23708,32968,32972,32990,32995,32997,8514
23710	23703,23704,23705,23706,23707,23708,23709,23711
23711	18425,1698,2869,8468,18170,18364,22241,22294,25526,42855
23712	2030,2053,2547,2782,2939,3090,3466,3898,3933,4024
23713	17180,19,501,733,1347,1366,1388,1407,1418,1421
23714	9872,13022,4871,16470,25851,26238,26242,26249,351,580
23715	338,551,687,744,2196,3937,4208,4253,5061,5143
23716	6805,6817,6821,6824,6826,23712,23713,23714,23715
23717	6962,49617,23814,7039,11756,15234,20154,49609,5242,32763
23718	5236,11756,6976,49581,1356,11723,49577,5242,3394,6962
23719	7024,23738,23780,6962,23745,23748,49617,23729,23795,49577
23720	6496,6508,6450,6456,6497,6469,6495,6483,6491,6600
23721	19494,12782,23730,23748,6955,23753,23780,23789,39493,16481
23722	10792,38229,5885,6461,6547,10701,12782,19015,19503,23730
23723	1420,4397,4398,6966,23784,32343,32417,32729,32737,32755
23724	6304,2413,4254,4401,8640,18294,20458,23728,24510,24917
23725	23747,23759,23763,23762,20154,23730,23748,23753,23792,4412
23726	23743,23755,6654,23730,40664,6514,6660,10613,37856,40606
23727	23738,23762,7024,20140,20153,20156,20165,20166,20176,23719
23728	8154,20447,32864,143,2558,10318,10449,13889,14162,20443
23729	23748,6966,23719,23801,23737,3885,17576,23789,23792,32804
23730	6955,1356,12735,6452,23736,23755,23763,6514,9461,23787
23731	1366,5242,49606,10616,9666,16380,25300,30749,49577,5236
23732	23719,23748,23762,23780,20154,23727,23729,23730,23736,23738
23733	11477,23738,23792,6980,6955,6977,6487,6542,23791,3885
23734	23718,1366,10613,23726,23743,23767,46031,6966,7024,9527
23735	23762,23777,23736,23747,23759,23761,23780,33267,15234,23725
23736	23730,23763,23759,23753,23761,23762,6977,15234,23738,23787
23737	6982,7029,23748,6977,7022,7044,23729,6452,6961,6966
23738	23747,6966,11477,23780,6955,23763,12272,23719,23733,23777
23739	6487,1356,3394,6543,12726,12839,19046,23741,34298,43
23740	49577,9453,32045,49581,11756,23745,32804,452,4447,5531
23741	6955,23792,6977,22239,23778,12272,46031,7044,7046,10613
23742	43,23756,23759,23765,23777,23787,23792,23800,302,536
23743	23755,23726,11477,23787,6452,6966,6977,6982,10613,24482
23744	35182,4396,4397,32352,32394,32729,32784,4398,4442,4450
23745	49577,41069,23719,49606,11756,5236,23769,1366,23751,49569
23746	43892,10671,13661,40213,989,7850,9841,16737,22959,24733
23747	23738,23792,6962,7024,6955,11477,23773,23789,23795,6626
23748	6982,23729,1356,6984,7024,23750,23719,23778,1431,6626
23749	23787,11756,23748,23779,32045,23737,32804,49581,49652,3885
23750	6966,23748,7024,23738,23719,2400,6962,23773,23787,23792
23751	1366,5242,35186,49606,49610,5243,33767,7011,11752,23745
23752	6452,23730,6577,14823,17755,23726,23743,23755,23789,23862
23753	23763,6977,7039,15234,23736,23787,23738,23780,42920,1366
23754	4425,4398,4431,4482,23744,32356,32418,32814,4397,4451
23755	23866,6654,6955,23730,40606,1356,4527,10778,13115,23743
23756	23762,23792,23807,23830,6966,23780,23787,23788,23795,23800
23757	23759,23763,6966,23725,23736,23753,23762,23787,1390,5242
23758	23747,23762,23768,23780,23784,23785,23814,36198,6977,7024
23759	23762,23736,23748,23730,23792,49617,20154,23777,23814,6977
23760	6958,4425,32356,32801,4397,4471,32425,32440,32740,32784
23761	23736,23762,23730,23759,5249,6977,23745,23748,23763,23787
23762	23759,23784,23830,23792,49617,23730,5249,15234,23736,23748
23763	23738,6977,23730,23736,23753,23787,23755,23767,1356,15234
23764	23718,1366,23789,25278,1369,5243,5249,6976,10616,13278
23765	23777,11756,23762,23759,23789,23792,4450,5249,10616,23719
23766	23787,26386,49581,3885,36198,49630,5249,17941,23755,23770
23767	6977,23763,23792,23893,36015,6514,6962,7024,10701,11477
23768	23762,23730,23758,23780,23785,23792,2544,2561,6955,6977
23769	25300,49577,49648,23745,11756,41069,49652,5243,49581,5249
23770	49581,5242,30887,3885,33772,49609,49630,23755,32004,32355
23771	23733,23738,23777,23781,23795,23880,1431,5242,6639,6654
23772	19,43,302,522,536,621,1366,1889,2054,2869
23773	23747,23730,23750,23780,23792,23726,23767,6977,7024,10408
23774	23787,23749,5252,5531,23755,23794,32347,32355,32804,37950
23775	6515,29935,37876,40610,1432,3306,4527,5307,6642,6976
23776	23755,6654,7022,7029,23866,23862,1432,40402,1421,4527
23777	23738,36198,23784,43,20154,23747,23759,23765,23780,23821
23778	22239,23748,23792,11477,6966,23730,23741,7029,12735,23719
23779	23787,6962,6966,23762,23730,23738,23747,23749,49606,1366
23780	23738,23719,23787,23792,32763,7024,23795,11477,12272,15234
23781	23795,36198,11756,6966,23719,23779,23785,23814,13278,20154
23782	6997,11717,23789,32086,32804,6982,8685,9453,16380,23729
23783	23730,23778,23792,34298,43,302,536,1366,1889,3422
23784	23762,23738,23777,23830,5249,6654,6966,23733,23747,23785
23785	36198,6966,23762,23719,23738,23784,23781,23795,23747,23779
23786	23718,3885,5242,11756,23780,49631,4398,5236,5249,7011
23787	35186,6966,6962,23779,26386,23814,49581,33267,49609,5243
23788	6966,23756,23762,23785,23795,1366,23718,23719,23731,23732
23789	22603,22677,22619,22632,22607,22611,22612,23747,9453,22666
23790	6962,23787,23762,23794,23795,6966,7012,11756,23719,23756
23791	6654,39625,6563,10628,12272,37856,39475,40859,6542,18013
23792	23747,6982,6955,6626,11302,7041,14823,23733,23762,23778
23793	23738,23747,23792,1404,1431,4364,6598,6977,7024,7086
23794	23795,23784,23787,5249,11139,11756,23729,23780,23789,49609
23795	6966,23719,23747,23780,23781,11756,15234,23794,23807,32435
23796	23730,23789,1366,6966,7024,9453,11715,23718,23719,23729
23797	17344,43,302,453,522,536,1357,1366,1889,2101
23798	918,3429,16643,17970,23993,6934,7024,8986,8987,16067
23799	1366,5242,5243,23761,23770,33767,5236,5373,6979,7024
23800	23787,23795,23834,6966,7359,11756,23738,23756,23762,23777
23801	23729,6966,23719,23730,23748,7022,37883,39475,40853,43
23802	23776,5314,7029,7044,23729,23737,23803,43,302,536
23803	32740,4425,4447,23717,4450,4482,4396,4463,5249,32356
23804	2249,7690,9943,11772,12060,12990,17695,30214,31181,32607
23805	6976,11756,32355,3618,4397,4451,7049,10616,23770,23779
23806	549,2406,8299,9950,12260,12503,12668,13238,17629,19690
23807	23762,11756,23830,23717,23795,32435,5242,23784,23792,32355
23808	10797,17618,17999,27222,29146,30837,33361,39533,48290
23809	450,4133,23305,23628,36754,2,19,93,147,242
23810	11120,1347,11139,14454,1356,1431,1432,1445,4400,5250
23811	3390,3426,23828,3402,3429,3431,3433,1445,1860,3129
23812	5242,23717,1448,11756,32822,41069,5243,5249,7024,13278
23813	23792,6955,7039,14823,40115,6452,6984,6994,7010,7019
23814	23717,23787,6962,23759,49609,43,15234,23719,23730,49617
23815	35581,171,667,35550,627,989,2162,2507,3503,3932
23816	6621,38227,6514,23792,38215,40519,2400,6982,7039,23881
23817	204,1036,1500,3730,4048,4079,4396,4398,4418,4425
23818	23717,23719,23748,7024,23750,6977,7039,20154,23730,23762
23819	95,146,857,1043,1110,1397,1404,1421,1521,1772
23820	6966,23717,23736,23818,43,1642,3622,4412,4482,6596
23821	23738,23777,6962,13278,23717,23747,1400,6966,23719,23780
23822	49617,6980,6989,7029,7039,23747,23753,23792,6574,6962
23823	6962,6966,10616,11756,23717,23719,23756,23762,23779,23781
23824	131,531,1077,1110,1393,1397,1432,1450,1797,3714
23825	
23826	
23827	24316,11756,42911,6976,11093,11717,23717,23729,23779,1369
23828	3390,3422,23811,3426,10529,22645,41735,45549,3129,3397
23829	6587,6621,7017,7279,23816,38205,1,107,131,518
23830	23762,23717,23784,23807,3394,20154,23738,23792,11756,32435
23831	4398,23717,23737,23787,33312,1347,1375,1392,5242,7347
23832	282,1412,1505,1523,3377,4397,4401,4402,4405,4408
23833	131,770,807,815,838,857,1600,1879,2558,2632
23834	23717,23787,23814,43,23795,23800,23821,1400,6966,11756
23835	36198,43,1110,1400,6962,6966,6976,7024,7049,7279
23836	21275,31,626,1012,6015,6121,7366,9730,9847,11393
23837	
23838	15417,23850,15408,15411,23846,15413,15414,15416,23848,2869
23839	3943,15408,15412,15413,15414,15420,23840,168,1657,1670
23840	23844,3943,23845,15408,2929,2957,2961,2967,2969,2990
23841	15416,2869,522,621,3943,6394,7183,7209,7667,9045
23842	23849,15419,23848,15408,15411,15413,15416,15417,23846,2869
23843	2869,3943,15408,15410,15411,15412,15413,15414,15416,15417
23844	23840,23845,3943,22147,552,1137,4046,4159,5564,7235
23845	23840,23844,3943,4234,15408,15417,15418,22147,22283,39636
23846	15408,15413,15417,15419,23838,23850,15416,23842,23848,518
23847	1364,1390,1405,1428,2869,2982,3943,5236,5242,5531
23848	23842,23849,15408,15411,15413,15416,15417,15419,23838,23846
23849	15419,23842,15408,15411,15413,15416,23848,15412,2869,3943
23850	23838,15417,23846,15408,15411,15413,15416,15419,2869,3943
23851	3004,9170,28196,47904
23852	3004,9170,28196,47904
23853	134,138,166,562,576,606,615,815,838,1147
23854	23762,23862,23866,23886,24447,1432,23784,23874,1448,1455
23855	16623,7064,8154,14861,20572,23854,23867,23880,23882,23893
23856	615,2122,4849,5681,8536,13618,13688,14271,14318,14324
23857	608,3937,4764,9927,10479,13035,13400,13618,14264,14318
23858	7018,23862,934,1397,1432,1445,1589,1605,2249,3702
23859	7046,40154,6959,7029,40111,40125,40133,40144,40157,5250
23860	23862,18013,49485,23866,23889,23893,40532,4509,5376,6977
23861	1432,3043,4604,5376,5961,6438,6452,6653,7018,13215
23862	6452,37839,37836,40400,6621,6977,23776,6984,14823,17755
23863	7034,15234,23762,23787,33267,49609,3885,11477,23717,23759
23864	1432,23881,23893,1409,6452,6653,23876,23884,23892,7034
23865	23755,5869,13119,16185,23719,23745,23880,25300,38030,49577
23866	1432,40610,18013,23755,40606,4527,6653,45662,5250,19116
23867	23872,23892,23862,23866,23881,45662,23864,23874,23889,30935
23868	17563,3831,6438,6449,7018,17755,23854,23862,23865,23866
23869	299,284,12745,24362,26461,26475,42510,42660,46791,46794
23870	1432,23880,7034,23776,23878,10701,23887,23892,44707,17649
23871	23862,23866,23881,40872,7034,7046,12267,14823,16501,23792
23872	23893,7034,23867,23887,30935,1414,7051,10701,14823,17200
23873	6962,23787,20154,23717,23814,23821,23863,23880,33267,35374
23874	23866,23881,23884,23880,23889,30935,23854,23860,23867,23887
23875	17418,31204,27926,8217,27923,27955,13618,18013,23867,47819
23876	23862,23889,23864,23866,1432,23860,23878,23893,1409,7044
23877	6962,36198,23717,23738,23762,11756,20154,23719,23777,23781
23878	23870,23881,23862,23880,23864,23866,23876,1432,23884,23892
23879	45999,23465,42883,6452,7677,10500,10723,12392,13618,13681
23880	17755,23870,17218,23862,23893,1414,6623,14823,17649,23881
23881	10701,40400,22633,29935,6483,7022,7034,14823,23792,23874
23882	7509,5809,18614,30881,5933,5986,13656,14324,15297,18432
23883	40868,10701,40857,17649,22633,24444,1426,24422,28725,17200
23884	23866,23874,23893,23864,23889,1432,23860,23887,23776,23867
23885	40868,23883,11757,14823,11142,18013,23880,1414,4527,7036
23886	1432,44700,14823,17649,30935,44705,23854,41387,44707,45662
23887	23893,23872,7029,23870,1432,12735,23864,23874,23884,23889
23888	154,338,1432,1505,4254,4314,6452,6646,7018,8774
23889	23862,23866,23876,23776,23860,23874,23884,1432,23864,23867
23890	522,551,602,636,1432,2253,3831,5986,6452,7018
23891	23866,23872,23886,1432,23864,23867,23874,23889,311,6452
23892	23862,23867,23881,23864,23870,45662,1414,14454,17649,23874
23893	1432,40402,23792,23872,40872,1356,7051,10701,6654,6955
23894	131,223,811,1201,1432,3931,4410,4493,4527,5249
23895	23872,23892,1432,7049,11794,14454,17565,23854,23864,23866
23896	13618,15761,6161,8813,9839,10532,13267,13638,13678,13684
23897	13618,6161,15763,18848,24155,2802,13684,14324,15757,17059
23898	1432,4261,4782,5049,5479,5933,6452,7018,7702,9095
23899	45581,1388,1668,7012,40251,1397,1791,1797,2904,10616
23900	23993,1388,6623,6654,41310,1426,4518,4527,6648,10622
23901	23919,23910,23916,1421,1426,1790,1797,4509,4522,5905
23902	1421,1426,1790,1797,4509,4522,5055,5803,5853,8509
23903	1387,10778,18013,23906,23907,40548,916,1390,1393,1397
23904	1421,1426,1790,1797,2827,3247,4416,4509,4522,7274
23905	17601,23909,23916,1421,1426,1790,1797,4509,4522,17193
23906	6654,4527,39473,6653,41308,5250,17556,17999,19218,23484
23907	1356,14823,23755,40606,1421,10778,23866,23893,40548,40757
23908	23910,29285,1421,1426,1790,1797,4509,4522,5905,17193
23909	17601,23905,23916,29285,1421,1426,1790,1797,2915,4509
23910	23901,23908,23919,1421,1426,1790,1797,4509,4522,5905
23911	7690,13016,20145,39476,40615,321,4522,4670,7649,7696
23912	1421,1250,1378,1426,1431,1790,1797,3246,4509,4522
23913	11246,1797,4516,6885,6962,7265,16067,22078,23402,23461
23914	1388,1387,9983,17198,1421,4522,17193,1772,17218,24367
23915	1421,4431,4509,4527,5250,7327,1347,1397,1448,4400
23916	6549,14457,17601,1413,4522,5242,5249,6505,6653,6660
23917	339,387,677,686,778,797,1421,1426,1790,1797
23918	3412,106,7697,8837,9976,14982,15690,16532,16631,16644
23919	23901,23910,23916,1421,1426,1790,1797,4509,4522,5905
23920	1421,1426,1790,1797,4509,4522,17193,17203,17601,19123
23921	4046,20826,4246,15843,16689,20845,27340,29224,42832,19
23922	3931,2059,3920,4035,4074,4207,4234,4281,23934,24127
23923	14277,24375,30711,30786,30789,44405,2864,3314,3931,5776
23924	2929,2930,2942,2956,2961,2965,2967,2970,2972,2984
23925	3314,3931,13486,23922,23923,23924,23926,23927,23928,23929
23926	3237,3314,3931,4118,5026,5915,6260,7184,7224,10693
23927	23939,468,660,1564,1676,2971,3305,3314,3931,4092
23928	23936,23931,23939,3314,3931,8514,13486,23922,23923,23924
23929	23930,23931,3314,3931,8514,13486,23922,23923,23924,23925
23930	23929,3314,3931,8514,13486,23922,23923,23924,23925,23926
23931	23928,23929,23939,3314,3931,8514,13486,23922,23923,23924
23932	30178,3702,3931,4226,4590,10723,13430,14554,15761,15818
23933	35325,2249,3150,3314,3931,4096,4104,4410,5641,5766
23934	47034,47046,47059,47038,47040,47137,47139,47146,47051,47144
23935	1137,3931,22147,22283,22294,26320,31122,3903,4194,4196
23936	23928,23939,3314,3931,8514,13486,23922,23923,23924,23925
23937	3314,3931,13486,23922,23923,23924,23925,23926,23927,23928
23938	3931,3314,3530,3882,3903,3926,3935,3948,3958,4035
23939	23927,23928,23931,23936,3314,3931,13486,23922,23923,23924
23940	3314,3931,3966,10735,13486,21958,23506,23922,23923,23924
23941	22456,23944,23946,8401,10667,12344,16342,16624,16639,16643
23942	16370,22456,22461,22462,22464,22468,23941,23943,23944,23945
23943	14982,13016,24258,29552,3702,7697,16532,18181,23944,24446
23944	23943,24258,30149,13016,14982,18181,24445,24446,24448,24471
23945	3407,13429,13466,15987,15997,16370,22456,22461,22462,22464
23946	16370,22456,23941,22457,22460,22462,22464,22468,22470,23942
23947	26755,26756,26757,26771,23425,26650,26753,26758,26759,26761
23948	2572,5809,6653,7953,10887,10916,10965,11196,12052,12672
23949	366,548,2286,5479,7509,7590,9467,9806,9839,10494
23950	7704
23951	16718,43179,1694,2711,16734,18161,28722,660,800,1692
23952	3879,22943,45612,47745,49946,189,343,439,910,975
23953	3525,1137,3549,3920,4069,10240,15567,16215,42872,202
23954	23508,124,438,1140,1404,1502,1810,1836,2019,2036
23955	2944,6782,7605,12714,13156,14007,14993,15003,15006,15010
23956	13156,23952,23953,23954,23955,23957,23958,23959,23960,23961
23957	16700,18150,1694,2698,12387,23971,23977,23978,1692,1736
23958	16215,28738,27866,692,2802,4169,4795,22633,24249,28717
23959	23957,23966,168,1692,1736,1860,1897,2637,2662,2668
23960	23958,93,529,672,1099,1220,1689,1879,2194,3025
23961	13156,24422,24436,855,3931,4053,4190,4254,4806,7029
23962	13156,23952,23953,23954,23955,23956,23957,23958,23959,23960
23963	47569,13124,14456,17556,35899,36150,45602,265,300,321
23964	35494,1670,1679,6218,6228,23966,29513,29558,204,1688
23965	28736,28704,367,595,4113,10390,28711,28718,770,1137
23966	168,18150,1670,2667,16643,16650,18146,23964,2637,2681
23967	385,770,4813,17103,28862,31772,40848,64,265,343
23968	13731,13732,13733,13735,13737,13740,23957,34468,3702,3903
23969	622,22168,23957,23970,23973,522,617,1692,1694,1736
23970	23957,23969,1692,1694,1736,2687,2698,2711,9940,10489
23971	2687,2698,1685,1688,2667,19,168,1670,1692,1864
23972	23957,23966,23971,23977,23978,2711,3430,4049,6944,12387
23973	23969,3965,4022,4023,4027,4255,4290,13156,20857,22168
23974	23964,23966,362,1220,3842,5951,13704,20050,22593,23508
23975	23957,23966,23978,1863,2698,2711,12739,13156,13486,14009
23976	13156,16700,23952,23953,23954,23955,23956,23957,23958,23959
23977	16700,23957,23966,23978,23971,23972,1797,2711,7057,8328
23978	16700,23957,23966,23977,23971,23972,23975,1421,1436,1688
23979	19,93,343,368,371,601,660,728,748,795
23980	45602,1384,1415,1437,1513,1521,4610,14469,17646,17677
23981	13156,23952,23953,23954,23955,23956,23957,23958,23959,23960
23982	503,518,628,636,4841,5300,7479,9860,9863,12325
23983	13123,23984,23985,23986
23984	626,3575,5143,11395,11399,11402,14049,15314,18539,22756
23985	13123,23983,23984,23986
23986	13123,23983,23984,23985
23987	1432,4527,40870,17200,19506,4224,4934,6596,6639,6654
23988	24003,43242,3743,6117,15249,16306,17437,23989,23992,23994
23989	5134,25184,5123,12213,12633,23988,23994,23995,24003,24005
23990	9983,12352,23988,23989,23991,23992,23993,23994,23995,23996
23991	9983,12352,23988,23989,23990,23992,23993,23994,23995,23996
23992	19038,23988,23994,23995,24003,24005,24008,90,131,218
23993	40868,16067,1426,7022,7051,7019,9983,17195,17746,37830
23994	23996,7511,10468,13681,17883,23988,23989,23992,23995,24003
23995	7477,12196,16350,23988,23989,23992,23994,24003,24005,24008
23996	23994,17090,4046,4141,4182,4254,7511,7651,11620,11648
23997	28820,1382,6574,6623,7051,14823,1426,1431,1772,5402
23998	5955,43121,13,95,140,189,1036,1688,1741,1772
23999	14454,17649,18008,6623,7019,49485,4522,9983,16067,17180
24000	1421,39473,4509,17198,40610,6596,17649,40182,1426,6654
24001	9983,12352,23988,23989,23990,23992,23993,23994,23995,23996
24002	9289,13182,23507,29827,34207,4210,6804,7506,9291,11395
24003	23988,23989,23992,23994,23995,24005,24008,134,138,433
24004	4934,24006,24007,548,597,807,1228,1639,1797,2574
24005	23988,23989,23992,23994,23995,24003,24008,4224,9983,12352
24006	24004,2865,4832,6191,6852,9983,12288,12352,16265,17475
24007	24004,32928,19,113,434,546,548,573,597,858
24008	23988,23989,23992,23994,23995,24003,24005,2554,3175,4224
24009	9983,12352,23988,23989,23990,23991,23992,23993,23994,23995
24010	9983,12352,23988,23989,23990,23991,23992,23993,23994,23995
24011	9967,13140,14346,8813,13400,14318,21302,3937,4717,4782
24012	1216,1357,6984,11220,14352,18118,22069,22968,22971,24015
24013	24033,24045,10532,24018,24019,24044,24060,1216,5099,9967
24014	1216,7177,10532,11331,13681,14352,22069,22595,24012,24013
24015	24019,24032,24039,1216,14352,24012,24016,24018,24022,24025
24016	24018,24019,24060,9967,13681,24015,24032,24044,24048,24052
24017	8774,10532,13656,14352,20512,22588,30151,30223,37981,42897
24018	24044,24048,24016,24060,6161,8813,22069,24013,24015,24020
24019	24032,9967,24015,24016,24060,1216,8635,14352,24012,24013
24020	24045,24053,24018,24030,24044,604,1216,2251,2276,5883
24021	24044,1216,10532,13681,14352,22049,22069,22595,24012,24013
24022	562,5954,9919,10454,10484,16350,22511,24038,26071,27312
24023	3530,3948,4285,6280,8128,10269,10849,11266,20577,22500
24024	577,1045,1216,1698,1703,2554,3305,3311,4992,6222
24025	14352,14880,24032,1043,1216,8783,10512,13176,20594,21210
24026	1216,10453,25476,42240,622,4782,5834,10801,13400,13411
24027	13681,522,1216,1832,2554,4736,5957,14352,15309,16689
24028	24054,337,343,710,726,750,788,811,918,1216
24029	24032,24047,1216,2802,5071,10469,14352,22623,24012,24015
24030	24045,24053,24019,24020,24039,24042,24044,24048,468,604
24031	24055,1216,10532,11410,13681,13936,13979,14044,14047,14209
24032	24019,24039,24015,24025,24029,1216,2223,6161,8813,9967
24033	24013,24045,10532,24018,24019,24044,24060,1216,5099,9967
24034	1216,14352,24012,24015,24019,24022,24025,24027,24029,24032
24035	9928,10468,21171,350,562,1216,2841,3003,5986,6326
24036	4717,5231,14930,22026,615,5038,5049,5809,5928,5933
24037	24025,1216,2226,9959,10377,10532,12257,12262,12265,12288
24038	24022,1216,14352,24012,24015,24019,24025,24027,24029,24032
24039	24032,24015,1216,10532,14352,22069,24012,24022,24025,24027
24040	1216,10532,13681,14352,22069,22595,24012,24013,24014,24015
24041	1216,10532,13681,14352,22069,22595,24012,24013,24014,24015
24042	24019,24030,24032,24039,24045,24053,1216,8635,9967,10532
24043	24051,351,1216,1449,1660,2802,2825,4095,4171,4255
24044	24045,24018,24021,24053,14346,20567,21302,24013,24016,24020
24045	24053,24044,13676,13681,24013,24020,24030,24033,351,3937
24046	1413,5263,5351,6519,7907,22660,22666,24044,24053,32050
24047	24029,24032,953,1137,1216,1864,2040,2223,2802,2827
24048	24018,1432,4527,6161,8813,12714,12982,24015,24016,24019
24049	1216,10532,13681,14352,22069,22595,24012,24013,24014,24015
24050	24025,138,352,576,690,710,1216,1220,1445,2597
24051	24444,3702,3903,4234,4246,7242,12222,12401,13430,14009
24052	24015,24016,24018,24019,24032,24039,24048,24060,1216,6161
24053	24045,24020,24030,24044,13676,13681,17059,20567,24019,24039
24054	24028,337,343,710,726,750,788,811,918,1216
24055	24031,1216,10532,13681,13936,13979,14044,14209,14352,22069
24056	1216,10532,13681,14352,22069,22595,24012,24013,24014,24015
24057	10471,9880,10532,13678,15761,16350,19502,20447,22147,23987
24058	24053,161,1216,5159,10532,13681,14352,17046,18835,22069
24059	351,14315,25224,28613,41775,52,79,543,562,577
24060	24016,24018,24019,9967,24013,24015,24032,24033,24044,24048
24061	14494,14518,16672,22154,23202,42450,134,1216,2915,3851
24062	7254,7280,6194,7250,7274,7290,7480,7499,9490,11246
24063	11246,16720,17468,22065,22561,23402,23451,23913,1250,4227
24064	25491,45467,20060,23471,14469,27907,45427,45493,45537,45545
24065	7477,6152,7480,24066,7240,7241,7250,7254,7307,7457
24066	7240,7264,7282,7897,49165,4227,6935,7250,11173,22085
24067	3237,26903,1698,1703,7458,26828,909,1245,1435,1488
24068	1507,11062,18347,18425,24069,24070,24071,24072,24073,24074
24069	24076,24081,1507,11062,18347,18425,24068,24070,24072,24075
24070	6514,38205,7039,23733,23748,23791,45392,1507,2196,2400
24071	24073,24074,24079,24080,1507,11062,18347,18425,24068,24070
24072	45884,45887,45908,45910,444,1507,2986,2999,3238,6016
24073	24071,24074,24079,24080,1507,11062,18347,18425,24068,24070
24074	24079,24071,24073,1507,11062,15874,18347,18425,24068,24070
24075	7457,7475,45480,1250,7280,7296,7467,7500,13131,22707
24076	24069,24080,24081,1507,11062,18347,18425,24068,24070,24071
24077	18425,909,3281,18418,3250,11062,576,1657,1704,2876
24078	1507,11062,18347,18425,24068,24069,24070,24071,24072,24073
24079	24074,24071,24073,1507,11062,18347,18425,24068,24070,24072
24080	24071,24073,24076,24081,1507,11062,18347,18425,24068,24070
24081	24069,24076,24080,1507,3456,3474,11062,15818,15820,15821
24082	523,566,579,610,622,1043,4171,4233,4281,4325
24083	29190,29211,29232,503,1110,1136,1886,1918,3305,3926
24084	14561,22200,24082,24083,24085
24085	222,562,1137,1855,2496,3005,4138,7426,7651,7663
24086	16484,615,16979,575,3450,4841,7509,8783,13430,13681
24087	24089,24095,269,6955,24094,24499,621,1137,1642,3347
24088	24094,24093,24098,19519,26880,246,621,3001,3347,3450
24089	24087,3450,16476,16495,16979,26880,246,621,2558,3347
24090	621,3937,12828,13632,13678,13688,14271,14318,17050,17478
24091	3937,9986,13681,4841,7181,9839,10500,10723,12343,13632
24092	15761,6151,22697,23350,161,269,531,544,548,559
24093	24088,24097,269,24094,24098,16484,621,3937,6967,6969
24094	24088,269,24093,24098,19519,24087,28905,28953,621,2557
24095	24087,3450,6109,16979,19519,23003,28939,246,621,821
24096	14283,2074,5960,14277,30784,4048,4841,5078,6778,7181
24097	16484,24093,24098,26880,28939,246,566,613,621,2019
24098	24088,24097,24093,24094,6109,15761,16484,26880,202,246
24099	8795,17871,8793,13871,17868,17877,17880,17884,17887,43400
24100	24105,27394,27404,27440,27454,27477,24102,24109,24110,24111
24101	19576,20546,2523,8233,11865,12602,13623,24107,24900,30162
24102	24100,24103,24104,24105,24108,24109,24110,24111,24112,24113
24103	24104,24108,24102,24105,24109,24110,24111,24112,5498,6002
24104	24103,24113,24102,24109,24110,24111,24112,5498,6002,12561
24105	24100,24108,24102,24103,24109,24110,24111,24112,24113,42793
24106	1797,16379,37981,1617,8715,9891,23685,1404,3685,8399
24107	7282,13270,13654,14927,24101,24147,338,562,606,615
24108	24103,24105,24113,24102,24109,24110,24111,24112,5498,6002
24109	24100,24102,24103,24104,24105,24108,24110,24111,24112,24113
24110	24100,24102,24103,24104,24105,24108,24109,24112,24113,5498
24111	24100,24102,24103,24104,24105,24108,24109,24112,24113,5498
24112	6002,17083,24116,4374,4383,17082,24100,24102,24103,24104
24113	24104,24108,24102,24105,24109,24110,24111,24112,5498,6002
24114	13618,575,1113,1422,1608,1725,2557,2864,2922,3401
24115	29572,29575,909,26905,576,10727,12584,12667,18812,18857
24116	24112,6002,17083,17085,17087,597,1228,4374,4383,5498
24117	5498,24115,32,90,92,576,807,1324,1772,1890
24118	5498,12561,17744,20874,24099,24100,24101,24102,24103,24104
24119	1422,2864,4447,5479,5498,6961,6962,7472,9467,10301
24120	5498,12561,20874,24099,24100,24101,24102,24103,24104,24105
24121	6016,4364,62,186,195,638,2608,2627,3686,4438
24122	22220,24121,24123,24124,24125,24126,24127,24128,24129,24130
24123	22220,24121,24122,24124,24125,24126,24127,24128,24129,24130
24124	1943,8685,10471,12109,12430,16539,24661,191,198,208
24125	2694,8191,13212,13236,13422,13423,14997,19517,21094,21743
24126	22220,24121,24122,24123,24124,24125,24127,24128,24129,24130
24127	4207,3882,18511,3903,4074,3920,22247,3968,16256,3931
24128	22294,22289,24129,3883,5730,6168,13317,13430,13773,15410
24129	22283,22241,4102,16456,16689,22274,22293,22312,26144,4238
24130	1078,19315,211,956,1080,1170,1212,1810,1914,1930
24131	17489,19639,24140,41714,87,576,3736,5265,5498,6204
24132	576,3736,5498,6204,7691,7860,11501,13520,15464,15808
24133	576,1061,2036,3736,5498,6204,6397,7242,7473,7661
24134	18810,24150,6121,12715,18809,24155,24169,24179,24187,41786
24135	42897,17059,24141,557,8783,11863,13656,15134,18810,20512
24136	5681,13632,15761,18825,18829,24147,24148,24154,30862,45992
24137	3394,17180,17187,17198,17208,24139,24147,24153,24169,24249
24138	5996,9453,25268,32626,452,4450,8687,8783,8935,11732
24139	24137,576,3736,4389,5498,6204,7691,7860,11501,11863
24140	9839,18576,47809,9880,11863,13632,18829,20518,24155,93
24141	24178,24135,5682,15297,24147,42855,42905,909,1698,1703
24142	21499,21511,4206,6204,6214,13520,15464,21504,21928,22316
24143	42101,42081,42086,42088,42140,20004,21677,42080,42098,42100
24144	5265,9885,15715,17842,24140,24146,24151,24156,24187,47809
24145	3365,566,3347,3368,22303,3332,3375,6850,6851,6853
24146	11863,9453,18848,24140,24144,24147,24150,24151,42855,578
24147	22303,24154,40725,4102,4240,15757,16816,22283,615,2786
24148	18845,24147,1433,2281,5681,14271,15761,18432,24136,24150
24149	30881,24147,24154,13681,36659,12554,13618,14324,14391,20846
24150	11863,24155,24154,17489,17490,18450,18458,18844,18862,24134
24151	31024,24140,24144,24146,615,5265,7691,7698,9906,13107
24152	24154,24187,576,3237,3736,4161,5498,6204,7473,7691
24153	24140,4254,5809,9774,13420,14391,17059,18450,20518,22303
24154	48302,24147,24149,24150,9467,18809,18829,5681,5996,9839
24155	24150,17489,18458,18848,24164,20531,24140,42897,17466,18646
24156	18432,40725,40724,42897,9839,13632,15715,17059,18809,18810
24157	13654,18447,24166,1433,2204,2286,3736,4832,7457,7704
24158	27829,544,576,1680,2062,2680,3503,3736,3760,5100
24159	24147,26929,14318,18311,18810,20479,22517,24135,24146,24150
24160	17463,18432,18458,18463,18810,23366,24144,24150,24155,24156
24161	16532,4234,6545,8536,13016,13430,13520,14982,15702,18153
24162	42897,17059,18809,13618,17494,18844,21255,24168,30142,609
24163	40313,4247,11863,17343,18447,18449,18463,18809,18810,18862
24164	24155,24150,39753,17155,24135,15233,17191,17212,17229,17466
24165	7699,12881,12912,28625,43501,46972,46977,46980,46981,453
24166	47822,557,13656,24135,24150,18845,18848,20512,24157,1433
24167	9774,24140,93,337,343,557,576,606,615,626
24168	24178,576,9880,18449,24162,42905,522,550,614,615
24169	24134,17489,24137,24147,24187,576,972,1967,3736,4875
24170	576,3736,5498,6204,7691,7860,11501,13520,15464,15808
24171	576,3736,5498,6204,7691,7860,11501,13520,15464,15808
24172	576,3736,5498,6204,7691,7860,11501,13520,15464,15808
24173	24148,3010,5412,18810,18845,22517,24150,6,576,1347
24174	576,3736,5498,6204,7691,7860,11501,13520,15464,15808
24175	9874,18614,18886,20525,46220,5681,6161,7691,8797,11863
24176	24135,576,3736,5498,6204,7691,7860,9874,11501,13520
24177	576,3736,5498,6204,7691,7860,9885,11501,12060,13134
24178	42905,13306,6204,22320,22617,24141,576,1703,4321,7883
24179	24134,24150,18612,18809,18844,24155,24162,24187,41786,42855
24180	24150,576,918,3736,5498,6204,7691,7860,11501,13520
24181	15757,24151,24175,576,909,3736,5498,5937,6204,7691
24182	5263,24150,16380,24155,24164,24187,32365,32590,576,1366
24183	576,3736,5498,6204,7691,7860,11501,13520,15464,15808
24184	576,858,2623,3736,4782,5085,5498,5809,6204,7509
24185	576,3736,5498,6204,7691,7860,11501,13520,15464,15808
24186	7479,17059,575,576,577,1250,1870,2294,2563,2576
24187	18646,13640,20472,22697,24134,24144,24150,24154,35811,40316
24188	93,368,7438,20068,13112,695,728,13573,17880,45533
24189	13119,452,17648,32804,42007,1390,5531,6979,11772,11790
24190	7717,7723,7758,7759,7849,8675,8685,21866,23586,25152
24191	343,5670,7316,8536,15144,16796,18523,24189,24190,24192
24192	8536,126,227,343,1404,1535,3926,3937,4210,5200
24193	343,5670,7316,8536,15144,16796,18523,24189,24190,24191
24194	8468,24249,26143,4223,13306,16452,18120,22670,24201,24213
24195	42911,692,1375,3885,4450,6979,6997,8685,9662,11747
24196	343,64,15144,16796,24202,24208,24210,24211,24213,24218
24197	343,5670,6802,7316,8536,15144,16796,18523,24189,24190
24198	17556,24208,770,1680,16067,17103,18184,24248,45481,140
24199	222,304,343,2967,3230,3463,3896,3928,5670,6063
24200	24208,24230,24235,24248,28738,368,663,728,770,778
24201	381,24208,696,336,363,732,4795,13586,14469,21526
24202	13280,15297,16979,343,6121,7509,9872,13678,14318,14391
24203	24230,13834,24208,24245,368,696,1346,13577,13586,15050
24204	24208,343,975,1113,2043,2496,2646,2686,3231,3625
24205	26306,93,343,770,7444,24218,24223,24226,363,385
24206	24201,24203,24208,343,367,371,680,685,732,748
24207	343,5670,7316,8536,15144,16796,18523,24189,24190,24191
24208	4795,28704,28862,696,728,735,4169,4792,24201,28064
24209	385,367,13557,352,363,699,4787,17434,23297,24201
24210	24201,24208,336,343,699,735,2802,4795,14018,14469
24211	13572,343,16796,24202,24213,24224,24229,43249,390,656
24212	343,692,19974,24208,24228,24230,24249,24250,28718,336
24213	343,385,656,728,9187,15144,16796,24194,24201,24208
24214	656,7240,15050,15144,24201,24203,24223,93,239,343
24215	8536,343,5670,7316,15144,16789,16796,18523,22308,24189
24216	343,762,24218,24219,24222,24226,24228,24248,24249,29592
24217	656,4782,24226,93,368,15144,24248,24250,29604,36559
24218	343,24226,24230,24249,656,24208,24228,24232,24245,28862
24219	28776,40610,40897,6654,13596,24249,39473,390,1432,12714
24220	343,24235,615,16796,24213,24219,24223,24226,24228,24231
24221	343,5670,7316,8536,15144,16796,18523,24189,24190,24191
24222	16796,367,686,1346,18820,24203,24211,24216,24218,24226
24223	18808,24205,24235,24248,93,337,368,656,677,728
24224	24211,24213,24228,24230,24244,343,693,7438,13572,15144
24225	138,343,2855,5670,7316,7425,8501,8536,10908,10918
24226	24230,93,343,24218,368,770,14455,16796,21129,24217
24227	24203,24208,343,696,758,783,4053,6917,14318,18523
24228	343,24230,24250,18445,705,16796,24218,24249,64,265
24229	16796,24211,343,15144,24196,24202,24203,24210,24213,24218
24230	23297,24226,24228,4787,24249,339,778,12586,12605,21129
24231	131,343,13147,17236,24202,24205,24219,24220,24249,26306
24232	24218,24249,343,15144,16796,24196,24202,24210,24211,24213
24233	343,15144,16796,22639,24196,24202,24208,24210,24211,24213
24234	13911,13930,454,4078,5226,13793,13829,13898,14027,14138
24235	343,728,13112,16796,17880,24200,24203,24220,24223,24228
24236	24201,24209,186,343,363,381,784,797,1426,1966
24237	343,24228,24230,24249,15144,16796,24196,24202,24208,24209
24238	10,343,1080,2416,2667,3734,5670,7316,8536,9194
24239	24223,24233,343,1244,5670,6339,7316,7681,8536,8783
24240	24228,24243,24246,343,7444,15144,16796,16798,24196,24202
24241	343,5670,7316,8536,15144,16796,18523,24189,24190,24191
24242	24208,24218,24245,343,728,7409,24200,24213,24226,24243
24243	343,24218,24240,24246,24249,15144,16796,17995,19974,24196
24244	24224,24248,343,368,371,693,5670,7438,7444,20068
24245	24203,24218,363,24208,24228,24230,24242,28737,343,692
24246	16796,24228,24230,24240,24243,343,15144,24196,24202,24210
24247	343,5670,7316,8536,15144,16796,18523,24189,24190,24191
24248	368,7438,93,13112,20068,695,13573,13834,19974,24194
24249	6654,39473,1432,10821,41106,17200,17649,23297,18013,23906
24250	24228,343,24226,64,93,339,368,13573,16796,18445
24251	16622,16644,42927,3702,43208,16632,16639,25490,32607,39637
24252	16644,3702,16620,16639,24264,13810,16631,24275,575,2802
24253	24255,24262,24256,24267,13575,22840,24277,35891,2244,2495
24254	24261,24256,24257,22840,24255,24268,24272,31784,35891,202
24255	24253,24262,24267,24254,43208,7216,8514,14497,21816,24252
24256	24260,24253,24254,24277,24257,24268,24252,24258,24259,24263
24257	24254,24256,24260,24262,24252,24253,24255,24258,24259,24261
24258	18181,14982,6545,16532,23943,24444,24448,24450,29552,30149
24259	16632,16639,39684,7246,16624,24269,24275,44785,7700,12983
24260	24256,24272,24277,20480,3305,13575,14509,14533,14538,14542
24261	24254,24262,24267,25490,2495,7216,8514,13575,14497,20480
24262	24267,24253,24255,24261,24257,24272,25490,43208,3450,7216
24263	3702,16622,16644,24259,30149,39684,40115,46319,3432,7700
24264	16620,16622,29552,7700,14982,7242,24446,15471,16532,16631
24265	3702,16644,24263,39684,10667,16622,16632,22279,24252,24266
24266	24259,16470,16625,16643,24269,24275,42927,3702,7700,12983
24267	24262,24253,24255,24261,24272,25490,43208,3450,7216,8514
24268	24254,24256,24260,24277,24252,24253,24255,24257,24258,24259
24269	24275,24259,24264,12344,16470,16632,7700,16623,16624,16625
24270	24252,24253,24254,24255,24256,24257,24258,24259,24260,24261
24271	24259,24264,1637,5341,8859,18916,24252,24253,24254,24255
24272	24260,24254,24262,24267,43208,24252,24257,24258,24259,24263
24273	24252,7086,8509,9221,18013,18175,24253,24254,24255,24256
24274	24258,24259,24264,578,1238,4240,5951,5960,6964,7039
24275	24269,16639,39684,16620,16624,16643,24259,42927,44785,12344
24276	13430,18080,3505,3525,3546,4101,4118,4673,7240,18001
24277	24260,24256,24253,24268,3450,13575,23208,24252,24255,24258
24278	2879,247,250,762,2608,2843,2871,2873,2874,2891
24279	246,266,1694,7191,35525,42255,48087,48091,48125,48142
24280	24689,39037,1763,39030,39048,5249,25269,38278,39044,484
24281	19,439,454,459,1084,1667,2588,2880,7521,7785
24282	10667,39016,385,387,473,732,739,758,770,1090
24283	13795,34405,937,989,1129,1155,1661,1670,2880,4791
24284	2880,18585,18589,21111,24279,24280,24281,24282,24283,24285
24285	105,114,162,439,670,1099,1354,1364,1648,1677
24286	23441,26445,375,464,3305,4793,6920,7630,7651,10435
24287	2880,24279,24280,24281,24282,24283,24284,24285,24286,24288
24288	2880,24279,24280,24281,24282,24283,24284,24285,24286,24287
24289	2880,24279,24280,24281,24282,24283,24284,24285,24286,24287
24290	2880,24279,24280,24281,24282,24283,24284,24285,24286,24287
24291	2880,24279,24280,24281,24282,24283,24284,24285,24286,24287
24292	2880,24279,24280,24281,24282,24283,24284,24285,24286,24287
24293	26716,26717,26720,26725,26728,26730,26722,26723,26726,26727
24294	2880,24279,24280,24281,24282,24283,24284,24285,24286,24287
24295	2879,2843,338,1416,2019,2869,2871,2873,2874,2922
24296	2880,24279,24280,24281,24282,24283,24284,24285,24286,24287
24297	2843,2891,69,1947,2426,2432,2871,2873,2874,2905
24298	7049,745,1077,1250,1431,1809,1971,3246,7012,7936
24299	6778,7280,7630,17616,22048,22387,27383,40449,45238,32
24300	19046,1077,1448,6980,9461,9668,10628,101,745,1250
24301	24299,24300,24302,24303
24302	1954,24299,24300,24301,24303
24303	1397,4527,24000,39473,40090,40098,41990,1382,1393,1421
24304	40413,7283,7322,19876,21464,23302,24066,49165,300,503
24305	503,1405,3908,5085,5402,7830,9861,10706,12392,12768
24306	90,131,285,485,1348,1352,1389,1390,1393,1394
24307	24310,7240,24066,1407,2540,7012,7265,7292,7496,7504
24308	26070,47853,47856,191,198,250,420,482,506,1387
24309	24312,11173,11246,30440,531,1875,4227,4364,6165,7255
24310	9490,7240,49165,4227,11246,22402,7295,14590,23451,23464
24311	24310,24066,1263,2540,4227,4527,5376,7051,8123,11723
24312	7322,7292,11246,7265,7282,16408,17468,19118,21464,24309
24313	7282,11173,1421,1860,2162,6118,6132,6165,6188,6214
24314	12768,14206,24305,24306,24307,24308,24309,24310,24311,24312
24315	1366,6997,40038,1392,1455,3651,6469,6549,6660,6893
24316	5236,49581,11756,23827,49577,6976,6982,10616,16380,3885
24317	6631,16810,32751,1356,1366,1369,1431,2611,4360,4405
24318	6997,20870,1354,2611,2627,3593,4360,4450,6481,6543
24319	1384,4396,4399,4414,4420,4431,4447,4451,4482,4483
24320	1354,18824,23718,24316,24317,24318,24319,24321,24322,24323
24321	1384,1435,23751,1347,1354,2914,17288,18824,20220,20279
24322	23787,5249,6976,13278,23738,23814,23834,26386,31388,32396
24323	32740,6660,1347,4397,4398,4481,6654,12272,14455,14582
24324	1354,23718,1366,1386,1397,1438,1505,4339,4400,4464
24325	20209,1484,5249,8268,8270,8271,8275,8281,8286,8287
24326	1354,5242,5252,6962,6966,9471,9793,9798,12453,18634
24327	1366,1455,6997,9453,12699,16163,23733,24323,32347,49609
24328	24323,24325,162,298,1347,1349,1352,1355,1359,1362
24329	4240,13263,13273,13277,15464,15913,22282,22289,22303,22304
24330	4074,4246,3882,4035,4046,18511,3903,3948,4204,4254
24331	16689,8468,13773,22294,26320,13306,22293,22303,576,13317
24332	
24333	
24334	168,27319,1657,2687,8501,2681,14746,43349,1705,43438
24335	29286,33051,0,19,134,169,184,204,218,237
24336	3573,34266,18338,29852,6783,9289,15207,16027,19427,19431
24337	168,2655,2671,2707,8685,9912,15156,16883,21556,29260
24338	24343,36698,36699,10053,10058,10063,10089,36806,36877,36984
24339	134,171,627,989,2162,2507,2649,3932,4187,7728
24340	134,8501,11757,17048,22241,22294,24334,24335,24336,24337
24341	134,4171,8501,11757,12351,14730,17048,20199,22241,22294
24342	1354,32347,32355,32369,32370,32371,32380,32388,1373,1489
24343	37018,36687,37047,10055,36735,36763,24338,36672,36699,36688
24344	134,210,1099,1664,1667,1680,1822,1860,2411,3205
24345	12196,6660,16532,17238,17556,17999,24432,26520,27959,40548
24346	39237,10047,30219,10014,10030,10043,10066,10070,10089,10126
24347	78,134,223,1889,8501,8730,9170,11757,13820,13861
24348	134,543,626,629,2105,3282,3284,6783,6804,7506
24349	37156,37443,41903,134,472,484,728,4354,5681,7661
24350	24343,134,8501,10008,10035,10055,10058,10100,10113,11757
24351	7240,17924,32505,134,2915,6893,7473,8501,9493,11254
24352	17070,9153,26877,43175,138,43253,1685,43193,166,31347
24353	134,1809,8501,8686,10002,11757,14163,17048,18963,22241
24354	11,134,7785,8501,11757,17048,20219,22241,22294,24334
24355	134,8501,17048,24334,24356,1854,2680,6109,6115,7433
24356	26872,166,2680,17070,17048,26877,43242,43288,43314,138
24357	21610
24358	24359
24359	13062,15312,18436,21580,21584,21595,24358,25504,32672,39019
24360	285,287,299,9533,26476,39584,46791,280,289,292
24361	15583,280,285,24362,12884,13380,46763,46767,237,11198
24362	24361,299,15583,14764,23869,24368,46766,46794,237,285
24363	290,299,14764,24361,280,287,289,298,301,7204
24364	4527,23993,1426,40878,17198,6623,17218,18005,40869,1387
24365	40830,11757,1973,17195,17649,18013,23993,24435,40868,1426
24366	284,290,8509,24361,24362,24363,24364,24365,24367,24368
24367	1388,1387,9983,23914,1426,6900,10652,12729,17199,24364
24368	24362,285,290,24361,45,238,280,287,289,292
24369	284,290,8509,24361,24362,24363,24364,24365,24366,24367
24370	17036,154,15050,17034,24236,26112
24371	4832,17025,24372,36173,95,557,5662,6161,9822,12645
24372	24371,15050,17036,18153,24188,24219,26112,42940,48792
24373	154,694,817,4053,4832,6161,7245,7444,8468,9642
24374	7609,24382,573,621,6193,6214,7882,9906,13520,18613
24375	23923,30786,371,394,573,621,728,774,2286,2473
24376	9847,171,659,1382,6577,8068,9608,9610,9615,9637
24377	7882,6,16,17,87,95,111,127,142,573
24378	27318,2413,3928,8511,11555,11569,11571,14746,16197,16240
24379	24380,573,621,4048,6193,6214,6287,6290,7266,7646
24380	24379,573,621,6193,6214,7609,7882,9906,13520,18613
24381	23447,7549,14778,23465,25764,25796,42883,3937,6161,7509
24382	24374,573,621,4048,6193,6214,6287,6290,7266,7646
24383	8501,9170,43356,138,166,243,573,621,1455,2678
24384	573,621,5148,6193,6214,7609,7882,9773,9848,9904
24385	42870,5682,12805,16369,43061,7425,17620,22312,24395,31
24386	522,560,621,7419,7882,24142,27779,30488,64,84
24387	6193,18432,5588,9777,12634,17039,18604,18614,18882,18887
24388	295,573,621,1347,1382,1383,1390,1393,1408,1433
24389	7882,24376,573,621,972,1967,5569,6193,6214,7608
24390	573,621,6193,6214,7609,7882,9906,13520,18613,24142
24391	6193,24387,573,621,913,915,1417,3250,6214,6487
24392	47822,13430,13520,14300,18810,24395,24396,29817,41697,42897
24393	573,621,6193,6210,6214,7425,7609,7882,9906,13520
24394	573,621,6193,6214,7609,7882,9906,13520,18613,24142
24395	573,5682,7425,24385,42855,575,7242,7882,9872,12805
24396	6523,6654,7019,18013,30962,6653,12728,37840,37856,37875
24397	10494,16644,17468,18425,30435,43877,49527
24398	24400,3237,4104,5481,5776,7509,7638,7704,8740,9467
24399	548,575,909,1230,1698,1703,1704,2786,2862,2876
24400	24398,1750,13108,16644,17468,18425,43862,49527,49922
24401	1967,4337,11132,12410,15246,15262,18560,18595,20542,36091
24402	1976,13633,15231,31239,1956,1966,5996,11738,12221,13651
24403	18348,6,254,1956,2204,2286,2791,5085,5682,6477
24404	18613,18886,20525,35029,41791,41794,270,2400,2864,3010
24405	995,1428,1453,1617,5236,9810,11142,12719,14441,16306
24406	24412,24413,24414,24419,1455,3885,5091,5235,5242,5243
24407	2041,4457,24412,24413,186,223,554,850,934,975
24408	23717,6966,6976,11860,23748,32433,49617,1382,1393,1933
24409	7339,7704,8149,9874,11733,14441,18447,19013,19798,24157
24410	24415,24416,24417,24418,24421,5236,24407,24408,24409,24411
24411	24415,24416,24417,24418,24419,24421,6939,9799,14455,17576
24412	24414,24406,24407,6904,8326,8379,9810,10760,11142,12836
24413	24414,24406,24407,9810,11142,14441,16306,17203,24408,24409
24414	24412,24413,24406,24407,24408,24409,24410,24411,24420
24415	24411,24410,5236,16306,24407,24408,24409,24420,39892,40774
24416	24411,24410,5236,16306,24407,24408,24409,24420,39892,40774
24417	24411,24410,5236,16306,24407,24408,24409,24420,39892,40774
24418	24411,24410,5236,16306,24407,24408,24409,24420,39892,40774
24419	24421,24406,24411,16306,24407,24408,24409,24410,24420
24420	3234,6647,9528,17756,18184,24406,24407,24408,24409,24410
24421	24419,24411,24410,5236,16306,24407,24408,24409,24420,39892
24422	16643,12344,26849,46319,16650,23883,15471,15843,40850,855
24423	4308,4046,4035,22124,3903,4160,4189,8068,22147,22182
24424	24426,24432,24434,24441,24448,24450,2662,3762,4234,7029
24425	24450,40850,12344,24445,24448,24451,24457,46319,5670,6545
24426	8536,4234,24434,24446,4247,14982,15567,16532,18153,24432
24427	337,1704,2409,3779,4219,4240,5071,5249,5262,5288
24428	24435,38234,855,7029,12714,24432,24442,24455,24462,37857
24429	7029,8536,16623,18165,24423,24424,24425,24426,24428,24430
24430	24467,19,660,667,3889,6038,7029,8536,15471,16623
24431	24440,16623,18165,24423,24425,24428,24432,24450,24454,24459
24432	24446,24434,24441,24426,24435,24448,4234,7242,10821,14982
24433	15471,16643,23214,24444,16639,40761,6984,12344,12983,16624
24434	24426,24432,8536,24441,24446,24448,24450,6545,22542,24445
24435	23993,22633,40868,18013,23880,24428,24432,40688,6623,7019
24436	3931,24448,8536,18181,24425,24426,24432,24434,24439,24441
24437	24467,16632,18932,24426,24428,24432,24441,24442,24446,24451
24438	1673,18165,24334,24439,24441,24443,24455,24457,24458,24462
24439	24426,1688,24432,24434,24441,24445,24448,1685,4234,8536
24440	1432,24431,24432,28776,7472,10821,16623,23866,24428,24454
24441	24432,24448,24467,24426,24434,24445,40850,6545,15471,24471
24442	24428,24441,24455,24458,855,7029,16643,18013,24432,24435
24443	24457,17061,24438,24441,24455,24458,24462,6850,6854,7029
24444	24446,15843,23883,7242,24453,6545,22542,24258,24433,40868
24445	24450,24441,24448,29552,6545,24258,24426,24432,24434,24467
24446	24444,24432,3702,7242,24426,18463,24264,24434,24467,30709
24447	1448,23854,24444,10797,12714,14823,23762,24433,24449,40868
24448	24441,24258,24426,24432,24434,24445,24450,6545,18181,30602
24449	4527,17649,4516,24249,40400,44005,7029,7036,7327,17200
24450	24445,40850,24425,6545,7029,24258,24426,24434,24448,40115
24451	16643,12344,24435,16650,24425,24432,24446,24463,46319,7029
24452	24451,7029,8536,16623,18165,24423,24424,24425,24426,24428
24453	24444,24433,24435,39480,12714,17649,24425,24463,37856,40556
24454	40891,10821,12714,14454,16623,17999,40610,40850,5407,6611
24455	24458,18165,24428,24441,24442,24462,855,7029,8536,12344
24456	39481,39523,39541,39543,39567,33333,7466,30984,39491,39516
24457	16643,16650,24425,24443,24450,46319,12344,24438,24445,24448
24458	24455,24432,24441,24442,7029,16632,18165,24435,24437,24438
24459	7242,16643,12344,16650,4246,34825,3926,4234,4254,7246
24460	7029,16623,24436,24448,24454,24457,31270,5250,5384,6614
24461	24432,7029,16623,24428,24431,24440,24450,24454,24462,40850
24462	10821,24428,24455,40870,16623,18165,22633,24431,24432,24435
24463	5407,24451,1421,4527,5250,12714,17180,17999,24425,24433
24464	4527,5407,6641,7029,8536,16623,17999,18165,23999,24423
24465	26849,3702,3873,18930,24446,1,337,454,578,638
24466	337,7029,8536,12714,16623,16632,17061,18165,24423,24424
24467	24441,24446,24426,24432,24445,3702,7242,8536,16632,24434
24468	12344,16643,24459,126,2659,3010,3926,7029,7242,8501
24469	337,7029,8536,12714,16623,16632,17061,18165,24423,24424
24470	16632,18013,24433,24442,24444,24447,24451,855,5407,8217
24471	24258,24441,24444,24450,6545,18181,24426,24432,24434,24445
24472	3893,16632,17061,18165,18935,24438,24441,24443,24444,24455
24473	6318,9553,24501,24508,2467,6892,9927,10435,11466,11473
24474	6935,20869,24475,24476,24477,24478,24479,24480,24481,24482
24475	8685,24480,35613,3305,3895,6935,7521,11452,11455,11470
24476	24477,24481,6935,20869,24474,24479,24480,24482,24483,24484
24477	3305,24476,24478,24480,29382,559,4036,6935,11452,11455
24478	24477,24481,6935,20869,24474,24479,24480,24482,24483,24484
24479	6935,20869,24474,24475,24476,24477,24478,24480,24481,24482
24480	24475,24477,6935,20869,24474,24476,24478,24479,24482,24483
24481	24476,24478,24508,6935,11466,11473,20869,24474,24479,24482
24482	23743,11302,23745,23747,6452,6626,6977,10454,10616,11756
24483	6935,20869,24474,24475,24476,24477,24478,24479,24480,24481
24484	6452,6535,37827,37846,37842,24498,37848,6565,6574,6599
24485	6935,20869,24475,24476,24477,24478,24479,24480,24481,24482
24486	6899,6920,6925,6928,6929,9553,20869,24494,45467,6933
24487	10628,6600,6623,12714,37851,38206,10778,15989,18013,23906
24488	6935,10350,20869,24474,24475,24476,24477,24478,24479,24480
24489	2467,6935,20869,24474,24475,24476,24477,24478,24479,24480
24490	20869,24487,6935,9553,14862,24474,24475,24476,24477,24478
24491	20869,24482,6935,24474,24475,24476,24477,24478,24479,24480
24492	24487,24494,24501,2467,6935,20869,24474,24475,24476,24477
24493	24501,6935,20869,24474,24475,24476,24477,24478,24479,24480
24494	24487,42510,45667,11807,12714,24482,24486,24492,26264,45514
24495	6935,11242,20869,24474,24475,24476,24477,24478,24479,24480
24496	9553,22707,2370,2467,2813,6626,6802,6882,6892,6914
24497	3659,6935,21281,130,973,1678,1797,1813,4561,6092
24498	11723,11746,11714,37839,11755,11734,11791,6523,37841,37852
24499	29138,14821,5339,6514,6626,6973,19488,29163,29170,38201
24500	6969,14814,29168,29187,38210,349,1076,1077,1490,1642
24501	24473,24492,24493,2467,6318,6935,11242,13088,20869,22707
24502	6318,6935,11242,13088,20869,24473,24474,24475,24476,24477
24503	6,579,2202,2505,6169,6318,6935,8788,11242,11877
24504	6935,15012,20869,145,1407,1928,2802,3430,4839,4925
24505	6318,6935,11242,13088,20869,24473,24474,24475,24476,24477
24506	24494,82,375,464,569,579,2841,4139,4793,5937
24507	6318,6935,11242,13088,20869,24473,24474,24475,24476,24477
24508	24473,24481,11466,11473,24476,24478,1230,1846,1918,2430
24509	1388,4521,4527,6653,20869,35992,39625,40397,40398,40418
24510	35071,1404,7699,8760,24611,10052,10276,23697,23698,24631
24511	383,2198,2603,2608,2637,2695,2825,3155,3450,6185
24512	1404,6984,22968,30413,4389,18118,22953,34340,528,638
24513	24573,13147,14691,16347,19444,31270,35612,38131,39157,41417
24514	8685,211,223,1078,1092,1689,3394,5249,5654,7001
24515	2198,7639,7850,9607,13478,14018,14434,20639,21843,22968
24516	7850,24573,476,584,754,1019,1034,1052,1155,1326
24517	7639,24546,24691,44377,49518,9607,9773,24587,24591,24698
24518	11834,22927,24521,24595,43121,186,528,3879,3880,3999
24519	2659,8726,14029,14117,15175,19920,34185,34319,34365,35605
24520	9796,38734,44892,44895,74,93,368,575,692,725
24521	8671,186,3880,12650,22934,22940,22947,23065,528,3879
24522	14152,13983,14002,14027,19,12618,13793,13818,13828,13832
24523	22968,84,134,1613,1892,2198,2637,2647,2648,2659
24524	2198,7639,7850,9607,13478,14018,14434,20639,21843,22968
24525	1045,2198,3712,7639,7850,9607,13478,14018,14434,20639
24526	23512,17636,19063,23520,32864,3883,13889,13911,13930,13948
24527	2198,2639,7639,7850,9607,13478,14018,14434,20639,21843
24528	24519,34210,48,134,1560,2054,2198,2915,3573,4995
24529	966,1100,2198,2882,5137,7343,7458,7639,7850,7970
24530	24589,24547,24594,24906,7850,8671,10240,12633,13478,22846
24531	24585,2198,2798,7400,7639,7850,9607,13478,13846,14018
24532	2198,7639,7850,9607,13478,14018,14434,20639,21843,22968
24533	2198,7639,7850,9607,13478,14018,14434,20639,21843,22968
24534	2198,2425,2901,5639,7639,7850,9573,9607,9776,9784
24535	2198,7639,7850,9607,13478,14018,14434,20639,21843,22968
24536	2198,7639,7850,9607,13478,14018,14434,20639,21843,22968
24537	24538,24587,10865,24553,24589,24611,4664,7639,9607,16685
24538	9607,24697,10052,24585,24611,24686,24693,2919,23509,24537
24539	22968,23003,24512,24526,24541,24548,24580,0,21,117
24540	2198,2857,4565,4693,4841,7639,7850,8501,8536,9129
24541	8760,12272,14455,22971,1928,6955,8773,12650,19509,22934
24542	3684,3692,3697,3702,3706,3710,9391,10318,20835,24521
24543	4687,7639,7699,13478,14434,24530,24546,24582,24583,24587
24544	22242,626,1011,1078,1353,1547,1814,2198,2407,3876
24545	4074,22118,27318,47904,29,342,351,575,579,1897
24546	24698,29786,12519,24587,24691,33559,7699,7639,9773,23509
24547	7850,35071,8671,9572,13478,24530,24589,2919,9607,10303
24548	14434,22968,23003,24512,24526,24539,24555,24565,24580,347
24549	24522,24567,24589,24591,562,577,934,961,1544,1661
24550	34278,1129,48685,1688,3734,7852,22339,27319,29440,29516
24551	4669,11092,12101,1382,2198,2409,3377,3394,3399,3892
24552	33561,7850,24530,24553,24585,24587,24589,33557,1169,1233
24553	24587,35047,24537,35045,7639,7850,9605,10758,16381,24512
24554	7805,14434,21843,22968,24521,24541,24568,27094,30223,33256
24555	6984,24733,35128,22953,24512,1404,11220,13478,14434,16584
24556	16644,14982,16532,24264,29552,39631,46319,7700,9976,16631
24557	24587,7639,9607,10759,24537,24581,24585,24589,24591,1950
24558	24585,343,728,1497,1581,2198,4398,7639,7850,8673
24559	2027,2036,2142,2198,2410,2659,3091,4116,4591,5010
24560	9607,7816,9453,13119,24585,24650,24686,24693,24738,35071
24561	454,13970,14247,38612,38615,1680,4817,9798,13793,13800
24562	24568,24586,127,133,191,198,250,420,482,506
24563	24546,340,354,3238,4139,4167,5990,6421,7639,7994
24564	2798,1129,13795,24546,1100,1101,3733,3879,7763,9607
24565	171,6890,7639,7850,9812,13478,14434,18277,22968,24512
24566	2198,7639,7850,9607,13478,14018,14434,20639,21843,22968
24567	24589,35071,4187,7473,9607,24538,24611,24624,24693,24738
24568	13801,95,13832,13835,13930,14094,14434,19032,23597,33051
24569	966,2198,2882,7343,7639,7850,9607,13478,13792,14018
24570	11563,13287,14554,21619,1797,2137,2198,2222,2585,2901
24571	2198,7639,7850,9607,13478,14018,14434,20639,21843,22968
24572	7850,9129,24512,24537,24547,24595,40378,41827,87,186
24573	8685,49581,13119,22934,23770,24595,26386,30887,32004,850
24574	9607,1450,2198,3706,3740,7639,7850,11420,12466,13478
24575	2198,3394,6450,6478,6486,6487,6542,6565,6574,6580
24576	2198,7639,7850,9607,13478,14018,14434,20639,21843,22968
24577	24594,24541,24591,33561,186,1113,1356,1431,1453,1642
24578	28,38,83,85,127,2198,7639,7850,9606,9607
24579	9607,35071,1648,2021,4434,6082,7816,7830,8685,9129
24580	17645,23003,24526,24539,24548,24556,24590,134,168,204
24581	35071,9607,10052,13478,24538,24598,24697,2919,7699,9572
24582	9607,13478,24546,24686,35071,4687,7506,7639,14204,24530
24583	24530,24543,24591,342,1677,1828,2198,2720,4687,4688
24584	2198,2798,4962,7639,7850,9607,13478,14018,14434,20639
24585	24683,24611,24650,24697,9607,10052,13965,13828,14078,14171
24586	12097,12107,12111,24550,24562,24568,503,1918,2198,2904
24587	29786,13478,7506,24698,33995,7639,24546,33559,7699,9572
24588	1421,1772,2572,6627,7018,8168,11757,17218,23914,25287
24589	35071,24530,10865,24567,24624,24683,2919,9607,13478,14434
24590	5000,16868,16878,16896,16906,23550,24580,24595,29574,29741
24591	24697,33990,24594,24906,2798,7699,9607,13478,24517,24538
24592	19429,34343,626,629,2019,2054,2198,3573,3574,3575
24593	2198,7639,7850,9607,13478,14018,14434,20639,21843,22968
24594	24591,24906,9129,24530,24577,24589,2798,7639,7699,9561
24595	23685,3879,4364,22947,3880,33636,40455,22940,23694,33635
24596	45598,45609,626,6882,11387,11399,16147,19429,20577,27893
24597	2198,7639,7850,9607,13478,14018,14434,20639,21843,22968
24598	9607,10052,23509,24538,24581,24585,24650,24697,2919,3733
24599	1404,3646,3879,3895,3999,8760,13166,14432,22940,24510
24600	33256,1823,1928,3770,7064,8728,8773,10671,12650,12714
24601	35071,24650,24697,13478,14204,24738,33559,9572,10303,23509
24602	8667,35619,19,4983,5000,22357,33238,42318,1497,5474
24603	52,1156,1176,2069,3038,5178,5181,7430,10164,10433
24604	2516,2517,2574,2603,2608,11879,12592,24002,27912,30033
24605	19,1045,2409,2825,3719,3751,3754,3757,3901,3993
24606	
24607	
24608	211,956,1078,1080,1170,1212,1366,1595,1647,1914
24609	16904,6,95,105,239,575,576,1020,1077,1100
24610	52,596,927,1069,1196,1232,1357,1680,1950,2062
24611	24686,24697,35071,9607,24585,24683,24738,10052,24624,24650
24612	3894,4960,6030,10236,10318,13427,19254,19260,19917,20443
24613	313,1080,2798,2847,3937,4781,6359,8514,12263,12324
24614	2512,2798,3801,6547,6975,8670,10162,10714,11429,11567
24615	19049,35621,19,9194,10035,14746,15186,19920,21556,23550
24616	728,4053,22281,24208,29597,0,19,284,343,363
24617	208,351,525,1169,1174,1404,1770,1850,1911,1917
24618	1366,10519,19080,23318,28356,49896,336,1043,1369,1405
24619	0,32,223,1244,1797,1890,2276,3025,3549,3878
24620	24648,24693,35071,10276,24585,24591,24650,24686,24697,33990
24621	
24622	12519,13478,3230,11394,11410,12330,13182,13938,14029,19431
24623	35045,342,2015,2417,2418,2565,2798,3034,3151,3559
24624	24686,24611,24738,35071,24683,9607,10052,24589,24655,24693
24625	35991,3904,6659,6886,7639,18865,35071,35977,35994,35997
24626	8685,10236,23685,4389,8671,8816,20561,22946,23696,23697
24627	24530,1839,3399,3891,3971,4163,4182,4198,4206,4212
24628	186,577,9969,11181,12326,18436,19554,20506,20846,21171
24629	8685,9572,10318,13558,24567,24655,35071,168,208,351
24630	24672,2603,2608,2637,2695,3450,8756,10709,17450,20264
24631	24510,24686,9607,14204,24546,24591,24611,24650,24691,24693
24632	186,528,575,638,850,1943,3879,3880,3999,4364
24633	9607,10052,24697,2919,23509,24538,24686,33995,2798,10276
24634	35071,24601,24624,24655,24683,24686,24738,29786,242,454
24635	7639,9607,10052,7816,13478,13640,23509,24538,24546,24686
24636	9607,24650,24683,24686,24697,1069,2054,7457,7639,7699
24637	2024,2085,5290,11878,20826,33939,32,90,594,770
24638	9599,10052,10303,24611,24624,24647,24655,24686,24697,24698
24639	22968,95,1409,1911,2461,2659,2901,2914,3248,3880
24640	126,161,185,299,628,1405,1613,1892,2036,2647
24641	
24642	1688,29521,168,1670,1679,1685,2667,2687,11709,13702
24643	3926,161,237,4046,7713,8685,8721,9789,9803,13899
24644	24521,23863,35701,38216,42633,19,106,2825,3412,3993
24645	13795,16032,22940,22968,33641,35128,98,101,131,153
24646	
24647	35071,10052,24650,24683,24697,2919,9607,24611,24693,13898
24648	9607,10276,8671,13558,24510,24620,24693,35071,7699,7728
24649	87,186,528,575,638,850,980,1113,1232,1404
24650	24697,35071,9607,24585,24693,24611,24686,10052,24683,24738
24651	689,714,918,1270,1394,1655,2225,2430,2542,2894
24652	367,385,704,726,728,744,4516,4779,4813,7429
24653	95,340,8457,10303,10373,10504,12341,16539,20847,21232
24654	9607,10052,13478,24538,24633,24686,24697,36413,2798,2919
24655	35071,24624,9572,24686,24698,24738,33559,4187,9607,10303
24656	
24657	
24658	
24659	
24660	29600,4254,42717,19,368,562,728,1216,2825,5085
24661	1943,19513,8685,41007,351,433,5231,7862,9824,12430
24662	33995,9572,29786,9607,13478,24510,24691,24698,24701,33559
24663	
24664	38212,38210,38219,6483,6543,38231,6458,6671,10792,23816
24665	28563,22089,12438,22152,28573,615,4173,4295,6252,7266
24666	975,1113,2043,2496,2646,2686,3231,3625,3879,6038
24667	234,980,989,1113,1943,2650,3920,4184,4360,6893
24668	1404,1563,3646,3879,3895,3999,4327,8760,13166,14432
24669	
24670	
24671	22943,39,186,528,575,638,850,1390,1943,3879
24672	24630,2603,2608,2637,2695,3450,8756,10709,17450,20264
24673	20355,25224,1113,4184,6893,12650,13795,16032,17740,22934
24674	
24675	2712,18001,26419,45466,45689,45694
24676	363,656,698,759,766,2409,2802,20078,22639,24450
24677	2603,2608,2637,2695,3450,4590,8756,10709,12519,13478
24678	3575,11395,15207,19431,34205,7506,8677,3576,9289,11400
24679	24541,28776,36363,11,131,265,624,1794,2122,2145
24680	34553,11410,11395,8677,7506,11387,11424,12519,22756,11401
24681	4518,17218,25491,1387,1428,1436,1510,1680,1860,2637
24682	1031,9194,15175,16894,19920,20075,21556,23520,23550,25199
24683	24697,35071,24585,13965,35731,9607,14013,14123,23672,24611
24684	29,39,351,575,579,10330,10352,14318,18320,18555
24685	284,701,760,918,1393,1943,2275,4178,4535,5537
24686	9607,24611,24738,24624,24693,10052,24650,7816,24538,24585
24687	13478,24693,35071,13558,24510,24585,24591,24650,24686,24697
24688	417,8335,13633,15239,15246,18065,20700,22572,24711,31224
24689	5237,32364,24280,1763,14730,25187,33800,1800,4261,4369
24690	101,6632,9997,28605,45387
24691	10052,24546,24701,7506,7816,9572,10276,13478,24587,24611
24692	
24693	35071,9607,24650,24686,24697,24611,24738,7816,24585,2919
24694	32046,211,439,499,544,638,662,1085,1100,1113
24695	1393,6453,6536,6634,17581,17645,18843,19509,19630,23476
24696	
24697	24683,24611,10052,14140,14150,23509,24650,13828,13965,24585
24698	7506,29786,33559,13478,15207,24546,31435,7699,11395,14204
24699	101,659,1181,1212,1403,2194,2430,2563,2606,3428
24700	7852,19,25224,36544,37035,45022,6038,25421,36545,37331
24701	24691,29786,13478,7699,12519,14204,24546,7639,7816,9607
24702	343,385,2915,6549,6631,6653,6671,7017,7036,7466
24703	24662,24701,24727,2798,2919,7335,7342,7639,7699,7816
24704	1664,1688,1856,2681,15285,19032,27286,27654,29454,29490
24705	
24706	8773,5314,5460,10783,12844,40606,1220,1397,1445,4509
24707	2027,3926,13478,16895,16962,17010,25199,43304,45131,45839
24708	168,1113,1608,1657,1664,1666,1677,1679,1685,1688
24709	7639,9607,12519,13478,24538,24587,24662,29786,33995,543
24710	
24711	31287,417,973,1957,2922,6101,6474,7792,8268,8286
24712	8706,18539,19431,24683,24686,24697,34450,35071,4995,8679
24713	7918,106,134,8837,15123,23696,23697,23698,23918,26877
24714	131,4527,7831,8219,12463,13115,14454,16067,16810,17234
24715	285,964,1083,1776,1782,2645,5260,8269,8328,8671
24716	13478,29786,12519,24698,33559,35071,14204,24587,9607,24510
24717	25273,32740,1512,4397,7014,32356,32386,578,1036,1505
24718	13478,2830,2894,7699,10303,12519,12966,13886,13896,13917
24719	282,284,287,288,289,290,292,294,298,299
24720	24546,24587,24691,29786,7506,9572,11424,12519,13478,14204
24721	
24722	
24723	5263,6710,966,1356,1595,1647,1778,4019,4398,4903
24724	20283,20288,20325,20348,24780
24725	
24726	35071,24697,33990,7699,9561,14204,24510,24650,24686,24693
24727	9607,24662,24697,24701,24703,33990,2798,2919,5490,7335
24728	1546,1571,1589,5648,7816,8694,9607,10052,14154,20273
24729	
24730	
24731	0,21,36,2018,2426,4389,6984,7012,8737,8859
24732	36754,285,439,964,1083,1347,1392,1617,1776,1782
24733	8760,1404,24510,24555,9891,12650,12714,16584,40470,6
24734	1863,2637,1688,1694,1705,1864,2413,2647,2659,2708
24735	28809,28801,28796,13375,28789,1685,25326,28816,28821,40298
24736	285,4475,5242,5249,17127,17664,20140,20155,27030,31396
24737	1982,4527,6592,10018,10022,10055,10623,12729,14823,17200
24738	24686,35071,9607,24611,24624,24683,24693,7816,10052,24650
24739	
24740	47372,0,32,1244,1797,1890,2276,3549,3878,4236
24741	2786,4536,6506,7639,10849,11181,11677,21168,23170,23501
24742	
24743	
24744	
24745	16624,16631,16632,16639,16644,24275,24433,24446,30149,123
24746	
24747	1013,30213,34187
24748	19,17740,31286,32725,32968,105,237,1135,1159,1220
24749	1090,3714,3731,8443,8783,8814,13958,15654,17717,18170
24750	788,855,918,2957,3376,3656,5402,5885,6512,6518
24751	1357,1837,1867,2478,2798,2919,3294,3733,3879,4187
24752	
24753	528,575,638,1113,1404,1617,2641,4313,4389,7012
24754	672,728,762,774,1692,2565,6465,6489,7220,9559
24755	7357,7367,7549,12229,14309,14320,16007,23059,23178,25764
24756	2956,7192,23608,23628,26877,47450,19,171,339,457
24757	7463,20620,20621,20623,20624,20626,20627,20631,20633,20636
24758	616,621,7266,7608,9892,9905,11560,12715,12828,13632
24759	1196,19407,33899,33900,33901,33902,33903,33904,33905,33906
24760	2798,2919,7335,7342,7639,7699,7816,9572,9599,9607
24761	14244,14237,14207,23592,23672,14174,14234,14236,14078,14095
24762	3883,4075,4185,7455,7672,8564,10293,10302,10407,10470
24763	35071,7699,13478,13928,14121,14204,24510,24546,24587,24631
24764	7012,9471,11142,24510,24733,35128,144,164,186,336
24765	16624,16631,16632,16639,16644,24252,24275,24433,123,237
24766	
24767	168,433,694,696,758,762,783,973,1016,1106
24768	20554,24772,24836,24838,438,909,1196,1698,1703,1918
24769	909,1698,1703,2440,3237,3281,3474,4210,6210,6802
24770	218,909,1022,1220,1661,1685,1695,1698,1703,1778
24771	909,1698,1703,2440,3237,3281,3474,4210,6210,6802
24772	19990,24768,24774,24792,24826,24836,24838,34164,34189,44589
24773	24820,21,2406,4717,12107,12628,13810,23507,23512,23634
24774	47034,47044,47047,47060,47079,47056,47077,47111,47168,19990
24775	24799,24776,20053,20072,24774,24783,909,1230,1698,1703
24776	24775,24799,19990,20053,20072,24777,909,959,1698,1703
24777	46228,46231,46235,46236,46240,46243,46247,2167,24776,46230
24778	909,1698,1703,2440,2639,3237,3281,3474,4210,4264
24779	45870,24798,8641,20072,24821,32865,45877,47099,909,961
24780	909,1698,1703,2440,3237,3281,3474,4210,6210,6802
24781	909,1698,1703,2440,3237,3281,3474,4210,6210,6802
24782	3146,19978,24774,439,909,1085,1100,1135,1698,1703
24783	24803,24839,24843,24844,24861,24890,3157,3165,24775,24792
24784	659,909,1417,1698,1703,2440,3237,3281,3400,3474
24785	909,1052,1698,1703,1936,1937,2440,2529,3237,3281
24786	934,948,1051,242,1230,1343,5956,6900,7850,9573
24787	1814,25200,27668,41664,49226,1,28,32,38,83
24788	1357,1387,3376,4990,4993,5150,5639,7204,15285,18005
24789	23509,35621,439,995,1351,13661,27555,29731,31232,32929
24790	24814,6802,22827,24844,24890,24901,24918,24974,24981,882
24791	20443,24819,28388,909,967,1110,1343,1698,1703,1814
24792	32858,32864,32913,32900,32945,32865,32872,32880,32895,32897
24793	12722,39753,39846,513,909,1698,1703,1797,1959,2009
24794	24964,20053,20072,909,1698,1703,2440,3237,3281,3474
24795	24797,24818,24839,24843,40467,123,434,659,906,909
24796	79,909,951,1130,1382,1397,1436,1661,1680,1698
24797	24795,24818,24839,24843,906,909,1099,1698,1703,2440
24798	24779,909,1698,1703,2440,3237,3281,3438,3474,4210
24799	24775,24776,20053,20072,24774,909,1698,1703,2440,3237
24800	19036,19151,19159,24786,282,909,1500,1698,1703,2187
24801	19427,34159,3575,16027,16284,19428,30269,34145,34200,34250
24802	69,88,909,1698,1703,1857,1947,2426,2432,2440
24803	24783,24839,24843,24844,24861,24886,24890,909,1698,1703
24804	211,351,452,897,909,956,986,1114,1383,1390
24805	909,1356,1698,1703,2439,2440,2700,3237,3281,3474
24806	909,1698,1703,2440,3237,3281,3474,4210,6210,6802
24807	1255,1648,24832,7,127,195,208,291,293,351
24808	909,1698,1703,2440,3237,3281,3474,4210,6210,6802
24809	909,1698,1703,1918,2440,3237,3281,3474,4210,6210
24810	909,1698,1703,2440,3237,3281,3474,4210,6210,6802
24811	909,1698,1703,2440,3237,3281,3474,4210,6210,6802
24812	909,1698,1703,2440,3237,3281,3474,4210,6210,6802
24813	19033,19107,20599,100,125,146,6169,6194,11200,12049
24814	24981,24901,24918,24974,909,24790,24959,25000,3138,24813
24815	909,1698,1703,2440,3237,3281,3474,4210,6210,6802
24816	24821,909,934,1698,1703,2440,3237,3281,3474,4210
24817	19167,24786,909,1234,1357,1649,1698,1703,2025,2132
24818	24795,24797,24819,24839,24843,33059,660,906,909,939
24819	2440,22242,24788,24791,24818,24841,24880,32863,32864,32865
24820	13654,18558,19167,24773,575,6477,7475,8806,12109,12627
24821	24779,24816,909,934,1698,1703,2440,3237,3281,3474
24822	10,97,120,180,181,182,442,623,909,1698
24823	909,1698,1703,2440,2561,3237,3281,3474,4210,6210
24824	909,1698,1703,2440,3237,3281,3474,4210,6210,6802
24825	7521,13870,13962,19920,20556,21556,24832,25256,35613,35678
24826	24772,909,1137,1230,1664,1698,1703,1823,2440,3237
24827	24828,208,351,525,909,1169,1174,1698,1703,1770
24828	24801,24827,208,351,525,909,1169,1174,1698,1703
24829	909,1698,1703,2440,3237,3281,3474,4210,6210,6802
24830	82,138,442,456,576,909,971,1698,1703,2440
24831	909,1698,1703,2440,3237,3281,3474,4210,6210,6802
24832	8685,18587,4210,13865,17106,18273,18652,23517,24807,24825
24833	13810,27322,19,242,394,660,667,672,909,1078
24834	338,629,909,1698,1703,2018,2440,2557,2786,2789
24835	909,1698,1703,2440,3237,3281,3474,4210,6210,6802
24836	24768,24772,24838,909,952,1174,1196,1698,1703,1986
24837	909,1698,1703,2440,3237,3281,3474,4210,6210,6802
24838	6802,19036,24768,24772,24836,34430,38750,338,455,638
24839	909,24861,24969,24977,24978,24985,24992,26920,24783,24803
24840	909,1698,1703,2440,3237,3281,3474,4210,6210,6802
24841	2440,24819,24820,637,909,1196,1357,1698,1703,2444
24842	909,1698,1703,2440,3237,3281,3474,4210,6210,6802
24843	909,24891,24783,24803,24894,24969,24977,24978,24985,24992
24844	24970,7458,24861,24891,24783,25005,12867,24790,24803,24886
24845	6783,9770,9777,9850,12655,17032,24900,33121,33555,41767
24846	1169,1943,5188,7458,10318,15362,15984,16477,17290,21138
24847	638,1648,4483,8685,9154,11721,14860,18273,23697,23698
24848	33192,242,1064,1068,1069,1070,1230,1343,1387,3622
24849	
24850	7458,14371,29320,48437,942,943,945,1216,1255,2064
24851	34909,5588,9777,9788,9793,9841,11176,12650,13147,13948
24852	11835,7458,11838,32862,32863,32869,32870,32892,32906,32930
24853	33121,942,943,945,1255,6152,7458,7623,7722,9793
24854	
24855	10845,3958,10323,10848,10863,10909,10921,16240,22102,32975
24856	1489,2161,2286,2894,3038,5936,6961,8154,8800,9781
24857	
24858	1987,1989,1990,12650,42224,560,1404,1458,2004,2005
24859	25537,25538,25541,25646,49015
24860	1099,19141,19149,24866,30065,32475,34394,39738,44815,13074
24861	24839,24844,24783,24891,24901,7458,24803,24886,24918,24974
24862	1918,23542,33063,40633,43593,48538
24863	7458,24890,24891,47040,131,146,185,503,1664,1667
24864	9289,14047,14204,18575,18596,19431,22346,23690,25170,25256
24865	1534,1611,14729
24866	1099,35593,19149,24860,30065,32475,34394,35560,35580,39738
24867	
24868	19161,19167,20554,24879,27837,41335
24869	
24870	626,2813,3873,5588,6169,6783,8933,9980,11377,11380
24871	11840,32892,11833,19990,25007,20006,20007,1877,2922,7458
24872	2440,5928,7458,13074,19009,19169,24819,24841,24906,40466
24873	
24874	19138,1,107,433,456,476,584,754,944,1326
24875	987,2086,9062,13394,16532,19315,23513,26654,32065,33462
24876	7458,19550,22604,24951,44853,49467
24877	208,351,525,1169,1174,1770,1850,1911,1917,1943
24878	7458,11833,38628,38650,38659,38665,449,1987,3134,3149
24879	35041,16,17,53,204,209,1140,1232,1783,1817
24880	3138,3210,7458,24819,25005,25064,25618,29092,45879,45902
24881	
24882	19,143,961,5279,6000,8725,13917,13939,14005,14014
24883	
24884	
24885	3889,4254,12222,31122,439,2686,3882,3926,4044,4160
24886	24783,24803,24839,24843,24844,24861,24890,1814,7458,8697
24887	
24888	12107,14770,490,578,1183,1347,1384,1415,1422,1435
24889	24783,3138,3157,3165,3685,24814,24861,24890,24891,24901
24890	7458,24894,24783,26916,3138,6487,6966,13525,14904,24790
24891	24843,24844,24861,24974,7458,24783,24863,24918,24981,25000
24892	19,1100,1317,2064,3394,12107,13876,13886,13890,17435
24893	
24894	24890,24839,24843,7458,24844,24981,25005,1814,3138,24792
24895	
24896	
24897	1357,18127,24012,33033,33257,46770
24898	338,1235,1253,1357,1875,2411,5268,5974,6956,7452
24899	24811,26807,32516,32574,41559
24900	44892,35649,2901,9770,9793,18576,38734,9798,13828,22773
24901	24814,24918,24981,909,7458,24861,24969,24977,24978,24983
24902	27552,32505,143,211,439,1100,1232,1342,7713,8932
24903	8326,22929,1366,1378,2610,4193,4197,4246,4389,5924
24904	943,945,19,934,939,948,949,969,1051,1255
24905	11835,32892,11833,20002,25007,7458,19978,20006,20007,20043
24906	24510,24591,24594,1918,2565,24530,1113,1158,1233,2798
24907	1266,1272,1276,1283,8014,19149,21620
24908	2440,5928,7458,13074,19009,19169,24819,24841,24906,40466
24909	11395,11402,13877,23567,23693,34176,34182,34219,34244,34266
24910	3131,190,209,338,1028,1140,1232,1283,1357,2063
24911	6959,6961,19513,21760,24661,39081,41007,284,304,439
24912	638,2764,4379,7516,7728,7850,8319,8321,8377,8686
24913	
24914	906,1099,7458,22843,22863,24795,24797,24818,24839,24843
24915	2118,2127,2250,19167,19170,19938,24786,24817,24989,25075
24916	32858,32870,32863,32867,32876,32880,32899,32900,32903,32913
24917	20447,34468,1823,10449,18435,20443,22281,22500,23724,23728
24918	24814,24901,24974,24981,25000,909,7458,24790,24861,24891
24919	1181,49774,638,1232,18911,19009,23569,41573,46263,49806
24920	47040,16275,19422,19878,23121,24936,24948,24983,25007,25542
24921	24929,2426,7728,14434,16621,18080,19041,19217,24543,34167
24922	7458,24880,24926,45879
24923	7458
24924	621,2917,6465,9659,12107,14007,14271,16192,17785,18614
24925	34157,47088,47126,3134,3181,3230,4835,12291,15354,20070
24926	3438,7458,24779,24863,24922,24931,24940,24944,24953,33026
24927	3157,3165,24783,24890,24931,24944,24953,24962,909,1602
24928	1137,1230,1664,1823,5051,7376,7398,8609,8666,9124
24929	24921,2426,2827,2971,3456,3518,3549,3558,3578,3714
24930	7458,180,906,1099,8640,10939,20579,21191,21644,22476
24931	3438,24927,24944,24953,1602,1950,2608,3134,3135,3157
24932	3138,23006,24821,24880,24953,25005,27756,29092,32864,42130
24933	42007,42023,18119,30413,31300,40067,42014,42025,42027,87
24934	
24935	14064,439,1100,1897,2659,2674,7651,10849,12333,13793
24936	47034,47040,47054,47059,47076,47082,47086,47116,47128,47130
24937	2659,3873,5184,6140,6928,8555,11499,19180,23508,24940
24938	
24939	134,138,166,562,576,606,615,815,838,1404
24940	3181,34308,42103,47034,47040,47047,47051,47055,47058,47059
24941	909,24814,24839,24843,24901,24918,24969,24974,24977,24978
24942	7458,20008,24814,24981
24943	10313,24947,47093,48700
24944	24953,3157,3165,24783,24927,24931,24962,3134,3135,3438
24945	29429,30614,75,147,161,449,660,939,951,966
24946	
24947	351,562,7630,10484,14880,19187,21948,22037,22060,25476
24948	29089,29082,29090,29094,29096,29128,25537,25564,25647,29084
24949	909,4327,4328,4343,4345,4359,4371,7315,7953,8444
24950	550,10373,15833,21700,24982,26104,29098,36602,45987,47034
24951	7458,1809,1950,3038,8154,10383,14969,20567,22242,29320
24952	7404,8514,11600,15761,16274,16643,16650,21722,23966,35085
24953	24944,3157,3165,24783,24927,24931,24962,47040,3134,3135
24954	6143,6169,6171,6207,18,167,6152,6159,6183,6198
24955	906,1099,7458,22843,22863,24795,24797,24818,24839,24843
24956	
24957	5783,5926,6015,6016,7452,7458,7816,9891,11088,14930
24958	13510,13520,14982,18153,18463,21614,40850,1405,3702,4197
24959	24814,24839,24901,909,4261,7953,8444,9567,10299,12867
24960	13854,14005,23556,13828,13846,13914,13983,14056,14117,14118
24961	
24962	3157,3165,24783,24890,24927,24944,24953,223,450,887
24963	3575,8677,11410,11420,13182,34267,34326,34328,34446,34595
24964	7458,24794,6920,23441,24286,26445,36132,47548,3157,8556
24965	
24966	6397,6395,10579,38340,4005,4280,5265,5960,8919,8927
24967	24792,32858,32863,32864,32913,7273,11835,11838,19990,20006
24968	
24969	909,24839,24843,24901,12867,24814,24918,24941,24981,24983
24970	24844,24985,24992,909,24839,12867,24843,24901,24983,46340
24971	24790,24797,24917
24972	28385,28409,12360,28404,28449,28461,28499,10389,28387,28390
24973	13621,7473,10483,13654,15310,30328,42155,42900,43614,98
24974	25000,24814,24918,24981,7458,24891,14904,17559,24790,24861
24975	351,6477,10502,13623,20456,35799,336,549,1043,1418
24976	
24977	24839,24843,24901,12867,24814,24918,24941,24981,24983,26902
24978	24839,24843,24901,12867,24814,24918,24941,24981,24983,26902
24979	9099,22049,45111,336,364,365,372,438,546,615
24980	1521,1524,2231,5937,10302,16342,16343,16346,16349,16354
24981	24814,7458,24901,24918,24974,25000,909,3138,24790,24891
24982	3211,3548,6802,22049,22075,24948,24950,25560,25593,29116
24983	909,24901,47054,47059,47076,47082,47089,47097,12867,24839
24984	351,622,366,562,2554,7651,9910,12348,14286,14390
24985	24970,24839,24843,24901,12867,24814,24918,24941,24981,24983
24986	12204,16324,22265,34442,40814,439,535,551,562,577
24987	9170
24988	1877,2557,2558,7262,11833,11836,11837,11838,11840,11849
24989	48461,48480,48439,48445,48446,48466,48469,48482,6223,23222
24990	25537,25538,25541,25646,49015
24991	518,4114,7871,22603,31381,46616,47826
24992	909,24970,24839,24843,24901,12867,24814,24918,24941,24981
24993	24996,4527,14455,23755,23866,32342,39479,40413,40528,40606
24994	
24995	24067
24996	24993,23755,40528,40606,1077,1356,1448,5407,6483,6531
24997	2797
24998	
24999	41765,457,1418,2538,2698,4738,7173,7181,7691,7702
25000	24974,24814,24843,24901,24918,24981,7458,24891,24941,26902
25001	24077,223,909,1698,1703,2855,3232,3246,3250,3260
25002	7458,35612
25003	
25004	
25005	3134,24844,3177,23934,24814,24880,24894,24981,24983,47061
25006	1083,9120,10164,10756,15965,18371,20090,25144,29086,33556
25007	32892,11840,7458,11833,24871,24905,32869,11837,20006,20007
25008	19550,42070,956,1357,2561,4364,8154,8399,22239,23508
25009	
25010	24962,49929
25011	24792,24839,24843,24844,24852,24890,24891,24894,24954,24974
25012	
25013	
25014	95,120,181,182,185,192,12357,30620,30656,49969
25015	3210,23934,24936,30819,45898,47034,47038,47040,47043,47044
25016	29726,19439,659,1036,1083,1461,1660,1719,1731,1918
25017	25027,25034,5291,17881,18075,25037,1,134,208,223
25018	161,186,483,657,1110,1244,1357,1383,1640,1797
25019	23538,32508,34207,34257,548,629,1945,2107,3138,3304
25020	25027,1822,2411,5188,5944,7008,9605,10318,11377,12562
25021	11377,25017,25018,25019,25020,25022,25023,25024,25025,25026
25022	25037,19439,25023,1,1814,1918,2696,2992,4210,5268
25023	25022,25027,25029,11377,25017,25018,25019,25020,25021,25024
25024	11377,25017,25018,25019,25020,25021,25022,25023,25025,25026
25025	2568,6961,9912,11377,13472,14723,21283,24195,25017,25018
25026	11377,25017,25018,25019,25020,25021,25022,25023,25024,25025
25027	25017,25034,29726,33027,49712,15710,25020,25023,38123,40633
25028	11377,25017,25018,25019,25020,25021,25022,25023,25024,25025
25029	25023,25037,29726,1918,2696,2992,4210,5268,10433,10842
25030	11377,25017,25018,25019,25020,25021,25022,25023,25024,25025
25031	11377,25017,25018,25019,25020,25021,25022,25023,25024,25025
25032	3573,11404,15207,34176,34204,34207,34258,626,3574,3575
25033	11377,25017,25018,25019,25020,25021,25022,25023,25024,25025
25034	25017,25027,25037,4069,7119,9181,9924,10287,11377,15281
25035	1657,19352,1658,1659,1662,1663,1668,1678,1686,1700
25036	42716,1,13,127,220,1001,1230,1814,2011,3043
25037	25022,19439,25017,25029,25034,1,2696,2992,10433,11377
25038	43,93,131,439,442,606,615,918,975,1001
25039	25056,25058,6778,14370,19352,22154,24530,24611,25040,25041
25040	6961,11092,6461,6469,6496,6508,6542,7064,7329,8127
25041	2917,7986,10302,10382,10449,12337,17880,19352,22093,23529
25042	2914,4405,5237,5249,6962,6976,6989,8685,9453,10613
25043	19352,25039,25040,25041,25042,25044,25045,25046,25047,25048
25044	29,87,342,1073,1113,1158,2225,2969,3390,3500
25045	117,1085,2410,2845,4687,5467,6026,6778,6886,7506
25046	19352,25039,25040,25041,25042,25043,25044,25045,25047,25048
25047	19352,25039,25040,25041,25042,25043,25044,25045,25046,25048
25048	7,12343,19352,20495,25039,25040,25041,25042,25043,25044
25049	64,81,437,19352,25039,25040,25041,25042,25043,25044
25050	19352,25039,25040,25041,25042,25043,25044,25045,25046,25047
25051	34207,34642,11387,13872,13877,14246,22355,25057,25060,34151
25052	19352,25039,25040,25041,25042,25043,25044,25045,25046,25047
25053	19352,25039,25040,25041,25042,25043,25044,25045,25047,25048
25054	5928,12667,13632,20539,30269,2864,13638,13640,17489,18618
25055	19352,25039,25040,25041,25042,25043,25044,25045,25046,25047
25056	25039,25058,6778,14370,19352,22154,24530,24611,25040,25041
25057	34159,34176,19429,34207,3575,11387,3576,11395,11399,14047
25058	1100,10052,25195,439,5588,23305,23517,23535,23697,23698
25059	19,13795,19352,16,123,128,183,456,934,975
25060	11395,22756,34176,34207,11404,3575,34159,19427,34169,629
25061	1232,2440,2558,2864,3789,3926,6978,10162,11677,14912
25062	15207,34204,34364,3575,6804,34250,3574,11404,22756,23616
25063	3230,9463,27609,34553,93,134,439,442,606,615
25064	284,1918,1945,2027,4389,14091,16883,19978,20073,20216
25065	25068,25085,35628,47372,336,637,983,1196,1329,1357
25066	336,638,1809,1811,2601,2640,2764,2956,3394,3437
25067	52,336,596,1069,1357,1809,1950,2406,2417,2529
25068	25065,25085,180,329,336,637,1196,1357,1371,1447
25069	26520,41076,45423,336,1036,1329,1387,1394,1809,1928
25070	25086,336,1809,10579,22609,25064,25065,25066,25067,25068
25071	66,223,336,1196,1680,1809,2444,2917,3441,3534
25072	4439,8685,10236,10318,16539,19279,22940,27789,40423,186
25073	336,1809,10579,25064,25065,25066,25067,25068,25069,25070
25074	25089,19,11619,20578,22145,22902,44943,52,336,1090
25075	31092,32704,32682,32684,39394,1772,6899,10729,10792,31093
25076	336,1809,1919,10579,22603,22610,22611,22616,22625,22652
25077	13834,16147,19177,45377,45578,336,1255,1329,1331,1361
25078	25087,25090,336,1809,2515,10579,25064,25065,25066,25067
25079	336,1809,10579,25064,25065,25066,25067,25068,25069,25070
25080	52,73,93,204,336,1099,1556,1809,2442,2576
25081	336,1809,10579,15204,17880,25064,25065,25066,25067,25068
25082	336,1809,10579,25064,25065,25066,25067,25068,25069,25070
25083	25087,25090,336,1329,1331,1809,2442,2501,2560,2568
25084	15706,15710,15723,19,2403,3751,11619,15087,15097,15102
25085	16922,17880,20554,25008,25065,25068,35628,49844,16,17
25086	25070,336,1680,1809,1911,1920,6140,10579,12835,19505
25087	25078,25083,25090,336,1809,10579,25064,25065,25066,25067
25088	336,1809,2331,5954,10579,15577,19633,22059,23441,25064
25089	25074,19,11619,15665,20578,20835,22145,22902,26577,26582
25090	25078,25083,25087,336,1809,10579,25064,25065,25066,25067
25091	336,1809,2515,10579,25064,25065,25066,25067,25068,25069
25092	30268,8692,101,1045,1790,1879,2915,3151,3521,3685
25093	25134,25112,25119,25095,25105,25115,25117,25100,25107,25131
25094	25108,25103,25110,25095,25112,25119,25100,25105,25107,25115
25095	25093,25094,25103,25108,25114,25121,25132,25116,25119,25125
25096	25110,25112,25123,25129,25134,25115,25117,25126,8692,13898
25097	34009,10,75,95,202,704,1080,1404,1431,2416
25098	25116,25134,25100,25107,25112,25131,25101,25105,25115,25117
25099	1230,2662,3887,13829,22357,27808,28733,29708,34390,34417
25100	25107,25131,25098,25093,25094,25103,25108,25114,25116,25121
25101	25102,25130,25098,25111,25132,25093,25094,25103,25105,25108
25102	25101,25110,25112,25119,25134,25130,25105,25117,25132,25104
25103	25094,25108,25114,25121,25095,25116,25100,25107,25110,25119
25104	25093,25096,25098,25102,25114,25116,25121,25134,4727,8356
25105	25108,25093,25121,25134,25094,25098,25102,25114,25115,30268
25106	25093,25094,25095,25096,25097,25098,25099,25100,25101,25102
25107	25100,25130,25098,25093,25094,25103,25108,25111,25114,25116
25108	25121,25094,25105,25103,25134,25095,25100,25107,25131,25101
25109	25093,25094,25095,25096,25097,25098,25099,25100,25101,25102
25110	25096,25114,25121,25094,25102,25115,25103,25119,25095,140
25111	25130,25101,25107,25133,25093,25094,25095,25098,25100,25102
25112	25093,25096,25102,25114,25117,25094,25098,30268,25119,1045
25113	25093,25094,25095,25096,25097,25098,25099,25100,25101,25102
25114	25110,25103,25112,25095,25115,25100,25105,25107,25117,25131
25115	25093,25096,25110,25114,25121,25094,25098,25105,25117,25134
25116	25098,25103,25119,25095,25100,25107,25131,8685,25101,25104
25117	25112,25093,25096,25098,25102,25114,25115,25134,25094,25119
25118	25093,25094,25095,25096,25097,25098,25099,25100,25101,25102
25119	25093,25102,25094,25116,25121,25095,25103,25110,25100,25101
25120	25093,25094,25095,25096,25097,25098,25099,25100,25101,25102
25121	25108,25110,25103,25095,25105,25115,25119,5263,25100,25107
25122	4521,282,1036,1356,1387,1421,1772,1973,1982,2535
25123	25096,25129,25095,25107,25111,25126,25127,25131,3151,8692
25124	25130,25132,25133,25093,25094,25095,25098,25100,25101,25102
25125	25095,25100,25107,25131,25093,25094,25098,25102,25103,25105
25126	25096,25095,25131,25132,8692,25100,25107,25123,25125,25127
25127	25095,25096,25123,25126,25129,25131,25132,8692,25093,25094
25128	25093,25094,25095,25096,25097,25098,25099,25100,25101,25102
25129	25096,25123,25095,25107,25111,25126,25127,25131,3151,8692
25130	25101,25107,25111,25133,25102,25124,25098,25100,25093,25094
25131	25100,25098,25132,25093,25094,25103,25108,25114,25116,25121
25132	25095,25124,25131,25101,25102,25126,8692,11707,25093,25094
25133	25130,25124,25107,25111,25093,25094,25095,25098,25100,25101
25134	25093,25096,25098,25102,25108,25105,25115,25117,25104,25119
25135	2662,3734,5040,8556,8675,12388,18991,25184,27653,30646
25136	18841,9574,7847,9561,9582,9586,9604,12625,19388,19549
25137	33902,19920,21801,22934,22940,25152,33566,41512,41553,41573
25138	14181,15175,35630,35678,35692,19920,21556,22921,23520,23568
25139	1392,1489,1814,29456,35633,41405,58,72,186,195
25140	3575,19430,22756,29720,1,1814,3576,7713,9163,11387
25141	5957,7841,9582,10009,16505,16507,16524,25136,25137,25138
25142	208,351,8685,14860,18338,19429,20567,34568,195,291
25143	98,1351,1417,3937,5473,5933,7476,9773,10216,12325
25144	1083,10164,18371,25006,25136,25137,25138,25139,25140,25141
25145	25157,971,1045,1538,2901,3734,9712,9855,10103,12156
25146	1694,168,2711,14746,16871,21556,35494,1670,1685,1689
25147	28933,28944,32022,32031,983,1099,1538,3037,7783,8685
25148	138,2105,9472,13870,13876,16862,16967,20219,23520,23593
25149	7717,7721,7759,8675,25319,27086,33063,37981,168,490
25150	17046,25151,138,2017,2027,2678,3023,3230,5229,6109
25151	9918,47398,47411,3095,25150,45334,47402,47407,3023,3076
25152	8685,114,7717,7758,40633,43349,48538,1648,2021,2754
25153	49550,16883,45051,49549,4364,16630,16983,18977,20003,25146
25154	987,2086,5798,6299,8685,9062,10239,10318,13394,16532
25155	1688,1851,1863,2637,2647,2659,2667,2668,2670,2674
25156	25136,25137,25138,25139,25140,25141,25142,25143,25144,25145
25157	1045,1110,27653,10240,27595,33194,33498,33515,34010,638
25158	25136,25137,25138,25139,25140,25141,25142,25143,25144,25145
25159	25136,25137,25138,25139,25140,25141,25142,25143,25144,25145
25160	1787,3734,5307,5641,11757,13147,13722,14860,18007,20772
25161	25136,25137,25138,25139,25140,25141,25142,25143,25144,25145
25162	25136,25137,25138,25139,25140,25141,25142,25143,25144,25145
25163	987,2086,5798,6299,8685,9062,10239,10318,13394,16532
25164	25136,25137,25138,25139,25140,25141,25142,25143,25144,25145
25165	114,1534,1535,1778,4397,8737,9869,16379,17131,20355
25166	2680,43242,2031,2711,9170,24334,26883,43189,43193,43245
25167	140,556,1036,1741,1772,3167,3796,6079,7327,9149
25168	9841,15277,24147,4782,5933,7473,7651,10501,14264,20899
25169	25136,25137,25138,25139,25140,25141,25142,25143,25144,25145
25170	45022,439,19365,9998,21556,35613,35621,38737,49226,1689
25171	2653,25232,43154,1,2121,10301,13796,16871,23512,25187
25172	3734,5174,12647,25171,25173,25174,25175,25176,25177,25178
25173	589,1601,2142,3593,3734,4782,5174,5803,5987,6405
25174	1092,5654,11721,15285,18841,19984,24514,25202,29443,29451
25175	25195,1135,19365,25215,27552,10028,15370,36680,1129,10135
25176	34278,28263,36683,3734,8685,20561,25225,29490,36706,36961
25177	21556,25199,1031,3734,13661,23550,162,168,1099,1689
25178	25200,45022,9998,25257,27571,40204,19,439,1667,3734
25179	25184,25191,25246,223,284,285,1085,1155,1183,1417
25180	25184,25234,25243,13,1664,2813,3734,5174,6978,9695
25181	27086,27552,35796,1384,1393,2437,2919,6019,6978,8859
25182	1100,17451,25195,44943,439,1823,2027,2084,2552,2659
25183	25181,25200,25205,35435,35437,39957,41482,64,1110,1790
25184	48538,27653,1617,1797,2659,3734,9891,19920,25205,33498
25185	25188,6016,19009,19010,19049,20561,24820,25190,25222,25257
25186	10135,27552,10002,18912,27656,37356,44057,18963,36854,39236
25187	27086,8686,27552,1031,32317,19550,19920,25195,33194,1110
25188	25225,19,25195,13847,23520,25185,34167,1664,2644,2646
25189	3734,5174,12647,25171,25172,25173,25174,25175,25176,25177
25190	27536,87,23556,25184,25185,25186,25195,25196,25203,25205
25191	439,22756,11377,23512,33515,35685,38737,1100,1617,8671
25192	23550,25187,25200,25215,25256,35570,35633,87,1617,1797
25193	25187,25186,25215,27552,35613,35678,35722,38737,40204,40802
25194	25256,25195,25224,43593,19,9194,18338,19077,21873,22505
25195	1100,1689,19365,1135,25215,25256,13818,25175,25225,12649
25196	15356,21556,25187,43052,1099,7755,15175,29516,35605,35621
25197	40812,40811,12647,22505,25186,25224,19,1113,2413,4875
25198	26807,27778,34931,384,544,1139,1230,1613,1685,2036
25199	9194,35630,35678,35692,16862,17740,23550,25228,35613,1
25200	27679,25224,35621,20561,23586,25215,25257,27552,27736,35633
25201	19365,23517,25186,25187,25195,25256,1031,1100,7713,12647
25202	32513,32534,35685,13829,13870,17636,8685,8932,19063,27555
25203	25190,25222,6,438,478,1000,1617,2334,2932,3205
25204	25186,25230,25244,27556,33194,1603,2414,2415,2762,2915
25205	25184,1664,20561,25200,43447,1667,8685,13847,16862,19920
25206	32169,1230,1582,1725,1814,2140,2174,2189,2205,2211
25207	2496,2805,3734,5174,8728,12647,16862,17450,22983,23551
25208	7476,13805,13889,13898,13981,13998,14027,14128,14130,14138
25209	7758,22934,22939,22981,25177,25196,27536,34751,105,114
25210	25262,25245,25186,25256,25195,25224,27536,27679,35613,110
25211	25249,336,3734,5174,7728,12647,25171,25172,25173,25174
25212	25186,38737,0,10027,25195,25256,41433,242,337,352
25213	2651,15175,25138,25228,32302,35621,1,2637,2657,2659
25214	9289,11420,13849,543,8677,11384,11395,11404,14236,18302
25215	25195,1135,35613,19365,27577,25175,25200,27655,439,27536
25216	3734,5174,12647,25171,25172,25173,25174,25175,25176,25177
25217	25257,238,484,2542,2813,2830,3622,3734,3885,4494
25218	40472,16539,18841,23585,32082,34913,1026,1357,1417,1589
25219	3734,5174,12647,25171,25172,25173,25174,25175,25176,25177
25220	25176,211,956,1078,1080,1170,1212,1914,1930,3233
25221	25175,11562,18914,25178,25195,25200,25215,25224,25256,25257
25222	35661,23690,35633,25228,15175,21556,25224,34471,34485,12330
25223	25235,25241,1497,3734,5174,5319,6519,8816,11714,12647
25224	27679,18916,27549,34299,10099,19,15186,21873,25200,27536
25225	25195,2644,25188,25224,19,956,1823,2646,3714,9696
25226	8671,12647,25152,25175,25186,25194,25195,25197,25215,25224
25227	3734,5174,12647,25171,25172,25173,25174,25175,25176,25177
25228	23690,9194,16894,3734,32968,15356,27549,35570,42051,49226
25229	3734,5174,12647,25171,25172,25173,25175,25176,25177,25178
25230	25204,25244,3734,5174,11750,12647,25171,25172,25173,25174
25231	36727,44092,44055,44063,44078,44132,9999,37047,44076,44079
25232	25171,2653,25261,2686,3734,5174,10301,12647,17405,25172
25233	22921,25138,25194,25213,75,439,995,1351,1528,2041
25234	35633,35621,35678,3734,25184,25225,35613,1,956,2684
25235	25223,25241,3734,5174,12647,25171,25172,25173,25174,25175
25236	25239,439,1146,3734,4598,4909,5174,6304,6978,9892
25237	12107,18604,35738,38765,171,344,3734,5174,6015,7594
25238	98,347,348,557,577,578,1043,2554,2805,3549
25239	25186,25224,439,25215,1031,3734,15175,18163,18916,19365
25240	25186,25187,25195,25201,25210,25212,25253,25256,110,1031
25241	25223,25235,3734,5174,12647,25171,25172,25173,25174,25175
25242	25224,439,1230,2142,10055,12519,19427,23586,25200,25215
25243	16869,17022,17740,20074,25180,25184,25212,25228,25234,35570
25244	25204,25230,1497,3734,5174,5319,6519,8816,11714,12647
25245	25210,25200,25215,25262,25199,25224,25256,35613,64,74
25246	25200,35444,40654,2645,3565,4401,7758,8685,12650,14009
25247	21,9840,34340,35785,40359,42228,0,98,351,543
25248	3734,5174,12647,25171,25172,25173,25174,25175,25176,25177
25249	5588,19881,12636,18301,18634,33288,35591,35801,44892,9604
25250	25264,117,439,1100,1135,2054,2324,3518,3734,4090
25251	3734,5174,12647,25171,25172,25173,25174,25175,25176,25177
25252	25184,3734,5174,8809,12647,25171,25172,25173,25174,25175
25253	25199,16874,16894,20075,23550,16862,16865,17740,25186,25195
25254	25175,25181,25186,25191,25195,25201,25215,25224,25239,25253
25255	3734,5174,12647,25171,25172,25173,25174,25175,25176,25177
25256	23616,11387,34464,14047,22756,34200,34326,11399,13182,34207
25257	25200,25224,3734,18916,21873,25256,45022,1664,8685,17328
25258	3734,5174,12647,25171,25172,25173,25174,25175,25176,25177
25259	3734,5174,12647,25171,25172,25173,25174,25175,25176,25177
25260	910,3734,5174,12647,25171,25172,25173,25174,25175,25176
25261	2653,25265,7516,25232,32303,34143,46044,2637,2686,2914
25262	25210,25245,3734,20561,25178,25182,25186,25200,25224,25228
25263	13870,15175,20075,21556,25196,25213,25222,25224,32717,35605
25264	6899,6934,20190,6140,7019,7204,8509,10652,11162,14325
25265	25261,2651,32302,2637,2659,2666,2667,2675,2686,3734
25266	3734,5174,12647,25171,25172,25173,25174,25175,25176,25177
25267	28860,28859,28850,28855,23737,23755,26386,28854,32396,48636
25268	49581,5242,9453,49630,41069,11756,49569,13119,23755,23770
25269	5237,8685,8816,16379,23586,24280,32035,32317,35451,41093
25270	5243,39157,1366,3651,3885,5242,6469,6549,6660,6893
25271	9391,25286,25291,25293,48603,48607,48648,48652,235,362
25272	25291,25296,25308,25274,25288,25299,28859,28860,25277,25285
25273	4425,32386,4397,4451,6958,32356,32774,35186,1384,1530
25274	25272,25286,25282,25288,25291,25292,25296,25299,25308,25277
25275	25310,501,9983,25370,25374,25381,25382,25383,25384,25385
25276	11756,5236,10616,6962,30749,32355,13278,23717,49606,1434
25277	25282,25283,25291,25272,25280,25288,25292,25296,25308,28854
25278	30749,7024,40038,1366,5242,6976,7018,23718,25276,25279
25279	35186,4398,30749,32356,32782,40038,4425,4426,5236,25278
25280	25296,25291,25292,25288,25299,25308,28853,28855,28859,25277
25281	11756,25300,13119,23787,32355,49648,1434,6962,13278,33772
25282	25283,28850,25308,25292,25277,25284,25288,25274,25285,25293
25283	25282,28860,28850,28859,25277,28855,25285,25298,28849,28854
25284	25286,25289,25282,25296,25280,25288,25299,25274,48636,48652
25285	25272,25282,25283,25289,25274,25277,25288,25291,25292,25296
25286	25299,25284,28853,25293,25274,28847,28861,28848,28849,28856
25287	11757,1772,5314,7204,17649,1077,1382,1421,2572,7022
25288	25291,25308,25272,25280,25282,25292,25296,25274,25277,25284
25289	25284,25293,25285,25298,25301,25304,25306,30275,32671,40705
25290	6966,6958,11800,46031,6955,9461,12714,23717,23748,23778
25291	25272,28854,25280,25288,28850,25277,28847,25274,25298,48652
25292	25296,25280,25282,28860,25288,25299,25274,25277,28850,28855
25293	25286,25289,25308,25280,25282,25296,25298,25299,9391,25271
25294	9391,25286,25291,25293,48603,48607,48648,48652,235,362
25295	11142,28820,6991,10701,11139,13365,14823,17193,17218,39475
25296	25280,25272,25292,25299,28853,28855,28860,25284,25288,28854
25297	23737,25290,1364,1405,1797,3921,4451,5243,5869,6318
25298	25272,25283,25291,25293,25308,25286,25289,3719,6966,6991
25299	25286,25296,28853,25272,25280,25292,25308,28861,25274,25284
25300	49577,5236,13278,49606,5243,23769,32355,5249,6966,6976
25301	25277,25283,25286,25289,25305,25306,5243,6966,6991,7279
25302	6966,6991,7279,11800,16383,25268,25269,25270,25271,25272
25303	6966,6991,7279,11800,16383,25268,25269,25270,25271,25272
25304	25286,25288,25289,25299,25307,31275,6544,6966,6991,7019
25305	25277,25301,25306,6966,6991,7279,11800,16383,25268,25269
25306	36262,16479,25286,25289,25299,25301,25305,39485,1356,2249
25307	25277,25304,6966,6991,7279,7929,11800,16383,25268,25269
25308	25272,25282,25288,25293,25280,25299,28859,25274,25277,25298
25309	6966,6991,7279,11800,16383,25268,25269,25270,25271,25272
25310	25275,501,9983,25370,25374,25381,25382,25383,25384,25385
25311	3161,15610,4206,6697,8004,22199,22334,25791,30082,37981
25312	1657,1660,1659,1663,1708,1731,1686,1715,1718,25321
25313	39707,39678,39637,39633,39636,39684,16645,39704,39705,39720
25314	25324,25321,25323,25325,25334,25336,3161,25322,25338,25339
25315	25318,25322,25338,25339,25340,25337,25348,554,1129,1216
25316	25350,218,554,1022,1661,1685,1695,1778,1918,2324
25317	25325,25323,25338,25340,25337,554,1216,1658,1697,1707
25318	25315,25324,25321,25322,25323,25325,25334,25336,25338,25339
25319	1428,7712,8685,47441,1694,3390,6107,6117,7243,7789
25320	21787,554,570,979,1823,1881,1918,2630,3115,3801
25321	25312,25334,7667,15614,24264,25314,25323,9463,13016,13864
25322	25315,25336,25339,25312,25314,25318,25321,25324,554,1918
25323	25317,25314,25321,25324,25325,25318,25334,25336,25338,25340
25324	25336,25314,3161,25318,25323,25334,7342,25322,25337,25339
25325	25317,25314,25323,25334,25338,3161,25318,25337,25340,554
25326	22085,22089,22382,28112,437,1685,3903,4074,4159,4202
25327	18074,20856,27884,32991,1455,8501,8675,15234,17022,20829
25328	554,1918,4203,13460,15612,15614,15615,20607,21921,25312
25329	554,1918,4203,8122,8133,12633,13460,15612,15614,15615
25330	554,1918,4203,13460,15612,15614,15615,21921,25312,25313
25331	4196,25791,28109,4048,4103,4281,8615,10408,11536,11598
25332	26069,38270,6277,7639,9393,9828,13478,13621,14335,14391
25333	15614,554,1918,4203,13460,15610,15612,21921,25312,25313
25334	25321,25312,25314,25324,25325,25348,3161,25318,25323,554
25335	554,1918,4203,13460,15612,15614,15615,21921,25312,25313
25336	25324,25312,3161,25314,25322,25339,25318,25323,25337,25340
25337	33691,34039,39633,21843,25340,34025,34048,1357,2802,3412
25338	25315,25317,25325,25314,25318,25321,25323,554,1216,1658
25339	25315,25322,25336,25312,25314,25318,25321,25324,25348,107
25340	25315,25317,25337,13460,15615,25323,25324,25325,25336,554
25341	554,1918,4203,13460,15612,15614,15615,21921,25312,25313
25342	39720,3412,39631,39697,45511,6306,6710,7697,8042,9976
25343	47739,1392,47758,47766,554,1435,1511,1918,2860,4203
25344	47712,5803,15527,47713,47714,47717,47718,47722,47723,47728
25345	554,1918,2045,2093,4139,4201,4203,8529,10764,11018
25346	554,1918,4203,13460,15612,15614,15615,21921,25312,25313
25347	554,1918,4203,13460,15612,15614,15615,21921,25312,25313
25348	25334,25312,25314,25315,25318,25321,25324,25336,25339,554
25349	218,554,964,1125,1516,1553,1595,1647,1778,1918
25350	25316,218,554,1022,1661,1685,1695,1778,1918,2324
25351	8666,12639,29249,32391,33151,33443,47445
25352	8666,12639,25353,25354,25356,25357,25358,25360,25361,25364
25353	25352,25354,25355,25356,25357,25358,25359,25360,25361,25362
25354	25367,25357,25366,25352,25353,25355,25359,25362,25363,25364
25355	25368,25363,8666,12639,25353,25354,25356,25357,25358,25360
25356	25366,25352,25353,25355,25359,25362,25363,25364,25365,25368
25357	25354,25358,25360,25361,25367,25352,25353,25355,25359,25362
25358	25357,25366,25352,25353,25355,25359,25362,25363,25364,25365
25359	242,19,131,209,987,1020,1548,2413,2603,2686
25360	25357,25352,25353,25355,25359,25362,25363,25364,25365,25368
25361	25367,25357,25366,25352,25353,25355,25359,25362,25363,25364
25362	25365,25363,25368,8666,12639,25353,25354,25356,25357,25358
25363	25355,25362,25365,25368,8666,12639,25353,25354,25356,25357
25364	25352,25354,25355,25356,25357,25358,25359,25360,25361,25362
25365	25362,25363,8666,12639,25353,25354,25356,25357,25358,25360
25366	25354,25356,25358,25361,25367,25352,25353,25355,25357,25359
25367	25354,25361,25357,25366,25352,25353,25355,25359,25362,25363
25368	25355,25362,25363,8666,12639,25353,25354,25356,25357,25358
25369	25352,25353,25354,25355,25356,25357,25358,25359,25360,25361
25370	39982,40002,37973,17185,1973,1982,9983,12187,25275,25310
25371	337,351,501,562,1085,1100,1101,1129,1137,1937
25372	25400,40002,4527,40776,17267,25389,17180,17187,17278,31304
25373	501,25385,25391,25386,25390,25393,25375,25379,25400,25401
25374	25400,25401,39982,40002,17185,1973,1982,9983,25275,25310
25375	17266,25381,25385,25392,25393,25394,25376,25386,25373,25379
25376	25385,25394,25392,25391,25393,25390,25375,25396,39982,40002
25377	501,2410,4114,10052,14802,17266,21256,25372,25373,25374
25378	501,17266,25372,25373,25381,25394,25401,1392,4114,8319
25379	17266,25388,25399,25386,25391,25392,25373,25390,25393,25394
25380	1266,1289,1291,1294,1288,1305,1285,1311,1313,1270
25381	25375,25389,12187,17185,8319,25395,37999,38076,1973,1982
25382	25390,25386,25400,25401,25396,25389,39982,17185,37973,9983
25383	25394,25399,25390,25393,25396,39982,37973,40002,25389,25395
25384	501,25401,25396,25389,37973,39982,17185,40002,1973,1982
25385	25376,25373,25375,25400,25396,25389,39982,40002,37973,25395
25386	25382,25391,25392,25394,25373,25375,25379,25401,25400,25396
25387	37973,25396,39982,25389,17185,36091,1973,1982,8319,12187
25388	25379,25400,25401,25389,25396,39982,37973,17185,25395,40002
25389	17266,25372,25381,25382,25385,25387,25388,25390,25391,25373
25390	25382,25383,25376,25373,25379,25400,25389,25396,37973,39982
25391	25386,25373,25376,25379,25401,37973,25389,25396,39982,40002
25392	25399,25376,25386,25375,25379,25401,39982,40002,25396,31304
25393	25394,25383,25376,25373,25375,25379,25401,25396,25389,37973
25394	25383,25393,25376,25386,25375,25379,25396,37973,40002,12187
25395	17266,25375,25376,25379,25381,25382,25383,25385,25386,25387
25396	17266,25376,25382,25385,25387,25383,25384,25386,25388,25390
25397	25372,25376,25381,25383,25385,25387,25390,25394,17266,25374
25398	501,17266,25372,25373,25374,25381,25382,25384,25385,25387
25399	25392,25383,25379,25401,25400,39982,25395,37973,40002,9983
25400	17266,25372,25374,25382,25388,501,25385,25373,25390,25399
25401	17266,25374,25388,25391,25379,25382,25384,25386,25392,25399
25402	10490,1823,6051,8607,10240,26351,36120,46086,1085,1100
25403	25404,25405,25406,25407,25408,25409,25410,25411,25412,25413
25404	1823,8607,10240,14332,25412,25415,26351,30693,36120,46086
25405	25421,21873,439,25224,660,10236,13847,40814,19,242
25406	25403,25404,25405,25407,25408,25409,25410,25411,25412,25413
25407	25425,25426,25405,25410,25417,25428,1085,1100,1140,1689
25408	25405,25409,25410,25414,25403,25406,25407,25411,25413,25415
25409	25421,10382,29490,1085,3518,10318,12963,25195,31758,1879
25410	25407,25408,25426,25428,2544,3140,3149,19978,22968,24465
25411	25403,25404,25405,25406,25407,25408,25409,25410,25412,25413
25412	25404,25413,2544,20031,22968,24465,25403,25405,25406,25407
25413	10490,25412,25414,25421,20031,25403,25404,25405,25406,25408
25414	25408,25413,1404,1797,1823,1913,2413,2501,2502,2528
25415	25404,25405,25421,998,1140,1823,2662,6021,8607,10236
25416	25424,25403,25404,25405,25406,25407,25408,25409,25410,25411
25417	25407,25425,1085,1100,1140,1689,1823,2901,3518,3714
25418	25420,25427,25429,25403,25404,25405,25406,25407,25408,25409
25419	25403,25404,25405,25406,25407,25408,25409,25410,25411,25412
25420	25418,25427,25403,25404,25405,25406,25407,25408,25409,25410
25421	25405,25409,40814,439,21873,25224,37026,19,660,1113
25422	25403,25404,25405,25406,25407,25408,25409,25410,25411,25412
25423	25403,25404,25405,25406,25407,25408,25409,25410,25411,25412
25424	25416,25403,25404,25405,25406,25407,25408,25409,25410,25411
25425	25407,25405,25417,25426,1085,1100,1140,1689,1823,2554
25426	25407,25405,25410,25425,25428,2554,3437,10468,25403,25404
25427	25418,25420,25429,25403,25404,25405,25406,25407,25408,25409
25428	25407,25410,25426,25403,25404,25405,25406,25408,25409,25411
25429	25418,25427,25403,25404,25405,25406,25407,25408,25409,25410
25430	25403,25404,25405,25406,25407,25408,25409,25410,25411,25412
25431	
25432	
25433	36186,36195,36196,29110,36199,36201,36202,29112,29078,29102
25434	25449,25455,25453,36195,25456,25463,25462,25466,25445,25446
25435	25451,25443,25453,25456,25463,25445,25446,25454,25459,25464
25436	25437,25440,25443,25444,25445,25446,25447,25449,25450,25451
25437	36186,36196,36201,36202,29110,25439,25470,29112,25468,29078
25438	4622,4625,4627,4639,20631,25434,25435,25436,25437,25439
25439	25437,25444,25449,25455,25440,25443,25446,25456,25463,25445
25440	25464,25466,29110,20644,25470,25471,25439,25468,29112,20631
25441	20500,42604,562,582,614,3003,5085,7350,7638,10501
25442	25473,25455,11903,25437,25439,25440,25443,25444,25445,25446
25443	25446,25463,25435,25459,25462,36186,25445,36201,36202,29110
25444	36195,36196,29110,36201,36202,25439,29112,25468,25471,20631
25445	25456,25443,25451,25463,25435,25454,25459,25434,25448,25462
25446	25443,25451,25459,25435,25462,25448,25434,25464,25466,36186
25447	36195,29110,25470,20644,25468,25471,29078,29102,20631,25460
25448	25450,25449,25453,25456,25446,25445,25454,25459,25464,25466
25449	25434,25448,25462,36186,36196,36199,25439,25452,29110,29112
25450	25469,25448,25454,25459,25462,25464,20644,25452,29117,29118
25451	25435,25446,25445,25454,25459,25464,20644,29117,36199,25452
25452	25446,25449,25450,25453,25455,25469,25434,25435,25443,25448
25453	25434,25448,25435,25464,36201,36202,36199,25452,25471,20631
25454	25450,25456,25469,25451,25463,25445,25434,25435,25448,25462
25455	25434,25466,36186,36195,36196,25439,25452,36201,36202,25468
25456	25445,25448,25454,25435,25434,25466,25464,36195,36186,36196
25457	25460,20631,25434,25437,25440,25444,25447,25448,25449,25450
25458	8957,11903,11914,11916,25436,25453,25461,25467,6166,8947
25459	25443,25446,25450,25451,25469,25462,25445,25435,25448,25466
25460	25440,25447,25437,25444,25448,25451,25453,25455,25456,25457
25461	25467,25455,25437,25439,25440,25443,25444,25445,25446,25447
25462	25443,25449,25450,25469,25446,25459,25434,25445,25454,25466
25463	25469,25443,25435,25445,25454,25434,25466,25464,36199,25470
25464	25453,25440,25456,25446,25450,25451,25463,25469,25435,25445
25465	14391,5986,5995,7282,9950,10801,10814,11181,11207,12328
25466	25440,25455,25456,25469,25434,25463,25445,25446,25454,25435
25467	25461,25455,25437,25439,25440,25443,25444,25445,25446,25447
25468	25437,25440,25444,25447,25455,25453,25456,25470,25434,25435
25469	25450,25463,25454,25462,25459,25466,25464,20644,25452,36199
25470	25437,25440,25447,25463,25435,25443,25453,25456,25469,25434
25471	25440,25453,25443,25444,25446,25447,25450,25451,25459,25463
25472	20631,25434,25435,25436,25437,25438,25439,25440,25441,25442
25473	25442,25455,25437,25439,25440,25443,25444,25445,25446,25447
25474	5086,22049,138,352,366,576,690,710,1196,1220
25475	38646,38630,38655,38657,38665,38670,38634,38664,38668,38669
25476	21948,12715,562,1216,2554,10500,13400,16350,22338,26425
25477	25476,457,2864,2917,4717,5033,5061,5231,5670,5928
25478	14514,25475,25476,25477,25479,25480,25481,25482,25483,25484
25479	546,618,2714,2722,2802,3347,3358,3947,3964,4036
25480	14514,25475,25476,25477,25478,25479,25481,25482,25483,25484
25481	188,14514,21417,25475,25476,25477,25478,25479,25480,25482
25482	5971,7611,7630,10504,11877,11881,13619,14346,14931,15715
25483	4210,10801,11249,14324,14406,14413,14424,14514,22398,24064
25484	14514,25475,25476,25477,25478,25479,25480,25481,25482,25483
25485	14514,25475,25476,25477,25478,25479,25480,25481,25482,25483
25486	14514,25475,25476,25477,25478,25479,25481,25482,25483,25484
25487	23958,2693,4264,18118,21141,27711,33979,35099,42413,362
25488	10842,20070,22069,25496,25502,25511,25512,25528,25535,27840
25489	15989,25491,26356,32,90,727,770,778,887,1301
25490	10500,5960,10479,11569,12714,22049,24251,24261,25807,30712
25491	24064,20058,45545,18803,20060,22639,23471,39396,45493,27907
25492	21917,21934,14997,16339,22395,25517,25789,27911,38203,42413
25493	25498,27127,1613,4742,5933,6216,10498,10500,10723,16339
25494	2693,25515,22234,25496,25528,25535,3003,3024,3360,4646
25495	20050,42443,45545,12714,3430,18385,25500,42413,42432,42507
25496	35099,22069,25488,25494,25520,25535,9774,14561,15757,15761
25497	3960,14918,4068,7450,11550,42766,223,2388,4198,4264
25498	223,25493,25500,25504,25505,27127,36,222,229,662
25499	16339,21732,22069,22160,25488,25489,25490,25491,25492,25493
25500	12714,38203,18385,20050,25495,25516,42468,45438,338,536
25501	16339,21732,22069,22160,25488,25489,25490,25491,25492,25493
25502	22069,25512,25488,25511,25518,2637,16339,21732,22160,25489
25503	16339,21732,22069,22160,25488,25489,25490,25491,25492,25493
25504	25498,25505,25516,3698,3950,4139,5097,9391,13015,13062
25505	45870,6195,6204,25498,25504,43456,45678,48840,49088,79
25506	25516,20050,42429,42422,42423,42490,42416,42433,42436,42439
25507	4295,4153,10407,12401,22163,22165,22198,25509,25525,29380
25508	16339,21732,22069,22160,25488,25489,25490,25491,25492,25493
25509	25507,25525,25528,25832,16339,21732,22069,22160,25488,25489
25510	22069,25518,25528,9774,15757,15761,16339,21732,22160,25488
25511	22069,25488,25502,25518,2693,16339,21732,22160,22234,25489
25512	22069,25502,25488,25518,364,372,1216,2554,2637,3450
25513	23476,25906,4104,4122,6653,6882,8156,8274,10469,10671
25514	3971,22195,4289,4295,10987,22090,22098,22141,1137,7254
25515	25494,25518,25528,9839,9944,11878,13267,13430,14271,14318
25516	25506,42424,42429,23182,42422,42423,42436,42439,42442,5097
25517	4246,16339,20050,25492,25500,25506,25533,30864,42413,362
25518	25515,22069,25490,25495,25502,25510,25511,25512,25520,554
25519	16339,21732,22069,22160,25488,25489,25490,25491,25492,25493
25520	14938,25496,25518,1137,2346,4106,4163,5089,5463,6802
25521	16339,21732,22069,22160,25488,25489,25490,25491,25492,25493
25522	22303,22241,22305,22846,2862,3322,3332,3365,3368,3375
25523	16339,21732,22069,22160,25488,25489,25490,25491,25492,25493
25524	168,204,1186,1664,1667,1670,1673,1679,1687,1688
25525	25507,25509,25528,25832,123,434,659,1388,3041,3463
25526	12333,3518,7240,9386,13604,15064,18080,22866,25791,29597
25527	15989,23471,20058,27907,45427,42712,45383,45453,3430,22633
25528	25515,25488,25494,25507,25509,25510,25525,25530,25535,2798
25529	9553,25506,25516,3857,3929,3931,4845,5097,5112,6140
25530	25528,25775,1137,2346,4163,5463,6802,7611,8530,11018
25531	9927,11246,25527,41697,45501,3842,8185,14318,18118,22377
25532	19012,1084,15314,23510,23690,25222,25256,34471,35207,35613
25533	352,2084,3931,4069,4205,10987,16339,16425,21618,21872
25534	3798,11553,11582,14231,14495,14621,16339,16433,19786,21732
25535	25488,25494,25496,25528,557,2281,14561,15757,16339,17495
25536	16339,21732,22069,22160,25488,25489,25490,25491,25492,25493
25537	25647,25642,25688,8169,25633,25640,23112,23118,25635,25649
25538	25564,15072,15076,25541,25556,25557,25589,25602,25611,3541
25539	25615,25547,25609,25624,25564,25571,25572,25573,25577,25586
25540	24147,347,622,972,1967,3748,4048,4112,5089,5931
25541	25566,8169,23111,23116,25538,25545,25556,25565,25567,25583
25542	47099,47124,25635,25660,47051,47077,47102,47130,47144,25547
25543	15692,48498,362,557,1405,2100,2331,2540,4112,4139
25544	4112,10719,15072,15076,23111,23121,23127,25538,25539,25540
25545	23112,25597,23109,25604,23114,25565,25627,23119,25558,25572
25546	23121,25556,25561,25573,25615,3153,23127,25539,25549,25558
25547	25647,25608,25605,25556,25572,25635,25660,25571,15072,15076
25548	25552,25573,3184,25560,25568,25585,25588,25594,25599,25601
25549	23121,23127,25539,25546,25558,25565,25571,25573,25577,25586
25550	19978,242,1678,2557,2561,2565,3150,4112,6784,7789
25551	25561,23121,23127,25611,23118,25562,25597,25603,25604,25633
25552	25548,3141,3184,25560,25568,25573,25577,25588,25594,25598
25553	23121,25603,23127,25597,25604,25651,23112,23114,23118,25558
25554	25558,20869,223,2773,4069,4101,4112,5265,5444,5562
25555	10719,4112,7630,10435,11187,15072,15076,23111,23121,23127
25556	25566,25567,25615,25589,25649,25547,25581,25591,25616,25642
25557	25624,25609,15072,15076,25556,25563,25567,25575,25581,25589
25558	15072,15076,23127,25565,25586,25609,25615,25624,25627,25635
25559	25557,25563,25564,25575,25581,25609,25615,25616,25617,25624
25560	25542,202,546,11357,14304,21215,22335,25548,25552,25558
25561	25633,23118,23127,23121,25551,23109,25546,25556,25558,25569
25562	23111,23121,23127,25551,25553,25561,25603,25611,541,2864
25563	25608,25617,25575,25624,15072,15076,25615,25688,25557,25558
25564	25647,25602,25615,25616,8169,25641,25572,25586,25587,25603
25565	20966,21001,21008,21011,20970,21036,20980,21038,20992,21006
25566	25556,25602,25589,25615,25591,25607,25609,25570,25575,25577
25567	15072,25556,25586,15076,25602,25609,25635,25575,25615,25558
25568	25548,25552,25560,25573,25585,25586,25588,25594,25595,25599
25569	25561,23111,23127,25603,25604,4112,10719,12957,15072,15076
25570	25589,25566,25607,25608,25624,15076,25556,25558,25577,25581
25571	15072,15076,25609,25547,25556,25616,25558,25565,25566,25567
25572	25647,25616,25547,25564,25605,25608,25612,25627,23111,25556
25573	25572,25539,25546,25548,25577,25615,25627,15072,15076,23121
25574	25642,15072,15076,23111,23121,25545,25553,25558,25563,25564
25575	25608,25688,25563,25566,25567,25615,25616,25640,15072,15076
25576	25578,15072,15076,25542,25557,25561,25564,25571,25574,25583
25577	25615,25608,25556,25566,25581,25589,25591,25607,25624,25558
25578	25576,25542,25557,25561,25574,25583,25609,25615,25624,25660
25579	25583,25577,25585,25599,25610,25620,25677,25683,503,3134
25580	4112,10719,15072,15076,23111,23121,23127,25538,25539,25540
25581	25609,25556,25615,25566,25577,25607,25617,25624,25589,25591
25582	25615,25584,4112,10719,15072,15076,23111,23121,23127,24948
25583	25579,25577,25598,25541,25574,25576,25578,25610,25613,30909
25584	25615,25616,7204,8164,8191,15072,15076,25566,25567,25570
25585	25599,25548,25560,25568,25573,25579,25588,25594,25601,25610
25586	25567,15072,15076,25624,25635,25608,25558,25564,25589,25609
25587	25564,25547,25577,25581,25609,25616,25539,25556,25575,25608
25588	15072,15076,25548,25552,25560,25564,25568,25571,25573,25576
25589	25566,25607,25556,25608,25570,25624,25565,25577,25586,25591
25590	4112,10719,15072,15076,23111,23121,23127,25538,25539,25540
25591	25556,25566,25602,25577,25589,25647,25565,25567,25581,25607
25592	4112,10719,15072,15076,23111,23121,23127,25538,25539,25540
25593	48688,48709,48687,48732,3141,3147,3152,25586,26112,48710
25594	25599,25548,25552,25560,25568,25573,25585,25588,25601,3184
25595	25586,25558,25568,25618,3150,4112,10719,15072,15076,20016
25596	25614,25617,4112,10719,15072,15076,23111,23121,23127,25538
25597	25545,25565,23109,23121,23114,25607,25627,23119,23122,25553
25598	25583,25552,3141,4112,10719,11833,11835,11840,15072,15076
25599	25585,25594,25610,25548,25560,25568,25573,25579,25588,25601
25600	15072,15076,25624,25640,25647,8169,23118,25556,25649,25557
25601	25548,25552,25560,25561,25565,25568,25573,25585,25588,25594
25602	25566,25647,25564,25608,25615,25567,25591,25589,25572,25575
25603	23111,25564,15072,15076,23118,23121,25553,25616,25633,25686
25604	25545,25565,23127,25566,25589,25608,25633,23109,23114,23116
25605	25547,25572,25608,25647,25564,25612,25617,25635,25539,25542
25606	4112,10719,15072,15076,23111,23121,23127,25538,25539,25540
25607	25589,25566,25608,25556,25577,25581,25565,25567,25570,25591
25608	25547,25602,25640,25563,25589,25660,25575,25577,25586,25607
25609	25624,25635,15072,15076,25581,25566,25567,25571,25558,25586
25610	25599,25579,25583,25585,25613,3134,3143,3145,3147,3148
25611	23111,23127,25551,25597,25604,23112,23114,23121,25538,25556
25612	25572,25616,25547,25605,25608,25647,25556,25564,25566,25602
25613	25661,25681,25564,15072,15076,25547,25548,25561,25571,25576
25614	25596,25617,4112,10719,15072,15076,23111,23121,23127,25538
25615	25655,25556,25564,25566,25602,25577,25581,25539,25558,25567
25616	25647,25564,25572,25556,25665,15072,15076,25571,25575,25612
25617	25563,25624,25581,25608,25615,25556,25577,25605,25647,25557
25618	25566,3210,23118,24880,25539,25556,25567,25568,25570,25584
25619	30812,222,2997,3523,3819,4080,4092,4112,6277,6830
25620	25571,25678,25683,15072,15076,23121,23127,25539,25546,25549
25621	25539,25547,25564,25571,25575,25587,25609,25616,4112,7579
25622	15072,15076,25558,25563,25564,25574,25575,25586,25602,25608
25623	23111,25545,25565,25572,25597,25627,23112,23127,25553,25558
25624	25609,15072,15076,25586,25655,25589,25617,25630,25649,25660
25625	25647,25635,15072,15076,25547,25616,25662,25539,25542,25572
25626	4112,10719,15072,15076,23111,23121,23127,25538,25539,25540
25627	23111,23127,25558,25572,25647,15072,25545,25565,25597,25635
25628	5689,5700,5704,5711,5713,5720,5724,5726,5731,21628
25629	25609,25616,25624,15072,15076,25542,25557,25559,25563,25564
25630	25624,25564,25586,15072,15076,25558,25608,25609,25640,25641
25631	25537,25564,25556,25566,25577,25589,25607,25608,25615,25642
25632	25566,25567,25586,25589,25624,25635,25556,25607,25609,25633
25633	25537,25670,25561,23121,25660,25665,25624,23109,25556,25602
25634	25660,25615,25635,25636,25656,25688,25542,25547,25558,25565
25635	25537,25609,25688,15072,15076,25586,25547,25567,25649,25542
25636	25615,25665,25616,25556,25566,25572,25608,25634,25640,25654
25637	25537,25688,15072,15076,25571,25608,25656,25547,25556,25566
25638	25609,25615,25616,25624,25655,25537,25539,25547,25564,25572
25639	25537,25547,25572,25605,25608,25612,25616,25635,25637,25647
25640	25537,25689,15072,15076,25608,8169,25649,25558,25575,25600
25641	25647,25537,25564,25608,25624,25589,25630,25635,25689,8169
25642	25537,25556,15072,15076,25564,25635,25688,23111,25640,25649
25643	23112,23118,23111,23127,25537,25561,25642,25647,25652,25686
25644	8169,15072,15076,23118,24948,25537,25557,25564,25567,25586
25645	25605,25624,25625,25635,25647,25655,25660,25688
25646	8169,25537,25541,25556,25566,25602,25640,25647,3134,3142
25647	25537,25564,25602,25547,25616,25572,8169,25641,25625,25662
25648	13015,14361,23111,23112,23118,23127,25545,25558,25565,25572
25649	25537,25556,25624,25635,25640,25660,25564,25589,25600,25609
25650	28437,23111,25537,25545,25642,28385,28388,28403,28409,28410
25651	25553,23121,28385,28393,28407,28409,28410,28411,28418,28419
25652	23111,23112,12957,23116,23127,25537,25545,25565,25604,25643
25653	25537,25547,25605,25608,25615,25635,25647,25655,25688,8169
25654	25556,25566,25608,25615,25636,25640,8169,9553,25567,25572
25655	25615,25624,25537,25609,25656,25673,25572,25633,25662,25539
25656	25667,25655,23447,25572,25608,25624,25637,25662,25673,25688
25657	25572,25616,25624,25647,25656,25662,25665,15072,15076,25537
25658	3142,14867
25659	25635,25537,25624,25660,25688,15072,15076,25542,25547,25572
25660	25537,25608,25547,25624,25633,25649,25688,25542,25634,25670
25661	25613,25537,25642,25681,5730,13515,15072,15076,18162,18168
25662	25647,25616,15072,15076,25624,25625,25655,25656,25537,25566
25663	15072,15076,25542,25556,25558,25565,25566,25567,25571,25575
25664	25625,25537,25539,25573,25615,25633,25647,25655,25665,815
25665	25616,25633,25636,25608,25624,25649,25670,25673,25688,15072
25666	15072,15076,25542,25556,25558,25565,25566,25567,25571,25575
25667	25656,25635,25647,25572,25625,25627,25642,25662,579,7637
25668	1230,3283,15070,15072,16693,16816,18050,25537,25556,25564
25669	25670,23109,23111,23119,25537,25545,25602,25627,25633,25671
25670	25633,25537,25660,25556,25602,25624,25665,15072,15076,23109
25671	23109,23111,23119,25537,25545,25642,25669,25670,3142,7322
25672	25609,25624,25665,25673,25688,15072,15076,25537,25542,25575
25673	25655,25537,25609,25624,25635,25656,25665,25688,15072,15076
25674	25537,25542,25557,25561,25576,25578,25609,25615,25624,25633
25675	25575,25609,25615,25624,25655,25665,25672,25673,25688,10709
25676	25537,25556,25566,25577,25581,25589,25591,25607,25608,15070
25677	25537,25577,25557,25563,25575,25579,25581,25609,25617,25624
25678	25537,25620,25683,30822,47878,47890,47893,47895,47897,47900
25679	25537,23111,23112,25603,25604,25686,8511,12957,23114,23116
25680	25537,25547,25556,25564,25571,25581,25587,25609,25616
25681	25613,25537,3184,25548,25552,25564,25588,25661,15072,15076
25682	
25683	25620,25678,25537,25579,25677,14976,15072,15076,20730,25552
25684	10709,10732,25537,25557,25559,25563,25564,25575,25581,25609
25685	6919,6950,15072,15076,21972,25537,25547,25556,25557,25558
25686	25537,23111,23118,25603,25633,25690,23116,25643,25679,8511
25687	8671,9605,22353,31818,35435,186,285,482,483,594
25688	25537,25635,25575,25608,25660,25637,25642,15072,15076,25542
25689	25537,25640,25608,15072,15076,25647,25575,25635,25641,8169
25690	23111,25564,25566,25567,25597,25604,25633,25686,23109,23116
25691	16274,578,5114,5960,28254,31269,33749,36559,40810,547
25692	
25693	13506,522,523,524,526,527,531,534,536,537
25694	12950,13287,15072,23118,23121,25597,25607,25627,48043,48052
25695	131,25696,25698,25700,25703,25704,25706,25707,25708,25709
25696	131,25695,25698,25700,25703,25704,25706,25707,25708,25709
25697	128,25734,25739,89,95,100,131,151,226,242
25698	131,25703,25708,15531,18857,25695,25696,25704,25706,25707
25699	25722,25743,95,21252,25737,33269,33621,100,128,181
25700	25716,131,21252,25695,25696,25703,25704,25706,25707,25708
25701	125,0,12,16,18,28,38,95,100,128
25702	95,100,128,131,182,226,245,1019,1034,1052
25703	25698,131,25695,25696,25700,25704,25706,25707,25708,25709
25704	25722,131,23034,25695,25696,25698,25700,25703,25709,25711
25705	8685,161,218,544,1516,1778,2953,5387,6233,7759
25706	131,25695,25696,25698,25700,25703,25709,25711,25716,25737
25707	25715,25717,25722,131,25695,25696,25698,25700,25703,25709
25708	25712,25715,25717,131,25698,25695,25696,25700,25703,25709
25709	131,25695,25696,25698,25700,25703,25704,25706,25707,25708
25710	11843,18857,25733,25746,30305,13,32,90,92,95
25711	131,25695,25696,25698,25700,25703,25704,25706,25707,25708
25712	25708,95,131,25695,25696,25698,25700,25703,25709,25711
25713	131,25731,25698,25708,25722,95,100,128,185,226
25714	95,100,128,131,226,245,1809,3250,6174,12678
25715	25707,25717,25708,25722,131,25695,25696,25698,25700,25703
25716	25700,131,21252,25695,25696,25703,25704,25706,25707,25708
25717	25707,25715,25708,131,9565,22943,22995,25695,25696,25698
25718	576,503,3250,5956,6017,12561,13306,14441,18366,22495
25719	100,128,4069,11879,20590,25730,16,31,38,95
25720	121,125,20565,25736,25740,142,6157,9172,12249,42716
25721	95,100,128,131,226,245,1809,3250,6174,12678
25722	25699,25704,25707,25715,131,25708,25713,25731,95,100
25723	95,100,128,131,226,245,1809,3250,6174,12678
25724	2773,22638,100,2617,6169,6185,6187,13166,19033,19107
25725	95,100,128,131,133,145,164,226,245,1809
25726	22707,1841,2188,18591,27888,42713,43711,22846,27381,42693
25727	95,150,12585,20016,25724,25736,44504,83,100,125
25728	35915,35928,1371,35893,35895,35899,13131,14976,23443,35890
25729	13475,95,98,100,128,131,226,245,579,1809
25730	121,142,7284,7470,7485,20590,17,95,2196,2282
25731	131,25713,25698,25708,25722,95,100,128,185,226
25732	95,100,128,131,226,245,1809,3250,5498,6174
25733	31375,31356,31368,2181,4484,17252,21252,25744,31353,31365
25734	20533,20599,25730,95,128,142,20590,25697,25720,25740
25735	95,100,128,131,226,245,1809,3250,6174,12678
25736	44454,7485,28913,44504,125,2196,7470,7480,25720,42704
25737	25743,95,25699,25706,25712,25717,100,128,226,245
25738	95,100,128,131,226,245,1809,3250,6174,12678
25739	95,3250,6159,6163,6198,17935,19185,20599,25697,25724
25740	95,25720,125,128,6194,19033,19107,20533,20599,24813
25741	25744,9872,12513,12561,13669,18819,18835,21252,23381,23422
25742	17911,17935,2204,9874,18566,18806,20472,41802,95,100
25743	25699,25737,95,21252,25700,25704,25706,25707,25716,96
25744	2181,21252,25733,25741,3250,4279,29181,31349,31401,31409
25745	25720,40610,31,32,88,92,95,100,123,125
25746	25710,13,95,100,110,128,131,183,186,226
25747	16007,25872,30125,25864,4295,7651,30862,4048,25823,25866
25748	25779,25759,25866,3023,18080,25807,25858,3525,5547,16007
25749	7611,7638,7644,20845,7635,9045,20844,22866,25769,25795
25750	7566,25824,23333,25801,25807,25814,7549,7635,7644,7675
25751	44981,9043,9080,25754,9070,25793,25795,3238,3931,7173
25752	25759,25762,3752,4288,7612,25779,25788,25864,43730,7635
25753	9060,25778,9043,9052,9070,25769,25795,25799,3238,7635
25754	10987,25822,25791,3238,4295,11645,22623,25785,25801,25804
25755	3238,5071,7173,7181,7549,7612,7635,7644,7902,9045
25756	43745,43755,43791,43813,25750,25785,27091,43695,43699,43717
25757	7644,25764,25807,25841,30862,523,622,1043,3238,4171
25758	9080,16007,44982,9060,44976,9043,25778,25831,44977,44980
25759	25779,25866,25861,25748,43730,12064,20845,25752,25769,25801
25760	3238,7635,7644,9045,9060,13486,14778,14931,16394,20845
25761	541,3937,5072,5078,9045,13408,15297,25780,25807,25815
25762	25752,25801,3238,7635,25759,25779,3752,25763,25764,25806
25763	7549,25762,25872,25897,25916,26499,455,5071,5080,7173
25764	30862,23447,7549,7635,25795,25823,535,3238,7644,14778
25765	8986,8987,5071,8993,9004,25752,25801,546,590,1456
25766	7549,7612,25864,10500,16007,25814,7644,11660,25759,25785
25767	7611,7612,25803,7549,7635,10469,25749,25764,25766,25786
25768	20845,4048,4289,27866,4069,4166,3971,4011,22090,3958
25769	25759,25779,25822,25897,7635,9045,9060,10987,12064,13206
25770	3238,5071,7173,7181,7549,7612,7635,7644,7902,9045
25771	20845,3958,4048,4101,4297,10675,16215,22152,25768,25791
25772	16007,14398,25789,25791,25796,30125,3702,7242,7246,7549
25773	3238,5071,7173,7181,7549,7612,7635,7644,7902,9045
25774	7635,7644,25752,25788,25801,11660,23381,25759,25762,25766
25775	1137,25530,1393,1417,3238,4092,4717,5071,7173,7181
25776	20845,25748,25754,25759,25779,9060,9957,12348,20852,25752
25777	198,1376,3238,4516,4736,5071,5901,5903,6632,6658
25778	9060,25753,9045,9053,25758,25769,3238,7635,7644,9070
25779	25866,25759,25748,7599,12064,20845,25974,25769,25788,25809
25780	25807,30862,3238,7612,7635,7644,9045,9060,11657,13486
25781	7612,25897,25938,25974,3238,5071,9060,12048,12348,20569
25782	7549,12044,5071,7612,7679,25759,25766,25781,25784,25785
25783	7595,12043,25801,25807,25819,25823,7635,10500,11660,25750
25784	7549,25788,564,7612,7635,7644,12043,25752,25759,25766
25785	25974,25754,25759,25766,25779,25819,25866,25903,7644,10469
25786	28257,12043,25807,28264,7549,7611,7635,11660,25803,25819
25787	10500,25814,7612,25788,30318,30329,30351,30362,30367,30369
25788	25864,7635,30862,7612,25790,25807,25814,7595,23447,25759
25789	25748,25772,7612,7644,9045,14335,14931,14997,15799,16007
25790	25819,25788,25814,7549,25759,25807,4048,7644,12043,12048
25791	4069,3971,12403,22158,25822,4163,4289,16215,16240,20845
25792	3238,5071,7173,7181,7549,7612,7635,7644,7902,9045
25793	6255,28563,4234,5975,6221,6250,6272,31122,4281,6228
25794	25808,660,7549,7611,7644,8685,25748,25749,25763,25809
25795	7644,7549,7611,7635,7651,25764,25801,25807,30125,4048
25796	7677,7549,14778,24381,25772,45999,7667,7994,11660,12320
25797	25816,3238,7635,7644,9045,9060,13486,14778,14931,16394
25798	2802,5071,7549,20845,20847,20852,21284,22235,25791,25806
25799	9045,9047,9060,25753,25769,3238,7635,7644,9053,13486
25800	7549,12043,25807,25819,7635,10500,11660,25750,25759,25766
25801	25823,25807,30125,7549,7635,12043,22192,25759,562,7566
25802	9060,20847,25748,25751,25753,25754,25758,25784,25795,25807
25803	7612,30125,7635,7611,7644,23333,25790,25807,25814,25819
25804	25822,25867,4264,3971,4163,4289,25754,4295,10987,3931
25805	7612,25801,25819,7549,7637,9045,12043,25766,30716,1301
25806	14931,25811,5071,7611,10469,15983,22623,25864,562,5080
25807	7635,7549,7611,10500,12043,20845,25801,25814,11660,23447
25808	25759,25866,25858,455,4288,7549,7638,7644,10380,15297
25809	20845,20844,4289,12401,22141,22198,25779,25788,3702,4206
25810	5071,12044,22069,22075,25806,25811,26358,351,362,366
25811	25801,25806,5071,5080,7635,12044,25750,25759,25779,25783
25812	23447,7635,23465,25759,25788,7612,7644,25752,25779,25803
25813	4048,4296,7549,7612,11018,11357,20845,22177,25754,25787
25814	25807,25819,25788,25790,25823,7549,25766,25801,25824,30125
25815	10240,14931,22853,25754,25764,25793,25809,1685,2996,3238
25816	25797,138,3238,7635,7644,9045,9060,10987,13486,14778
25817	20793,25864,30125,7646,15297,25748,25766,25779,25788,25918
25818	25788,25807,30130,3937,7549,7612,7635,7644,7651,9045
25819	25790,25823,25814,12043,7599,7644,11660,16007,25759,25801
25820	7635,30125,14757,25788,25807,30862,7651,14778,25817,25845
25821	2829,3238,5071,7173,7181,7549,7612,7635,7644,7902
25822	25804,12403,25791,3971,25754,4279,10987,11018,20844,22158
25823	25747,25801,25824,25819,7612,43831,10500,12043,25814,26395
25824	25823,7549,10500,25926,12229,25750,25814,30124,30716,45999
25825	3549,7022,7266,7635,8122,8190,11320,12714,23737,48609
25826	4101,4295,10314,3360,3906,3920,3948,3986,4011,4048
25827	9047,9053,9060,9070,25751,25753,25795,3238,4171,4325
25828	366,375,569,616,617,1186,2618,2681,2687,2820
25829	10532,25823,535,7644,9045,13218,13681,14344,14544,14757
25830	22043,562,2841,7611,12195,13246,14264,14309,16350,18436
25831	16007,9045,25747,44976,9053,25758,44979,44982,9043,25799
25832	14365,15064,25487,25507,25509,25525,36582,229,1078,1180
25833	6405,6782,7379,8013,8024,8029,8401,8817,8820,8823
25834	12248,7549,7667,12026,12051,12344,14616,25186,40615,44426
25835	25929,25930,6428,25836,2993,3238,10987,13263,13473,20844
25836	4048,4159,4295,6428,16007,22152,22178,25929,25930,27866
25837	20793,23178,23447,25747,579,7611,7677,13676,14335,14398
25838	25747,7677,29887,7635,7651,7667,14335,14778,23346,25795
25839	2785,7612,14398,25747,25864,25872,25975,30125,30862,396
25840	4046,4070,18511,22158,3971,4101,4189,4707,13276,20844
25841	6306,17880,20473,25757,25866,523,622,1043,4048,4171
25842	3479,3948,4059,4188,4198,4208,4220,4264,4296,10307
25843	14969,25326,30328,161,319,354,375,1489,1536,1613
25844	7549,10500,15761,25748,25769,25858,25887,25897,522,564
25845	23447,25747,25788,25795,25807,25820,25823,25824,30862,42866
25846	15087,21930,27527,351,405,638,2342,2786,3684,3727
25847	20793,43730,9507,13528,25747,25759,25891,25909,46616,79
25848	140,198,1680,2770,3099,6452,6544,6600,6994,8283
25849	2423,2557,2558,4124,4135,5928,6918,7983,7994,8003
25850	23422,34038,34050,27478,27535,33687,33696,34039,34048,34076
25851	25747,25866,7602,25779,4046,5231,22049,25759,25861,25905
25852	3023,570,979,1823,2630,3801,3850,5218,5320,6362
25853	1550,1578,1630,5179,17026,18086,22506,29229,41417,48142
25854	3238,3376,7635,7644,7672,8193,9045,9047,9053,9060
25855	25902,3023,10500,25747,25801,25807,25872,25995,26499,42860
25856	4234,7635,12048,14757,20500,25788,25823,25892,30862,535
25857	3931,9242,1137,2181,3463,3926,3948,4264,4289,7177
25858	25905,25748,7549,7611,25747,25759,25808,25866,25872,10500
25859	5071,8457,562,3938,6984,9950,17371,21305,25798,25897
25860	25903,25902,25907,25899,25938,26499,7602,25747,25754,25866
25861	25759,25779,25866,25974,25747,25748,25750,25752,25785,25811
25862	
25863	2827,25747,7611,9920,12048,25866,26499,4025,4717,5062
25864	25747,7612,7644,25788,4048,16007,25866,30750,47610,14335
25865	30124,7549,26499,7611,25897,25902,25903,455,622,4048
25866	25779,25747,25759,25864,25748,30125,30862,7599,25808,25851
25867	25804,25822,3971,4264,20820,35064,35078,35080,35082,35092
25868	
25869	2827,4717,20567,1216,2864,7994,9453,10536,10801,14301
25870	7599,8514,12048,14757,25747,25785,25788,25860,25866,25897
25871	338,6260,6809,6821,7549,7602,7679,9507,10500,10723
25872	25747,7549,30125,7611,25974,25975,26499,4295,21948,25819
25873	3541,22234,30826,535,5071,10732,14757,22075,25747,25819
25874	364,588,622,1113,1216,1637,1652,2841,3560,3721
25875	457,624,1637,2413,3937,4161,6260,7246,11456,13246
25876	25747
25877	1660,1668,1731,1823,1897,1904,2287,4396,4424,4428
25878	3541,11208,11214,25967,30753,541,2017,2092,2101,2786
25879	30328,161,319,336,987,1613,2034,2058,2922,3400
25880	5071,21215,25866,25921,455,577,2092,2099,2841,3685
25881	5071,7549,25866,25897,25949,30750,338,564,2421,2921
25882	4288,7611,25747,25808,25858,25863,26499,27521,33696,34084
25883	12714,20844,25884,27913,28122,35895,40489,42571,45290,211
25884	25902,25747,7611,20844,25860,25906,25938,20820,25781,25891
25885	7644,7675,25747,8783,10500,12046,16269,25866,25872,25903
25886	
25887	25897,25974,25769,25844,25915,43730,564,2975,3023,3305
25888	20852,20845,2074,2092,4101,4264,4283,4295,5960,11003
25889	25747,25810
25890	12714,17238,26372,131,223,624,811,1201,1393,2287
25891	7549,25747,30125,4046,10392,25860,25863,25866,25872,25884
25892	4231,3882,3931,4246,4254,10987,18083,26325,31122,3903
25893	550,622,3703,4096,4193,4269,4285,5061,5067,5760
25894	7549,455,5066,5071,7173,9507,12064,12348,21215,22049
25895	3931,4231,6828,6829,6839,6840,6842,16433,20596,22152
25896	25808,222,232,572,3950,4590,7012,7611,10380,12940
25897	26499,7549,12048,25754,43730,455,7611,9507,12064,20845
25898	5033,6296,12348,18588,20224,20567,41628,43197,351,455
25899	25903,20847,25860,25754,25914,25747,25785,25864,25872,25902
25900	9047,16007,25747,44976,9043,9053,10964,25753,25758,25831
25901	20852,25897,455,2092,2445,2686,2802,3518,3549,3796
25902	25884,25747,25860,25903,26499,28132,4295,25872,25974,455
25903	25860,25899,25754,25872,25902,25907,7549,25747,25785,26499
25904	338,7549,7602,7679,9507,10500,10723,12064,12704,14689
25905	25858,25747,10500,25807,7549,7611,7612,7635,8457,25759
25906	25747,4048,4295,22623,25779,25866,25884,49431,4206,5089
25907	25860,25903,25754,25747,25899,25902,26499,7549,22152,24665
25908	31122,3530,4264,8492,11619,22119,23958,659,3127,3481
25909	25759,25747,25779,43730,622,9507,12064,16007,25866,25897
25910	18349,25906,49431,198,229,623,1301,2101,2213,2238
25911	3001,3333,3904,4020,4041,4204,4302,7638,12555,13426
25912	3931,9242,12940,13462,16643,16650,1137,2059,2181,2698
25913	351,21206,22532,30896,366,522,557,560,580,2101
25914	25779,25899,20793,25747,30928,3751,3754,4289,4295,7612
25915	25747,7549,12064,455,5080,7611,9507,14335,14757,20793
25916	25747,25763,25872,5089,7173,7549,7579,12064,18119,20899
25917	9043,9052,9073,4171,4325,7579,7611,9046,9047,9053
25918	25747,30125,25864,560,25788,25823,26395,7612,20845,25766
25919	9047,9053,25753,25758,622,8401,9045,9060,9080,10964
25920	
25921	7599,25819,27312,30125,30870,4288,10500,12043,23447,25747
25922	11522,21273,22089,25788,30131,38716,535,2702,2827,2869
25923	2682,2686,3903,4086,4205,4590,6229,6260,7242,7595
25924	16007,4996,5000,5002,5004,5005,5017,5031,7549,7675
25925	7549,9206,10898,12057,14689,16007,16972,16973,20500,22573
25926	25824,10500,14310,25819,25823,30870,7549,7644,13140,14339
25927	4048,4129,4295,7549,7612,7635,7651,7663,10500,14335
25928	202,269,338,548,551,628,1137,2059,2639,2940
25929	25835,25930,25836,6428,2993,3238,10987,13263,13473,20844
25930	25929,25835,25836,4231,6413,6428,16208,16211,22623,2993
25931	8633,27686,8635,9386,14487,25936,43167,45374,201,232
25932	3050,3472,3946,5097,7254,7268,8633,10153,10161,14997
25933	10153,25936,8633,15003,25931,25932,25935,25937,27686,28048
25934	10153,25936,8633,15003,25931,25932,25935,25937,27686,28048
25935	2580,4188,5453,5467,6386,6928,7582,8633,10153,10161
25936	27713,26252,26286,8633,8652,10153,15041,21743,25931,25933
25937	16031,16046,16058,16072,16087,16117,16120,16041,16042,16045
25938	25860,27334,7599,20844,25779,25781,25884,2074,3518,5960
25939	4264,10380,11635,20844,21940,3034,3463,3931,8199,9242
25940	33001,4069,4281,5310,13621,16196,16197,16213,16215,16220
25941	338,442,535,1099,1874,2445,3129,3390,4025,4280
25942	21158,25905,535,2942,3217,3305,3702,3938,4011,4025
25943	535,4025,4280,5458,7961,11635,18519,20852,21158,25858
25944	13486,25768,7611,11635,16007,20845,25747,25952,25974,48662
25945	7961,25955,535,4025,4280,5458,11635,14396,14893,18519
25946	4046,25858,25960,25974,25995,535,638,1628,2070,2888
25947	7961,25953,25965,25980,25989,25993,31122,535,2017,2027
25948	21862,25965,28957,35882,35890,35903,35907,43095,43988,43989
25949	22130,4046,4206,4264,4295,11619,20578,20826,27442,27857
25950	535,4025,4280,5458,7961,11635,18519,20852,21158,25858
25951	7961,25953,535,4025,4280,5458,11635,14396,18519,20852
25952	21206,2802,20852,21171,21215,48633,1216,2092,2827,4283
25953	7961,25947,25951,25962,25965,25980,25989,25993,535,3523
25954	9659,15527,28234,41076,41106,43050,45446,467,535,812
25955	14396,42820,4044,38264,2036,8520,10240,11018,22158,22160
25956	10352,14509,14538,14542,21842,21914,22152,22161,25990,27334
25957	8492,4129,11711,20852,22132,25949,25955,30571,31064,31065
25958	22141,22198,535,1113,1846,1918,1987,1988,1989,1999
25959	535,1854,2798,3450,3894,4025,4280,5458,7138,7961
25960	14534,28236,3754,6303,7983,8003,8004,11571,22141,25858
25961	535,2050,2080,2090,4025,4280,5458,7961,11536,11540
25962	25953,42819,535,4025,4280,5458,7961,11635,18519,20852
25963	25985,25979,28608,202,535,660,1900,2136,2826,3320
25964	10500,25975,4025,20577,20852,25748,25858,25905,42971,476
25965	25993,7961,25908,25947,25948,25953,25967,25973,25980,25989
25966	535,4025,4280,5458,7961,11635,18519,20852,21158,25858
25967	36524,5071,20852,541,12049,16539,25807,25878,2017,2864
25968	7983,8052,25952,25955,25970,25976,27334,35915,42440,81
25969	535,4025,4280,5458,7961,11635,18519,20852,21158,25858
25970	4080,5733,5735,5741,5755,5764,16433,25952,25955,25968
25971	4206,4295,10240,1113,9105,11551,19077,20567,25809,546
25972	38328,49000,535,3733,4025,5458,7961,8514,8583,11635
25973	5757,5758,11635,19786,25965,25993,30854,38271,535,1137
25974	25747,25785,25779,25872,30125,7612,10469,12064,25754,25759
25975	25747,25872,2785,7549,25897,28065,28079,4025,25754,25858
25976	25952,25955,25968,25970,535,3463,4025,4280,5458,5549
25977	3971,3906,3958,4004,4033,4046,4048,4152,4163,4166
25978	535,4025,4280,5458,7961,11635,18519,20852,21158,25858
25979	202,28071,28072,28108,3519,3525,3542,3546,19057,23953
25980	7961,25947,25953,25965,25989,25993,535,3523,4025,4280
25981	535,4025,4280,5458,7961,11635,18519,20852,21158,25858
25982	25986,535,1111,1904,2074,2789,2802,3530,4004,4025
25983	229,535,2437,3128,3968,4025,4053,4066,4075,4264
25984	25970,535,4025,4080,4280,5458,7961,11635,16433,18519
25985	25963,28608,660,3451,3456,3505,3519,3525,3545,3546
25986	20852,25982,535,2789,2802,4025,4280,5458,7961,11635
25987	535,4025,4280,5458,7961,11635,13739,14879,18519,20820
25988	11635,22141,25971,25990,25993,385,535,546,663,1404
25989	7961,25947,25953,25965,25980,25993,535,3523,4025,4280
25990	10380,25754,25993,4288,4289,4295,10987,11612,11645,20845
25991	27394,27406,27418,27424,27431,27432,27440,27441,27451,27454
25992	27334,20845,3928,3958,3971,4069,4163,7599,11555,11569
25993	3931,11635,14396,22158,25990,42812,4046,4289,4707,10380
25994	535,1994,3971,4025,4280,5236,5458,5461,7268,7961
25995	25897,10824,25974,26499,455,4025,4139,4206,4295,5086
25996	15163,14325,14948,25436,1173,2071,2320,2388,3238,3494
25997	26005,25999,26001,26008,26004,26024,26036,26002,26016,26041
25998	26010,26015,26029,26003,26012,26022,26024,26035,26053,15163
25999	25997,26002,26010,26003,26005,26009,26012,26016,26022,26029
26000	26015,26018,26012,26022,26029,26005,26008,26017,26040,26043
26001	26009,26018,25997,26010,26024,26041,26052,26005,26008,26012
26002	25999,14948,25997,26005,26048,25433,25442,25453,25473,26003
26003	26015,26009,25998,26005,26018,26022,25999,26017,26023,26029
26004	26010,25997,26018,26022,26008,26029,26048,25998,25999,26000
26005	25997,26015,26003,26009,26024,25999,26000,26001,26002,26016
26006	28385,28499,28409,28437,32907,4264,5670,28468,32863,2389
26007	25997,25998,25999,26000,26001,26002,26003,26004,26005,26006
26008	25997,26010,26000,26001,26004,26012,26022,26029,26048,25999
26009	26018,26001,26003,26012,26005,26024,26048,25998,25999,26017
26010	25998,26004,26048,25999,26001,26008,26023,26024,26036,26011
26011	26028,26010,26020,26050,26018,26022,26029,26030,26033,26034
26012	26029,26009,25998,26000,26048,26051,25999,26001,26008,26017
26013	26019,26024,26020,26035,26041,25997,25998,26000,26003,26005
26014	2191,5454,5455,5457,5459,5460,10783,12714,25791,369
26015	26003,26005,26000,25998,26036,26040,26023,26024,26017,26041
26016	25997,25999,26005,26000,26002,26010,26012,26015,26020,26022
26017	26000,26003,26009,26012,26015,26018,26022,26029,25998,26005
26018	26009,26001,26000,26028,26030,26048,26052,26003,26004,26033
26019	26013,26024,25998,25997,26000,26003,26005,26009,26012,26015
26020	26011,26013,26018,26030,26033,26034,26035,26041,25997,25999
26021	26018,26048,25997,25998,26000,26001,26004,26008,26009,26010
26022	26029,26036,25998,26000,26003,26004,26023,26040,25999,26008
26023	26010,26015,26022,25998,26003,26005,26029,25999,26000,26004
26024	26035,26041,25997,25998,26001,26005,26009,26010,26013,26015
26025	1,20,134,2388,2697,3960,4068,4181,5355,6320
26026	25997,25998,25999,26000,26001,26002,26003,26004,26005,26006
26027	25998,26013,26019,26020,26024,26033,26034,26035,26041,15163
26028	26050,26018,26031,26011,26036,26010,26029,26030,26042,25997
26029	26022,26012,26053,25998,26000,26035,26040,26050,25999,26003
26030	26018,26041,26001,26009,26020,26028,26033,26034,26052,25997
26031	26028,26018,26033,25997,25999,26000,26002,26005,26016,26020
26032	25997,25998,25999,26005,26010,26012,26015,26016,26022,26023
26033	26034,26018,26036,26050,26020,26029,26030,26031,25998,26011
26034	26033,26018,26036,26050,25998,26020,26029,26030,26042,26011
26035	26024,26041,15163,25998,26029,26013,26020,26053,25997,25999
26036	26015,26022,26050,25997,26010,26028,26033,26034,25998,26005
26037	26009,25998,26000,26001,26003,26008,26010,26012,26015,26017
26038	25999,25997,26001,26004,26008,26009,26010,26012,26018,26022
26039	15149,15150,15161,15164,15170,25997,25998,25999,26000,26001
26040	26015,26022,26029,26000,26003,26010,26036,25998,26012,26017
26041	26024,26035,26001,26030,26052,15163,25997,25998,26005,26009
26042	26028,26034,25997,25999,26000,26002,26005,26016,26018,26020
26043	25998,26000,26015,26018,26021,26048,19,546,1183,1220
26044	26040,25997,25998,25999,26000,26001,26002,26003,26004,26005
26045	10563,10553,10561,10566,10570,10573,10575,38345,38353,38360
26046	26018,26052,25997,25999,26000,26001,26002,26005,26016,26020
26047	25997,26001,26008,26009,26037,25998,25999,26000,26002,26003
26048	26010,26018,26009,26012,26002,26004,26008,26021,26022,26029
26049	25997,26000,26003,26005,26009,26012,26013,26015,26017,26018
26050	26028,26036,26018,26029,26033,26034,26011,25998,26010,26019
26051	26012,25998,26010,26015,26022,26029,25999,26000,26003,26005
26052	26018,26001,26041,25997,26005,26009,26024,26030,26046,25999
26053	26029,25998,26015,26022,26024,26035,25997,25999,26005,26009
26054	16412,47707,47859,48209,47862,48142,48186,47682,48087,48125
26055	15297,17059,7509,7704,14318,14391,350,1230,3937,4233
26056	6600,6671,6962,31186,1356,1500,4412,4494,5242,6543
26057	47707,26075,26080,48173,48209,26082,48142,48087,47853,47854
26058	26061,26089,26063,47707,48142,26079,48087,26067,26077,26092
26059	26066,26068,26075,47707,48142,48087,16396,26067,47859,48162
26060	16389,26068,26076,16412,26066,26084,26067,26075,26080,26082
26061	26058,26076,26066,26068,48209,16396,26067,26075,26080,48087
26062	26070,26078,26066,26079,26084,16412,26067,26077,26080,26092
26063	26090,26058,26070,26078,26087,26077,26084,26068,26076,26066
26064	26070,26084,26076,26078,26079,26066,26068,26077,26092,26067
26065	4302,6423,6427,8528,13284,16009,30930,522,600,4240
26066	26059,26084,26062,16389,26061,26064,26078,26089,26060,47856
26067	26058,26062,47854,26059,26060,26061,26064,26076,26087,47707
26068	26059,26087,16389,26060,26061,26064,16412,26075,26084,26063
26069	22247,4204,6825,10987,16440,19792,22305,4189,19786,22147
26070	26062,26064,26063,26076,26079,26078,26084,26087,26077,47854
26071	562,4738,5954,8154,9919,10454,10484,16350,22511,24022
26072	16444,13257,11672,16435,16439,16447,38267,38270,38271,3878
26073	26076,26078,16389,48209,48125,16412,26084,47859,26077,26080
26074	26058,26059,26060,26061,26062,26063,26064,26066,26067,26068
26075	26057,26059,26080,26090,16389,26060,26061,26068,48162,26062
26076	48186,26073,48125,26061,26070,16412,26064,26060,26077,26082
26077	26087,26063,26073,26076,26070,26084,26089,26058,26062,26064
26078	48087,26090,26073,48186,26062,26063,26064,26070,26066,48091
26079	26070,26062,26064,26090,26058,26087,26076,26084,16412,26066
26080	26057,16389,26073,26075,48142,16412,26060,26061,26062,26064
26081	10760,16389,16444,26055,26056,26057,26058,26059,26060,26061
26082	26076,26057,26087,16389,26060,26061,26070,26073,26075,16412
26083	26059,26060,26061,26062,26073,26089,16389,26058,26079,26087
26084	48087,26087,26066,26064,26070,26073,26062,48091,48170,26060
26085	10548,5991,6516,6653,11142,11723,13124,13689,14271,14281
26086	4240,22282,26306,35004,22257,22303,22305,4158,4173,4194
26087	26084,16389,26089,48126,48091,48143,26063,26068,26070,26077
26088	16389,16412,47707,48186,47853,48125,47855,47861,48087,48173
26089	26058,16389,26087,26092,26066,26076,16412,26077,26084,47862
26090	26078,26063,26079,47856,48087,26075,47853,48186,26092,48209
26091	541,2030,2053,2782,3466,3898,8089,8455,8508,14289
26092	26089,16389,26073,26087,26090,26058,26062,26064,26076,26084
26093	26063,26064,26058,26059,26060,26061,26062,26066,26067,26068
26094	1371,4364,7024,7086,10302,10629,11139,11792,16342,16357
26095	11897,2054,4240,7432,9891,13287,13288,13306,13773,13846
26096	26100,22646,6180,11843,4114,4240,7254,13273,13275,22312
26097	3798,13257,13276,30089,246,247,254,266,304,503
26098	211,4400,4525,5249,13072,14454,14455,14457,14861,16810
26099	21417,21434,21444,28270,13483,45860,304,1787,2608,2944
26100	13306,43061,4240,22617,22646,26096,13273,13287,13107,16452
26101	13306,10424,10675,18120,22312,22617,3878,6204,9892,12714
26102	304,2944,4240,7024,7425,7432,8452,8485,9397,10629
26103	26138,304,2944,4240,7024,7425,7432,8452,8485,9397
26104	28381,30818,551,615,3831,5995,9950,17348,20853,22049
26105	304,689,714,2430,2944,3842,3872,3947,4225,4240
26106	3368,15456,15464,3353,3366,3304,3322,3328,3347,3352
26107	36139,6568,9667,12511,22154,30749,42446,44653,44654,44658
26108	15063,15989,24064,25527,28721,42712,45427,45501,608,3365
26109	26111,26139,161,304,621,686,1173,2281,2320,2944
26110	16456,558,1521,7425,7432,9397,13306,16104,16373,17642
26111	15688,25793,26109,26139,161,229,304,363,503,536
26112	11686,25593,26143,29629,30631,48687,48688,48694,48700,48701
26113	11897,26119,4240,13273,13317,4223,13287,13309,22294,22303
26114	31223,15246,18065,43014,15236,15256,31225,36091,1954,7989
26115	13426,4193,4197,4246,13378,15843,24903,25836,30636,304
26116	26126,16456,4219,11897,12805,13131,13773,22312,22646,26113
26117	26147,26135,7425,26106,26144,26146,39,206,223,304
26118	12946,15869,14385,3549,4102,4206,4240,7024,11860,13275
26119	26143,4240,6180,13273,18120,43061,4223,12805,36130,13287
26120	304,2944,4240,7024,7425,7432,8452,8485,9397,10629
26121	4240,4223,22303,22282,22289,13275,13287,13290,26100,26119
26122	6976,285,304,321,338,624,1371,1377,1405,1419
26123	22382,24100,27394,27404,27431,27440,27443,27454,27477,45634
26124	304,2944,4240,7024,7425,7432,8452,8485,9397,10629
26125	522,614,6428,8452,15464,26106,26144,31,161,222
26126	26116,13306,4240,13233,19261,338,7432,9240,9490,10751
26127	26138,304,2944,4240,7024,7425,7432,8452,8485,9397
26128	304,2944,4240,7024,7425,7432,8452,8485,9397,10629
26129	304,2944,4240,7024,7425,7432,8452,8485,9397,10629
26130	304,2944,4240,7024,7425,7432,8452,8485,9397,10629
26131	4240,5809,17468,18436,45404,79,304,351,577,591
26132	9397,13264,13276,566,4232,7248,7409,9874,15464,15636
26133	134,161,7511,24385,26143,43210,43294,43329,44958,138
26134	45999,2802,6287,10744,14398,25824,42883,4240,5080,5854
26135	26117,7425,26106,304,576,1244,2188,2190,2284,2944
26136	13131,14976,25728,42458,7024,9892,10720,11246,13306,14477
26137	14899,52,130,304,596,1069,1357,1672,1950,2529
26138	26103,26127,304,2944,4240,7024,7425,7432,8452,8485
26139	4223,22289,22294,26121,26140,161,531,576,1854,3518
26140	22303,22289,4223,26144,4102,13275,13306,15464,16456,16689
26141	7425,13277,22312,22646,4240,6180,11897,13264,13275,13305
26142	4240,11897,13107,16456,17352,26100,26101,26116,304,390
26143	26119,13306,13264,24194,4114,4219,13158,13265,13275,22312
26144	7425,16456,24129,43058,3347,4223,13107,13158,13277,16441
26145	4240,11897,13264,546,4189,4223,7425,13276,13277,13287
26146	26144,4223,11897,13773,544,576,4240,4415,6152,7425
26147	26117,7425,26106,26144,26146,223,304,544,576,1244
26148	23367,23376,23389,23398,23400,23401,23403,23404,23406,23411
26149	26169,26153,26186,26166,26173,26179,26194,26201,686,26158
26150	23390,26154,26175,26181,26184,26206,686,1348,1545,4339
26151	26200,26157,26182,26193,26154,26162,26174,26176,26189,26192
26152	26166,26179,26155,26191,686,26156,26165,26172,26178,26195
26153	26193,26149,26187,26188,26161,26173,26158,26191,26194,19388
26154	26166,26161,26191,19388,26151,26195,26164,26175,26181,26201
26155	26156,26197,26152,26211,26162,26170,26174,26176,26182,26192
26156	26155,26172,26197,26183,26199,26175,26168,26152,26200,26211
26157	686,26151,26175,26196,26198,26161,26178,26183,26199,26201
26158	26149,26153,26159,26160,26167,26169,26173,26174,26176,26182
26159	26187,26188,26161,26179,26173,26194,19388,26158,26191,26151
26160	26192,26161,26191,26194,19388,26158,26195,26151,26164,26201
26161	26183,26162,26175,26197,26199,26154,26159,26168,26188,26160
26162	26161,26179,26191,26194,26151,26195,26155,26164,686,17695
26163	26165,26168,26208,686,1002,12445,14182,22131,26151,26161
26164	2140,2163,2210,2211,2216,2219,2241,2262,2280,2319
26165	26200,26149,26152,26163,26211,26189,26194,23390,26162,26169
26166	26152,26154,26174,26182,26185,26193,26210,26149,26192,26179
26167	26188,26192,26161,26194,19388,26158,26191,26151,26164,26201
26168	26178,26183,26201,26161,26197,26156,26207,26163,26211,26149
26169	26149,26187,26179,26173,26194,26158,26195,26201,19388,26151
26170	26155,26168,686,26151,26165,26171,26172,26178,26194,26196
26171	38049,37945,38041,26194,36091,37996,37998,38036,38098,26198
26172	26199,26207,26156,26197,26149,26152,26211,26189,26194,2956
26173	26149,26153,26159,26169,26174,26176,26182,26185,26186,26187
26174	26166,26179,26173,26191,26194,19388,26151,26158,26195,26201
26175	26183,26201,26161,26197,26156,26207,26157,26189,26211,23390
26176	26186,26173,26194,19388,26151,26158,26201,26155,26195,686
26177	26151,686,19388,23377,23378,23390,26149,26150,26152,26153
26178	26168,26200,26157,26149,26152,26163,26189,26194,23390,26162
26179	26152,26159,26162,26169,26174,26182,26185,26149,26166,26193
26180	686,26149,26152,26155,26156,26161,26165,26168,26172,26175
26181	26154,26175,2286,23390,26150,26151,26152,26182,26193,26206
26182	26166,26179,26173,26151,19388,26158,26195,26201,26155,26164
26183	26201,26161,26175,26168,26197,26156,26200,26157,26211,26149
26184	26206,23390,26150,26154,26175,26194,31270,38034,38038,38039
26185	26192,26186,26188,26161,26166,26179,26173,26194,19388,26158
26186	26176,26210,26185,26188,26193,26149,26192,26187,26173,26161
26187	26159,26169,26210,26153,26188,26161,26186,26173,26166,26179
26188	26159,26167,26153,26185,26187,26210,26186,26161,26173,26194
26189	686,26151,26175,26157,26165,26172,26178,26196,26198,26199
26190	686,26149,26151,26157,26161,26163,26165,26168,26172,26175
26191	26152,26154,26160,26162,26174,26192,26193,26149,26153,26159
26192	26160,26167,26185,26210,26186,26166,26191,26194,19388,26151
26193	26153,26186,26166,26173,26179,26151,26191,19388,26158,26201
26194	26149,26159,26160,26161,26162,26167,26169,26174,26176,26185
26195	12647,26152,26154,26160,26162,26166,26169,26174,26182,22159
26196	26157,26149,26152,26211,26163,26189,26194,23390,26162,26169
26197	26155,26156,26161,26183,26172,26175,26168,26200,26211,26152
26198	26157,26149,26152,26211,26163,26171,26189,26194,23377,23378
26199	26172,26207,26161,26156,26157,26211,26149,26152,26189,26194
26200	26151,26165,26208,26178,26183,26201,26161,26197,26156,26157
26201	26183,26175,26168,26200,26149,26157,26169,26174,26176,26182
26202	686,19388,23377,23378,23390,26149,26150,26151,26152,26153
26203	686,26151,26152,26155,26156,26161,26162,26165,26172,26175
26204	686,19388,23377,23378,23390,26149,26150,26151,26152,26153
26205	5410,5440,5415,5424,5425,5431,5411,5416,5417,5423
26206	26184,23390,26150,26154,26175,26181,31270,38034,38038,686
26207	686,26172,26199,26175,26168,26149,26152,26157,26200,26211
26208	26200,26149,26152,26163,26211,26189,26194,23390,26162,26169
26209	686,19388,23377,23378,23390,26149,26150,26151,26152,26153
26210	26186,26187,26192,26188,26161,26166,26173,26194,19388,26158
26211	26155,26156,26161,26165,26168,26172,26175,26183,26196,26197
26212	453,1101,4679,6966,7841,8147,8197,12004,13166,13826
26213	23538,26214,26215,26216,26217,26218,26219,26220,26221,26222
26214	1436,2131,6509,9983,10785,10788,14766,15063,16477,17198
26215	17478,161,166,10301,19406,26225,29868,43162,43284,1
26216	26224,1101,7841,23538,26213,26214,26215,26218,26219,26220
26217	10052,19,242,439,450,713,1078,1085,1088,1100
26218	23538,26213,26214,26215,26216,26217,26219,26220,26221,26222
26219	284,701,760,918,1393,1943,2275,4178,4535,5537
26220	23690,35621,35633,2657,4817,13870,15186,21556,29750,33207
26221	32490,32495,34927,35435,35457,35473,35478,35446,35483,1790
26222	23538,26213,26214,26215,26216,26217,26218,26219,26220,26221
26223	8147,23538,26213,26214,26215,26216,26217,26218,26219,26220
26224	26216,1101,7841,23538,26213,26214,26215,26218,26219,26220
26225	23717,23721,23748,23763,23777,42420,4412,6514,6532,6626
26226	26228,23538,26213,26214,26215,26216,26217,26218,26219,26220
26227	23538,26213,26214,26215,26216,26217,26218,26219,26220,26221
26228	26226,8122,8143,8160,12513,12647,18949,23538,26213,26214
26229	33123,33137,33166,5243,31001,223,457,1858,2568,2924
26230	12636,12649,30220,40392,134,169,243,310,536,1135
26231	23538,26213,26214,26215,26216,26217,26218,26219,26220,26221
26232	13022,5775,13003,5127,12978,12983,13026,13028,4892,5140
26233	13022,3237,3248,6143,6151,12975,12977,12987,12992,13003
26234	5429,12987,13031,26233,26235,26236,26237,26238,26239,26240
26235	13003,26242,13022,5775,12979,26236,26243,26245,1432,1534
26236	12975,26248,12983,12992,13031,13022,12987,13006,13024,24345
26237	390,1397,3882,4779,5429,12928,12940,12987,13031,15729
26238	4892,26247,12975,4927,6178,6201,12979,13031,23714,26236
26239	5429,12987,13031,26233,26234,26235,26236,26237,26238,26240
26240	5429,12945,12987,13031,23069,26233,26234,26235,26236,26238
26241	12987,5093,48855,5429,13031,26233,26234,26235,26236,26237
26242	26235,26247,12975,4927,6178,6201,12979,13031,23714,26236
26243	12987,26235,26242,26245,26249,5115,5429,5775,6978,7242
26244	5429,12987,13031,26233,26234,26235,26236,26237,26238,26239
26245	26235,26242,26243,26249,5429,5775,12987,13003,13022,13031
26246	5429,12945,12987,13031,23069,26233,26234,26235,26236,26238
26247	26238,26242,26249,6178,6201,12975,4892,4927,13031,3248
26248	26236,12975,12983,12992,12987,13031,26233,1113,2827,2983
26249	4892,12975,26247,4927,6178,6201,13002,13025,13031,23714
26250	46410,8049,15788,25514,25542,25676,28308,40633,46362,46377
26251	5140,12987,5093,5429,13031,26233,26234,26235,26236,26237
26252	714,3541,3947,19106,27713,43925,1328,2394,11429,18118
26253	146,325,342,995,1741,2216,2923,3134,3547,3574
26254	23755,6976,40606,4410,10778,23730,23743,30907,39157,40610
26255	3547,10735,11357,11368,21282,21743,26253,26254,26256,26257
26256	26259,26276,21743,26284,26286,26291,3947,26258,26260,26292
26257	26259,26290,26258,26260,26268,26286,26292,714,3547,6778
26258	26268,3947,26257,26281,18118,26276,19106,26256,26285,42457
26259	26257,26256,26273,714,3947,1328,2944,42457,2430,3547
26260	21743,714,26257,26276,26281,26284,3947,18118,26256,27713
26261	26265,26274,26275,26282,26278,26283,3547,4672,4679,10735
26262	26277,26269,26274,26275,26279,26283,26853,550,11357,25790
26263	218,1778,2953,5387,6233,7759,8685,9120,12444,17109
26264	9553,26267,18803,20869,3541,3547,6920,12744,22639,22645
26265	26261,3547,20005,26267,30709,45450,45602,10735,11368,21743
26266	26281,26276,26284,26289,26291,21743,26290,18118,19106,26258
26267	9553,23471,26264,45467,45501,45514,12834,18118,18803,30721
26268	26258,26289,26257,26281,3547,19106,26276,26284,27713,2944
26269	26274,26275,26278,26262,26279,26283,31358,1858,4664,7773
26270	36511,36512,36515,36518,36523,29789,36501,36505,36516,36520
26271	1841,4737,5456,11357,11368,13306,18110,19889,26265,26267
26272	1809,3547,10735,11357,11368,21282,21743,26254,26255,26256
26273	26259,26289,26290,21743,26284,3947,26258,26260,26265,26268
26274	26269,26278,26261,26262,26279,26283,11357,26257,26264,3541
26275	26269,26278,26261,26262,26279,26283,11357,26257,26264,3541
26276	26256,21743,26266,26284,26290,26258,26260,26286,26292,26268
26277	26262,26279,11357,26257,26264,2334,2337,2344,2345,2347
26278	26269,26274,26275,26279,26296,11357,26257,26261,26264,3541
26279	6928,35193,6925,6929,18803,6920,1787,6899,6933,11357
26280	3547,10735,11357,11368,13620,21282,21743,26253,26254,26255
26281	26289,26266,26291,21743,26258,26260,26268,26284,26292,27908
26282	26296,26283,26261,11357,26257,26264,26267,1510,2802,3541
26283	26282,26262,26269,26274,26275,26296,11357,26257,26261,26264
26284	26291,26276,26286,26290,26256,26260,26266,26281,26292,26268
26285	26289,26291,21743,26290,26258,26286,6778,19106,25936,26260
26286	26291,26284,26256,26257,26276,27713,714,1328,19106,25936
26287	26271,363,381,387,699,1969,3547,4795,8042,8773
26288	11354,26264,26267,36135,43929,43934,2394,3547,11341,11366
26289	26291,26268,26281,26285,19106,26266,26273,27713,714,1328
26290	18118,26257,26276,26284,26273,26285,27908,1328,19106,26266
26291	26289,26286,26281,26284,26285,19106,26256,26266,27713,1328
26292	21743,714,26257,26276,26281,26284,3947,18118,26256,27713
26293	4269,3547,3939,3977,3979,3984,4047,4094,4193,4303
26294	1464,3547,10678,10735,10788,11345,11357,11368,12052,16478
26295	26256,26257,26266,26276,26281,26285,26291,3547,4517,6920
26296	26282,26278,26283,11357,26257,26262,26264,26279,3541,3547
26297	12938,23251,36552,3365,3450,35004,36596,566,608,4158
26298	26309,26311,26312,26321,26323,595,5985,10720,22294,22587
26299	12222,595,1137,2639,5985,6063,6109,11045,11645,16643
26300	49397,595,5985,10720,14004,15918,21703,21709,22294,22587
26301	26887,43171,2027,3770,4841,6785,13430,17371,18845,24600
26302	12940,26305,26307,26309,26310,26313,26323,26324,490,541
26303	140,198,1680,2770,3099,6452,6544,6600,6994,8283
26304	26311,26324,595,5341,5985,8122,10720,11572,12928,12949
26305	26324,12938,26302,26309,26313,26323,595,5985,10720,12940
26306	22158,22282,26086,4231,16689,31122,595,758,3004,3882
26307	26310,26302,26303,26311,26312,26321,26324,490,541,595
26308	595,5985,10667,10720,16584,16645,17333,22294,22587,25313
26309	26091,26298,26302,26305,26310,26311,26312,26323,338,490
26310	26307,26302,26309,26311,26312,490,541,595,1782,2745
26311	26312,3882,4564,12928,15729,16176,26298,26304,26307,26309
26312	26311,26298,26307,26309,26310,26321,26323,595,5985,10720
26313	26302,26305,26323,26324,595,5985,10720,12940,12945,22294
26314	22257,22283,26306,4158,4206,4234,4238,4240,4254,6840
26315	595,5538,5985,10720,22294,22505,22587,26298,26299,26300
26316	595,5985,10720,22294,22587,26298,26299,26300,26301,26302
26317	26299,202,269,551,595,1137,2059,2597,2639,2940
26318	595,5985,10720,22294,22587,26298,26299,26300,26301,26302
26319	595,5985,10720,22294,22587,26298,26299,26300,26301,26302
26320	22294,22303,15913,36621,4102,13263,22282,24331,4204,11571
26321	17352,26298,26303,26307,26311,26312,26323,223,336,347
26322	595,22587,566,3006,10720,15456,15464,26306,1134,3010
26323	26298,26302,26305,26309,26312,26313,26321,595,5985,8195
26324	26305,26302,26303,26304,26307,26313,338,595,5985,10720
26325	18083,13895,14416,7425,21131,22838,25892,12409,22160,22304
26326	611,2244,2802,3937,4181,5061,5948,5960,5971,5977
26327	208,351,525,1169,1174,1770,1850,1911,1917,1943
26328	19,171,339,628,659,2598,3875,4452,4764,4782
26329	26347,1384,7425,12439,12443,20050,20499,21903,23147,23152
26330	8123,624,689,1301,2191,2826,2904,3437,3752,4264
26331	12439,12443,21903,26326,26327,26328,26329,26330,26332,26333
26332	6210,7425,12439,12443,21903,24393,26326,26327,26328,26329
26333	12439,12443,21903,26326,26327,26328,26329,26330,26331,26332
26334	7279,11169,12439,12443,19015,20057,20876,21903,25275,25310
26335	12439,12443,21903,26326,26327,26328,26329,26330,26331,26332
26336	12443,26340,26341,26343,13895,52,6209,7425,10287,11466
26337	10502,13632,14274,19501,38719,351,2523,3283,4981,5933
26338	12439,18083,21903,26339,29382,2972,3685,8776,9365,12048
26339	1698,2869,3250,7248,7409,12443,13131,13306,18170,22304
26340	26341,12443,26336,26343,1137,2413,6209,7425,7549,7679
26341	12443,26340,26336,7425,12439,26343,1137,1860,2413,2907
26342	12439,12443,21903,24473,24496,26326,26327,26328,26329,26330
26343	26336,12048,12409,14323,21111,22160,22838,25726,26339,26340
26344	4840,5504,12439,12443,21903,26326,26327,26328,26329,26330
26345	12439,12443,21903,26326,26327,26328,26329,26330,26331,26332
26346	12439,12443,21903,26326,26327,26328,26329,26330,26331,26332
26347	26329,26339,26348,394,534,621,909,1698,2869,2876
26348	3250,7473,26339,26347,394,534,621,909,1698,2869
26349	14803,16267,22049,25516,31156,32478,38698,46002,48440,338
26350	362,2554,5661,10686,10721,14558,14899,14969,15541,18296
26351	1100,1823,8607,10240,25195,25402,36120,46086,1140,1689
26352	26355,26374,26389,26399,26416,26407,26368,362,2554,3462
26353	10688,10721,15541,26369,26379,26391,19,110,168,339
26354	15541,362,2088,2554,4590,5541,5661,5891,5934,7320
26355	26385,26352,26416,26389,26407,13841,26368,39,206,362
26356	5661,25489,30709,202,362,455,1111,1137,1680,2549
26357	10670,10676,10722,21103,4955,5641,10342,10674,10696,10704
26358	2554,5231,7630,9105,30144,30818,40344,362,364,622
26359	26374,26407,1823,8685,16532,26365,26382,30602,19,202
26360	2554,14969,351,362,1250,2223,2802,2827,3230,3927
26361	26384,26399,26416,26389,26407,26368,362,2554,3462,5661
26362	10730,10736,14969,20588,48629,362,1489,5035,7527,8154
26363	3023,5547,18080,25748,28100,30618,31090,41838,253,362
26364	6318,351,2554,9095,10328,10370,10462,12210,14052,14907
26365	26359,26382,362,570,979,1823,2554,2630,3801,3850
26366	21077,42713,31,32,88,92,95,121,125,142
26367	5479,26383,26405,26406,40606,300,362,1378,1393,1772
26368	10686,26352,26355,26361,26383,26384,26385,26389,26399,26406
26369	10678,10721,28,216,2554,10680,10688,15541,16670,26353
26370	362,2543,2549,2554,2867,5661,9530,10686,10721,11860
26371	5661,22327,321,362,554,557,1693,2554,2802,3931
26372	9553,35193,6925,16122,26279,32699,1680,6458,6483,6514
26373	362,454,918,2188,2370,2545,2554,2917,3946,5091
26374	26359,26406,26352,26389,26407,362,2554,5661,8859,9534
26375	26412,26418,61,66,106,242,362,533,1100,2071
26376	362,2554,5661,9530,10686,10721,12380,14558,14899,14969
26377	362,2554,5661,10686,10721,14558,14899,14969,15541,18296
26378	26415,23400,362,2554,5661,6782,6920,10686,10721,14558
26379	10721,10724,10688,10730,10739,10754,15247,26353,26391,26396
26380	2501,2864,4717,7989,9102,9394,14271,14899,18327,20506
26381	362,2554,5661,10686,10721,14558,14899,14969,15541,18296
26382	26359,26365,362,570,979,1823,2554,2630,3801,3850
26383	26367,26368,26405,362,2554,3462,5661,8859,9392,9534
26384	26361,26407,26368,171,362,2554,3462,3874,5661,8859
26385	26355,26399,26416,26389,26407,3883,13793,13891,14005,14013
26386	49581,5249,23787,49606,3885,49648,10616,23766,39948,1392
26387	7479,362,609,616,1860,2554,2802,3023,3374,4095
26388	362,2554,5661,7547,7581,10686,10721,14558,14899,14969
26389	26352,26355,26385,26399,26416,26361,26374,26407,26368,362
26390	26372,362,2554,2716,3456,4646,5661,10489,10686,10721
26391	1059,4907,10721,22124,26353,26379,26395,325,362,562
26392	6920,6925,6929,6899,9553,1404,5033,5078,6140,6397
26393	362,2554,5661,10686,10721,14558,14899,14969,15541,18296
26394	30423,2554,7985,8815,9882,10267,10469,14871,14899,21171
26395	25747,25823,25864,30862,25918,47610,7651,16007,16350,25819
26396	6928,6929,10701,12714,45610,1426,1787,5460,6934,7019
26397	26419,7036,16032,48021,2,19,168,204,362,910
26398	2554,7085,52,351,2523,5049,14899,19576,26358,40437
26399	26361,26385,26416,26352,26389,26407,26368,362,2554,3462
26400	362,2554,3873,5661,10686,10721,14558,14899,14969,15541
26401	7472,12266,18436,131,362,626,1772,2554,3175,3573
26402	10670,10674,53,2554,2773,3283,5986,10532,12537,13681
26403	186,578,1043,1754,2715,3880,3999,4364,4389,6808
26404	9912,147,362,966,1048,1059,1301,1595,1625,1633
26405	26367,26383,26406,362,2554,5661,10686,10721,14558,14899
26406	26374,26367,26368,26405,362,2554,3462,5661,8859,9392
26407	26352,26355,26359,26361,26384,26385,26389,26399,26416,26374
26408	362,582,2554,2831,5661,6260,7651,7663,9105,10686
26409	362,2238,2554,5661,7268,8514,8529,10498,10506,10686
26410	362,35306,10701,541,3842,4717,5071,5143,6977,7897
26411	362,2554,5661,10686,10721,14558,14899,14969,15541,18296
26412	26418,26375,5661,362,2554,3023,3230,5229,5395,5466
26413	35193,6653,12714,45481,17556,20060,23476,23866,24487,39523
26414	1397,8215,10821,20045,24064,28722,362,372,595,1113
26415	26378,23400,362,2554,5661,6782,6920,10686,10721,14558
26416	26355,26385,26399,26352,26361,26389,26407,26368,362,2554
26417	362,2554,5661,10686,10721,14558,14899,14969,15541,18296
26418	26412,26375,362,433,456,944,1734,1923,2554,3398
26419	6654,26397,4527,5384,6611,14454,39473,40610,1432,5407
26420	362,2554,5661,10686,10721,14558,14899,14969,15541,18296
26421	5682,5933,14969,17880,24402,25264,41791,186,362,549
26422	362,2554,5661,10686,10721,14558,14899,14969,15541,18296
26423	351,1357,2554,3935,5089,5231,6306,9105,14274,15715
26424	2501,4717,5933,16614,18311,23789,26434,31270,39,116
26425	3937,10453,30787,2802,10500,18436,25476,30144,1216,2827
26426	6328,13621,16269,17880,26395,42982,52,69,74,347
26427	3525,11246,18001,26746,42872,660,3505,4101,4118,4673
26428	2554,351,17032,28611,366,457,622,7651,8725,9394
26429	30439,2864,10328,30822,47878,47941,47944,2409,4717,5057
26430	16269,20563,347,354,385,580,622,1809,2554,2623
26431	3786,12442,12444,13890,26954,29198,42171,49971,347,1809
26432	9394,22026,338,347,351,362,466,1809,2841,3578
26433	44358,5049,9102,9394,10328,10469,12715,14875,14880,21926
26434	4738,5234,7989,9394,9886,14872,21260,26424,30173,235
26435	347,1809,4181,9394,10328,13890,16269,26424,26425,26426
26436	347,1809,2196,2501,2676,2702,2791,2897,4181,4717
26437	347,1809,4181,5234,5933,5971,6016,8715,9154,9394
26438	347,28352,52,596,1069,1357,1809,1950,2529,2922
26439	2786,7254,10709,26567,42870,45234,46689,49159,146,325
26440	2640,6063,21556,34517,35613,35630,44943,1,18,19
26441	9821,10849,13280,21,575,615,689,714,1250,1301
26442	10849,13995,15061,26448,4717,4796,10709,10801,13280,14880
26443	1809,1950,2694,3547,4736,6920,7271,7612,8611,9950
26444	9527,25754,26395,26449,47566,208,325,351,352,525
26445	49103,49151,49157,49163,49167,49169,23441,24286,49170,6920
26446	27959,1073,1076,1077,1809,2400,6901,6928,6929,7271
26447	1250,1809,7240,7254,7295,7296,8611,10454,10849,13378
26448	26442,49213,49261,2580,6328,8003,13995,14298,15061,28025
26449	11315,13223,18121,2084,3992,4174,6180,7432,8468,8511
26450	18803,25264,26279,31092,38375,1414,1787,1809,2437,2904
26451	49100,11246,26453,44753,45323,47538,49101,49106,49150,362
26452	1809,7271,8611,10849,14314,26440,26441,26442,26443,26444
26453	26451,1809,7271,8611,10849,14314,21734,26440,26441,26442
26454	46689,9386,41697,42727,42731,336,2204,2331,2805,4059
26455	1809,7271,8611,10849,14314,26440,26441,26442,26443,26444
26456	15064,23201,15833,20004,23182,30742,30785,31790,31804,42078
26457	1667,1809,4262,6056,7271,8003,8004,8611,10849,12432
26458	621,1809,3237,6121,6840,7271,7473,8611,10849,10942
26459	581,758,1250,1670,1809,2888,3685,5068,5090,7240
26460	1809,6304,7271,8511,8611,10498,10579,10849,14314,14335
26461	13380,15583,23869,299,11721,14764,24361,24362,45390,45744
26462	7204,26463,26464,26465,26466,26467,26468,26469,26470,26473
26463	26468,26480,6165,23307,26462,26471,466,471,754,856
26464	26471,26462,6802,7204,11187,11244,11246,13140,19875,26472
26465	26473,26480,26471,26462,6802,7204,11187,11244,11246,13140
26466	26480,26471,26462,6802,7204,11187,11244,11246,13140,19875
26467	26471,26462,6802,7204,11187,11244,11246,13140,19875,26472
26468	26463,26480,26462,6802,7204,11187,11244,13140,19875,26472
26469	26473,26480,26471,26462,6802,7204,11187,11244,11246,13140
26470	26473,26480,26471,26462,6802,7204,11187,11244,11246,13140
26471	26464,26465,26466,26467,26469,26470,26473,27919,26463,7204
26472	7204,19875,26462,26463,26464,26465,26466,26467,26468,26469
26473	26465,26469,26470,26480,26471,26462,6802,7204,11187,11244
26474	26480,26462,6802,7204,11187,11244,11246,13140,19875,26472
26475	299,23869,290,13380,14764,24361,24362,26479,42510,123
26476	284,290,298,26479,46791,285,287,11198,12745,19473
26477	2929,3958,10987,15697,23251,29234,49421,612,638,2869
26478	7204,19875,26462,26463,26464,26465,26466,26467,26468,26469
26479	26476,237,1887,11198,12745,12884,15583,19473,24361,26475
26480	26463,26465,26466,26468,26469,26470,26473,26474,26462,6802
26481	10490,2608,5143,11077,12388,15360,20219,23305,29679,29685
26482	26484,26486,26490,26483,26488,26489,26491,26492
26483	26485,223,995,1111,1950,2223,2505,2544,2574,2602
26484	26482,2608,26486,26487,26488,26489,26490,26491,26492
26485	26483,26487,26486,26488,26489,26490,26491,26492
26486	26482,26490,29684,265,589,591,1794,2044,2122,2554
26487	26485,26488,5143,10490,12388,26483,26484,26489,26491,26492
26488	26487,2554,3437,5143,10468,12388,25405,25407,25425,25426
26489	26482,26483,26484,26485,26486,26487,26488,26490,26491,26492
26490	26482,26486,26483,26484,26485,26488,26489,26491,26492
26491	26482,26483,26484,26485,26486,26487,26488,26489,26490,26492
26492	33460,33473,33474,33476,34442,632,956,975,982,1085
26493	4046,4048,10392,12064,22462,25788,25790,25891,4227,4288
26494	12042,12047,12048,12049,12050,12055,12061,21464,26495,26497
26495	22456,21464,22457,22470,22473,26494,26496,26498,26499,26500
26496	12053,21464,26495,26497,26498,26499,26500,26501,26502
26497	22466,21464,22456,22457,22473,26494,26496,26498,26499,26500
26498	21464,26494,26495,26496,26497,26499,26500,26501,26502,30113
26499	25897,25747,25872,7549,7611,25860,25902,26501,455,4295
26500	22458,35325,35387,1860,12344,14361,16643,16645,16650,21464
26501	25864,26499,26502,4295,25747,25823,25872,7549,7612,7635
26502	26501,4295,3006,9970,12403,20845,22141,22158,22198,22247
26503	26513,26518,30693,41007,458,543,861,934,1026,1031
26504	26506,26513,26521,543,2251,2572,6975,7692,10851,12042
26505	543,941,1186,1670,1863,2572,2641,2659,2689,2699
26506	26504,26509,543,965,1893,2251,2432,2572,6975,7692
26507	5263,6959,7848,16621,26512,26516,186,484,1114,1453
26508	543,2572,4364,6782,6975,7692,10851,12042,12061,13722
26509	18979,26506,26521,26523,543,965,2572,6975,7692,10851
26510	26513,26521,26523,26526,543,2572,6975,7692,10851,12042
26511	114,129,543,2572,6975,7692,9659,9724,10851,12042
26512	1772,4498,7327,10851,10869,17649,20245,26507,26516,4509
26513	26504,26503,26510,26523,26526,543,934,1893,2251,2572
26514	143,543,1232,1563,1871,1950,2565,2572,2656,3037
26515	543,2572,6975,7692,10851,12042,12061,26503,26504,26505
26516	11860,26507,26512,6388,6397,10851,19084,25224,26518,26539
26517	2572,10851,26512,282,543,1170,2490,2915,3394,3999
26518	26503,26507,26516,26535,458,543,1031,1688,1856,2572
26519	41406,41811,1923,2572,8671,19138,23071,27536,31325,32072
26520	9659,17999,6653,12196,19444,14454,23476,31270,33160,41076
26521	26504,26509,26510,26523,26526,543,965,1810,1818,1831
26522	4254,6038,660,1078,1113,11562,15843,16532,16621,18213
26523	18979,26509,26510,26513,26521,26526,543,2572,6975,7692
26524	2572,26535,543,5809,6598,6653,6975,7692,7953,8156
26525	26520,6653,13115,21760,40776,45461,1406,2572,4527,6975
26526	26510,26513,26521,26523,543,2572,6975,7692,10851,12042
26527	45467,7036,14487,14823,15238,17556,23886,23893,26413,45481
26528	543,765,2572,6975,7692,10851,12042,12061,14470,17402
26529	543,2572,3247,4416,4527,6473,6493,6513,6535,6550
26530	543,2572,6975,7692,10851,12042,12061,26503,26504,26505
26531	543,590,918,1444,1787,1927,2572,4104,4431,4516
26532	543,2572,3422,4957,5460,6941,6975,7692,7934,8156
26533	543,2572,6975,7692,10851,12042,12061,26503,26504,26505
26534	20927,26512,293,443,518,543,916,1073,1076,1417
26535	42776,36144,2915,6653,19084,26518,26524,26539,45478,37
26536	467,543,812,2572,4660,4761,5641,5984,6121,6545
26537	168,1685,1688,1692,1694,1705,2572,2647,2669,2697
26538	543,2572,6975,7692,10851,12042,12061,26503,26504,26505
26539	26512,26516,26535,37,300,543,1772,1841,2276,2501
26540	8800,93,339,363,377,543,670,676,692,705
26541	543,2572,6975,7692,10851,12042,12061,26503,26504,26505
26542	7654,8301,10869,28007,45796,1677,1679,1694,2704,4173
26543	8301,26549,1679,9471,24106,26545,26548,26550,32018,35561
26544	26549,1679,2606,5476,5484,8268,8270,8271,8273,8275
26545	1670,1688,29513,29558,35494,168,204,1657,1679,2637
26546	26547,5476,8270,10165,12722,17809,31231,168,1359,1378
26547	26546,8301,8962,8964,26545,26548,26550
26548	229,1220,1809,3935,3948,3958,3967,4035,4160,4182
26549	6973,8774,8959,8960,8961,8963,8966,8974,8984,12241
26550	229,531,595,1809,2797,4173,4832,4845,4850,5355
26551	43060,10615,4590,15055,15056,15057,15058,15060,15886,242
26552	26570,26553,26558,26561,26568,26573,4590,15061,15800,26554
26553	43060,26568,26570,4590,10615,15886,26552,26558,26562,15061
26554	26575,26571,26568,26570,15886,26556,26558,26559,26562,26565
26555	15061,15133,15731,15800,26552,26553,26554,26556,26557,26558
26556	26554,26558,26559,26561,26565,26570,26572,26573,26575,26576
26557	582,608,7669,15061,15800,22200,26552,26553,26554,26555
26558	26570,26573,26552,26553,26554,26556,26559,26561,26565,26568
26559	1371,1967,6166,7024,8635,11579,13273,15464,20688,26554
26560	15061,15800,26552,26553,26554,26555,26556,26557,26558,26559
26561	26571,26575,26568,15886,26552,26556,26558,26559,26565,106
26562	26575,26553,26554,26572,26573,26576,43060,10615,12222,15061
26563	15054,46695,28322,15059,28296,28303,28306,28330,2331,6397
26564	9949,13411,13654,25807,26395,223,490,503,594,1301
26565	522,1832,24027,26554,26556,26558,26559,26561,26570,26572
26566	18585,21126,21129,22668,39737,433,547,566,926,966
26567	19,439,1100,13898,14140,34418,46799,1113,2659,4160
26568	26553,26561,26554,26571,43060,15886,26552,26558,26570,26573
26569	15054,28322,46695,28306,28296,28303,28330,2331,6397,10504
26570	26573,26552,26553,26554,26558,26572,26576,4590,26556,26559
26571	26561,26554,26568,26575,26576,43060,106,10605,15061,15800
26572	26576,26573,26575,10615,26570,26556,26558,26559,26562,26565
26573	26572,26576,26570,26558,4590,10615,26552,26556,26559,26562
26574	548,8861,8869,8894,8896,8898,15061,15800,26552,26553
26575	26554,26561,26572,26576,26562,26571,12222,26556,26559,26565
26576	26572,26573,26575,26570,10615,26556,26558,26559,26562,26565
26577	20835,48643,15712,15736,48664,3754,3757,10694,13400,14615
26578	10328,22842,26583,26584,26589,26590,26596,26597,26599,26603
26579	16433,26578,26580,26581,26582,26583,26584,26585,26586,26587
26580	26589,26582,26583,26591,26594,26599,26603,26606,26607,26608
26581	26582,26587,26603,26605,26609,26584,26588,26590,26591,26597
26582	26603,26605,26609,26608,26581,26590,26591,26598,26606,48643
26583	26597,26611,26599,26608,26606,26590,26607,26610,26591,10694
26584	26589,26603,26605,26578,26581,26582,26587,26588,26590,26596
26585	26587,26589,16433,26578,26579,26580,26581,26582,26583,26584
26586	15843,2034,3702,4197,4231,4234,4244,5085,6545,7242
26587	26609,26597,26611,26605,26588,26581,26610,3754,3757,6237
26588	26605,26589,26599,26609,26587,26608,20835,15666,25089,26581
26589	26599,26588,26607,20835,26580,26584,48643,48664,15666,15712
26590	26583,26603,26606,26608,26582,26591,26597,26599,26605,26607
26591	26582,26583,26590,26603,26606,26608,26580,26581,26594,26597
26592	16433,26578,26579,26580,26581,26582,26583,26584,26585,26586
26593	16433,26578,26579,26580,26581,26582,26583,26584,26585,26586
26594	26580,26582,26583,26589,26590,26591,26599,26603,26606,26607
26595	3883,13072,13076,13116,13621,13714,15464,15471,16433,17441
26596	20211,20227,20246,20250,20251,20255,20258,20261,20263,26578
26597	26583,26587,26606,26607,26610,26590,3754,3757,6237,9391
26598	3684,11570,3692,3697,3702,3706,3710,9128,9391,24542
26599	26589,26608,26583,26588,20835,26606,26607,26590,26610,48643
26600	4163,4069,27334,4206,4279,11536,21958,22165,22247,4011
26601	16433,26578,26579,26580,26581,26582,26583,26584,26585,26586
26602	4163,43284,45870,45950,14,385,437,442,546,663
26603	26582,26590,48643,15712,15736,16433,20835,26581,26584,26591
26604	26609,30127,557,1887,2802,4839,4841,5080,5085,5776
26605	26588,26582,26587,26606,26607,26610,26581,26584,26590,48624
26606	26610,26608,26583,26590,26597,26599,26605,26611,26582,26591
26607	26589,26610,26583,26597,26599,26605,26611,26590,11504,11508
26608	26599,26583,26606,26582,26588,26590,26610,20835,26591,48643
26609	26587,26582,26588,15712,15736,26581,48643,48664,15666,16433
26610	26606,26607,26583,26597,26605,26608,26611,26587,26590,26599
26611	26583,26587,26606,26607,26610,26590,3754,3757,6237,9391
26612	6587,15379,41401,41663
26613	5869,6587,8270,11592,12452,15353,15376,15388,16846,26614
26614	26613,26615,26616
26615	26613,26614,26616
26616	1772,6452,6523,6531,6584,6607,6626,6656,6986,6991
26617	26745,9490,26746,26747,15999,13323,26750,26760,26749,26769
26618	26644,26651,26638,26640,26630,15999,26621,26649,26768,13323
